id_appareil,id_client,date_premiere_utilisation,type_appareil
dev_000001,cli_000001,2025-08-05,smartphone
dev_000002,cli_000002,2026-01-11,feature_phone
dev_000003,cli_000003,2025-05-04,feature_phone
dev_000004,cli_000004,2025-07-05,feature_phone
dev_000005,cli_000005,2026-02-05,feature_phone
dev_000006,cli_000006,2026-03-31,feature_phone
dev_000007,cli_000007,2025-08-21,feature_phone
dev_000008,cli_000008,2026-01-28,feature_phone
dev_000009,cli_000009,2026-04-03,smartphone
dev_000010,cli_000010,2026-04-15,smartphone
dev_000011,cli_000011,2025-05-28,smartphone
dev_000012,cli_000012,2025-11-25,smartphone
dev_000013,cli_000013,2026-01-17,smartphone
dev_000014,cli_000014,2026-07-02,smartphone
dev_000015,cli_000015,2026-08-14,smartphone
dev_000016,cli_000016,2025-05-05,smartphone
dev_000017,cli_000017,2024-10-18,smartphone
dev_000018,cli_000018,2026-01-30,feature_phone
dev_000019,cli_000019,2025-01-16,feature_phone
dev_000020,cli_000020,2025-07-12,smartphone
dev_000021,cli_000021,2026-02-14,smartphone
dev_000022,cli_000022,2025-08-06,smartphone
dev_000023,cli_000023,2026-06-21,feature_phone
dev_000024,cli_000024,2026-01-20,feature_phone
dev_000025,cli_000025,2025-04-06,smartphone
dev_000026,cli_000026,2025-01-11,feature_phone
dev_000027,cli_000026,2025-07-17,smartphone
dev_000028,cli_000027,2026-04-16,smartphone
dev_000029,cli_000028,2024-11-29,feature_phone
dev_000030,cli_000028,2025-05-12,smartphone
dev_000031,cli_000029,2025-07-09,smartphone
dev_000032,cli_000029,2025-11-06,smartphone
dev_000033,cli_000030,2026-04-09,feature_phone
dev_000034,cli_000031,2025-03-05,feature_phone
dev_000035,cli_000032,2024-12-20,smartphone
dev_000036,cli_000032,2026-04-05,feature_phone
dev_000037,cli_000033,2026-03-09,smartphone
dev_000038,cli_000034,2026-07-08,feature_phone
dev_000039,cli_000035,2026-02-28,smartphone
dev_000040,cli_000036,2025-03-21,smartphone
dev_000041,cli_000036,2025-06-23,feature_phone
dev_000042,cli_000037,2026-08-10,smartphone
dev_000043,cli_000038,2026-02-25,smartphone
dev_000044,cli_000039,2026-02-02,smartphone
dev_000045,cli_000039,2026-09-19,smartphone
dev_000046,cli_000040,2026-09-11,smartphone
dev_000047,cli_000041,2025-07-15,feature_phone
dev_000048,cli_000042,2025-02-13,feature_phone
dev_000049,cli_000043,2026-06-02,smartphone
dev_000050,cli_000044,2024-12-16,smartphone
dev_000051,cli_000045,2024-10-29,feature_phone
dev_000052,cli_000045,2025-01-22,smartphone
dev_000053,cli_000046,2024-12-28,smartphone
dev_000054,cli_000047,2025-04-15,smartphone
dev_000055,cli_000048,2025-11-01,smartphone
dev_000056,cli_000049,2026-04-28,smartphone
dev_000057,cli_000050,2024-11-27,smartphone
dev_000058,cli_000051,2025-09-02,feature_phone
dev_000059,cli_000052,2025-10-29,feature_phone
dev_000060,cli_000053,2025-12-12,feature_phone
dev_000061,cli_000054,2026-04-17,smartphone
dev_000062,cli_000055,2025-12-19,smartphone
dev_000063,cli_000056,2025-02-19,feature_phone
dev_000064,cli_000057,2025-08-11,feature_phone
dev_000065,cli_000058,2025-12-09,smartphone
dev_000066,cli_000059,2026-07-07,feature_phone
dev_000067,cli_000060,2025-11-25,smartphone
dev_000068,cli_000061,2026-04-20,feature_phone
dev_000069,cli_000062,2025-12-08,smartphone
dev_000070,cli_000063,2026-06-06,smartphone
dev_000071,cli_000064,2024-11-02,smartphone
dev_000072,cli_000065,2026-05-20,smartphone
dev_000073,cli_000066,2026-06-25,smartphone
dev_000074,cli_000067,2025-06-03,smartphone
dev_000075,cli_000068,2026-01-16,feature_phone
dev_000076,cli_000069,2024-09-27,smartphone
dev_000077,cli_000070,2025-12-03,smartphone
dev_000078,cli_000070,2026-01-26,feature_phone
dev_000079,cli_000071,2025-06-06,smartphone
dev_000080,cli_000071,2025-07-18,feature_phone
dev_000081,cli_000072,2025-01-23,feature_phone
dev_000082,cli_000073,2024-10-06,smartphone
dev_000083,cli_000074,2025-02-10,feature_phone
dev_000084,cli_000075,2025-07-30,smartphone
dev_000085,cli_000075,2025-11-06,smartphone
dev_000086,cli_000076,2025-02-07,feature_phone
dev_000087,cli_000077,2026-03-01,smartphone
dev_000088,cli_000078,2024-12-28,feature_phone
dev_000089,cli_000079,2024-12-27,smartphone
dev_000090,cli_000080,2025-12-18,feature_phone
dev_000091,cli_000081,2026-08-06,smartphone
dev_000092,cli_000082,2025-05-12,smartphone
dev_000093,cli_000083,2026-07-11,smartphone
dev_000094,cli_000084,2026-09-11,smartphone
dev_000095,cli_000085,2024-11-02,smartphone
dev_000096,cli_000086,2025-08-06,smartphone
dev_000097,cli_000087,2025-06-07,smartphone
dev_000098,cli_000088,2024-12-21,smartphone
dev_000099,cli_000088,2026-01-08,feature_phone
dev_000100,cli_000089,2024-11-15,smartphone
dev_000101,cli_000090,2024-10-26,feature_phone
dev_000102,cli_000091,2026-06-19,smartphone
dev_000103,cli_000092,2026-01-30,smartphone
dev_000104,cli_000092,2026-05-24,smartphone
dev_000105,cli_000093,2025-03-12,feature_phone
dev_000106,cli_000094,2026-09-03,feature_phone
dev_000107,cli_000095,2026-04-05,feature_phone
dev_000108,cli_000096,2025-09-13,smartphone
dev_000109,cli_000096,2026-05-11,smartphone
dev_000110,cli_000097,2026-01-16,smartphone
dev_000111,cli_000098,2026-05-21,feature_phone
dev_000112,cli_000099,2024-12-07,smartphone
dev_000113,cli_000100,2025-11-01,smartphone
dev_000114,cli_000101,2025-11-28,feature_phone
dev_000115,cli_000101,2026-05-12,smartphone
dev_000116,cli_000102,2025-06-01,smartphone
dev_000117,cli_000103,2025-05-23,smartphone
dev_000118,cli_000104,2025-09-29,smartphone
dev_000119,cli_000105,2024-12-16,smartphone
dev_000120,cli_000106,2026-02-20,smartphone
dev_000121,cli_000107,2024-12-28,smartphone
dev_000122,cli_000108,2024-12-29,feature_phone
dev_000123,cli_000109,2026-09-17,feature_phone
dev_000124,cli_000110,2025-03-22,smartphone
dev_000125,cli_000111,2026-05-31,smartphone
dev_000126,cli_000112,2025-10-05,smartphone
dev_000127,cli_000113,2024-11-23,smartphone
dev_000128,cli_000113,2025-03-09,smartphone
dev_000129,cli_000114,2026-05-04,smartphone
dev_000130,cli_000115,2025-08-09,smartphone
dev_000131,cli_000116,2025-03-06,smartphone
dev_000132,cli_000116,2025-08-30,smartphone
dev_000133,cli_000117,2025-10-08,feature_phone
dev_000134,cli_000118,2026-07-29,smartphone
dev_000135,cli_000119,2026-08-07,feature_phone
dev_000136,cli_000120,2025-09-11,smartphone
dev_000137,cli_000121,2026-09-05,smartphone
dev_000138,cli_000122,2026-09-12,feature_phone
dev_000139,cli_000123,2024-10-28,smartphone
dev_000140,cli_000124,2025-08-31,smartphone
dev_000141,cli_000125,2025-10-13,smartphone
dev_000142,cli_000126,2026-07-12,smartphone
dev_000143,cli_000127,2025-02-27,smartphone
dev_000144,cli_000128,2025-09-16,smartphone
dev_000145,cli_000129,2026-04-16,smartphone
dev_000146,cli_000130,2025-03-24,smartphone
dev_000147,cli_000131,2026-04-04,smartphone
dev_000148,cli_000132,2025-09-22,smartphone
dev_000149,cli_000133,2025-08-11,smartphone
dev_000150,cli_000134,2026-03-04,feature_phone
dev_000151,cli_000134,2026-06-26,smartphone
dev_000152,cli_000135,2024-12-24,smartphone
dev_000153,cli_000135,2025-06-22,smartphone
dev_000154,cli_000136,2025-04-29,smartphone
dev_000155,cli_000137,2026-02-25,smartphone
dev_000156,cli_000138,2026-06-01,smartphone
dev_000157,cli_000139,2026-01-27,feature_phone
dev_000158,cli_000140,2025-10-19,smartphone
dev_000159,cli_000141,2025-08-18,smartphone
dev_000160,cli_000142,2025-12-06,smartphone
dev_000161,cli_000143,2026-08-25,smartphone
dev_000162,cli_000144,2025-05-19,smartphone
dev_000163,cli_000145,2025-12-21,feature_phone
dev_000164,cli_000146,2026-01-22,feature_phone
dev_000165,cli_000147,2025-08-14,feature_phone
dev_000166,cli_000148,2025-01-23,smartphone
dev_000167,cli_000149,2026-09-20,feature_phone
dev_000168,cli_000150,2024-10-23,smartphone
dev_000169,cli_000151,2025-06-15,smartphone
dev_000170,cli_000152,2025-08-21,smartphone
dev_000171,cli_000153,2026-08-17,feature_phone
dev_000172,cli_000154,2025-04-23,smartphone
dev_000173,cli_000155,2025-04-17,feature_phone
dev_000174,cli_000156,2025-08-11,smartphone
dev_000175,cli_000157,2025-02-16,feature_phone
dev_000176,cli_000158,2025-01-20,smartphone
dev_000177,cli_000159,2025-01-20,smartphone
dev_000178,cli_000160,2026-01-28,feature_phone
dev_000179,cli_000161,2025-05-21,smartphone
dev_000180,cli_000162,2026-08-13,smartphone
dev_000181,cli_000163,2025-08-10,smartphone
dev_000182,cli_000164,2026-06-09,smartphone
dev_000183,cli_000165,2026-02-11,smartphone
dev_000184,cli_000166,2025-05-18,smartphone
dev_000185,cli_000167,2025-11-18,smartphone
dev_000186,cli_000168,2025-01-02,smartphone
dev_000187,cli_000169,2026-07-22,smartphone
dev_000188,cli_000170,2024-10-15,smartphone
dev_000189,cli_000170,2025-12-26,smartphone
dev_000190,cli_000171,2025-04-26,smartphone
dev_000191,cli_000172,2025-11-14,feature_phone
dev_000192,cli_000173,2026-09-06,feature_phone
dev_000193,cli_000174,2026-08-24,smartphone
dev_000194,cli_000175,2025-11-26,smartphone
dev_000195,cli_000176,2025-08-02,smartphone
dev_000196,cli_000177,2025-09-19,smartphone
dev_000197,cli_000178,2026-02-19,smartphone
dev_000198,cli_000179,2025-06-07,smartphone
dev_000199,cli_000180,2025-07-03,smartphone
dev_000200,cli_000181,2026-01-16,smartphone
dev_000201,cli_000182,2026-01-29,smartphone
dev_000202,cli_000183,2025-11-05,smartphone
dev_000203,cli_000184,2025-03-31,smartphone
dev_000204,cli_000185,2025-07-22,feature_phone
dev_000205,cli_000185,2026-05-14,smartphone
dev_000206,cli_000186,2026-06-23,smartphone
dev_000207,cli_000187,2024-11-20,smartphone
dev_000208,cli_000188,2026-04-29,feature_phone
dev_000209,cli_000189,2025-05-22,feature_phone
dev_000210,cli_000190,2026-09-11,feature_phone
dev_000211,cli_000191,2026-03-22,smartphone
dev_000212,cli_000192,2025-08-08,smartphone
dev_000213,cli_000193,2025-01-14,smartphone
dev_000214,cli_000194,2025-08-09,feature_phone
dev_000215,cli_000195,2026-08-14,smartphone
dev_000216,cli_000196,2024-10-27,feature_phone
dev_000217,cli_000197,2026-03-09,smartphone
dev_000218,cli_000197,2026-08-06,smartphone
dev_000219,cli_000198,2026-01-01,smartphone
dev_000220,cli_000199,2026-07-07,feature_phone
dev_000221,cli_000200,2025-05-04,smartphone
dev_000222,cli_000201,2025-11-02,smartphone
dev_000223,cli_000202,2026-04-16,feature_phone
dev_000224,cli_000203,2025-06-16,feature_phone
dev_000225,cli_000204,2026-05-04,smartphone
dev_000226,cli_000205,2025-09-01,smartphone
dev_000227,cli_000206,2025-05-28,smartphone
dev_000228,cli_000207,2025-02-09,feature_phone
dev_000229,cli_000208,2025-05-05,smartphone
dev_000230,cli_000209,2025-08-06,feature_phone
dev_000231,cli_000210,2026-08-30,smartphone
dev_000232,cli_000211,2026-04-07,smartphone
dev_000233,cli_000212,2025-07-29,smartphone
dev_000234,cli_000213,2025-08-28,feature_phone
dev_000235,cli_000213,2026-03-21,smartphone
dev_000236,cli_000214,2025-08-30,smartphone
dev_000237,cli_000215,2025-04-05,feature_phone
dev_000238,cli_000216,2024-12-03,feature_phone
dev_000239,cli_000216,2026-01-09,smartphone
dev_000240,cli_000217,2025-09-22,smartphone
dev_000241,cli_000218,2026-06-17,feature_phone
dev_000242,cli_000219,2025-11-05,smartphone
dev_000243,cli_000220,2026-03-23,smartphone
dev_000244,cli_000221,2025-09-03,feature_phone
dev_000245,cli_000222,2025-07-21,smartphone
dev_000246,cli_000223,2025-08-20,smartphone
dev_000247,cli_000224,2025-07-26,feature_phone
dev_000248,cli_000225,2026-02-09,smartphone
dev_000249,cli_000226,2026-05-18,smartphone
dev_000250,cli_000227,2025-01-09,smartphone
dev_000251,cli_000228,2025-12-05,smartphone
dev_000252,cli_000229,2026-04-25,smartphone
dev_000253,cli_000230,2024-09-28,feature_phone
dev_000254,cli_000231,2026-08-31,feature_phone
dev_000255,cli_000232,2026-01-14,smartphone
dev_000256,cli_000233,2025-04-01,smartphone
dev_000257,cli_000233,2026-04-09,smartphone
dev_000258,cli_000234,2025-11-28,smartphone
dev_000259,cli_000235,2025-01-17,smartphone
dev_000260,cli_000236,2026-01-05,feature_phone
dev_000261,cli_000237,2025-06-12,smartphone
dev_000262,cli_000237,2026-08-26,smartphone
dev_000263,cli_000238,2025-11-16,smartphone
dev_000264,cli_000239,2025-10-17,smartphone
dev_000265,cli_000239,2026-01-19,smartphone
dev_000266,cli_000240,2025-09-26,smartphone
dev_000267,cli_000241,2024-10-13,smartphone
dev_000268,cli_000242,2025-03-19,smartphone
dev_000269,cli_000243,2025-12-27,smartphone
dev_000270,cli_000244,2025-11-24,smartphone
dev_000271,cli_000245,2025-12-02,smartphone
dev_000272,cli_000246,2025-04-05,feature_phone
dev_000273,cli_000247,2025-07-20,smartphone
dev_000274,cli_000247,2025-09-06,feature_phone
dev_000275,cli_000248,2025-08-30,feature_phone
dev_000276,cli_000248,2026-01-22,smartphone
dev_000277,cli_000249,2025-11-14,feature_phone
dev_000278,cli_000250,2025-12-07,smartphone
dev_000279,cli_000251,2025-08-15,smartphone
dev_000280,cli_000252,2025-01-26,smartphone
dev_000281,cli_000253,2024-10-19,smartphone
dev_000282,cli_000254,2026-08-10,smartphone
dev_000283,cli_000255,2026-04-03,feature_phone
dev_000284,cli_000256,2025-05-12,feature_phone
dev_000285,cli_000257,2026-06-07,smartphone
dev_000286,cli_000258,2025-07-05,feature_phone
dev_000287,cli_000259,2025-11-19,smartphone
dev_000288,cli_000260,2026-05-07,feature_phone
dev_000289,cli_000261,2025-09-21,smartphone
dev_000290,cli_000262,2025-09-17,feature_phone
dev_000291,cli_000263,2025-04-22,feature_phone
dev_000292,cli_000264,2025-01-29,smartphone
dev_000293,cli_000265,2024-10-27,smartphone
dev_000294,cli_000266,2025-11-07,feature_phone
dev_000295,cli_000267,2025-05-09,smartphone
dev_000296,cli_000268,2025-02-27,smartphone
dev_000297,cli_000269,2024-10-04,feature_phone
dev_000298,cli_000270,2025-06-06,smartphone
dev_000299,cli_000271,2026-03-28,smartphone
dev_000300,cli_000272,2026-01-17,smartphone
dev_000301,cli_000273,2026-04-24,feature_phone
dev_000302,cli_000274,2026-05-02,smartphone
dev_000303,cli_000275,2026-02-12,smartphone
dev_000304,cli_000276,2025-09-25,smartphone
dev_000305,cli_000277,2025-02-27,feature_phone
dev_000306,cli_000278,2026-02-23,smartphone
dev_000307,cli_000279,2026-05-11,feature_phone
dev_000308,cli_000280,2026-06-23,feature_phone
dev_000309,cli_000281,2026-05-03,feature_phone
dev_000310,cli_000282,2025-11-12,feature_phone
dev_000311,cli_000282,2026-07-09,feature_phone
dev_000312,cli_000283,2025-11-27,feature_phone
dev_000313,cli_000284,2025-12-07,smartphone
dev_000314,cli_000285,2026-02-04,feature_phone
dev_000315,cli_000286,2025-10-28,smartphone
dev_000316,cli_000286,2026-05-28,feature_phone
dev_000317,cli_000287,2025-06-09,feature_phone
dev_000318,cli_000288,2026-08-22,feature_phone
dev_000319,cli_000289,2024-12-14,smartphone
dev_000320,cli_000290,2026-02-13,smartphone
dev_000321,cli_000291,2026-06-14,smartphone
dev_000322,cli_000292,2026-05-19,smartphone
dev_000323,cli_000293,2025-08-21,smartphone
dev_000324,cli_000294,2025-09-09,smartphone
dev_000325,cli_000295,2026-07-21,smartphone
dev_000326,cli_000296,2025-09-25,feature_phone
dev_000327,cli_000297,2026-04-15,feature_phone
dev_000328,cli_000298,2024-11-28,smartphone
dev_000329,cli_000298,2025-07-25,smartphone
dev_000330,cli_000299,2026-02-10,smartphone
dev_000331,cli_000300,2024-09-25,smartphone
dev_000332,cli_000301,2025-07-28,feature_phone
dev_000333,cli_000302,2024-10-20,smartphone
dev_000334,cli_000303,2025-08-15,smartphone
dev_000335,cli_000303,2026-07-23,feature_phone
dev_000336,cli_000304,2026-06-24,smartphone
dev_000337,cli_000305,2025-06-12,smartphone
dev_000338,cli_000306,2025-10-10,smartphone
dev_000339,cli_000307,2025-02-04,smartphone
dev_000340,cli_000308,2025-12-12,smartphone
dev_000341,cli_000309,2026-05-10,smartphone
dev_000342,cli_000310,2026-07-03,feature_phone
dev_000343,cli_000311,2025-03-31,smartphone
dev_000344,cli_000312,2026-04-07,smartphone
dev_000345,cli_000313,2025-05-25,smartphone
dev_000346,cli_000314,2026-06-17,feature_phone
dev_000347,cli_000315,2026-07-27,smartphone
dev_000348,cli_000316,2025-04-24,feature_phone
dev_000349,cli_000317,2026-01-15,feature_phone
dev_000350,cli_000317,2026-04-14,smartphone
dev_000351,cli_000318,2025-08-06,smartphone
dev_000352,cli_000318,2026-02-15,smartphone
dev_000353,cli_000319,2026-09-03,feature_phone
dev_000354,cli_000320,2026-05-09,smartphone
dev_000355,cli_000321,2026-07-20,feature_phone
dev_000356,cli_000322,2026-03-03,smartphone
dev_000357,cli_000323,2026-03-01,smartphone
dev_000358,cli_000324,2025-12-24,smartphone
dev_000359,cli_000325,2026-03-30,smartphone
dev_000360,cli_000326,2025-10-26,smartphone
dev_000361,cli_000327,2024-12-06,smartphone
dev_000362,cli_000328,2026-07-23,smartphone
dev_000363,cli_000329,2024-12-11,feature_phone
dev_000364,cli_000330,2025-11-27,smartphone
dev_000365,cli_000331,2025-07-29,feature_phone
dev_000366,cli_000331,2026-08-21,smartphone
dev_000367,cli_000332,2025-05-22,smartphone
dev_000368,cli_000333,2025-04-06,smartphone
dev_000369,cli_000333,2025-08-02,smartphone
dev_000370,cli_000334,2024-11-04,smartphone
dev_000371,cli_000335,2024-09-25,feature_phone
dev_000372,cli_000336,2026-07-14,smartphone
dev_000373,cli_000337,2025-11-28,smartphone
dev_000374,cli_000338,2025-08-27,smartphone
dev_000375,cli_000339,2025-09-08,smartphone
dev_000376,cli_000339,2025-11-08,smartphone
dev_000377,cli_000340,2024-10-01,smartphone
dev_000378,cli_000341,2025-06-06,smartphone
dev_000379,cli_000342,2025-12-04,feature_phone
dev_000380,cli_000343,2024-11-21,smartphone
dev_000381,cli_000344,2025-04-09,feature_phone
dev_000382,cli_000345,2025-02-19,smartphone
dev_000383,cli_000346,2025-06-23,smartphone
dev_000384,cli_000347,2026-08-08,feature_phone
dev_000385,cli_000348,2024-10-16,smartphone
dev_000386,cli_000349,2025-04-22,feature_phone
dev_000387,cli_000350,2026-06-07,smartphone
dev_000388,cli_000351,2026-03-24,smartphone
dev_000389,cli_000352,2026-01-18,feature_phone
dev_000390,cli_000353,2026-03-22,smartphone
dev_000391,cli_000354,2025-06-28,smartphone
dev_000392,cli_000355,2025-08-21,smartphone
dev_000393,cli_000356,2026-04-22,smartphone
dev_000394,cli_000357,2025-05-04,feature_phone
dev_000395,cli_000358,2026-02-26,smartphone
dev_000396,cli_000359,2026-05-30,smartphone
dev_000397,cli_000360,2024-10-26,smartphone
dev_000398,cli_000361,2026-02-06,feature_phone
dev_000399,cli_000362,2026-04-07,smartphone
dev_000400,cli_000363,2025-04-19,smartphone
dev_000401,cli_000364,2025-03-16,feature_phone
dev_000402,cli_000365,2026-06-05,smartphone
dev_000403,cli_000366,2026-08-14,smartphone
dev_000404,cli_000367,2025-01-12,smartphone
dev_000405,cli_000368,2025-09-21,feature_phone
dev_000406,cli_000369,2025-10-26,feature_phone
dev_000407,cli_000370,2025-11-21,smartphone
dev_000408,cli_000371,2025-07-23,smartphone
dev_000409,cli_000372,2025-05-20,feature_phone
dev_000410,cli_000373,2026-07-27,smartphone
dev_000411,cli_000374,2026-03-14,smartphone
dev_000412,cli_000375,2024-10-28,smartphone
dev_000413,cli_000376,2026-05-25,smartphone
dev_000414,cli_000377,2024-12-01,feature_phone
dev_000415,cli_000378,2025-12-05,feature_phone
dev_000416,cli_000379,2026-05-08,feature_phone
dev_000417,cli_000380,2025-07-17,smartphone
dev_000418,cli_000381,2025-05-28,smartphone
dev_000419,cli_000381,2026-07-02,smartphone
dev_000420,cli_000382,2026-01-11,smartphone
dev_000421,cli_000383,2025-02-22,smartphone
dev_000422,cli_000384,2026-08-08,smartphone
dev_000423,cli_000385,2026-06-27,smartphone
dev_000424,cli_000386,2025-06-27,feature_phone
dev_000425,cli_000387,2025-07-30,smartphone
dev_000426,cli_000388,2025-05-02,smartphone
dev_000427,cli_000389,2025-01-12,feature_phone
dev_000428,cli_000390,2024-11-15,feature_phone
dev_000429,cli_000391,2025-09-19,feature_phone
dev_000430,cli_000392,2025-09-23,smartphone
dev_000431,cli_000393,2024-11-19,feature_phone
dev_000432,cli_000394,2024-10-23,smartphone
dev_000433,cli_000395,2026-08-20,smartphone
dev_000434,cli_000396,2025-09-20,smartphone
dev_000435,cli_000397,2024-11-22,smartphone
dev_000436,cli_000397,2025-08-03,smartphone
dev_000437,cli_000398,2026-08-17,smartphone
dev_000438,cli_000399,2024-10-11,feature_phone
dev_000439,cli_000400,2025-03-26,smartphone
dev_000440,cli_000400,2025-07-20,smartphone
dev_000441,cli_000401,2026-06-02,smartphone
dev_000442,cli_000402,2025-06-13,smartphone
dev_000443,cli_000403,2025-11-13,smartphone
dev_000444,cli_000404,2026-01-23,smartphone
dev_000445,cli_000405,2025-06-28,feature_phone
dev_000446,cli_000405,2025-12-03,feature_phone
dev_000447,cli_000406,2025-04-06,smartphone
dev_000448,cli_000407,2024-12-11,smartphone
dev_000449,cli_000408,2025-11-23,feature_phone
dev_000450,cli_000409,2026-05-30,smartphone
dev_000451,cli_000410,2025-01-02,feature_phone
dev_000452,cli_000411,2026-01-23,feature_phone
dev_000453,cli_000412,2025-03-19,feature_phone
dev_000454,cli_000413,2025-02-19,smartphone
dev_000455,cli_000414,2026-08-12,smartphone
dev_000456,cli_000415,2025-11-29,smartphone
dev_000457,cli_000416,2026-07-24,smartphone
dev_000458,cli_000417,2025-07-09,smartphone
dev_000459,cli_000418,2025-02-21,smartphone
dev_000460,cli_000419,2025-08-11,smartphone
dev_000461,cli_000420,2026-01-30,smartphone
dev_000462,cli_000421,2024-10-14,feature_phone
dev_000463,cli_000422,2026-07-23,smartphone
dev_000464,cli_000423,2026-06-12,smartphone
dev_000465,cli_000424,2025-12-31,feature_phone
dev_000466,cli_000424,2026-03-03,feature_phone
dev_000467,cli_000425,2024-11-01,feature_phone
dev_000468,cli_000426,2024-12-10,feature_phone
dev_000469,cli_000427,2025-08-08,smartphone
dev_000470,cli_000428,2024-10-29,smartphone
dev_000471,cli_000429,2024-12-03,smartphone
dev_000472,cli_000429,2026-02-04,smartphone
dev_000473,cli_000430,2025-07-23,feature_phone
dev_000474,cli_000431,2026-06-30,smartphone
dev_000475,cli_000432,2024-12-07,smartphone
dev_000476,cli_000433,2025-06-13,smartphone
dev_000477,cli_000434,2026-06-13,smartphone
dev_000478,cli_000435,2025-01-19,smartphone
dev_000479,cli_000436,2025-12-07,feature_phone
dev_000480,cli_000437,2025-02-27,smartphone
dev_000481,cli_000437,2025-04-25,smartphone
dev_000482,cli_000438,2026-03-17,smartphone
dev_000483,cli_000439,2026-09-16,smartphone
dev_000484,cli_000440,2025-10-28,feature_phone
dev_000485,cli_000441,2025-10-29,smartphone
dev_000486,cli_000442,2025-01-02,feature_phone
dev_000487,cli_000443,2026-07-01,smartphone
dev_000488,cli_000444,2024-11-27,smartphone
dev_000489,cli_000445,2026-06-04,feature_phone
dev_000490,cli_000446,2024-11-11,smartphone
dev_000491,cli_000447,2025-04-27,smartphone
dev_000492,cli_000448,2026-01-04,feature_phone
dev_000493,cli_000449,2024-10-26,smartphone
dev_000494,cli_000449,2024-11-27,smartphone
dev_000495,cli_000450,2026-01-05,smartphone
dev_000496,cli_000451,2025-06-18,feature_phone
dev_000497,cli_000452,2026-09-12,feature_phone
dev_000498,cli_000453,2026-07-11,smartphone
dev_000499,cli_000454,2026-01-09,feature_phone
dev_000500,cli_000455,2026-03-30,smartphone
dev_000501,cli_000456,2026-04-11,smartphone
dev_000502,cli_000457,2025-12-21,smartphone
dev_000503,cli_000457,2026-07-09,smartphone
dev_000504,cli_000458,2025-07-07,smartphone
dev_000505,cli_000459,2026-06-24,smartphone
dev_000506,cli_000460,2025-03-24,smartphone
dev_000507,cli_000461,2025-01-13,smartphone
dev_000508,cli_000462,2025-01-22,feature_phone
dev_000509,cli_000462,2026-03-08,smartphone
dev_000510,cli_000463,2026-05-05,smartphone
dev_000511,cli_000464,2024-12-21,smartphone
dev_000512,cli_000465,2026-06-21,smartphone
dev_000513,cli_000466,2026-07-08,feature_phone
dev_000514,cli_000467,2025-04-12,smartphone
dev_000515,cli_000468,2025-03-18,feature_phone
dev_000516,cli_000469,2026-06-23,feature_phone
dev_000517,cli_000470,2025-11-24,smartphone
dev_000518,cli_000471,2025-11-28,smartphone
dev_000519,cli_000472,2025-04-15,feature_phone
dev_000520,cli_000473,2025-09-13,smartphone
dev_000521,cli_000473,2026-05-26,smartphone
dev_000522,cli_000474,2025-07-13,feature_phone
dev_000523,cli_000475,2026-07-27,smartphone
dev_000524,cli_000476,2024-10-11,smartphone
dev_000525,cli_000477,2025-08-14,smartphone
dev_000526,cli_000478,2025-05-24,smartphone
dev_000527,cli_000479,2025-10-08,smartphone
dev_000528,cli_000480,2026-03-28,smartphone
dev_000529,cli_000481,2025-05-24,feature_phone
dev_000530,cli_000481,2025-09-30,feature_phone
dev_000531,cli_000482,2026-02-25,smartphone
dev_000532,cli_000483,2026-04-17,smartphone
dev_000533,cli_000484,2025-08-17,smartphone
dev_000534,cli_000485,2026-01-07,smartphone
dev_000535,cli_000486,2024-12-10,feature_phone
dev_000536,cli_000487,2025-05-31,smartphone
dev_000537,cli_000487,2026-08-30,smartphone
dev_000538,cli_000488,2025-12-25,feature_phone
dev_000539,cli_000489,2026-08-29,smartphone
dev_000540,cli_000490,2026-01-18,smartphone
dev_000541,cli_000490,2026-03-05,smartphone
dev_000542,cli_000491,2026-07-01,feature_phone
dev_000543,cli_000492,2026-04-17,smartphone
dev_000544,cli_000493,2026-03-01,feature_phone
dev_000545,cli_000494,2025-06-05,feature_phone
dev_000546,cli_000495,2026-07-08,feature_phone
dev_000547,cli_000496,2026-05-28,smartphone
dev_000548,cli_000497,2026-08-26,feature_phone
dev_000549,cli_000498,2024-11-24,smartphone
dev_000550,cli_000499,2024-10-04,smartphone
dev_000551,cli_000500,2026-02-18,feature_phone
dev_000552,cli_000500,2026-04-12,smartphone
dev_000553,cli_000501,2025-10-26,feature_phone
dev_000554,cli_000501,2026-02-07,smartphone
dev_000555,cli_000502,2026-02-16,smartphone
dev_000556,cli_000503,2025-08-30,feature_phone
dev_000557,cli_000504,2025-08-18,smartphone
dev_000558,cli_000505,2026-03-22,feature_phone
dev_000559,cli_000506,2025-06-10,feature_phone
dev_000560,cli_000507,2026-09-18,feature_phone
dev_000561,cli_000508,2025-06-11,smartphone
dev_000562,cli_000509,2025-03-25,smartphone
dev_000563,cli_000510,2026-08-16,smartphone
dev_000564,cli_000511,2025-04-14,smartphone
dev_000565,cli_000512,2025-04-04,smartphone
dev_000566,cli_000513,2024-10-15,smartphone
dev_000567,cli_000514,2025-02-13,smartphone
dev_000568,cli_000514,2026-04-10,feature_phone
dev_000569,cli_000515,2026-09-08,smartphone
dev_000570,cli_000516,2026-07-26,feature_phone
dev_000571,cli_000517,2026-06-16,smartphone
dev_000572,cli_000518,2025-07-26,smartphone
dev_000573,cli_000519,2025-04-22,smartphone
dev_000574,cli_000520,2025-06-01,feature_phone
dev_000575,cli_000520,2026-07-05,feature_phone
dev_000576,cli_000521,2026-01-26,feature_phone
dev_000577,cli_000522,2026-04-30,feature_phone
dev_000578,cli_000523,2026-08-08,feature_phone
dev_000579,cli_000524,2025-12-25,smartphone
dev_000580,cli_000525,2026-02-16,smartphone
dev_000581,cli_000526,2026-02-14,smartphone
dev_000582,cli_000527,2026-07-22,feature_phone
dev_000583,cli_000528,2026-02-23,smartphone
dev_000584,cli_000529,2025-01-21,smartphone
dev_000585,cli_000530,2026-04-01,feature_phone
dev_000586,cli_000531,2024-12-23,smartphone
dev_000587,cli_000532,2026-07-22,feature_phone
dev_000588,cli_000533,2025-06-16,feature_phone
dev_000589,cli_000534,2026-07-07,feature_phone
dev_000590,cli_000535,2025-12-16,smartphone
dev_000591,cli_000535,2026-07-13,feature_phone
dev_000592,cli_000536,2024-10-28,smartphone
dev_000593,cli_000536,2025-03-17,smartphone
dev_000594,cli_000537,2025-03-12,feature_phone
dev_000595,cli_000538,2025-09-14,smartphone
dev_000596,cli_000539,2025-06-20,smartphone
dev_000597,cli_000540,2025-05-30,feature_phone
dev_000598,cli_000541,2025-02-23,smartphone
dev_000599,cli_000541,2026-01-03,smartphone
dev_000600,cli_000542,2025-07-18,smartphone
dev_000601,cli_000543,2025-09-16,smartphone
dev_000602,cli_000544,2026-07-30,feature_phone
dev_000603,cli_000545,2024-10-25,smartphone
dev_000604,cli_000546,2025-08-07,smartphone
dev_000605,cli_000546,2026-03-20,smartphone
dev_000606,cli_000547,2026-02-24,feature_phone
dev_000607,cli_000548,2026-06-17,smartphone
dev_000608,cli_000549,2025-07-10,feature_phone
dev_000609,cli_000549,2025-11-21,feature_phone
dev_000610,cli_000550,2025-03-02,smartphone
dev_000611,cli_000551,2025-02-11,smartphone
dev_000612,cli_000552,2024-12-17,feature_phone
dev_000613,cli_000553,2024-12-11,smartphone
dev_000614,cli_000554,2025-06-26,smartphone
dev_000615,cli_000555,2024-11-02,smartphone
dev_000616,cli_000556,2026-07-31,feature_phone
dev_000617,cli_000557,2025-12-10,feature_phone
dev_000618,cli_000558,2025-10-06,smartphone
dev_000619,cli_000559,2025-05-02,feature_phone
dev_000620,cli_000560,2026-02-17,smartphone
dev_000621,cli_000561,2026-02-24,smartphone
dev_000622,cli_000562,2024-12-04,smartphone
dev_000623,cli_000562,2025-01-31,smartphone
dev_000624,cli_000563,2025-06-07,feature_phone
dev_000625,cli_000564,2025-06-18,feature_phone
dev_000626,cli_000565,2026-05-12,smartphone
dev_000627,cli_000566,2025-09-24,smartphone
dev_000628,cli_000567,2025-11-20,smartphone
dev_000629,cli_000568,2025-06-28,feature_phone
dev_000630,cli_000568,2025-10-15,feature_phone
dev_000631,cli_000569,2024-11-22,smartphone
dev_000632,cli_000570,2026-03-05,smartphone
dev_000633,cli_000571,2025-02-09,smartphone
dev_000634,cli_000572,2025-06-19,smartphone
dev_000635,cli_000573,2025-09-27,smartphone
dev_000636,cli_000573,2026-04-23,feature_phone
dev_000637,cli_000574,2024-10-31,smartphone
dev_000638,cli_000575,2026-06-08,smartphone
dev_000639,cli_000576,2025-05-17,feature_phone
dev_000640,cli_000577,2025-12-07,smartphone
dev_000641,cli_000578,2025-05-14,feature_phone
dev_000642,cli_000578,2025-07-16,smartphone
dev_000643,cli_000579,2026-06-14,feature_phone
dev_000644,cli_000580,2025-04-05,smartphone
dev_000645,cli_000581,2026-08-05,smartphone
dev_000646,cli_000582,2026-01-12,smartphone
dev_000647,cli_000583,2024-12-02,smartphone
dev_000648,cli_000584,2025-06-19,smartphone
dev_000649,cli_000585,2025-09-30,smartphone
dev_000650,cli_000586,2026-01-25,feature_phone
dev_000651,cli_000587,2026-07-20,smartphone
dev_000652,cli_000588,2026-07-04,smartphone
dev_000653,cli_000589,2025-04-19,smartphone
dev_000654,cli_000590,2026-03-08,feature_phone
dev_000655,cli_000591,2026-07-31,feature_phone
dev_000656,cli_000592,2025-11-08,feature_phone
dev_000657,cli_000593,2025-12-09,smartphone
dev_000658,cli_000594,2024-10-25,feature_phone
dev_000659,cli_000595,2026-04-09,smartphone
dev_000660,cli_000596,2026-03-12,smartphone
dev_000661,cli_000597,2026-05-26,feature_phone
dev_000662,cli_000598,2026-05-09,feature_phone
dev_000663,cli_000599,2025-08-31,smartphone
dev_000664,cli_000600,2026-04-14,smartphone
dev_000665,cli_000601,2025-04-17,smartphone
dev_000666,cli_000602,2025-02-05,smartphone
dev_000667,cli_000603,2025-10-03,smartphone
dev_000668,cli_000604,2026-04-02,smartphone
dev_000669,cli_000605,2025-02-02,smartphone
dev_000670,cli_000606,2024-10-19,smartphone
dev_000671,cli_000607,2024-11-24,feature_phone
dev_000672,cli_000608,2024-11-22,smartphone
dev_000673,cli_000609,2025-02-12,feature_phone
dev_000674,cli_000610,2025-04-03,smartphone
dev_000675,cli_000611,2024-10-26,smartphone
dev_000676,cli_000611,2024-12-19,smartphone
dev_000677,cli_000612,2026-01-19,smartphone
dev_000678,cli_000613,2024-11-15,smartphone
dev_000679,cli_000613,2025-06-25,smartphone
dev_000680,cli_000614,2026-09-09,smartphone
dev_000681,cli_000615,2025-01-25,feature_phone
dev_000682,cli_000616,2026-01-23,smartphone
dev_000683,cli_000617,2026-02-22,feature_phone
dev_000684,cli_000618,2025-05-19,smartphone
dev_000685,cli_000619,2026-05-19,smartphone
dev_000686,cli_000620,2024-09-29,feature_phone
dev_000687,cli_000621,2025-04-12,smartphone
dev_000688,cli_000622,2026-09-10,smartphone
dev_000689,cli_000623,2025-01-15,smartphone
dev_000690,cli_000623,2025-09-24,smartphone
dev_000691,cli_000624,2026-07-07,smartphone
dev_000692,cli_000625,2025-01-31,smartphone
dev_000693,cli_000626,2025-02-08,smartphone
dev_000694,cli_000627,2025-06-11,feature_phone
dev_000695,cli_000628,2025-07-13,smartphone
dev_000696,cli_000629,2025-01-27,smartphone
dev_000697,cli_000630,2025-01-12,feature_phone
dev_000698,cli_000631,2025-04-26,smartphone
dev_000699,cli_000631,2026-02-26,smartphone
dev_000700,cli_000632,2026-05-22,smartphone
dev_000701,cli_000633,2025-05-26,smartphone
dev_000702,cli_000633,2025-09-18,smartphone
dev_000703,cli_000634,2026-04-30,feature_phone
dev_000704,cli_000635,2026-08-21,smartphone
dev_000705,cli_000636,2026-06-05,smartphone
dev_000706,cli_000637,2025-10-23,smartphone
dev_000707,cli_000638,2024-10-21,feature_phone
dev_000708,cli_000639,2026-08-30,smartphone
dev_000709,cli_000640,2026-07-31,smartphone
dev_000710,cli_000641,2026-07-18,smartphone
dev_000711,cli_000642,2026-05-08,smartphone
dev_000712,cli_000643,2025-08-25,smartphone
dev_000713,cli_000644,2025-02-02,feature_phone
dev_000714,cli_000645,2026-08-20,smartphone
dev_000715,cli_000646,2025-02-14,smartphone
dev_000716,cli_000647,2024-11-27,feature_phone
dev_000717,cli_000648,2026-07-28,feature_phone
dev_000718,cli_000649,2025-10-30,feature_phone
dev_000719,cli_000650,2025-02-07,smartphone
dev_000720,cli_000651,2025-05-01,smartphone
dev_000721,cli_000651,2025-11-11,smartphone
dev_000722,cli_000652,2026-05-12,smartphone
dev_000723,cli_000653,2026-06-08,feature_phone
dev_000724,cli_000654,2025-11-03,feature_phone
dev_000725,cli_000655,2025-01-14,smartphone
dev_000726,cli_000656,2024-11-01,smartphone
dev_000727,cli_000656,2025-11-05,feature_phone
dev_000728,cli_000657,2025-10-10,smartphone
dev_000729,cli_000658,2025-09-02,smartphone
dev_000730,cli_000659,2025-08-12,feature_phone
dev_000731,cli_000660,2025-10-01,smartphone
dev_000732,cli_000661,2025-06-08,smartphone
dev_000733,cli_000662,2026-03-08,feature_phone
dev_000734,cli_000663,2025-08-26,feature_phone
dev_000735,cli_000664,2025-07-04,feature_phone
dev_000736,cli_000665,2025-08-09,smartphone
dev_000737,cli_000666,2024-10-13,smartphone
dev_000738,cli_000667,2025-03-30,smartphone
dev_000739,cli_000668,2025-04-06,smartphone
dev_000740,cli_000669,2025-02-13,smartphone
dev_000741,cli_000670,2025-09-04,smartphone
dev_000742,cli_000671,2026-02-12,smartphone
dev_000743,cli_000672,2025-08-29,feature_phone
dev_000744,cli_000673,2024-11-20,smartphone
dev_000745,cli_000674,2024-12-22,smartphone
dev_000746,cli_000675,2026-01-09,smartphone
dev_000747,cli_000676,2025-10-06,smartphone
dev_000748,cli_000676,2026-07-13,smartphone
dev_000749,cli_000677,2026-03-09,smartphone
dev_000750,cli_000678,2026-09-15,feature_phone
dev_000751,cli_000679,2026-02-08,smartphone
dev_000752,cli_000680,2026-07-12,smartphone
dev_000753,cli_000681,2026-01-05,smartphone
dev_000754,cli_000682,2026-08-15,smartphone
dev_000755,cli_000683,2026-02-04,smartphone
dev_000756,cli_000684,2025-04-21,smartphone
dev_000757,cli_000685,2025-01-16,smartphone
dev_000758,cli_000686,2024-12-16,smartphone
dev_000759,cli_000687,2025-08-10,smartphone
dev_000760,cli_000688,2025-08-21,smartphone
dev_000761,cli_000689,2024-10-18,feature_phone
dev_000762,cli_000689,2025-12-21,smartphone
dev_000763,cli_000690,2025-08-14,smartphone
dev_000764,cli_000691,2026-07-24,smartphone
dev_000765,cli_000692,2024-11-10,smartphone
dev_000766,cli_000693,2025-07-03,smartphone
dev_000767,cli_000694,2025-05-26,feature_phone
dev_000768,cli_000695,2026-07-15,feature_phone
dev_000769,cli_000696,2025-10-16,smartphone
dev_000770,cli_000696,2026-07-30,feature_phone
dev_000771,cli_000697,2025-10-24,smartphone
dev_000772,cli_000698,2025-02-07,smartphone
dev_000773,cli_000699,2025-12-18,smartphone
dev_000774,cli_000700,2026-01-16,smartphone
dev_000775,cli_000700,2026-05-09,smartphone
dev_000776,cli_000701,2025-05-15,smartphone
dev_000777,cli_000702,2026-09-12,feature_phone
dev_000778,cli_000703,2025-03-29,smartphone
dev_000779,cli_000704,2026-09-18,smartphone
dev_000780,cli_000705,2026-04-03,smartphone
dev_000781,cli_000706,2025-09-26,smartphone
dev_000782,cli_000707,2026-05-05,smartphone
dev_000783,cli_000708,2026-08-29,feature_phone
dev_000784,cli_000709,2025-11-22,smartphone
dev_000785,cli_000710,2025-04-26,smartphone
dev_000786,cli_000710,2025-09-08,smartphone
dev_000787,cli_000711,2026-03-31,smartphone
dev_000788,cli_000712,2026-03-08,feature_phone
dev_000789,cli_000713,2025-05-18,feature_phone
dev_000790,cli_000714,2024-11-02,feature_phone
dev_000791,cli_000715,2025-09-11,smartphone
dev_000792,cli_000716,2025-08-12,smartphone
dev_000793,cli_000717,2025-01-29,smartphone
dev_000794,cli_000718,2026-08-06,smartphone
dev_000795,cli_000719,2024-10-08,smartphone
dev_000796,cli_000720,2025-10-12,smartphone
dev_000797,cli_000721,2025-12-22,smartphone
dev_000798,cli_000722,2025-06-30,smartphone
dev_000799,cli_000723,2024-11-28,feature_phone
dev_000800,cli_000724,2024-11-09,feature_phone
dev_000801,cli_000724,2025-07-20,smartphone
dev_000802,cli_000725,2025-03-06,feature_phone
dev_000803,cli_000726,2025-10-06,smartphone
dev_000804,cli_000727,2026-06-07,feature_phone
dev_000805,cli_000728,2026-05-08,smartphone
dev_000806,cli_000729,2025-01-22,feature_phone
dev_000807,cli_000730,2026-06-24,feature_phone
dev_000808,cli_000731,2025-10-07,feature_phone
dev_000809,cli_000732,2025-11-30,feature_phone
dev_000810,cli_000733,2025-04-25,smartphone
dev_000811,cli_000733,2026-05-30,feature_phone
dev_000812,cli_000734,2026-01-16,smartphone
dev_000813,cli_000735,2025-04-29,smartphone
dev_000814,cli_000736,2025-09-18,smartphone
dev_000815,cli_000737,2024-12-17,smartphone
dev_000816,cli_000738,2026-05-10,smartphone
dev_000817,cli_000739,2025-03-18,feature_phone
dev_000818,cli_000739,2025-05-23,smartphone
dev_000819,cli_000740,2025-04-15,feature_phone
dev_000820,cli_000741,2025-01-30,feature_phone
dev_000821,cli_000742,2025-10-01,smartphone
dev_000822,cli_000743,2026-02-02,smartphone
dev_000823,cli_000744,2025-09-12,feature_phone
dev_000824,cli_000744,2026-06-08,smartphone
dev_000825,cli_000745,2024-10-14,smartphone
dev_000826,cli_000746,2026-05-04,smartphone
dev_000827,cli_000747,2025-05-29,smartphone
dev_000828,cli_000748,2026-04-13,smartphone
dev_000829,cli_000749,2025-03-08,feature_phone
dev_000830,cli_000749,2025-12-07,smartphone
dev_000831,cli_000750,2025-11-19,feature_phone
dev_000832,cli_000751,2025-01-05,smartphone
dev_000833,cli_000752,2026-05-27,feature_phone
dev_000834,cli_000753,2026-06-25,smartphone
dev_000835,cli_000754,2024-10-30,smartphone
dev_000836,cli_000755,2026-01-21,feature_phone
dev_000837,cli_000756,2026-07-24,smartphone
dev_000838,cli_000757,2025-01-22,feature_phone
dev_000839,cli_000758,2025-11-26,feature_phone
dev_000840,cli_000759,2024-11-20,smartphone
dev_000841,cli_000759,2025-07-19,smartphone
dev_000842,cli_000760,2025-11-08,smartphone
dev_000843,cli_000760,2026-01-18,smartphone
dev_000844,cli_000761,2025-03-21,smartphone
dev_000845,cli_000762,2025-07-29,feature_phone
dev_000846,cli_000763,2025-10-07,smartphone
dev_000847,cli_000764,2025-10-04,smartphone
dev_000848,cli_000765,2026-03-24,feature_phone
dev_000849,cli_000766,2025-04-05,smartphone
dev_000850,cli_000767,2025-09-06,feature_phone
dev_000851,cli_000767,2025-10-22,feature_phone
dev_000852,cli_000768,2026-09-22,smartphone
dev_000853,cli_000769,2025-12-08,smartphone
dev_000854,cli_000769,2026-08-04,feature_phone
dev_000855,cli_000770,2025-12-02,smartphone
dev_000856,cli_000770,2026-05-13,smartphone
dev_000857,cli_000771,2024-12-17,feature_phone
dev_000858,cli_000772,2025-11-16,smartphone
dev_000859,cli_000773,2025-08-06,smartphone
dev_000860,cli_000774,2026-07-25,smartphone
dev_000861,cli_000775,2025-12-12,smartphone
dev_000862,cli_000775,2026-03-18,smartphone
dev_000863,cli_000776,2026-02-28,smartphone
dev_000864,cli_000777,2025-09-25,smartphone
dev_000865,cli_000778,2024-12-07,smartphone
dev_000866,cli_000778,2025-11-24,smartphone
dev_000867,cli_000779,2024-11-12,smartphone
dev_000868,cli_000780,2026-02-26,smartphone
dev_000869,cli_000781,2025-07-03,smartphone
dev_000870,cli_000782,2024-10-28,smartphone
dev_000871,cli_000783,2026-04-10,smartphone
dev_000872,cli_000784,2025-11-08,smartphone
dev_000873,cli_000784,2026-09-22,feature_phone
dev_000874,cli_000785,2025-09-24,smartphone
dev_000875,cli_000786,2026-09-21,smartphone
dev_000876,cli_000787,2025-10-19,smartphone
dev_000877,cli_000787,2026-07-25,smartphone
dev_000878,cli_000788,2026-06-27,smartphone
dev_000879,cli_000789,2026-02-09,smartphone
dev_000880,cli_000790,2026-07-01,smartphone
dev_000881,cli_000791,2025-04-05,feature_phone
dev_000882,cli_000792,2025-01-23,feature_phone
dev_000883,cli_000793,2026-03-12,smartphone
dev_000884,cli_000794,2026-08-25,smartphone
dev_000885,cli_000795,2025-09-29,feature_phone
dev_000886,cli_000796,2026-07-02,smartphone
dev_000887,cli_000797,2025-11-06,smartphone
dev_000888,cli_000798,2025-08-23,feature_phone
dev_000889,cli_000799,2025-10-18,feature_phone
dev_000890,cli_000800,2025-09-08,smartphone
dev_000891,cli_000800,2026-03-29,smartphone
dev_000892,cli_000801,2025-08-06,smartphone
dev_000893,cli_000802,2026-05-27,smartphone
dev_000894,cli_000803,2025-05-13,feature_phone
dev_000895,cli_000804,2025-05-24,smartphone
dev_000896,cli_000804,2026-01-18,smartphone
dev_000897,cli_000805,2026-06-11,feature_phone
dev_000898,cli_000806,2025-11-11,smartphone
dev_000899,cli_000807,2026-02-25,smartphone
dev_000900,cli_000808,2025-12-08,feature_phone
dev_000901,cli_000809,2025-03-09,smartphone
dev_000902,cli_000810,2025-07-16,smartphone
dev_000903,cli_000811,2024-12-01,smartphone
dev_000904,cli_000812,2025-08-05,feature_phone
dev_000905,cli_000813,2026-08-22,smartphone
dev_000906,cli_000814,2025-04-23,smartphone
dev_000907,cli_000814,2025-06-13,smartphone
dev_000908,cli_000815,2026-08-01,feature_phone
dev_000909,cli_000816,2026-01-17,smartphone
dev_000910,cli_000817,2024-11-12,feature_phone
dev_000911,cli_000818,2024-10-02,smartphone
dev_000912,cli_000819,2026-06-08,smartphone
dev_000913,cli_000820,2024-10-05,feature_phone
dev_000914,cli_000820,2024-12-16,smartphone
dev_000915,cli_000821,2024-10-10,smartphone
dev_000916,cli_000822,2024-12-22,feature_phone
dev_000917,cli_000823,2025-01-28,smartphone
dev_000918,cli_000823,2025-07-31,feature_phone
dev_000919,cli_000824,2026-07-31,smartphone
dev_000920,cli_000825,2026-06-28,smartphone
dev_000921,cli_000826,2025-07-03,smartphone
dev_000922,cli_000827,2026-07-11,smartphone
dev_000923,cli_000828,2026-03-25,smartphone
dev_000924,cli_000829,2024-10-11,feature_phone
dev_000925,cli_000830,2024-11-29,smartphone
dev_000926,cli_000831,2026-03-22,smartphone
dev_000927,cli_000832,2025-08-27,smartphone
dev_000928,cli_000833,2025-08-27,smartphone
dev_000929,cli_000834,2026-03-16,smartphone
dev_000930,cli_000835,2026-04-04,feature_phone
dev_000931,cli_000836,2025-11-09,smartphone
dev_000932,cli_000837,2025-07-13,smartphone
dev_000933,cli_000838,2025-02-14,feature_phone
dev_000934,cli_000839,2025-01-19,smartphone
dev_000935,cli_000839,2025-10-25,smartphone
dev_000936,cli_000840,2026-09-09,feature_phone
dev_000937,cli_000841,2025-06-02,smartphone
dev_000938,cli_000842,2025-07-01,smartphone
dev_000939,cli_000843,2026-08-21,smartphone
dev_000940,cli_000844,2025-01-23,smartphone
dev_000941,cli_000845,2025-07-17,smartphone
dev_000942,cli_000846,2025-04-17,feature_phone
dev_000943,cli_000847,2025-05-30,smartphone
dev_000944,cli_000848,2026-01-23,feature_phone
dev_000945,cli_000849,2026-04-30,feature_phone
dev_000946,cli_000849,2026-09-13,smartphone
dev_000947,cli_000850,2025-12-22,feature_phone
dev_000948,cli_000851,2025-03-17,feature_phone
dev_000949,cli_000852,2025-06-16,smartphone
dev_000950,cli_000853,2025-06-23,smartphone
dev_000951,cli_000854,2026-06-20,smartphone
dev_000952,cli_000855,2026-09-17,smartphone
dev_000953,cli_000856,2025-05-25,smartphone
dev_000954,cli_000857,2024-10-31,smartphone
dev_000955,cli_000858,2026-01-05,smartphone
dev_000956,cli_000859,2025-11-03,feature_phone
dev_000957,cli_000860,2024-10-25,smartphone
dev_000958,cli_000861,2026-04-07,smartphone
dev_000959,cli_000862,2025-09-08,smartphone
dev_000960,cli_000863,2026-07-23,smartphone
dev_000961,cli_000864,2026-03-15,smartphone
dev_000962,cli_000865,2025-12-25,smartphone
dev_000963,cli_000866,2025-05-12,smartphone
dev_000964,cli_000867,2026-02-11,smartphone
dev_000965,cli_000868,2025-10-23,smartphone
dev_000966,cli_000868,2026-03-14,smartphone
dev_000967,cli_000869,2026-02-18,smartphone
dev_000968,cli_000870,2026-06-13,smartphone
dev_000969,cli_000871,2025-02-22,smartphone
dev_000970,cli_000872,2025-05-21,feature_phone
dev_000971,cli_000873,2025-06-10,feature_phone
dev_000972,cli_000873,2025-07-21,feature_phone
dev_000973,cli_000874,2025-07-25,smartphone
dev_000974,cli_000875,2026-06-19,smartphone
dev_000975,cli_000876,2025-09-13,smartphone
dev_000976,cli_000877,2025-04-25,feature_phone
dev_000977,cli_000878,2025-09-28,feature_phone
dev_000978,cli_000879,2025-04-14,feature_phone
dev_000979,cli_000880,2026-01-27,feature_phone
dev_000980,cli_000881,2025-09-14,smartphone
dev_000981,cli_000882,2025-12-20,feature_phone
dev_000982,cli_000883,2024-09-28,feature_phone
dev_000983,cli_000884,2026-05-16,smartphone
dev_000984,cli_000885,2026-03-01,feature_phone
dev_000985,cli_000886,2025-05-15,feature_phone
dev_000986,cli_000887,2026-08-12,feature_phone
dev_000987,cli_000888,2025-09-15,smartphone
dev_000988,cli_000889,2026-09-03,smartphone
dev_000989,cli_000890,2025-09-04,smartphone
dev_000990,cli_000891,2026-02-02,feature_phone
dev_000991,cli_000892,2026-05-08,feature_phone
dev_000992,cli_000893,2025-09-26,smartphone
dev_000993,cli_000894,2026-01-25,feature_phone
dev_000994,cli_000894,2026-04-09,smartphone
dev_000995,cli_000895,2026-07-28,smartphone
dev_000996,cli_000896,2025-08-31,smartphone
dev_000997,cli_000897,2025-08-07,smartphone
dev_000998,cli_000898,2025-05-29,smartphone
dev_000999,cli_000899,2024-12-06,smartphone
dev_001000,cli_000900,2025-04-29,smartphone
dev_001001,cli_000901,2025-02-20,feature_phone
dev_001002,cli_000901,2025-10-02,smartphone
dev_001003,cli_000902,2025-06-08,feature_phone
dev_001004,cli_000902,2026-09-11,smartphone
dev_001005,cli_000903,2025-05-21,smartphone
dev_001006,cli_000903,2026-01-06,smartphone
dev_001007,cli_000904,2025-02-22,smartphone
dev_001008,cli_000905,2025-05-29,smartphone
dev_001009,cli_000906,2025-09-22,smartphone
dev_001010,cli_000907,2025-04-09,smartphone
dev_001011,cli_000908,2024-10-20,smartphone
dev_001012,cli_000908,2025-08-05,feature_phone
dev_001013,cli_000909,2025-09-28,smartphone
dev_001014,cli_000910,2026-04-12,feature_phone
dev_001015,cli_000911,2025-12-05,feature_phone
dev_001016,cli_000911,2026-07-17,feature_phone
dev_001017,cli_000912,2026-09-13,feature_phone
dev_001018,cli_000913,2026-02-12,smartphone
dev_001019,cli_000914,2024-12-16,smartphone
dev_001020,cli_000915,2026-07-13,smartphone
dev_001021,cli_000916,2024-12-15,feature_phone
dev_001022,cli_000916,2025-06-05,smartphone
dev_001023,cli_000917,2025-08-10,feature_phone
dev_001024,cli_000917,2026-06-10,smartphone
dev_001025,cli_000918,2026-02-03,smartphone
dev_001026,cli_000919,2025-10-14,feature_phone
dev_001027,cli_000920,2024-12-22,smartphone
dev_001028,cli_000921,2026-06-29,smartphone
dev_001029,cli_000922,2025-08-07,feature_phone
dev_001030,cli_000923,2026-03-12,smartphone
dev_001031,cli_000924,2025-08-25,smartphone
dev_001032,cli_000925,2025-02-27,smartphone
dev_001033,cli_000925,2025-04-30,smartphone
dev_001034,cli_000926,2024-11-21,feature_phone
dev_001035,cli_000927,2026-03-21,feature_phone
dev_001036,cli_000928,2025-05-28,smartphone
dev_001037,cli_000928,2026-05-04,smartphone
dev_001038,cli_000929,2025-11-17,smartphone
dev_001039,cli_000930,2025-09-22,feature_phone
dev_001040,cli_000930,2026-06-09,smartphone
dev_001041,cli_000931,2026-05-29,smartphone
dev_001042,cli_000932,2025-01-07,feature_phone
dev_001043,cli_000933,2026-05-23,smartphone
dev_001044,cli_000934,2026-08-25,feature_phone
dev_001045,cli_000935,2025-03-21,smartphone
dev_001046,cli_000936,2025-12-02,feature_phone
dev_001047,cli_000937,2026-08-06,smartphone
dev_001048,cli_000938,2025-05-15,smartphone
dev_001049,cli_000939,2026-02-28,feature_phone
dev_001050,cli_000940,2024-10-12,feature_phone
dev_001051,cli_000941,2024-10-08,smartphone
dev_001052,cli_000942,2025-08-18,smartphone
dev_001053,cli_000943,2025-10-12,smartphone
dev_001054,cli_000944,2025-11-03,smartphone
dev_001055,cli_000944,2026-06-29,smartphone
dev_001056,cli_000945,2025-07-09,feature_phone
dev_001057,cli_000946,2024-11-30,smartphone
dev_001058,cli_000946,2025-08-11,smartphone
dev_001059,cli_000947,2025-06-13,smartphone
dev_001060,cli_000948,2026-07-13,smartphone
dev_001061,cli_000949,2026-05-04,smartphone
dev_001062,cli_000950,2025-06-22,smartphone
dev_001063,cli_000950,2026-06-18,smartphone
dev_001064,cli_000951,2025-12-28,feature_phone
dev_001065,cli_000952,2025-10-09,feature_phone
dev_001066,cli_000953,2025-12-05,feature_phone
dev_001067,cli_000953,2026-08-21,smartphone
dev_001068,cli_000954,2025-07-16,smartphone
dev_001069,cli_000955,2026-04-08,smartphone
dev_001070,cli_000955,2026-07-11,smartphone
dev_001071,cli_000956,2026-08-01,smartphone
dev_001072,cli_000957,2026-04-06,smartphone
dev_001073,cli_000958,2025-05-25,smartphone
dev_001074,cli_000959,2025-07-07,smartphone
dev_001075,cli_000960,2025-02-11,smartphone
dev_001076,cli_000961,2026-07-06,smartphone
dev_001077,cli_000962,2026-06-12,smartphone
dev_001078,cli_000963,2026-06-21,smartphone
dev_001079,cli_000964,2025-08-09,smartphone
dev_001080,cli_000964,2026-07-30,feature_phone
dev_001081,cli_000965,2025-08-02,smartphone
dev_001082,cli_000966,2026-05-30,smartphone
dev_001083,cli_000967,2025-10-31,feature_phone
dev_001084,cli_000968,2026-08-17,smartphone
dev_001085,cli_000969,2025-07-04,feature_phone
dev_001086,cli_000970,2025-08-04,feature_phone
dev_001087,cli_000971,2026-09-04,smartphone
dev_001088,cli_000972,2026-07-21,smartphone
dev_001089,cli_000973,2025-04-28,feature_phone
dev_001090,cli_000974,2024-12-07,feature_phone
dev_001091,cli_000974,2026-01-17,smartphone
dev_001092,cli_000975,2025-01-12,smartphone
dev_001093,cli_000976,2025-08-06,smartphone
dev_001094,cli_000977,2025-09-06,feature_phone
dev_001095,cli_000978,2025-02-11,smartphone
dev_001096,cli_000978,2025-10-14,smartphone
dev_001097,cli_000979,2025-01-19,feature_phone
dev_001098,cli_000980,2024-12-02,smartphone
dev_001099,cli_000981,2025-12-06,smartphone
dev_001100,cli_000982,2025-10-11,feature_phone
dev_001101,cli_000982,2026-08-14,feature_phone
dev_001102,cli_000983,2026-07-28,smartphone
dev_001103,cli_000984,2026-05-19,smartphone
dev_001104,cli_000985,2025-12-22,smartphone
dev_001105,cli_000986,2025-02-10,feature_phone
dev_001106,cli_000987,2025-11-02,smartphone
dev_001107,cli_000988,2025-07-22,smartphone
dev_001108,cli_000989,2025-01-01,smartphone
dev_001109,cli_000990,2025-10-12,smartphone
dev_001110,cli_000991,2026-01-22,feature_phone
dev_001111,cli_000992,2025-04-09,smartphone
dev_001112,cli_000993,2026-02-06,smartphone
dev_001113,cli_000994,2025-12-14,feature_phone
dev_001114,cli_000995,2024-12-15,smartphone
dev_001115,cli_000996,2025-11-09,smartphone
dev_001116,cli_000997,2026-03-25,feature_phone
dev_001117,cli_000998,2025-01-23,feature_phone
dev_001118,cli_000999,2025-06-12,smartphone
dev_001119,cli_001000,2025-03-13,smartphone
dev_001120,cli_001000,2026-01-22,smartphone
dev_001121,cli_001001,2026-01-28,feature_phone
dev_001122,cli_001002,2025-03-02,smartphone
dev_001123,cli_001003,2024-10-30,smartphone
dev_001124,cli_001004,2026-05-27,feature_phone
dev_001125,cli_001005,2026-05-08,feature_phone
dev_001126,cli_001006,2025-08-08,feature_phone
dev_001127,cli_001007,2025-04-14,smartphone
dev_001128,cli_001008,2026-09-23,smartphone
dev_001129,cli_001009,2025-08-19,smartphone
dev_001130,cli_001009,2025-10-31,smartphone
dev_001131,cli_001010,2026-06-23,smartphone
dev_001132,cli_001011,2024-10-10,smartphone
dev_001133,cli_001012,2025-04-12,feature_phone
dev_001134,cli_001013,2024-09-29,feature_phone
dev_001135,cli_001014,2026-04-18,smartphone
dev_001136,cli_001015,2025-02-22,smartphone
dev_001137,cli_001016,2025-12-19,smartphone
dev_001138,cli_001017,2026-07-10,smartphone
dev_001139,cli_001018,2025-10-08,smartphone
dev_001140,cli_001019,2025-10-17,smartphone
dev_001141,cli_001020,2025-09-24,feature_phone
dev_001142,cli_001021,2025-01-09,smartphone
dev_001143,cli_001022,2026-03-04,feature_phone
dev_001144,cli_001023,2025-06-15,smartphone
dev_001145,cli_001024,2026-05-01,smartphone
dev_001146,cli_001025,2024-12-22,smartphone
dev_001147,cli_001026,2025-10-25,smartphone
dev_001148,cli_001027,2025-02-18,smartphone
dev_001149,cli_001028,2026-03-11,feature_phone
dev_001150,cli_001029,2026-02-07,smartphone
dev_001151,cli_001030,2024-10-07,smartphone
dev_001152,cli_001030,2025-01-07,smartphone
dev_001153,cli_001031,2026-05-04,smartphone
dev_001154,cli_001032,2025-08-10,smartphone
dev_001155,cli_001033,2026-01-31,feature_phone
dev_001156,cli_001034,2025-12-13,smartphone
dev_001157,cli_001035,2025-05-04,smartphone
dev_001158,cli_001036,2025-03-02,feature_phone
dev_001159,cli_001037,2025-10-08,feature_phone
dev_001160,cli_001038,2025-06-15,smartphone
dev_001161,cli_001039,2026-08-23,smartphone
dev_001162,cli_001040,2026-04-06,smartphone
dev_001163,cli_001041,2025-03-31,smartphone
dev_001164,cli_001041,2026-01-24,smartphone
dev_001165,cli_001042,2025-05-26,feature_phone
dev_001166,cli_001043,2026-08-22,smartphone
dev_001167,cli_001044,2024-12-13,feature_phone
dev_001168,cli_001045,2025-11-29,smartphone
dev_001169,cli_001046,2026-02-14,feature_phone
dev_001170,cli_001047,2025-10-21,smartphone
dev_001171,cli_001048,2025-12-10,smartphone
dev_001172,cli_001049,2025-09-22,smartphone
dev_001173,cli_001050,2026-05-27,feature_phone
dev_001174,cli_001051,2026-06-14,smartphone
dev_001175,cli_001052,2024-10-02,smartphone
dev_001176,cli_001053,2025-03-27,smartphone
dev_001177,cli_001054,2026-01-03,feature_phone
dev_001178,cli_001055,2025-01-12,smartphone
dev_001179,cli_001056,2025-02-21,smartphone
dev_001180,cli_001057,2025-05-03,feature_phone
dev_001181,cli_001058,2025-04-16,smartphone
dev_001182,cli_001059,2024-10-30,feature_phone
dev_001183,cli_001060,2025-01-23,smartphone
dev_001184,cli_001061,2026-03-20,smartphone
dev_001185,cli_001062,2025-04-12,feature_phone
dev_001186,cli_001063,2026-05-29,smartphone
dev_001187,cli_001064,2025-09-22,feature_phone
dev_001188,cli_001065,2026-08-05,smartphone
dev_001189,cli_001066,2026-05-23,smartphone
dev_001190,cli_001067,2025-04-16,smartphone
dev_001191,cli_001067,2025-11-28,smartphone
dev_001192,cli_001068,2025-12-27,smartphone
dev_001193,cli_001069,2026-05-28,smartphone
dev_001194,cli_001070,2024-10-10,smartphone
dev_001195,cli_001071,2024-11-09,smartphone
dev_001196,cli_001071,2025-04-05,feature_phone
dev_001197,cli_001072,2026-04-09,smartphone
dev_001198,cli_001073,2025-07-14,smartphone
dev_001199,cli_001074,2026-02-21,feature_phone
dev_001200,cli_001075,2025-02-14,feature_phone
dev_001201,cli_001076,2025-05-10,smartphone
dev_001202,cli_001077,2025-11-11,smartphone
dev_001203,cli_001078,2024-11-14,smartphone
dev_001204,cli_001079,2025-04-06,smartphone
dev_001205,cli_001080,2026-06-05,feature_phone
dev_001206,cli_001081,2025-11-04,feature_phone
dev_001207,cli_001082,2025-01-27,smartphone
dev_001208,cli_001083,2025-08-27,feature_phone
dev_001209,cli_001084,2026-07-13,smartphone
dev_001210,cli_001085,2025-03-09,smartphone
dev_001211,cli_001086,2025-10-08,feature_phone
dev_001212,cli_001087,2026-04-03,smartphone
dev_001213,cli_001088,2025-02-06,smartphone
dev_001214,cli_001089,2024-12-18,feature_phone
dev_001215,cli_001090,2025-07-22,smartphone
dev_001216,cli_001091,2025-04-19,smartphone
dev_001217,cli_001092,2026-04-01,smartphone
dev_001218,cli_001093,2025-03-28,smartphone
dev_001219,cli_001094,2024-12-03,smartphone
dev_001220,cli_001095,2026-04-03,feature_phone
dev_001221,cli_001096,2024-11-05,feature_phone
dev_001222,cli_001097,2026-07-20,feature_phone
dev_001223,cli_001098,2025-11-02,feature_phone
dev_001224,cli_001099,2026-08-01,smartphone
dev_001225,cli_001100,2025-11-01,smartphone
dev_001226,cli_001101,2025-06-09,smartphone
dev_001227,cli_001102,2024-12-28,smartphone
dev_001228,cli_001103,2026-06-06,feature_phone
dev_001229,cli_001104,2024-12-16,feature_phone
dev_001230,cli_001105,2024-09-25,feature_phone
dev_001231,cli_001106,2026-08-06,smartphone
dev_001232,cli_001107,2024-10-23,smartphone
dev_001233,cli_001108,2024-12-02,smartphone
dev_001234,cli_001109,2026-09-02,smartphone
dev_001235,cli_001110,2026-08-08,smartphone
dev_001236,cli_001111,2025-04-13,smartphone
dev_001237,cli_001112,2025-11-21,smartphone
dev_001238,cli_001113,2026-03-17,feature_phone
dev_001239,cli_001114,2025-12-03,smartphone
dev_001240,cli_001115,2026-01-18,smartphone
dev_001241,cli_001116,2024-10-13,feature_phone
dev_001242,cli_001117,2026-04-01,smartphone
dev_001243,cli_001118,2026-07-21,feature_phone
dev_001244,cli_001119,2025-01-26,feature_phone
dev_001245,cli_001120,2025-01-19,smartphone
dev_001246,cli_001121,2024-12-11,feature_phone
dev_001247,cli_001122,2024-10-15,smartphone
dev_001248,cli_001122,2024-11-19,feature_phone
dev_001249,cli_001123,2026-08-25,feature_phone
dev_001250,cli_001124,2025-03-12,feature_phone
dev_001251,cli_001125,2026-03-11,smartphone
dev_001252,cli_001126,2025-11-20,smartphone
dev_001253,cli_001127,2025-10-31,feature_phone
dev_001254,cli_001128,2024-10-05,smartphone
dev_001255,cli_001128,2025-09-27,smartphone
dev_001256,cli_001129,2025-09-08,smartphone
dev_001257,cli_001130,2026-04-14,feature_phone
dev_001258,cli_001131,2026-07-22,feature_phone
dev_001259,cli_001132,2025-07-21,smartphone
dev_001260,cli_001133,2025-01-26,smartphone
dev_001261,cli_001134,2025-04-24,smartphone
dev_001262,cli_001135,2024-11-12,smartphone
dev_001263,cli_001135,2025-02-25,smartphone
dev_001264,cli_001136,2026-08-24,smartphone
dev_001265,cli_001137,2025-12-04,smartphone
dev_001266,cli_001138,2025-07-05,smartphone
dev_001267,cli_001139,2025-01-07,smartphone
dev_001268,cli_001140,2026-02-08,feature_phone
dev_001269,cli_001141,2025-05-18,smartphone
dev_001270,cli_001142,2026-04-25,feature_phone
dev_001271,cli_001143,2025-07-19,smartphone
dev_001272,cli_001144,2025-03-07,smartphone
dev_001273,cli_001145,2025-02-03,smartphone
dev_001274,cli_001146,2025-10-29,smartphone
dev_001275,cli_001147,2025-10-14,smartphone
dev_001276,cli_001148,2024-12-20,feature_phone
dev_001277,cli_001149,2025-08-20,smartphone
dev_001278,cli_001150,2026-01-11,smartphone
dev_001279,cli_001151,2026-03-07,smartphone
dev_001280,cli_001152,2025-04-23,smartphone
dev_001281,cli_001153,2025-04-22,feature_phone
dev_001282,cli_001154,2025-08-27,feature_phone
dev_001283,cli_001155,2026-05-31,smartphone
dev_001284,cli_001156,2026-05-29,smartphone
dev_001285,cli_001157,2026-03-30,smartphone
dev_001286,cli_001158,2026-09-15,smartphone
dev_001287,cli_001159,2025-10-09,feature_phone
dev_001288,cli_001160,2025-11-25,feature_phone
dev_001289,cli_001161,2025-12-17,smartphone
dev_001290,cli_001162,2024-11-11,smartphone
dev_001291,cli_001163,2026-04-02,smartphone
dev_001292,cli_001164,2025-02-11,smartphone
dev_001293,cli_001165,2026-05-07,smartphone
dev_001294,cli_001166,2025-07-05,smartphone
dev_001295,cli_001167,2025-01-04,feature_phone
dev_001296,cli_001168,2025-01-21,smartphone
dev_001297,cli_001169,2025-07-20,smartphone
dev_001298,cli_001170,2026-04-25,smartphone
dev_001299,cli_001171,2025-12-22,feature_phone
dev_001300,cli_001172,2025-11-18,smartphone
dev_001301,cli_001173,2025-01-15,feature_phone
dev_001302,cli_001174,2025-12-22,feature_phone
dev_001303,cli_001175,2025-01-30,smartphone
dev_001304,cli_001176,2024-10-30,smartphone
dev_001305,cli_001177,2026-07-05,feature_phone
dev_001306,cli_001178,2024-11-10,smartphone
dev_001307,cli_001178,2025-01-28,smartphone
dev_001308,cli_001179,2025-08-06,feature_phone
dev_001309,cli_001180,2025-07-12,feature_phone
dev_001310,cli_001181,2026-02-13,smartphone
dev_001311,cli_001182,2026-01-23,smartphone
dev_001312,cli_001183,2025-08-25,feature_phone
dev_001313,cli_001184,2026-05-01,smartphone
dev_001314,cli_001185,2025-04-18,smartphone
dev_001315,cli_001186,2025-05-25,feature_phone
dev_001316,cli_001186,2026-03-10,feature_phone
dev_001317,cli_001187,2026-09-17,feature_phone
dev_001318,cli_001188,2026-04-23,smartphone
dev_001319,cli_001189,2025-09-14,smartphone
dev_001320,cli_001190,2025-03-31,feature_phone
dev_001321,cli_001191,2026-02-23,feature_phone
dev_001322,cli_001192,2024-12-16,smartphone
dev_001323,cli_001193,2025-08-30,smartphone
dev_001324,cli_001194,2025-08-27,smartphone
dev_001325,cli_001195,2026-07-05,smartphone
dev_001326,cli_001196,2025-06-23,smartphone
dev_001327,cli_001197,2025-02-04,smartphone
dev_001328,cli_001198,2026-04-22,smartphone
dev_001329,cli_001199,2025-08-23,feature_phone
dev_001330,cli_001200,2026-09-19,smartphone
dev_001331,cli_001201,2026-04-23,smartphone
dev_001332,cli_001202,2026-08-03,smartphone
dev_001333,cli_001203,2025-03-11,smartphone
dev_001334,cli_001204,2024-09-28,smartphone
dev_001335,cli_001205,2026-08-27,smartphone
dev_001336,cli_001206,2025-04-30,smartphone
dev_001337,cli_001207,2025-07-18,feature_phone
dev_001338,cli_001208,2025-04-30,smartphone
dev_001339,cli_001208,2025-09-08,feature_phone
dev_001340,cli_001209,2025-09-23,feature_phone
dev_001341,cli_001210,2024-10-01,feature_phone
dev_001342,cli_001211,2026-08-26,smartphone
dev_001343,cli_001212,2026-06-07,smartphone
dev_001344,cli_001213,2026-03-25,smartphone
dev_001345,cli_001214,2025-03-02,feature_phone
dev_001346,cli_001215,2026-07-29,smartphone
dev_001347,cli_001216,2026-06-25,feature_phone
dev_001348,cli_001217,2025-04-08,smartphone
dev_001349,cli_001218,2025-11-22,feature_phone
dev_001350,cli_001219,2025-04-27,smartphone
dev_001351,cli_001220,2025-12-30,smartphone
dev_001352,cli_001221,2026-07-20,smartphone
dev_001353,cli_001222,2025-07-15,smartphone
dev_001354,cli_001223,2026-07-06,smartphone
dev_001355,cli_001224,2025-10-09,smartphone
dev_001356,cli_001225,2024-12-21,smartphone
dev_001357,cli_001225,2025-09-16,smartphone
dev_001358,cli_001226,2026-05-13,feature_phone
dev_001359,cli_001227,2026-04-30,smartphone
dev_001360,cli_001228,2024-11-01,smartphone
dev_001361,cli_001229,2026-02-14,smartphone
dev_001362,cli_001230,2025-12-26,smartphone
dev_001363,cli_001231,2025-05-13,smartphone
dev_001364,cli_001232,2026-06-22,smartphone
dev_001365,cli_001233,2026-08-10,feature_phone
dev_001366,cli_001234,2025-01-17,smartphone
dev_001367,cli_001235,2024-11-02,feature_phone
dev_001368,cli_001236,2024-10-04,smartphone
dev_001369,cli_001237,2026-09-07,smartphone
dev_001370,cli_001238,2025-09-02,smartphone
dev_001371,cli_001239,2025-01-12,smartphone
dev_001372,cli_001240,2025-01-16,smartphone
dev_001373,cli_001241,2026-01-03,feature_phone
dev_001374,cli_001241,2026-09-07,smartphone
dev_001375,cli_001242,2025-10-01,smartphone
dev_001376,cli_001243,2026-06-06,smartphone
dev_001377,cli_001244,2026-06-14,smartphone
dev_001378,cli_001245,2025-12-22,smartphone
dev_001379,cli_001246,2026-04-09,smartphone
dev_001380,cli_001247,2024-10-14,feature_phone
dev_001381,cli_001248,2026-07-27,smartphone
dev_001382,cli_001249,2025-09-03,smartphone
dev_001383,cli_001250,2025-08-14,feature_phone
dev_001384,cli_001251,2026-08-11,feature_phone
dev_001385,cli_001252,2025-11-06,smartphone
dev_001386,cli_001252,2026-02-18,smartphone
dev_001387,cli_001253,2024-11-06,feature_phone
dev_001388,cli_001253,2025-09-23,smartphone
dev_001389,cli_001254,2026-07-06,feature_phone
dev_001390,cli_001255,2026-06-11,smartphone
dev_001391,cli_001256,2026-05-26,feature_phone
dev_001392,cli_001257,2026-08-15,smartphone
dev_001393,cli_001258,2024-12-17,smartphone
dev_001394,cli_001258,2025-06-30,smartphone
dev_001395,cli_001259,2026-08-21,smartphone
dev_001396,cli_001260,2026-03-03,smartphone
dev_001397,cli_001261,2025-01-29,smartphone
dev_001398,cli_001262,2024-09-28,smartphone
dev_001399,cli_001263,2026-06-04,feature_phone
dev_001400,cli_001264,2026-01-04,feature_phone
dev_001401,cli_001265,2026-05-16,smartphone
dev_001402,cli_001266,2026-05-06,smartphone
dev_001403,cli_001267,2024-11-04,smartphone
dev_001404,cli_001268,2026-01-20,feature_phone
dev_001405,cli_001269,2025-07-05,smartphone
dev_001406,cli_001270,2026-06-01,smartphone
dev_001407,cli_001271,2026-02-27,feature_phone
dev_001408,cli_001272,2026-01-03,feature_phone
dev_001409,cli_001273,2025-07-23,smartphone
dev_001410,cli_001274,2024-12-06,smartphone
dev_001411,cli_001275,2026-03-30,smartphone
dev_001412,cli_001276,2025-06-10,feature_phone
dev_001413,cli_001277,2025-09-28,smartphone
dev_001414,cli_001277,2025-10-29,smartphone
dev_001415,cli_001278,2025-02-21,smartphone
dev_001416,cli_001279,2026-01-23,smartphone
dev_001417,cli_001280,2025-11-19,smartphone
dev_001418,cli_001281,2025-06-27,feature_phone
dev_001419,cli_001281,2026-06-05,feature_phone
dev_001420,cli_001282,2025-11-05,smartphone
dev_001421,cli_001283,2025-03-19,feature_phone
dev_001422,cli_001284,2026-09-13,smartphone
dev_001423,cli_001285,2026-01-12,smartphone
dev_001424,cli_001286,2026-05-19,smartphone
dev_001425,cli_001287,2026-06-11,feature_phone
dev_001426,cli_001288,2026-08-16,feature_phone
dev_001427,cli_001289,2026-01-07,feature_phone
dev_001428,cli_001290,2026-04-18,feature_phone
dev_001429,cli_001291,2025-03-20,smartphone
dev_001430,cli_001292,2025-09-23,feature_phone
dev_001431,cli_001293,2025-02-27,smartphone
dev_001432,cli_001294,2024-12-17,smartphone
dev_001433,cli_001295,2025-02-28,smartphone
dev_001434,cli_001296,2025-11-21,smartphone
dev_001435,cli_001297,2024-10-13,smartphone
dev_001436,cli_001298,2025-12-17,smartphone
dev_001437,cli_001299,2025-01-30,smartphone
dev_001438,cli_001299,2025-12-02,feature_phone
dev_001439,cli_001300,2026-05-21,smartphone
dev_001440,cli_001301,2024-10-17,smartphone
dev_001441,cli_001302,2026-02-14,smartphone
dev_001442,cli_001303,2025-06-24,smartphone
dev_001443,cli_001304,2026-01-08,smartphone
dev_001444,cli_001305,2026-04-09,feature_phone
dev_001445,cli_001306,2026-01-26,smartphone
dev_001446,cli_001307,2025-07-07,feature_phone
dev_001447,cli_001308,2026-07-04,feature_phone
dev_001448,cli_001309,2026-05-02,smartphone
dev_001449,cli_001310,2024-11-22,feature_phone
dev_001450,cli_001311,2026-07-23,smartphone
dev_001451,cli_001312,2025-04-15,feature_phone
dev_001452,cli_001313,2026-02-16,feature_phone
dev_001453,cli_001314,2026-02-03,feature_phone
dev_001454,cli_001315,2026-01-02,smartphone
dev_001455,cli_001316,2025-12-19,feature_phone
dev_001456,cli_001317,2025-04-25,feature_phone
dev_001457,cli_001318,2025-02-14,smartphone
dev_001458,cli_001319,2026-01-02,feature_phone
dev_001459,cli_001320,2026-05-21,feature_phone
dev_001460,cli_001321,2026-09-21,smartphone
dev_001461,cli_001322,2025-04-13,feature_phone
dev_001462,cli_001323,2024-11-24,smartphone
dev_001463,cli_001323,2025-07-04,smartphone
dev_001464,cli_001324,2026-08-30,smartphone
dev_001465,cli_001325,2025-07-21,feature_phone
dev_001466,cli_001326,2026-04-17,smartphone
dev_001467,cli_001327,2026-04-23,smartphone
dev_001468,cli_001328,2025-01-28,smartphone
dev_001469,cli_001329,2026-03-24,smartphone
dev_001470,cli_001330,2026-02-14,feature_phone
dev_001471,cli_001331,2026-06-25,feature_phone
dev_001472,cli_001332,2024-12-03,smartphone
dev_001473,cli_001333,2024-12-02,smartphone
dev_001474,cli_001334,2024-11-27,smartphone
dev_001475,cli_001335,2026-04-09,smartphone
dev_001476,cli_001336,2026-05-10,smartphone
dev_001477,cli_001337,2024-11-07,smartphone
dev_001478,cli_001338,2025-07-04,smartphone
dev_001479,cli_001339,2026-03-15,smartphone
dev_001480,cli_001340,2026-08-20,smartphone
dev_001481,cli_001341,2025-02-18,feature_phone
dev_001482,cli_001342,2025-02-16,feature_phone
dev_001483,cli_001343,2026-09-16,smartphone
dev_001484,cli_001344,2025-10-10,feature_phone
dev_001485,cli_001345,2025-10-06,feature_phone
dev_001486,cli_001346,2025-10-20,smartphone
dev_001487,cli_001346,2025-12-29,smartphone
dev_001488,cli_001347,2025-12-28,feature_phone
dev_001489,cli_001348,2026-01-27,smartphone
dev_001490,cli_001349,2026-01-23,smartphone
dev_001491,cli_001350,2024-11-22,smartphone
dev_001492,cli_001351,2024-09-30,smartphone
dev_001493,cli_001352,2026-07-04,feature_phone
dev_001494,cli_001353,2025-04-16,feature_phone
dev_001495,cli_001354,2025-08-01,feature_phone
dev_001496,cli_001354,2026-02-26,feature_phone
dev_001497,cli_001355,2026-03-21,smartphone
dev_001498,cli_001356,2026-05-11,feature_phone
dev_001499,cli_001357,2025-03-24,smartphone
dev_001500,cli_001358,2026-01-01,smartphone
dev_001501,cli_001359,2026-06-21,feature_phone
dev_001502,cli_001360,2024-10-17,feature_phone
dev_001503,cli_001361,2024-11-17,smartphone
dev_001504,cli_001362,2025-11-22,smartphone
dev_001505,cli_001363,2025-11-17,feature_phone
dev_001506,cli_001363,2026-09-05,smartphone
dev_001507,cli_001364,2025-11-21,feature_phone
dev_001508,cli_001365,2026-05-08,smartphone
dev_001509,cli_001366,2026-07-09,smartphone
dev_001510,cli_001367,2026-03-09,smartphone
dev_001511,cli_001368,2025-12-15,feature_phone
dev_001512,cli_001369,2026-06-02,smartphone
dev_001513,cli_001370,2026-08-29,smartphone
dev_001514,cli_001371,2024-11-14,smartphone
dev_001515,cli_001372,2024-12-23,feature_phone
dev_001516,cli_001373,2026-02-13,smartphone
dev_001517,cli_001373,2026-08-18,feature_phone
dev_001518,cli_001374,2025-07-03,smartphone
dev_001519,cli_001375,2026-06-11,smartphone
dev_001520,cli_001376,2024-11-17,smartphone
dev_001521,cli_001377,2025-02-08,feature_phone
dev_001522,cli_001378,2026-05-18,smartphone
dev_001523,cli_001379,2026-04-21,smartphone
dev_001524,cli_001380,2026-01-24,smartphone
dev_001525,cli_001381,2026-07-17,feature_phone
dev_001526,cli_001382,2026-01-14,feature_phone
dev_001527,cli_001383,2025-05-24,smartphone
dev_001528,cli_001384,2025-04-12,smartphone
dev_001529,cli_001384,2026-01-10,smartphone
dev_001530,cli_001385,2026-09-18,smartphone
dev_001531,cli_001386,2026-01-10,smartphone
dev_001532,cli_001387,2025-01-25,smartphone
dev_001533,cli_001388,2024-12-28,smartphone
dev_001534,cli_001389,2025-08-09,smartphone
dev_001535,cli_001390,2025-04-05,smartphone
dev_001536,cli_001391,2026-03-28,smartphone
dev_001537,cli_001392,2024-12-29,feature_phone
dev_001538,cli_001392,2025-03-12,smartphone
dev_001539,cli_001393,2025-10-13,feature_phone
dev_001540,cli_001394,2025-05-07,smartphone
dev_001541,cli_001395,2026-03-16,feature_phone
dev_001542,cli_001396,2026-05-20,smartphone
dev_001543,cli_001397,2025-08-31,feature_phone
dev_001544,cli_001398,2025-09-08,smartphone
dev_001545,cli_001399,2025-08-03,smartphone
dev_001546,cli_001399,2026-08-30,smartphone
dev_001547,cli_001400,2025-02-11,smartphone
dev_001548,cli_001401,2025-03-10,feature_phone
dev_001549,cli_001401,2025-11-28,feature_phone
dev_001550,cli_001402,2026-02-15,smartphone
dev_001551,cli_001403,2025-10-19,feature_phone
dev_001552,cli_001404,2026-07-23,feature_phone
dev_001553,cli_001405,2025-02-27,feature_phone
dev_001554,cli_001406,2026-06-17,feature_phone
dev_001555,cli_001407,2026-08-04,smartphone
dev_001556,cli_001408,2025-09-09,smartphone
dev_001557,cli_001409,2024-11-21,smartphone
dev_001558,cli_001410,2025-12-23,feature_phone
dev_001559,cli_001411,2026-05-11,smartphone
dev_001560,cli_001412,2026-05-12,smartphone
dev_001561,cli_001413,2025-01-22,smartphone
dev_001562,cli_001414,2025-05-30,feature_phone
dev_001563,cli_001415,2025-09-28,smartphone
dev_001564,cli_001415,2025-12-08,feature_phone
dev_001565,cli_001416,2024-11-16,feature_phone
dev_001566,cli_001417,2026-07-09,smartphone
dev_001567,cli_001418,2025-07-01,feature_phone
dev_001568,cli_001419,2026-01-04,feature_phone
dev_001569,cli_001420,2026-04-06,smartphone
dev_001570,cli_001421,2024-11-23,feature_phone
dev_001571,cli_001422,2024-10-26,smartphone
dev_001572,cli_001423,2025-01-23,smartphone
dev_001573,cli_001424,2026-06-07,smartphone
dev_001574,cli_001425,2025-04-15,smartphone
dev_001575,cli_001426,2026-01-05,smartphone
dev_001576,cli_001427,2025-12-21,smartphone
dev_001577,cli_001428,2026-05-05,smartphone
dev_001578,cli_001428,2026-07-17,smartphone
dev_001579,cli_001429,2025-07-21,smartphone
dev_001580,cli_001429,2026-06-15,smartphone
dev_001581,cli_001430,2025-01-07,feature_phone
dev_001582,cli_001431,2026-04-07,smartphone
dev_001583,cli_001432,2025-08-28,feature_phone
dev_001584,cli_001433,2025-06-08,smartphone
dev_001585,cli_001434,2025-06-21,feature_phone
dev_001586,cli_001435,2026-03-17,smartphone
dev_001587,cli_001436,2026-09-02,feature_phone
dev_001588,cli_001437,2025-01-27,feature_phone
dev_001589,cli_001438,2025-07-16,smartphone
dev_001590,cli_001439,2025-04-28,smartphone
dev_001591,cli_001440,2025-09-01,smartphone
dev_001592,cli_001441,2025-12-16,smartphone
dev_001593,cli_001442,2026-03-24,feature_phone
dev_001594,cli_001443,2025-05-31,feature_phone
dev_001595,cli_001444,2025-01-25,smartphone
dev_001596,cli_001445,2026-01-29,smartphone
dev_001597,cli_001446,2026-09-06,smartphone
dev_001598,cli_001447,2026-06-02,smartphone
dev_001599,cli_001448,2025-07-28,smartphone
dev_001600,cli_001449,2026-04-05,smartphone
dev_001601,cli_001450,2025-02-07,feature_phone
dev_001602,cli_001451,2026-03-09,smartphone
dev_001603,cli_001452,2025-09-29,smartphone
dev_001604,cli_001452,2025-11-08,feature_phone
dev_001605,cli_001453,2026-04-11,feature_phone
dev_001606,cli_001454,2025-10-27,smartphone
dev_001607,cli_001455,2025-05-17,smartphone
dev_001608,cli_001456,2025-02-20,smartphone
dev_001609,cli_001456,2025-04-12,smartphone
dev_001610,cli_001457,2025-04-02,smartphone
dev_001611,cli_001458,2025-09-19,smartphone
dev_001612,cli_001459,2025-10-25,feature_phone
dev_001613,cli_001460,2026-01-29,smartphone
dev_001614,cli_001460,2026-07-13,smartphone
dev_001615,cli_001461,2024-10-03,feature_phone
dev_001616,cli_001462,2025-04-07,feature_phone
dev_001617,cli_001463,2024-12-13,feature_phone
dev_001618,cli_001464,2025-04-02,smartphone
dev_001619,cli_001465,2026-07-22,smartphone
dev_001620,cli_001466,2026-03-14,feature_phone
dev_001621,cli_001467,2025-10-23,feature_phone
dev_001622,cli_001468,2026-02-06,smartphone
dev_001623,cli_001469,2024-11-30,smartphone
dev_001624,cli_001470,2025-09-30,smartphone
dev_001625,cli_001471,2026-04-16,feature_phone
dev_001626,cli_001472,2025-07-15,feature_phone
dev_001627,cli_001472,2026-01-27,smartphone
dev_001628,cli_001473,2025-12-22,smartphone
dev_001629,cli_001474,2026-06-22,smartphone
dev_001630,cli_001475,2024-11-02,smartphone
dev_001631,cli_001476,2024-11-03,feature_phone
dev_001632,cli_001476,2025-10-01,smartphone
dev_001633,cli_001477,2025-03-07,smartphone
dev_001634,cli_001478,2026-02-06,smartphone
dev_001635,cli_001479,2025-01-25,smartphone
dev_001636,cli_001480,2026-02-25,smartphone
dev_001637,cli_001481,2024-12-21,smartphone
dev_001638,cli_001482,2024-12-18,smartphone
dev_001639,cli_001483,2026-05-22,feature_phone
dev_001640,cli_001484,2026-02-06,smartphone
dev_001641,cli_001485,2025-05-02,smartphone
dev_001642,cli_001486,2026-04-06,smartphone
dev_001643,cli_001487,2025-02-15,smartphone
dev_001644,cli_001487,2026-04-04,feature_phone
dev_001645,cli_001488,2025-05-17,feature_phone
dev_001646,cli_001489,2026-04-11,smartphone
dev_001647,cli_001490,2025-03-07,smartphone
dev_001648,cli_001490,2025-07-08,smartphone
dev_001649,cli_001491,2026-08-23,smartphone
dev_001650,cli_001492,2025-12-18,smartphone
dev_001651,cli_001493,2026-05-16,smartphone
dev_001652,cli_001494,2026-09-23,smartphone
dev_001653,cli_001495,2025-04-01,smartphone
dev_001654,cli_001496,2026-06-04,smartphone
dev_001655,cli_001497,2025-05-05,smartphone
dev_001656,cli_001498,2026-07-31,smartphone
dev_001657,cli_001499,2024-12-12,feature_phone
dev_001658,cli_001500,2024-10-11,smartphone
dev_001659,cli_001501,2026-02-04,smartphone
dev_001660,cli_001502,2025-10-04,smartphone
dev_001661,cli_001503,2025-06-27,smartphone
dev_001662,cli_001504,2025-07-21,smartphone
dev_001663,cli_001505,2026-09-04,smartphone
dev_001664,cli_001506,2024-10-10,smartphone
dev_001665,cli_001507,2024-11-11,smartphone
dev_001666,cli_001508,2025-10-04,smartphone
dev_001667,cli_001508,2026-04-07,smartphone
dev_001668,cli_001509,2025-08-15,smartphone
dev_001669,cli_001510,2026-05-23,smartphone
dev_001670,cli_001511,2025-03-27,smartphone
dev_001671,cli_001512,2025-09-13,smartphone
dev_001672,cli_001513,2026-03-01,smartphone
dev_001673,cli_001514,2026-02-12,smartphone
dev_001674,cli_001515,2026-07-26,smartphone
dev_001675,cli_001516,2025-02-25,feature_phone
dev_001676,cli_001517,2026-08-09,smartphone
dev_001677,cli_001518,2025-08-09,smartphone
dev_001678,cli_001519,2025-02-07,smartphone
dev_001679,cli_001520,2026-08-16,feature_phone
dev_001680,cli_001521,2026-06-05,smartphone
dev_001681,cli_001522,2025-03-17,smartphone
dev_001682,cli_001523,2025-01-31,feature_phone
dev_001683,cli_001524,2026-07-26,smartphone
dev_001684,cli_001525,2026-03-14,feature_phone
dev_001685,cli_001526,2025-07-08,smartphone
dev_001686,cli_001527,2025-08-25,smartphone
dev_001687,cli_001528,2025-09-12,smartphone
dev_001688,cli_001529,2026-03-17,smartphone
dev_001689,cli_001530,2025-08-27,feature_phone
dev_001690,cli_001531,2026-08-18,smartphone
dev_001691,cli_001532,2024-12-26,feature_phone
dev_001692,cli_001533,2025-08-24,smartphone
dev_001693,cli_001533,2026-08-02,feature_phone
dev_001694,cli_001534,2025-12-26,smartphone
dev_001695,cli_001535,2025-12-30,feature_phone
dev_001696,cli_001536,2025-12-28,smartphone
dev_001697,cli_001537,2025-11-10,feature_phone
dev_001698,cli_001538,2026-05-06,smartphone
dev_001699,cli_001539,2025-07-12,smartphone
dev_001700,cli_001539,2025-10-21,smartphone
dev_001701,cli_001540,2026-05-13,smartphone
dev_001702,cli_001541,2026-02-07,smartphone
dev_001703,cli_001542,2024-12-28,feature_phone
dev_001704,cli_001543,2025-08-08,smartphone
dev_001705,cli_001544,2024-12-04,feature_phone
dev_001706,cli_001545,2025-06-01,feature_phone
dev_001707,cli_001545,2026-03-18,smartphone
dev_001708,cli_001546,2025-03-01,smartphone
dev_001709,cli_001547,2026-07-20,smartphone
dev_001710,cli_001548,2025-09-21,smartphone
dev_001711,cli_001549,2026-01-11,feature_phone
dev_001712,cli_001550,2026-09-11,smartphone
dev_001713,cli_001551,2026-07-20,smartphone
dev_001714,cli_001551,2026-08-22,smartphone
dev_001715,cli_001552,2026-05-08,smartphone
dev_001716,cli_001553,2026-09-18,smartphone
dev_001717,cli_001554,2025-11-09,feature_phone
dev_001718,cli_001555,2026-08-17,smartphone
dev_001719,cli_001556,2025-01-30,smartphone
dev_001720,cli_001556,2026-02-10,smartphone
dev_001721,cli_001557,2025-07-19,smartphone
dev_001722,cli_001558,2024-10-21,smartphone
dev_001723,cli_001559,2026-07-24,feature_phone
dev_001724,cli_001560,2026-07-27,smartphone
dev_001725,cli_001561,2024-12-29,feature_phone
dev_001726,cli_001562,2025-12-12,smartphone
dev_001727,cli_001563,2025-03-19,smartphone
dev_001728,cli_001564,2026-05-08,smartphone
dev_001729,cli_001565,2026-09-17,smartphone
dev_001730,cli_001566,2025-09-26,feature_phone
dev_001731,cli_001567,2025-08-02,feature_phone
dev_001732,cli_001568,2026-07-04,feature_phone
dev_001733,cli_001569,2026-09-16,smartphone
dev_001734,cli_001570,2026-04-22,feature_phone
dev_001735,cli_001570,2026-08-18,feature_phone
dev_001736,cli_001571,2026-07-06,smartphone
dev_001737,cli_001572,2024-09-27,smartphone
dev_001738,cli_001573,2024-10-03,smartphone
dev_001739,cli_001574,2026-09-12,smartphone
dev_001740,cli_001575,2025-10-25,smartphone
dev_001741,cli_001576,2025-12-17,feature_phone
dev_001742,cli_001577,2026-09-04,feature_phone
dev_001743,cli_001578,2025-05-26,smartphone
dev_001744,cli_001579,2025-01-12,smartphone
dev_001745,cli_001580,2025-07-05,smartphone
dev_001746,cli_001581,2024-11-24,smartphone
dev_001747,cli_001582,2025-06-16,smartphone
dev_001748,cli_001583,2025-08-20,smartphone
dev_001749,cli_001584,2024-11-02,smartphone
dev_001750,cli_001584,2025-08-14,smartphone
dev_001751,cli_001585,2025-04-27,smartphone
dev_001752,cli_001586,2025-03-15,smartphone
dev_001753,cli_001587,2025-03-04,feature_phone
dev_001754,cli_001588,2026-08-31,smartphone
dev_001755,cli_001589,2025-04-06,feature_phone
dev_001756,cli_001590,2025-03-27,smartphone
dev_001757,cli_001591,2025-09-28,feature_phone
dev_001758,cli_001592,2025-08-08,feature_phone
dev_001759,cli_001593,2025-01-24,feature_phone
dev_001760,cli_001593,2025-05-15,smartphone
dev_001761,cli_001594,2026-06-12,smartphone
dev_001762,cli_001595,2025-09-04,smartphone
dev_001763,cli_001595,2026-07-19,smartphone
dev_001764,cli_001596,2025-03-11,smartphone
dev_001765,cli_001597,2026-03-18,smartphone
dev_001766,cli_001598,2026-03-15,smartphone
dev_001767,cli_001599,2026-09-21,smartphone
dev_001768,cli_001600,2026-02-08,smartphone
dev_001769,cli_001601,2026-01-05,feature_phone
dev_001770,cli_001602,2024-10-29,feature_phone
dev_001771,cli_001603,2026-07-25,smartphone
dev_001772,cli_001604,2025-06-09,smartphone
dev_001773,cli_001605,2026-08-08,smartphone
dev_001774,cli_001606,2025-02-18,smartphone
dev_001775,cli_001607,2025-10-16,smartphone
dev_001776,cli_001608,2025-11-17,smartphone
dev_001777,cli_001609,2024-11-05,smartphone
dev_001778,cli_001610,2025-03-26,feature_phone
dev_001779,cli_001611,2026-07-09,smartphone
dev_001780,cli_001612,2026-03-13,smartphone
dev_001781,cli_001613,2026-03-08,feature_phone
dev_001782,cli_001614,2025-07-06,smartphone
dev_001783,cli_001615,2025-01-26,feature_phone
dev_001784,cli_001616,2025-06-16,smartphone
dev_001785,cli_001617,2025-12-05,smartphone
dev_001786,cli_001618,2025-03-28,smartphone
dev_001787,cli_001619,2025-03-19,feature_phone
dev_001788,cli_001620,2026-07-27,smartphone
dev_001789,cli_001621,2025-08-24,feature_phone
dev_001790,cli_001622,2025-04-23,feature_phone
dev_001791,cli_001623,2025-07-10,feature_phone
dev_001792,cli_001624,2026-03-29,smartphone
dev_001793,cli_001625,2026-05-29,feature_phone
dev_001794,cli_001626,2026-02-23,smartphone
dev_001795,cli_001627,2026-01-10,smartphone
dev_001796,cli_001628,2024-11-21,smartphone
dev_001797,cli_001628,2026-03-11,smartphone
dev_001798,cli_001629,2025-06-27,feature_phone
dev_001799,cli_001629,2026-05-01,smartphone
dev_001800,cli_001630,2025-01-22,smartphone
dev_001801,cli_001631,2026-09-04,smartphone
dev_001802,cli_001632,2025-03-01,smartphone
dev_001803,cli_001633,2026-05-09,feature_phone
dev_001804,cli_001634,2025-08-07,smartphone
dev_001805,cli_001635,2025-12-16,smartphone
dev_001806,cli_001635,2026-08-23,smartphone
dev_001807,cli_001636,2025-01-02,smartphone
dev_001808,cli_001637,2025-05-20,smartphone
dev_001809,cli_001638,2025-10-23,feature_phone
dev_001810,cli_001639,2025-09-17,feature_phone
dev_001811,cli_001640,2025-04-26,smartphone
dev_001812,cli_001641,2025-04-18,smartphone
dev_001813,cli_001642,2025-08-02,smartphone
dev_001814,cli_001643,2025-04-12,smartphone
dev_001815,cli_001644,2025-02-25,smartphone
dev_001816,cli_001645,2026-09-01,feature_phone
dev_001817,cli_001646,2025-12-30,feature_phone
dev_001818,cli_001647,2024-12-05,smartphone
dev_001819,cli_001648,2026-02-01,feature_phone
dev_001820,cli_001649,2025-01-31,feature_phone
dev_001821,cli_001650,2025-08-19,smartphone
dev_001822,cli_001651,2026-03-10,smartphone
dev_001823,cli_001652,2026-01-11,smartphone
dev_001824,cli_001653,2025-10-05,feature_phone
dev_001825,cli_001654,2026-06-25,smartphone
dev_001826,cli_001655,2026-02-11,smartphone
dev_001827,cli_001656,2025-05-15,feature_phone
dev_001828,cli_001657,2024-12-02,smartphone
dev_001829,cli_001658,2024-10-31,smartphone
dev_001830,cli_001659,2025-12-18,smartphone
dev_001831,cli_001660,2025-02-22,smartphone
dev_001832,cli_001661,2025-12-09,smartphone
dev_001833,cli_001662,2025-02-12,smartphone
dev_001834,cli_001663,2024-11-28,smartphone
dev_001835,cli_001663,2026-03-04,smartphone
dev_001836,cli_001664,2025-11-03,smartphone
dev_001837,cli_001665,2025-07-13,feature_phone
dev_001838,cli_001665,2026-01-09,smartphone
dev_001839,cli_001666,2024-12-31,smartphone
dev_001840,cli_001667,2026-06-15,smartphone
dev_001841,cli_001668,2026-03-28,feature_phone
dev_001842,cli_001669,2025-06-24,smartphone
dev_001843,cli_001670,2026-05-16,smartphone
dev_001844,cli_001671,2025-02-21,feature_phone
dev_001845,cli_001671,2026-06-19,smartphone
dev_001846,cli_001672,2026-03-13,feature_phone
dev_001847,cli_001673,2026-01-20,feature_phone
dev_001848,cli_001674,2025-02-10,smartphone
dev_001849,cli_001675,2025-09-04,smartphone
dev_001850,cli_001676,2025-02-24,smartphone
dev_001851,cli_001677,2025-06-24,smartphone
dev_001852,cli_001678,2025-09-14,smartphone
dev_001853,cli_001679,2025-09-16,smartphone
dev_001854,cli_001680,2025-02-15,smartphone
dev_001855,cli_001681,2024-09-25,feature_phone
dev_001856,cli_001681,2025-11-14,smartphone
dev_001857,cli_001682,2026-09-06,smartphone
dev_001858,cli_001683,2025-09-19,smartphone
dev_001859,cli_001684,2025-03-01,smartphone
dev_001860,cli_001684,2026-03-23,feature_phone
dev_001861,cli_001685,2025-06-11,feature_phone
dev_001862,cli_001686,2025-10-06,feature_phone
dev_001863,cli_001687,2025-02-22,feature_phone
dev_001864,cli_001688,2025-10-17,feature_phone
dev_001865,cli_001689,2026-06-16,smartphone
dev_001866,cli_001690,2026-03-09,smartphone
dev_001867,cli_001691,2026-08-22,smartphone
dev_001868,cli_001692,2025-04-30,smartphone
dev_001869,cli_001693,2024-10-14,smartphone
dev_001870,cli_001694,2025-12-21,feature_phone
dev_001871,cli_001695,2025-04-08,smartphone
dev_001872,cli_001696,2024-10-07,feature_phone
dev_001873,cli_001697,2025-12-11,feature_phone
dev_001874,cli_001698,2024-12-19,smartphone
dev_001875,cli_001699,2026-09-11,smartphone
dev_001876,cli_001700,2025-05-17,smartphone
dev_001877,cli_001701,2026-05-25,smartphone
dev_001878,cli_001702,2025-03-03,smartphone
dev_001879,cli_001702,2025-04-13,smartphone
dev_001880,cli_001703,2026-09-16,smartphone
dev_001881,cli_001704,2025-01-24,feature_phone
dev_001882,cli_001705,2025-12-08,smartphone
dev_001883,cli_001706,2026-04-04,smartphone
dev_001884,cli_001707,2025-08-15,smartphone
dev_001885,cli_001707,2025-11-24,smartphone
dev_001886,cli_001708,2024-10-02,smartphone
dev_001887,cli_001709,2026-05-29,smartphone
dev_001888,cli_001710,2026-02-09,smartphone
dev_001889,cli_001711,2025-06-14,smartphone
dev_001890,cli_001712,2026-07-17,smartphone
dev_001891,cli_001713,2024-10-28,smartphone
dev_001892,cli_001714,2025-09-07,smartphone
dev_001893,cli_001715,2024-10-01,smartphone
dev_001894,cli_001716,2025-11-25,smartphone
dev_001895,cli_001717,2025-01-24,smartphone
dev_001896,cli_001718,2026-01-25,feature_phone
dev_001897,cli_001719,2025-11-04,feature_phone
dev_001898,cli_001720,2026-01-14,smartphone
dev_001899,cli_001721,2025-08-20,feature_phone
dev_001900,cli_001722,2026-04-14,smartphone
dev_001901,cli_001723,2025-09-22,smartphone
dev_001902,cli_001724,2025-01-19,feature_phone
dev_001903,cli_001725,2026-06-02,feature_phone
dev_001904,cli_001726,2025-02-22,feature_phone
dev_001905,cli_001727,2025-01-09,smartphone
dev_001906,cli_001728,2026-08-29,feature_phone
dev_001907,cli_001729,2025-05-19,smartphone
dev_001908,cli_001729,2025-06-25,smartphone
dev_001909,cli_001730,2025-10-05,feature_phone
dev_001910,cli_001731,2025-06-15,smartphone
dev_001911,cli_001732,2026-02-21,feature_phone
dev_001912,cli_001733,2026-04-16,smartphone
dev_001913,cli_001734,2026-02-26,feature_phone
dev_001914,cli_001735,2026-06-04,feature_phone
dev_001915,cli_001736,2025-12-02,feature_phone
dev_001916,cli_001736,2026-05-23,smartphone
dev_001917,cli_001737,2024-12-26,smartphone
dev_001918,cli_001738,2025-03-05,smartphone
dev_001919,cli_001739,2026-05-16,smartphone
dev_001920,cli_001740,2025-08-13,smartphone
dev_001921,cli_001741,2026-08-01,smartphone
dev_001922,cli_001742,2026-08-11,smartphone
dev_001923,cli_001743,2025-06-24,smartphone
dev_001924,cli_001744,2026-02-15,feature_phone
dev_001925,cli_001745,2025-04-28,smartphone
dev_001926,cli_001746,2026-06-02,feature_phone
dev_001927,cli_001747,2026-06-28,feature_phone
dev_001928,cli_001748,2025-04-20,smartphone
dev_001929,cli_001749,2026-04-26,feature_phone
dev_001930,cli_001750,2026-08-12,smartphone
dev_001931,cli_001751,2025-02-25,feature_phone
dev_001932,cli_001752,2025-04-27,smartphone
dev_001933,cli_001753,2024-11-15,smartphone
dev_001934,cli_001754,2025-07-14,smartphone
dev_001935,cli_001754,2026-01-15,smartphone
dev_001936,cli_001755,2025-10-11,feature_phone
dev_001937,cli_001756,2025-05-23,smartphone
dev_001938,cli_001757,2025-02-23,feature_phone
dev_001939,cli_001758,2025-06-22,feature_phone
dev_001940,cli_001758,2026-03-03,smartphone
dev_001941,cli_001759,2026-02-03,feature_phone
dev_001942,cli_001760,2024-12-14,smartphone
dev_001943,cli_001760,2025-11-27,smartphone
dev_001944,cli_001761,2025-04-29,smartphone
dev_001945,cli_001762,2024-12-23,feature_phone
dev_001946,cli_001763,2025-08-13,smartphone
dev_001947,cli_001764,2025-10-31,smartphone
dev_001948,cli_001765,2025-01-17,smartphone
dev_001949,cli_001766,2025-07-05,smartphone
dev_001950,cli_001767,2025-03-07,feature_phone
dev_001951,cli_001768,2024-12-14,feature_phone
dev_001952,cli_001769,2026-02-28,smartphone
dev_001953,cli_001770,2026-05-06,smartphone
dev_001954,cli_001771,2026-06-07,smartphone
dev_001955,cli_001772,2025-07-13,smartphone
dev_001956,cli_001773,2025-02-12,smartphone
dev_001957,cli_001774,2024-10-12,feature_phone
dev_001958,cli_001775,2026-08-31,smartphone
dev_001959,cli_001776,2026-09-22,smartphone
dev_001960,cli_001777,2025-05-16,smartphone
dev_001961,cli_001778,2026-03-11,smartphone
dev_001962,cli_001779,2025-10-12,feature_phone
dev_001963,cli_001780,2026-07-28,feature_phone
dev_001964,cli_001781,2026-07-31,feature_phone
dev_001965,cli_001782,2025-09-04,feature_phone
dev_001966,cli_001783,2025-05-10,smartphone
dev_001967,cli_001783,2026-02-10,smartphone
dev_001968,cli_001784,2024-12-16,smartphone
dev_001969,cli_001785,2025-10-06,smartphone
dev_001970,cli_001786,2025-06-10,smartphone
dev_001971,cli_001786,2026-09-19,smartphone
dev_001972,cli_001787,2025-01-04,smartphone
dev_001973,cli_001788,2025-11-13,feature_phone
dev_001974,cli_001789,2026-04-24,feature_phone
dev_001975,cli_001790,2025-01-30,smartphone
dev_001976,cli_001790,2026-01-11,smartphone
dev_001977,cli_001791,2026-09-22,smartphone
dev_001978,cli_001792,2026-03-06,smartphone
dev_001979,cli_001793,2026-06-20,smartphone
dev_001980,cli_001794,2025-06-11,smartphone
dev_001981,cli_001795,2026-03-11,smartphone
dev_001982,cli_001796,2026-01-16,feature_phone
dev_001983,cli_001797,2025-06-05,feature_phone
dev_001984,cli_001798,2026-02-20,feature_phone
dev_001985,cli_001799,2026-01-02,smartphone
dev_001986,cli_001800,2025-09-25,feature_phone
dev_001987,cli_001800,2026-01-01,smartphone
dev_001988,cli_001801,2026-06-29,smartphone
dev_001989,cli_001802,2024-11-11,smartphone
dev_001990,cli_001803,2024-10-08,smartphone
dev_001991,cli_001804,2025-04-22,smartphone
dev_001992,cli_001804,2025-09-10,smartphone
dev_001993,cli_001805,2026-07-07,smartphone
dev_001994,cli_001806,2025-10-14,smartphone
dev_001995,cli_001807,2026-01-08,smartphone
dev_001996,cli_001808,2026-05-25,feature_phone
dev_001997,cli_001808,2026-08-15,smartphone
dev_001998,cli_001809,2024-12-23,smartphone
dev_001999,cli_001810,2025-11-25,smartphone
dev_002000,cli_001811,2025-06-05,smartphone
dev_002001,cli_001812,2025-05-08,feature_phone
dev_002002,cli_001813,2026-02-02,smartphone
dev_002003,cli_001814,2026-01-12,smartphone
dev_002004,cli_001815,2024-10-16,smartphone
dev_002005,cli_001816,2025-01-30,smartphone
dev_002006,cli_001817,2025-09-23,feature_phone
dev_002007,cli_001818,2025-08-31,feature_phone
dev_002008,cli_001819,2026-09-18,smartphone
dev_002009,cli_001820,2026-04-28,feature_phone
dev_002010,cli_001821,2026-09-19,smartphone
dev_002011,cli_001822,2025-02-13,smartphone
dev_002012,cli_001823,2024-11-07,smartphone
dev_002013,cli_001824,2026-05-28,smartphone
dev_002014,cli_001825,2026-03-03,feature_phone
dev_002015,cli_001826,2026-01-10,smartphone
dev_002016,cli_001827,2025-02-09,smartphone
dev_002017,cli_001827,2025-07-17,smartphone
dev_002018,cli_001828,2025-12-01,smartphone
dev_002019,cli_001828,2026-09-22,smartphone
dev_002020,cli_001829,2026-08-23,smartphone
dev_002021,cli_001830,2025-07-23,smartphone
dev_002022,cli_001831,2026-06-08,smartphone
dev_002023,cli_001832,2025-06-10,smartphone
dev_002024,cli_001833,2025-01-07,smartphone
dev_002025,cli_001833,2026-05-11,feature_phone
dev_002026,cli_001834,2026-08-05,smartphone
dev_002027,cli_001835,2024-09-29,feature_phone
dev_002028,cli_001836,2025-05-28,smartphone
dev_002029,cli_001837,2026-08-17,smartphone
dev_002030,cli_001838,2026-04-16,feature_phone
dev_002031,cli_001839,2026-05-24,feature_phone
dev_002032,cli_001840,2024-12-18,feature_phone
dev_002033,cli_001841,2025-04-14,smartphone
dev_002034,cli_001842,2025-12-26,smartphone
dev_002035,cli_001843,2025-09-02,smartphone
dev_002036,cli_001844,2026-01-13,smartphone
dev_002037,cli_001845,2025-12-02,smartphone
dev_002038,cli_001846,2025-06-15,smartphone
dev_002039,cli_001847,2026-05-05,smartphone
dev_002040,cli_001848,2025-03-19,smartphone
dev_002041,cli_001848,2026-04-11,smartphone
dev_002042,cli_001849,2024-11-03,smartphone
dev_002043,cli_001850,2024-10-13,smartphone
dev_002044,cli_001851,2026-05-21,smartphone
dev_002045,cli_001851,2026-07-07,smartphone
dev_002046,cli_001852,2025-11-27,smartphone
dev_002047,cli_001853,2026-03-14,feature_phone
dev_002048,cli_001854,2025-06-18,smartphone
dev_002049,cli_001855,2026-01-30,smartphone
dev_002050,cli_001856,2025-12-10,smartphone
dev_002051,cli_001857,2026-06-14,feature_phone
dev_002052,cli_001858,2025-08-11,feature_phone
dev_002053,cli_001859,2025-08-29,smartphone
dev_002054,cli_001860,2025-08-17,smartphone
dev_002055,cli_001860,2025-10-28,smartphone
dev_002056,cli_001861,2026-01-18,feature_phone
dev_002057,cli_001862,2025-03-21,smartphone
dev_002058,cli_001863,2025-07-07,smartphone
dev_002059,cli_001864,2026-05-18,feature_phone
dev_002060,cli_001865,2025-12-29,feature_phone
dev_002061,cli_001866,2025-05-30,smartphone
dev_002062,cli_001866,2026-09-05,smartphone
dev_002063,cli_001867,2026-07-01,smartphone
dev_002064,cli_001867,2026-08-29,smartphone
dev_002065,cli_001868,2026-01-10,feature_phone
dev_002066,cli_001869,2024-12-26,feature_phone
dev_002067,cli_001869,2025-10-01,smartphone
dev_002068,cli_001870,2025-11-05,smartphone
dev_002069,cli_001871,2025-09-17,smartphone
dev_002070,cli_001872,2025-05-15,feature_phone
dev_002071,cli_001873,2026-02-01,smartphone
dev_002072,cli_001874,2025-01-29,smartphone
dev_002073,cli_001875,2026-09-12,smartphone
dev_002074,cli_001876,2025-10-14,smartphone
dev_002075,cli_001876,2026-07-27,smartphone
dev_002076,cli_001877,2025-07-15,feature_phone
dev_002077,cli_001877,2025-10-19,smartphone
dev_002078,cli_001878,2026-04-02,feature_phone
dev_002079,cli_001879,2025-03-02,smartphone
dev_002080,cli_001880,2026-07-28,feature_phone
dev_002081,cli_001881,2025-06-07,smartphone
dev_002082,cli_001882,2025-06-19,smartphone
dev_002083,cli_001883,2025-02-26,feature_phone
dev_002084,cli_001884,2026-04-26,smartphone
dev_002085,cli_001885,2026-06-03,smartphone
dev_002086,cli_001886,2025-07-27,smartphone
dev_002087,cli_001887,2024-10-15,smartphone
dev_002088,cli_001888,2025-02-28,smartphone
dev_002089,cli_001888,2026-04-10,smartphone
dev_002090,cli_001889,2026-04-22,feature_phone
dev_002091,cli_001890,2025-11-30,smartphone
dev_002092,cli_001891,2026-03-13,smartphone
dev_002093,cli_001892,2025-03-04,smartphone
dev_002094,cli_001893,2025-09-15,feature_phone
dev_002095,cli_001894,2025-11-09,smartphone
dev_002096,cli_001895,2026-09-20,smartphone
dev_002097,cli_001896,2025-06-19,smartphone
dev_002098,cli_001897,2025-11-05,smartphone
dev_002099,cli_001898,2026-08-26,feature_phone
dev_002100,cli_001899,2026-05-04,smartphone
dev_002101,cli_001900,2025-04-12,smartphone
dev_002102,cli_001901,2025-03-26,smartphone
dev_002103,cli_001902,2025-09-29,smartphone
dev_002104,cli_001903,2025-03-20,smartphone
dev_002105,cli_001904,2025-04-03,smartphone
dev_002106,cli_001905,2025-07-02,smartphone
dev_002107,cli_001906,2026-04-25,smartphone
dev_002108,cli_001907,2025-11-20,smartphone
dev_002109,cli_001908,2025-02-05,smartphone
dev_002110,cli_001909,2026-02-09,smartphone
dev_002111,cli_001910,2025-05-30,smartphone
dev_002112,cli_001911,2025-01-28,smartphone
dev_002113,cli_001912,2025-08-31,smartphone
dev_002114,cli_001913,2025-09-19,smartphone
dev_002115,cli_001914,2026-05-10,smartphone
dev_002116,cli_001915,2025-09-27,smartphone
dev_002117,cli_001916,2026-08-24,smartphone
dev_002118,cli_001917,2026-07-03,feature_phone
dev_002119,cli_001918,2025-08-24,smartphone
dev_002120,cli_001919,2026-04-17,smartphone
dev_002121,cli_001920,2026-01-13,smartphone
dev_002122,cli_001921,2026-01-04,feature_phone
dev_002123,cli_001922,2025-10-14,smartphone
dev_002124,cli_001923,2025-05-02,feature_phone
dev_002125,cli_001924,2025-11-02,smartphone
dev_002126,cli_001925,2025-01-15,smartphone
dev_002127,cli_001926,2025-10-07,smartphone
dev_002128,cli_001927,2024-09-30,smartphone
dev_002129,cli_001928,2024-09-25,feature_phone
dev_002130,cli_001929,2025-11-16,smartphone
dev_002131,cli_001930,2025-03-14,feature_phone
dev_002132,cli_001931,2025-10-28,smartphone
dev_002133,cli_001932,2024-12-25,feature_phone
dev_002134,cli_001933,2025-03-14,feature_phone
dev_002135,cli_001934,2026-01-20,smartphone
dev_002136,cli_001935,2026-02-01,smartphone
dev_002137,cli_001936,2024-12-20,feature_phone
dev_002138,cli_001937,2025-08-25,smartphone
dev_002139,cli_001938,2025-05-05,feature_phone
dev_002140,cli_001939,2025-05-18,smartphone
dev_002141,cli_001940,2026-05-26,smartphone
dev_002142,cli_001941,2026-04-04,smartphone
dev_002143,cli_001942,2024-12-06,feature_phone
dev_002144,cli_001943,2026-03-04,feature_phone
dev_002145,cli_001944,2024-12-29,smartphone
dev_002146,cli_001945,2026-01-07,feature_phone
dev_002147,cli_001946,2025-01-14,feature_phone
dev_002148,cli_001947,2025-07-29,smartphone
dev_002149,cli_001947,2026-08-05,smartphone
dev_002150,cli_001948,2026-07-13,smartphone
dev_002151,cli_001949,2026-03-10,smartphone
dev_002152,cli_001950,2024-10-29,smartphone
dev_002153,cli_001951,2026-04-25,feature_phone
dev_002154,cli_001952,2026-04-11,feature_phone
dev_002155,cli_001953,2026-06-07,feature_phone
dev_002156,cli_001954,2025-07-06,smartphone
dev_002157,cli_001955,2025-02-11,smartphone
dev_002158,cli_001956,2024-11-10,smartphone
dev_002159,cli_001957,2024-12-17,smartphone
dev_002160,cli_001958,2024-12-18,smartphone
dev_002161,cli_001959,2024-12-03,smartphone
dev_002162,cli_001960,2025-08-06,smartphone
dev_002163,cli_001961,2025-02-02,smartphone
dev_002164,cli_001962,2025-06-18,smartphone
dev_002165,cli_001963,2026-06-15,smartphone
dev_002166,cli_001964,2026-09-06,smartphone
dev_002167,cli_001965,2026-07-14,feature_phone
dev_002168,cli_001966,2026-01-14,smartphone
dev_002169,cli_001967,2025-09-25,feature_phone
dev_002170,cli_001968,2025-06-15,feature_phone
dev_002171,cli_001969,2025-09-08,smartphone
dev_002172,cli_001970,2025-12-30,smartphone
dev_002173,cli_001971,2025-04-07,smartphone
dev_002174,cli_001972,2025-01-04,smartphone
dev_002175,cli_001973,2026-04-14,smartphone
dev_002176,cli_001974,2026-03-17,smartphone
dev_002177,cli_001975,2024-11-14,feature_phone
dev_002178,cli_001976,2024-10-16,feature_phone
dev_002179,cli_001977,2026-02-10,feature_phone
dev_002180,cli_001978,2025-09-17,smartphone
dev_002181,cli_001979,2025-07-29,smartphone
dev_002182,cli_001980,2025-06-18,smartphone
dev_002183,cli_001981,2025-01-01,smartphone
dev_002184,cli_001982,2026-07-08,smartphone
dev_002185,cli_001983,2025-09-07,smartphone
dev_002186,cli_001984,2026-04-19,smartphone
dev_002187,cli_001985,2025-03-23,smartphone
dev_002188,cli_001986,2025-07-16,smartphone
dev_002189,cli_001987,2025-03-26,smartphone
dev_002190,cli_001988,2024-12-03,smartphone
dev_002191,cli_001989,2025-02-25,smartphone
dev_002192,cli_001989,2026-07-02,smartphone
dev_002193,cli_001990,2025-01-09,feature_phone
dev_002194,cli_001991,2025-02-09,smartphone
dev_002195,cli_001991,2025-03-20,feature_phone
dev_002196,cli_001992,2025-06-25,smartphone
dev_002197,cli_001993,2025-12-11,feature_phone
dev_002198,cli_001994,2026-01-21,feature_phone
dev_002199,cli_001995,2026-01-01,smartphone
dev_002200,cli_001996,2025-07-08,smartphone
dev_002201,cli_001997,2025-02-15,smartphone
dev_002202,cli_001998,2025-12-30,feature_phone
dev_002203,cli_001999,2025-07-28,feature_phone
dev_002204,cli_001999,2026-07-12,feature_phone
dev_002205,cli_002000,2025-11-26,feature_phone
dev_002206,cli_002001,2025-07-07,smartphone
dev_002207,cli_002002,2025-02-04,feature_phone
dev_002208,cli_002003,2025-11-27,smartphone
dev_002209,cli_002004,2025-12-08,feature_phone
dev_002210,cli_002005,2026-04-30,smartphone
dev_002211,cli_002006,2025-09-25,smartphone
dev_002212,cli_002007,2025-10-25,feature_phone
dev_002213,cli_002008,2026-05-30,feature_phone
dev_002214,cli_002009,2024-10-17,smartphone
dev_002215,cli_002010,2025-01-05,smartphone
dev_002216,cli_002011,2026-02-23,smartphone
dev_002217,cli_002012,2024-11-04,feature_phone
dev_002218,cli_002013,2026-03-09,smartphone
dev_002219,cli_002014,2025-11-22,smartphone
dev_002220,cli_002015,2026-06-20,smartphone
dev_002221,cli_002016,2025-07-04,smartphone
dev_002222,cli_002017,2025-10-08,smartphone
dev_002223,cli_002018,2026-03-13,feature_phone
dev_002224,cli_002019,2026-02-25,feature_phone
dev_002225,cli_002020,2024-11-11,feature_phone
dev_002226,cli_002021,2025-05-11,smartphone
dev_002227,cli_002022,2026-06-04,smartphone
dev_002228,cli_002023,2026-06-17,feature_phone
dev_002229,cli_002024,2026-08-03,feature_phone
dev_002230,cli_002025,2026-03-27,smartphone
dev_002231,cli_002026,2025-04-03,feature_phone
dev_002232,cli_002026,2026-01-17,smartphone
dev_002233,cli_002027,2026-08-09,smartphone
dev_002234,cli_002028,2026-03-26,feature_phone
dev_002235,cli_002029,2026-08-24,smartphone
dev_002236,cli_002030,2025-06-07,smartphone
dev_002237,cli_002031,2025-02-07,smartphone
dev_002238,cli_002032,2025-09-03,feature_phone
dev_002239,cli_002033,2024-12-02,smartphone
dev_002240,cli_002034,2025-05-10,smartphone
dev_002241,cli_002034,2025-09-15,feature_phone
dev_002242,cli_002035,2025-03-16,feature_phone
dev_002243,cli_002036,2026-02-07,feature_phone
dev_002244,cli_002037,2025-01-01,smartphone
dev_002245,cli_002038,2025-06-20,feature_phone
dev_002246,cli_002039,2026-07-22,smartphone
dev_002247,cli_002040,2026-07-25,smartphone
dev_002248,cli_002041,2024-12-08,smartphone
dev_002249,cli_002042,2026-03-07,feature_phone
dev_002250,cli_002043,2025-10-19,smartphone
dev_002251,cli_002044,2025-03-18,smartphone
dev_002252,cli_002045,2025-03-12,feature_phone
dev_002253,cli_002046,2026-09-04,feature_phone
dev_002254,cli_002047,2025-07-02,smartphone
dev_002255,cli_002048,2024-11-27,feature_phone
dev_002256,cli_002049,2026-01-11,feature_phone
dev_002257,cli_002050,2025-08-24,feature_phone
dev_002258,cli_002051,2026-03-14,feature_phone
dev_002259,cli_002052,2025-04-16,feature_phone
dev_002260,cli_002052,2026-07-09,smartphone
dev_002261,cli_002053,2026-06-29,smartphone
dev_002262,cli_002054,2025-09-10,smartphone
dev_002263,cli_002055,2025-11-27,feature_phone
dev_002264,cli_002056,2025-06-13,smartphone
dev_002265,cli_002057,2025-09-28,feature_phone
dev_002266,cli_002058,2024-10-08,smartphone
dev_002267,cli_002059,2024-10-07,smartphone
dev_002268,cli_002060,2026-02-28,smartphone
dev_002269,cli_002061,2026-08-27,smartphone
dev_002270,cli_002062,2025-09-29,smartphone
dev_002271,cli_002063,2025-07-20,smartphone
dev_002272,cli_002064,2025-03-25,feature_phone
dev_002273,cli_002064,2026-07-22,smartphone
dev_002274,cli_002065,2025-09-06,smartphone
dev_002275,cli_002066,2025-07-23,smartphone
dev_002276,cli_002067,2026-09-07,smartphone
dev_002277,cli_002068,2025-03-17,feature_phone
dev_002278,cli_002069,2026-01-26,feature_phone
dev_002279,cli_002070,2025-12-17,smartphone
dev_002280,cli_002070,2026-05-03,smartphone
dev_002281,cli_002071,2025-11-19,smartphone
dev_002282,cli_002072,2026-08-02,feature_phone
dev_002283,cli_002073,2025-09-28,smartphone
dev_002284,cli_002074,2025-12-20,feature_phone
dev_002285,cli_002075,2026-04-06,smartphone
dev_002286,cli_002076,2026-03-28,smartphone
dev_002287,cli_002077,2026-08-30,smartphone
dev_002288,cli_002078,2024-12-15,smartphone
dev_002289,cli_002079,2026-02-21,feature_phone
dev_002290,cli_002080,2024-12-25,smartphone
dev_002291,cli_002080,2025-05-18,feature_phone
dev_002292,cli_002081,2025-01-22,smartphone
dev_002293,cli_002082,2025-10-25,smartphone
dev_002294,cli_002083,2025-02-12,smartphone
dev_002295,cli_002084,2026-04-22,smartphone
dev_002296,cli_002085,2026-05-15,feature_phone
dev_002297,cli_002086,2024-12-07,smartphone
dev_002298,cli_002087,2025-06-09,feature_phone
dev_002299,cli_002088,2025-05-09,smartphone
dev_002300,cli_002089,2024-11-19,smartphone
dev_002301,cli_002090,2026-09-13,feature_phone
dev_002302,cli_002091,2026-05-21,smartphone
dev_002303,cli_002092,2024-10-22,feature_phone
dev_002304,cli_002093,2026-06-22,smartphone
dev_002305,cli_002094,2025-11-01,feature_phone
dev_002306,cli_002095,2026-09-07,feature_phone
dev_002307,cli_002096,2026-01-29,feature_phone
dev_002308,cli_002097,2026-05-21,smartphone
dev_002309,cli_002098,2026-03-21,feature_phone
dev_002310,cli_002099,2025-02-07,smartphone
dev_002311,cli_002100,2026-03-06,feature_phone
dev_002312,cli_002101,2025-02-07,smartphone
dev_002313,cli_002102,2024-12-10,smartphone
dev_002314,cli_002103,2025-08-26,smartphone
dev_002315,cli_002104,2025-08-27,smartphone
dev_002316,cli_002105,2026-01-23,smartphone
dev_002317,cli_002106,2025-05-25,feature_phone
dev_002318,cli_002107,2025-02-12,smartphone
dev_002319,cli_002108,2025-01-02,feature_phone
dev_002320,cli_002108,2026-03-08,smartphone
dev_002321,cli_002109,2026-05-04,feature_phone
dev_002322,cli_002110,2025-05-11,feature_phone
dev_002323,cli_002111,2026-06-14,smartphone
dev_002324,cli_002112,2025-10-01,feature_phone
dev_002325,cli_002113,2026-07-20,feature_phone
dev_002326,cli_002114,2025-08-19,feature_phone
dev_002327,cli_002115,2025-01-11,smartphone
dev_002328,cli_002116,2025-02-05,smartphone
dev_002329,cli_002117,2025-04-20,feature_phone
dev_002330,cli_002118,2025-07-29,smartphone
dev_002331,cli_002119,2025-06-25,feature_phone
dev_002332,cli_002120,2026-07-13,smartphone
dev_002333,cli_002121,2025-04-11,feature_phone
dev_002334,cli_002122,2025-05-15,smartphone
dev_002335,cli_002123,2026-06-11,smartphone
dev_002336,cli_002124,2025-06-20,feature_phone
dev_002337,cli_002125,2025-12-17,feature_phone
dev_002338,cli_002126,2025-09-17,feature_phone
dev_002339,cli_002126,2026-03-12,smartphone
dev_002340,cli_002127,2025-02-07,smartphone
dev_002341,cli_002128,2026-02-01,smartphone
dev_002342,cli_002129,2024-11-24,smartphone
dev_002343,cli_002130,2025-11-24,smartphone
dev_002344,cli_002131,2025-09-14,feature_phone
dev_002345,cli_002132,2026-09-02,smartphone
dev_002346,cli_002133,2026-06-27,smartphone
dev_002347,cli_002134,2026-03-02,smartphone
dev_002348,cli_002135,2024-10-10,smartphone
dev_002349,cli_002135,2025-03-04,smartphone
dev_002350,cli_002136,2026-03-18,smartphone
dev_002351,cli_002137,2025-12-10,smartphone
dev_002352,cli_002138,2025-01-09,feature_phone
dev_002353,cli_002139,2026-02-03,smartphone
dev_002354,cli_002140,2025-02-08,feature_phone
dev_002355,cli_002141,2026-06-28,smartphone
dev_002356,cli_002142,2026-06-18,smartphone
dev_002357,cli_002143,2026-09-14,feature_phone
dev_002358,cli_002144,2026-06-24,smartphone
dev_002359,cli_002145,2025-07-10,smartphone
dev_002360,cli_002146,2026-07-19,smartphone
dev_002361,cli_002147,2025-07-04,feature_phone
dev_002362,cli_002148,2025-07-14,smartphone
dev_002363,cli_002149,2026-04-06,smartphone
dev_002364,cli_002150,2026-08-27,feature_phone
dev_002365,cli_002151,2026-05-28,smartphone
dev_002366,cli_002152,2026-06-11,smartphone
dev_002367,cli_002153,2025-09-04,smartphone
dev_002368,cli_002154,2024-11-14,smartphone
dev_002369,cli_002154,2025-12-03,smartphone
dev_002370,cli_002155,2025-11-10,smartphone
dev_002371,cli_002156,2025-06-18,smartphone
dev_002372,cli_002157,2026-02-14,smartphone
dev_002373,cli_002158,2026-07-19,feature_phone
dev_002374,cli_002159,2026-04-17,smartphone
dev_002375,cli_002160,2025-10-09,feature_phone
dev_002376,cli_002161,2025-01-05,smartphone
dev_002377,cli_002162,2026-03-26,smartphone
dev_002378,cli_002163,2024-10-06,smartphone
dev_002379,cli_002164,2025-06-15,feature_phone
dev_002380,cli_002164,2026-05-20,smartphone
dev_002381,cli_002165,2026-01-07,feature_phone
dev_002382,cli_002166,2025-06-27,smartphone
dev_002383,cli_002167,2025-05-03,smartphone
dev_002384,cli_002168,2025-05-11,smartphone
dev_002385,cli_002169,2025-01-01,feature_phone
dev_002386,cli_002170,2025-05-29,smartphone
dev_002387,cli_002171,2026-09-04,smartphone
dev_002388,cli_002172,2025-12-22,smartphone
dev_002389,cli_002172,2026-04-13,smartphone
dev_002390,cli_002173,2024-12-01,smartphone
dev_002391,cli_002173,2026-02-14,smartphone
dev_002392,cli_002174,2026-04-26,smartphone
dev_002393,cli_002175,2025-09-25,feature_phone
dev_002394,cli_002176,2025-09-24,smartphone
dev_002395,cli_002177,2025-08-14,smartphone
dev_002396,cli_002177,2025-10-21,feature_phone
dev_002397,cli_002178,2024-12-29,feature_phone
dev_002398,cli_002179,2025-08-26,smartphone
dev_002399,cli_002180,2026-09-23,smartphone
dev_002400,cli_002181,2026-03-30,smartphone
dev_002401,cli_002182,2025-06-20,smartphone
dev_002402,cli_002183,2025-03-02,smartphone
dev_002403,cli_002184,2025-06-09,smartphone
dev_002404,cli_002185,2025-04-08,smartphone
dev_002405,cli_002186,2026-04-01,smartphone
dev_002406,cli_002187,2026-07-16,smartphone
dev_002407,cli_002187,2026-09-01,feature_phone
dev_002408,cli_002188,2024-11-01,feature_phone
dev_002409,cli_002189,2025-08-09,smartphone
dev_002410,cli_002190,2025-04-03,smartphone
dev_002411,cli_002191,2024-10-26,smartphone
dev_002412,cli_002192,2026-05-13,smartphone
dev_002413,cli_002193,2024-12-27,feature_phone
dev_002414,cli_002194,2025-12-30,smartphone
dev_002415,cli_002195,2025-06-24,smartphone
dev_002416,cli_002195,2026-01-02,smartphone
dev_002417,cli_002196,2025-12-16,smartphone
dev_002418,cli_002197,2026-05-02,smartphone
dev_002419,cli_002198,2024-12-21,feature_phone
dev_002420,cli_002199,2026-01-13,smartphone
dev_002421,cli_002200,2026-09-05,smartphone
dev_002422,cli_002201,2026-06-06,smartphone
dev_002423,cli_002202,2024-10-23,smartphone
dev_002424,cli_002203,2025-02-01,smartphone
dev_002425,cli_002204,2025-05-27,smartphone
dev_002426,cli_002205,2025-03-05,feature_phone
dev_002427,cli_002205,2025-05-18,smartphone
dev_002428,cli_002206,2025-06-08,smartphone
dev_002429,cli_002207,2024-11-29,smartphone
dev_002430,cli_002208,2026-07-13,smartphone
dev_002431,cli_002209,2026-08-08,smartphone
dev_002432,cli_002210,2025-05-05,feature_phone
dev_002433,cli_002210,2025-07-15,smartphone
dev_002434,cli_002211,2024-10-20,feature_phone
dev_002435,cli_002212,2025-07-27,smartphone
dev_002436,cli_002213,2024-10-19,smartphone
dev_002437,cli_002214,2025-12-05,smartphone
dev_002438,cli_002214,2026-04-28,smartphone
dev_002439,cli_002215,2025-05-20,smartphone
dev_002440,cli_002216,2025-09-17,feature_phone
dev_002441,cli_002217,2024-12-20,feature_phone
dev_002442,cli_002217,2025-04-15,feature_phone
dev_002443,cli_002218,2025-06-09,feature_phone
dev_002444,cli_002219,2025-11-08,feature_phone
dev_002445,cli_002220,2026-03-29,feature_phone
dev_002446,cli_002221,2026-02-07,feature_phone
dev_002447,cli_002222,2026-07-31,feature_phone
dev_002448,cli_002223,2026-06-03,feature_phone
dev_002449,cli_002224,2025-09-18,smartphone
dev_002450,cli_002225,2026-08-31,smartphone
dev_002451,cli_002226,2025-10-15,feature_phone
dev_002452,cli_002227,2026-08-24,smartphone
dev_002453,cli_002228,2026-05-28,feature_phone
dev_002454,cli_002229,2025-05-07,feature_phone
dev_002455,cli_002229,2026-02-03,feature_phone
dev_002456,cli_002230,2026-09-02,smartphone
dev_002457,cli_002231,2026-01-21,feature_phone
dev_002458,cli_002232,2026-05-08,feature_phone
dev_002459,cli_002233,2026-08-15,feature_phone
dev_002460,cli_002234,2026-04-25,smartphone
dev_002461,cli_002235,2026-07-04,smartphone
dev_002462,cli_002236,2026-07-27,feature_phone
dev_002463,cli_002237,2025-05-27,smartphone
dev_002464,cli_002238,2026-06-24,feature_phone
dev_002465,cli_002239,2024-11-08,feature_phone
dev_002466,cli_002240,2025-10-04,smartphone
dev_002467,cli_002240,2026-01-20,smartphone
dev_002468,cli_002241,2025-11-30,smartphone
dev_002469,cli_002242,2024-12-24,feature_phone
dev_002470,cli_002243,2025-03-06,smartphone
dev_002471,cli_002244,2025-11-21,smartphone
dev_002472,cli_002245,2024-10-14,feature_phone
dev_002473,cli_002246,2025-09-02,smartphone
dev_002474,cli_002247,2025-04-25,feature_phone
dev_002475,cli_002248,2024-10-17,smartphone
dev_002476,cli_002249,2025-04-14,smartphone
dev_002477,cli_002250,2025-07-20,smartphone
dev_002478,cli_002251,2025-07-02,smartphone
dev_002479,cli_002252,2025-06-04,smartphone
dev_002480,cli_002253,2024-10-11,feature_phone
dev_002481,cli_002254,2025-04-30,smartphone
dev_002482,cli_002255,2026-02-17,smartphone
dev_002483,cli_002256,2026-09-07,smartphone
dev_002484,cli_002257,2025-03-02,smartphone
dev_002485,cli_002257,2025-04-06,smartphone
dev_002486,cli_002258,2025-10-03,feature_phone
dev_002487,cli_002259,2025-11-25,smartphone
dev_002488,cli_002260,2024-11-11,smartphone
dev_002489,cli_002261,2026-06-02,smartphone
dev_002490,cli_002262,2026-08-27,smartphone
dev_002491,cli_002263,2025-04-02,feature_phone
dev_002492,cli_002264,2024-11-19,smartphone
dev_002493,cli_002265,2025-01-27,smartphone
dev_002494,cli_002266,2024-12-27,smartphone
dev_002495,cli_002267,2025-01-02,smartphone
dev_002496,cli_002268,2025-05-12,feature_phone
dev_002497,cli_002269,2024-11-20,feature_phone
dev_002498,cli_002270,2026-01-18,feature_phone
dev_002499,cli_002271,2025-03-29,feature_phone
dev_002500,cli_002272,2026-07-18,feature_phone
dev_002501,cli_002273,2025-09-04,smartphone
dev_002502,cli_002274,2026-02-24,feature_phone
dev_002503,cli_002275,2024-11-08,smartphone
dev_002504,cli_002276,2025-11-10,feature_phone
dev_002505,cli_002277,2026-04-24,feature_phone
dev_002506,cli_002278,2025-08-04,smartphone
dev_002507,cli_002279,2026-07-29,feature_phone
dev_002508,cli_002280,2026-06-23,feature_phone
dev_002509,cli_002281,2025-11-13,smartphone
dev_002510,cli_002281,2026-03-29,feature_phone
dev_002511,cli_002282,2025-06-21,feature_phone
dev_002512,cli_002283,2025-07-26,smartphone
dev_002513,cli_002284,2026-08-14,smartphone
dev_002514,cli_002285,2025-05-16,feature_phone
dev_002515,cli_002286,2026-08-12,smartphone
dev_002516,cli_002287,2025-02-06,smartphone
dev_002517,cli_002287,2025-03-12,smartphone
dev_002518,cli_002288,2026-08-26,smartphone
dev_002519,cli_002289,2026-09-04,smartphone
dev_002520,cli_002290,2025-09-11,smartphone
dev_002521,cli_002291,2025-02-16,feature_phone
dev_002522,cli_002291,2025-03-28,smartphone
dev_002523,cli_002292,2025-03-15,smartphone
dev_002524,cli_002293,2025-07-13,smartphone
dev_002525,cli_002294,2026-05-16,smartphone
dev_002526,cli_002295,2024-10-29,smartphone
dev_002527,cli_002295,2025-07-24,smartphone
dev_002528,cli_002296,2026-09-09,smartphone
dev_002529,cli_002297,2026-01-13,smartphone
dev_002530,cli_002297,2026-05-06,smartphone
dev_002531,cli_002298,2025-03-23,feature_phone
dev_002532,cli_002298,2025-08-20,smartphone
dev_002533,cli_002299,2025-07-01,smartphone
dev_002534,cli_002300,2025-02-24,smartphone
dev_002535,cli_002301,2025-03-14,smartphone
dev_002536,cli_002302,2024-11-07,smartphone
dev_002537,cli_002303,2025-09-12,smartphone
dev_002538,cli_002304,2025-02-02,smartphone
dev_002539,cli_002305,2026-06-02,smartphone
dev_002540,cli_002306,2026-05-20,feature_phone
dev_002541,cli_002307,2026-08-18,feature_phone
dev_002542,cli_002308,2026-04-27,feature_phone
dev_002543,cli_002309,2026-07-04,smartphone
dev_002544,cli_002309,2026-09-22,smartphone
dev_002545,cli_002310,2025-01-31,feature_phone
dev_002546,cli_002311,2025-09-28,smartphone
dev_002547,cli_002311,2026-07-08,smartphone
dev_002548,cli_002312,2025-11-04,smartphone
dev_002549,cli_002313,2025-06-14,smartphone
dev_002550,cli_002314,2026-01-04,smartphone
dev_002551,cli_002315,2025-08-04,smartphone
dev_002552,cli_002316,2026-09-21,smartphone
dev_002553,cli_002317,2025-04-22,smartphone
dev_002554,cli_002318,2024-12-27,smartphone
dev_002555,cli_002319,2026-08-26,smartphone
dev_002556,cli_002320,2026-07-27,feature_phone
dev_002557,cli_002321,2026-06-16,smartphone
dev_002558,cli_002322,2025-07-07,feature_phone
dev_002559,cli_002322,2026-02-27,smartphone
dev_002560,cli_002323,2025-03-18,smartphone
dev_002561,cli_002324,2025-02-01,smartphone
dev_002562,cli_002324,2025-07-14,smartphone
dev_002563,cli_002325,2025-03-03,feature_phone
dev_002564,cli_002326,2025-07-30,smartphone
dev_002565,cli_002327,2025-04-30,feature_phone
dev_002566,cli_002328,2026-03-03,feature_phone
dev_002567,cli_002329,2025-03-29,smartphone
dev_002568,cli_002330,2026-05-13,smartphone
dev_002569,cli_002331,2024-10-21,smartphone
dev_002570,cli_002331,2025-07-15,smartphone
dev_002571,cli_002332,2026-08-24,smartphone
dev_002572,cli_002333,2024-11-04,smartphone
dev_002573,cli_002334,2025-10-23,smartphone
dev_002574,cli_002335,2025-06-11,feature_phone
dev_002575,cli_002336,2026-05-30,smartphone
dev_002576,cli_002337,2026-02-03,feature_phone
dev_002577,cli_002338,2025-01-03,smartphone
dev_002578,cli_002339,2026-09-13,smartphone
dev_002579,cli_002340,2026-05-07,smartphone
dev_002580,cli_002341,2025-06-20,smartphone
dev_002581,cli_002342,2025-02-14,smartphone
dev_002582,cli_002343,2025-11-13,feature_phone
dev_002583,cli_002344,2026-07-22,smartphone
dev_002584,cli_002345,2026-06-08,smartphone
dev_002585,cli_002345,2026-07-10,smartphone
dev_002586,cli_002346,2024-12-13,smartphone
dev_002587,cli_002347,2026-04-20,smartphone
dev_002588,cli_002347,2026-09-17,smartphone
dev_002589,cli_002348,2025-07-29,smartphone
dev_002590,cli_002349,2024-11-10,smartphone
dev_002591,cli_002350,2025-12-24,feature_phone
dev_002592,cli_002351,2026-08-06,smartphone
dev_002593,cli_002352,2025-02-08,smartphone
dev_002594,cli_002353,2025-02-26,feature_phone
dev_002595,cli_002354,2025-06-06,smartphone
dev_002596,cli_002354,2026-07-24,smartphone
dev_002597,cli_002355,2024-12-05,feature_phone
dev_002598,cli_002356,2025-03-07,feature_phone
dev_002599,cli_002356,2025-10-19,smartphone
dev_002600,cli_002357,2025-05-10,feature_phone
dev_002601,cli_002358,2026-01-23,smartphone
dev_002602,cli_002359,2026-08-10,feature_phone
dev_002603,cli_002360,2025-04-12,feature_phone
dev_002604,cli_002361,2025-01-15,feature_phone
dev_002605,cli_002362,2025-05-05,smartphone
dev_002606,cli_002363,2025-06-04,smartphone
dev_002607,cli_002364,2025-04-18,smartphone
dev_002608,cli_002365,2026-03-06,smartphone
dev_002609,cli_002366,2026-06-30,smartphone
dev_002610,cli_002367,2025-06-21,smartphone
dev_002611,cli_002368,2024-11-05,smartphone
dev_002612,cli_002369,2026-06-16,smartphone
dev_002613,cli_002370,2026-08-03,smartphone
dev_002614,cli_002371,2025-04-26,smartphone
dev_002615,cli_002372,2025-11-19,smartphone
dev_002616,cli_002373,2024-12-04,feature_phone
dev_002617,cli_002374,2025-10-15,smartphone
dev_002618,cli_002375,2025-09-08,smartphone
dev_002619,cli_002376,2026-08-09,smartphone
dev_002620,cli_002377,2024-10-29,feature_phone
dev_002621,cli_002377,2025-12-13,feature_phone
dev_002622,cli_002378,2026-01-25,smartphone
dev_002623,cli_002379,2025-11-08,feature_phone
dev_002624,cli_002380,2025-06-22,smartphone
dev_002625,cli_002381,2025-01-06,smartphone
dev_002626,cli_002382,2025-02-21,feature_phone
dev_002627,cli_002383,2025-03-09,smartphone
dev_002628,cli_002384,2026-07-09,smartphone
dev_002629,cli_002385,2026-07-21,smartphone
dev_002630,cli_002386,2025-01-26,smartphone
dev_002631,cli_002386,2026-05-03,smartphone
dev_002632,cli_002387,2024-11-27,smartphone
dev_002633,cli_002388,2025-06-26,smartphone
dev_002634,cli_002389,2024-11-29,feature_phone
dev_002635,cli_002390,2026-02-04,smartphone
dev_002636,cli_002391,2026-01-10,feature_phone
dev_002637,cli_002392,2026-05-23,smartphone
dev_002638,cli_002393,2025-02-22,smartphone
dev_002639,cli_002394,2025-05-24,smartphone
dev_002640,cli_002395,2026-04-13,feature_phone
dev_002641,cli_002396,2024-09-25,smartphone
dev_002642,cli_002397,2026-09-01,feature_phone
dev_002643,cli_002398,2025-03-11,smartphone
dev_002644,cli_002399,2026-04-25,smartphone
dev_002645,cli_002400,2025-03-01,smartphone
dev_002646,cli_002401,2025-10-06,smartphone
dev_002647,cli_002402,2026-04-06,smartphone
dev_002648,cli_002403,2026-08-12,smartphone
dev_002649,cli_002404,2025-06-28,smartphone
dev_002650,cli_002405,2026-05-30,smartphone
dev_002651,cli_002406,2025-10-31,smartphone
dev_002652,cli_002407,2024-10-31,smartphone
dev_002653,cli_002408,2024-12-15,smartphone
dev_002654,cli_002409,2025-09-28,smartphone
dev_002655,cli_002410,2025-04-08,smartphone
dev_002656,cli_002410,2026-06-02,feature_phone
dev_002657,cli_002411,2025-01-31,smartphone
dev_002658,cli_002412,2025-07-08,smartphone
dev_002659,cli_002413,2026-04-26,feature_phone
dev_002660,cli_002414,2025-02-09,smartphone
dev_002661,cli_002415,2026-07-21,smartphone
dev_002662,cli_002416,2025-09-08,feature_phone
dev_002663,cli_002417,2025-03-03,feature_phone
dev_002664,cli_002418,2025-08-04,feature_phone
dev_002665,cli_002418,2025-10-25,smartphone
dev_002666,cli_002419,2026-01-12,feature_phone
dev_002667,cli_002420,2025-11-24,feature_phone
dev_002668,cli_002421,2025-10-23,smartphone
dev_002669,cli_002422,2025-03-30,smartphone
dev_002670,cli_002422,2025-05-31,smartphone
dev_002671,cli_002423,2024-09-30,smartphone
dev_002672,cli_002424,2025-03-05,feature_phone
dev_002673,cli_002425,2026-02-05,smartphone
dev_002674,cli_002426,2026-07-04,smartphone
dev_002675,cli_002427,2025-10-14,smartphone
dev_002676,cli_002428,2025-01-06,smartphone
dev_002677,cli_002428,2025-12-13,smartphone
dev_002678,cli_002429,2025-06-18,smartphone
dev_002679,cli_002430,2026-02-01,feature_phone
dev_002680,cli_002431,2026-07-21,smartphone
dev_002681,cli_002432,2026-03-24,smartphone
dev_002682,cli_002433,2025-04-19,smartphone
dev_002683,cli_002434,2025-05-23,smartphone
dev_002684,cli_002435,2025-10-29,smartphone
dev_002685,cli_002436,2026-01-23,smartphone
dev_002686,cli_002437,2026-05-19,smartphone
dev_002687,cli_002438,2024-10-15,smartphone
dev_002688,cli_002439,2025-11-14,smartphone
dev_002689,cli_002440,2025-03-13,smartphone
dev_002690,cli_002441,2025-10-23,smartphone
dev_002691,cli_002442,2025-08-05,smartphone
dev_002692,cli_002443,2025-06-13,smartphone
dev_002693,cli_002444,2026-01-07,smartphone
dev_002694,cli_002445,2024-11-09,smartphone
dev_002695,cli_002446,2025-10-25,smartphone
dev_002696,cli_002447,2025-03-15,smartphone
dev_002697,cli_002448,2024-11-24,feature_phone
dev_002698,cli_002448,2025-03-08,feature_phone
dev_002699,cli_002449,2025-12-19,feature_phone
dev_002700,cli_002450,2026-04-06,smartphone
dev_002701,cli_002451,2024-10-17,smartphone
dev_002702,cli_002452,2025-02-28,smartphone
dev_002703,cli_002453,2025-02-24,smartphone
dev_002704,cli_002454,2024-11-03,smartphone
dev_002705,cli_002455,2026-09-03,smartphone
dev_002706,cli_002456,2024-11-04,smartphone
dev_002707,cli_002457,2026-07-01,smartphone
dev_002708,cli_002458,2026-06-10,smartphone
dev_002709,cli_002459,2026-04-18,feature_phone
dev_002710,cli_002460,2026-07-03,smartphone
dev_002711,cli_002461,2026-07-25,feature_phone
dev_002712,cli_002462,2026-06-24,smartphone
dev_002713,cli_002463,2025-10-05,smartphone
dev_002714,cli_002463,2026-07-28,smartphone
dev_002715,cli_002464,2025-12-26,smartphone
dev_002716,cli_002465,2026-01-18,smartphone
dev_002717,cli_002465,2026-05-14,smartphone
dev_002718,cli_002466,2026-05-21,smartphone
dev_002719,cli_002467,2024-10-14,feature_phone
dev_002720,cli_002467,2025-02-02,smartphone
dev_002721,cli_002468,2026-01-24,smartphone
dev_002722,cli_002469,2025-10-14,smartphone
dev_002723,cli_002470,2026-06-12,smartphone
dev_002724,cli_002471,2026-04-22,smartphone
dev_002725,cli_002472,2026-04-06,smartphone
dev_002726,cli_002473,2024-10-16,feature_phone
dev_002727,cli_002473,2026-01-09,smartphone
dev_002728,cli_002474,2026-05-18,smartphone
dev_002729,cli_002475,2025-09-14,feature_phone
dev_002730,cli_002476,2025-08-23,feature_phone
dev_002731,cli_002476,2026-01-04,feature_phone
dev_002732,cli_002477,2026-08-01,smartphone
dev_002733,cli_002478,2026-01-11,smartphone
dev_002734,cli_002479,2026-07-27,feature_phone
dev_002735,cli_002480,2026-05-19,smartphone
dev_002736,cli_002481,2025-05-19,smartphone
dev_002737,cli_002482,2025-08-05,smartphone
dev_002738,cli_002483,2025-09-28,smartphone
dev_002739,cli_002483,2026-09-04,smartphone
dev_002740,cli_002484,2026-04-21,smartphone
dev_002741,cli_002485,2025-06-25,smartphone
dev_002742,cli_002486,2024-12-03,feature_phone
dev_002743,cli_002486,2025-09-09,feature_phone
dev_002744,cli_002487,2025-01-12,smartphone
dev_002745,cli_002487,2025-08-08,feature_phone
dev_002746,cli_002488,2026-05-20,smartphone
dev_002747,cli_002489,2025-05-15,feature_phone
dev_002748,cli_002490,2026-03-30,smartphone
dev_002749,cli_002491,2025-01-03,smartphone
dev_002750,cli_002492,2025-10-14,smartphone
dev_002751,cli_002493,2025-03-31,smartphone
dev_002752,cli_002494,2025-08-26,smartphone
dev_002753,cli_002495,2025-05-20,feature_phone
dev_002754,cli_002496,2024-11-11,feature_phone
dev_002755,cli_002497,2026-06-17,smartphone
dev_002756,cli_002498,2024-12-04,smartphone
dev_002757,cli_002498,2025-08-21,feature_phone
dev_002758,cli_002499,2025-10-07,feature_phone
dev_002759,cli_002500,2026-06-12,smartphone
dev_002760,cli_002501,2025-11-12,feature_phone
dev_002761,cli_002502,2026-08-14,smartphone
dev_002762,cli_002503,2025-08-25,feature_phone
dev_002763,cli_002503,2026-04-22,feature_phone
dev_002764,cli_002504,2025-10-14,feature_phone
dev_002765,cli_002505,2025-12-12,smartphone
dev_002766,cli_002506,2025-11-04,smartphone
dev_002767,cli_002507,2025-06-28,smartphone
dev_002768,cli_002507,2025-09-29,smartphone
dev_002769,cli_002508,2025-01-29,feature_phone
dev_002770,cli_002509,2025-12-11,feature_phone
dev_002771,cli_002510,2026-09-11,smartphone
dev_002772,cli_002511,2025-08-13,smartphone
dev_002773,cli_002512,2024-11-04,smartphone
dev_002774,cli_002513,2025-12-10,smartphone
dev_002775,cli_002514,2026-06-26,smartphone
dev_002776,cli_002515,2024-12-05,smartphone
dev_002777,cli_002516,2025-11-22,smartphone
dev_002778,cli_002517,2025-12-25,smartphone
dev_002779,cli_002518,2026-02-20,smartphone
dev_002780,cli_002519,2025-04-09,smartphone
dev_002781,cli_002520,2026-06-09,smartphone
dev_002782,cli_002521,2025-07-03,smartphone
dev_002783,cli_002522,2026-01-12,smartphone
dev_002784,cli_002522,2026-06-28,smartphone
dev_002785,cli_002523,2025-12-16,smartphone
dev_002786,cli_002524,2026-04-19,feature_phone
dev_002787,cli_002525,2025-02-12,smartphone
dev_002788,cli_002526,2025-10-28,smartphone
dev_002789,cli_002527,2024-11-16,smartphone
dev_002790,cli_002528,2025-01-28,smartphone
dev_002791,cli_002529,2025-03-18,smartphone
dev_002792,cli_002530,2025-10-30,feature_phone
dev_002793,cli_002531,2024-11-01,feature_phone
dev_002794,cli_002531,2025-11-08,smartphone
dev_002795,cli_002532,2025-07-24,smartphone
dev_002796,cli_002532,2025-11-25,smartphone
dev_002797,cli_002533,2025-11-09,smartphone
dev_002798,cli_002534,2026-01-13,feature_phone
dev_002799,cli_002534,2026-07-13,feature_phone
dev_002800,cli_002535,2024-11-26,smartphone
dev_002801,cli_002536,2026-03-22,smartphone
dev_002802,cli_002537,2024-12-24,smartphone
dev_002803,cli_002537,2025-09-01,feature_phone
dev_002804,cli_002538,2026-04-10,smartphone
dev_002805,cli_002539,2025-03-17,feature_phone
dev_002806,cli_002540,2026-03-02,feature_phone
dev_002807,cli_002541,2025-01-23,feature_phone
dev_002808,cli_002541,2025-10-10,smartphone
dev_002809,cli_002542,2025-01-22,feature_phone
dev_002810,cli_002543,2025-04-09,feature_phone
dev_002811,cli_002544,2024-09-30,smartphone
dev_002812,cli_002545,2025-09-15,feature_phone
dev_002813,cli_002546,2025-01-20,smartphone
dev_002814,cli_002546,2025-10-20,smartphone
dev_002815,cli_002547,2025-08-17,feature_phone
dev_002816,cli_002548,2026-08-26,smartphone
dev_002817,cli_002549,2025-11-23,smartphone
dev_002818,cli_002550,2026-08-31,feature_phone
dev_002819,cli_002551,2025-05-27,feature_phone
dev_002820,cli_002552,2026-06-04,feature_phone
dev_002821,cli_002553,2026-01-30,feature_phone
dev_002822,cli_002554,2024-12-27,smartphone
dev_002823,cli_002554,2025-07-26,smartphone
dev_002824,cli_002555,2025-04-02,smartphone
dev_002825,cli_002555,2026-01-20,feature_phone
dev_002826,cli_002556,2026-01-22,feature_phone
dev_002827,cli_002557,2025-09-20,smartphone
dev_002828,cli_002558,2025-07-27,smartphone
dev_002829,cli_002559,2026-01-09,smartphone
dev_002830,cli_002560,2025-03-26,smartphone
dev_002831,cli_002561,2026-06-08,smartphone
dev_002832,cli_002561,2026-09-04,feature_phone
dev_002833,cli_002562,2025-11-17,feature_phone
dev_002834,cli_002563,2026-03-21,feature_phone
dev_002835,cli_002564,2025-05-16,smartphone
dev_002836,cli_002564,2026-02-06,smartphone
dev_002837,cli_002565,2025-06-14,smartphone
dev_002838,cli_002565,2025-08-07,smartphone
dev_002839,cli_002566,2025-02-12,smartphone
dev_002840,cli_002567,2025-12-28,smartphone
dev_002841,cli_002568,2026-04-08,feature_phone
dev_002842,cli_002569,2026-08-30,smartphone
dev_002843,cli_002570,2025-01-04,smartphone
dev_002844,cli_002571,2026-01-26,smartphone
dev_002845,cli_002572,2025-03-22,smartphone
dev_002846,cli_002573,2025-12-30,smartphone
dev_002847,cli_002574,2026-01-24,smartphone
dev_002848,cli_002575,2026-04-06,smartphone
dev_002849,cli_002576,2025-03-03,smartphone
dev_002850,cli_002577,2026-02-27,feature_phone
dev_002851,cli_002578,2026-02-19,smartphone
dev_002852,cli_002579,2025-04-28,smartphone
dev_002853,cli_002580,2025-09-11,smartphone
dev_002854,cli_002581,2025-03-28,smartphone
dev_002855,cli_002582,2026-07-10,smartphone
dev_002856,cli_002583,2024-10-24,feature_phone
dev_002857,cli_002584,2026-04-04,smartphone
dev_002858,cli_002585,2026-06-29,smartphone
dev_002859,cli_002586,2026-07-06,smartphone
dev_002860,cli_002587,2026-02-08,smartphone
dev_002861,cli_002588,2025-11-19,smartphone
dev_002862,cli_002589,2026-07-29,smartphone
dev_002863,cli_002590,2025-06-27,smartphone
dev_002864,cli_002591,2025-07-03,feature_phone
dev_002865,cli_002592,2025-03-06,feature_phone
dev_002866,cli_002592,2025-08-24,smartphone
dev_002867,cli_002593,2026-09-12,feature_phone
dev_002868,cli_002594,2026-07-15,smartphone
dev_002869,cli_002595,2026-04-27,smartphone
dev_002870,cli_002596,2025-11-08,feature_phone
dev_002871,cli_002597,2025-07-23,smartphone
dev_002872,cli_002597,2026-07-07,smartphone
dev_002873,cli_002598,2026-04-29,smartphone
dev_002874,cli_002599,2026-01-05,feature_phone
dev_002875,cli_002600,2025-09-14,smartphone
dev_002876,cli_002601,2025-08-23,feature_phone
dev_002877,cli_002602,2025-09-05,feature_phone
dev_002878,cli_002603,2025-06-14,smartphone
dev_002879,cli_002603,2026-09-09,smartphone
dev_002880,cli_002604,2025-03-22,smartphone
dev_002881,cli_002605,2025-01-20,smartphone
dev_002882,cli_002605,2025-06-09,smartphone
dev_002883,cli_002606,2024-10-20,smartphone
dev_002884,cli_002607,2025-12-11,feature_phone
dev_002885,cli_002608,2026-01-27,smartphone
dev_002886,cli_002608,2026-04-04,smartphone
dev_002887,cli_002609,2026-03-04,smartphone
dev_002888,cli_002610,2026-01-11,feature_phone
dev_002889,cli_002611,2025-08-27,smartphone
dev_002890,cli_002612,2025-07-10,smartphone
dev_002891,cli_002613,2026-08-04,feature_phone
dev_002892,cli_002614,2024-09-25,smartphone
dev_002893,cli_002615,2026-08-24,smartphone
dev_002894,cli_002616,2025-12-05,feature_phone
dev_002895,cli_002617,2025-10-29,feature_phone
dev_002896,cli_002618,2026-01-15,smartphone
dev_002897,cli_002619,2026-04-18,smartphone
dev_002898,cli_002620,2025-09-02,smartphone
dev_002899,cli_002621,2026-09-18,smartphone
dev_002900,cli_002622,2025-03-31,feature_phone
dev_002901,cli_002622,2025-08-20,smartphone
dev_002902,cli_002623,2025-05-16,smartphone
dev_002903,cli_002624,2025-03-10,smartphone
dev_002904,cli_002624,2025-09-23,smartphone
dev_002905,cli_002625,2025-02-06,smartphone
dev_002906,cli_002626,2024-12-15,smartphone
dev_002907,cli_002627,2026-06-08,feature_phone
dev_002908,cli_002628,2025-01-23,feature_phone
dev_002909,cli_002629,2025-08-08,smartphone
dev_002910,cli_002630,2026-06-25,smartphone
dev_002911,cli_002631,2024-10-06,smartphone
dev_002912,cli_002632,2025-02-09,smartphone
dev_002913,cli_002633,2026-03-12,smartphone
dev_002914,cli_002634,2024-12-13,feature_phone
dev_002915,cli_002635,2025-04-09,smartphone
dev_002916,cli_002636,2025-11-02,smartphone
dev_002917,cli_002637,2026-05-28,smartphone
dev_002918,cli_002638,2025-04-09,smartphone
dev_002919,cli_002639,2024-11-13,feature_phone
dev_002920,cli_002640,2026-05-06,smartphone
dev_002921,cli_002641,2026-09-23,feature_phone
dev_002922,cli_002642,2026-04-09,feature_phone
dev_002923,cli_002643,2026-02-21,smartphone
dev_002924,cli_002644,2025-12-21,smartphone
dev_002925,cli_002645,2024-10-12,feature_phone
dev_002926,cli_002646,2024-10-21,smartphone
dev_002927,cli_002647,2025-05-23,smartphone
dev_002928,cli_002648,2026-04-18,feature_phone
dev_002929,cli_002649,2026-04-22,feature_phone
dev_002930,cli_002649,2026-06-22,smartphone
dev_002931,cli_002650,2026-07-26,smartphone
dev_002932,cli_002651,2025-02-24,feature_phone
dev_002933,cli_002652,2026-04-16,smartphone
dev_002934,cli_002653,2024-12-08,feature_phone
dev_002935,cli_002654,2025-07-13,smartphone
dev_002936,cli_002655,2025-10-03,smartphone
dev_002937,cli_002656,2024-11-15,feature_phone
dev_002938,cli_002657,2026-06-02,smartphone
dev_002939,cli_002658,2025-10-20,smartphone
dev_002940,cli_002659,2026-03-19,smartphone
dev_002941,cli_002660,2026-05-14,feature_phone
dev_002942,cli_002661,2024-11-05,smartphone
dev_002943,cli_002662,2025-07-09,smartphone
dev_002944,cli_002663,2026-05-29,smartphone
dev_002945,cli_002664,2026-07-07,feature_phone
dev_002946,cli_002665,2026-02-08,smartphone
dev_002947,cli_002666,2025-01-24,feature_phone
dev_002948,cli_002667,2026-06-09,feature_phone
dev_002949,cli_002668,2025-04-01,smartphone
dev_002950,cli_002669,2026-07-09,feature_phone
dev_002951,cli_002670,2026-01-21,feature_phone
dev_002952,cli_002671,2025-09-08,smartphone
dev_002953,cli_002672,2026-06-21,smartphone
dev_002954,cli_002673,2025-12-08,feature_phone
dev_002955,cli_002674,2026-03-12,feature_phone
dev_002956,cli_002674,2026-04-23,feature_phone
dev_002957,cli_002675,2026-08-21,smartphone
dev_002958,cli_002676,2026-09-23,feature_phone
dev_002959,cli_002677,2026-06-10,feature_phone
dev_002960,cli_002677,2026-08-22,smartphone
dev_002961,cli_002678,2025-03-27,smartphone
dev_002962,cli_002679,2026-08-27,feature_phone
dev_002963,cli_002680,2025-09-20,smartphone
dev_002964,cli_002680,2026-01-27,smartphone
dev_002965,cli_002681,2026-09-06,smartphone
dev_002966,cli_002682,2026-04-19,smartphone
dev_002967,cli_002683,2026-05-16,smartphone
dev_002968,cli_002684,2026-01-19,feature_phone
dev_002969,cli_002685,2025-03-30,smartphone
dev_002970,cli_002686,2025-11-21,feature_phone
dev_002971,cli_002687,2026-09-13,smartphone
dev_002972,cli_002688,2026-06-10,feature_phone
dev_002973,cli_002688,2026-09-08,smartphone
dev_002974,cli_002689,2026-02-14,smartphone
dev_002975,cli_002690,2026-03-05,smartphone
dev_002976,cli_002691,2025-08-08,smartphone
dev_002977,cli_002692,2026-01-11,smartphone
dev_002978,cli_002693,2025-03-30,feature_phone
dev_002979,cli_002694,2026-03-23,smartphone
dev_002980,cli_002695,2025-05-17,smartphone
dev_002981,cli_002696,2026-07-12,smartphone
dev_002982,cli_002697,2024-10-03,smartphone
dev_002983,cli_002698,2024-10-04,feature_phone
dev_002984,cli_002699,2026-03-07,smartphone
dev_002985,cli_002700,2026-04-06,feature_phone
dev_002986,cli_002700,2026-08-02,smartphone
dev_002987,cli_002701,2026-09-23,smartphone
dev_002988,cli_002702,2024-10-12,smartphone
dev_002989,cli_002703,2026-08-27,smartphone
dev_002990,cli_002704,2026-09-22,smartphone
dev_002991,cli_002705,2026-07-14,feature_phone
dev_002992,cli_002705,2026-08-19,smartphone
dev_002993,cli_002706,2026-02-20,feature_phone
dev_002994,cli_002707,2024-10-13,smartphone
dev_002995,cli_002708,2026-05-25,feature_phone
dev_002996,cli_002709,2025-08-04,smartphone
dev_002997,cli_002710,2025-06-06,smartphone
dev_002998,cli_002711,2025-02-18,feature_phone
dev_002999,cli_002712,2025-05-02,feature_phone
dev_003000,cli_002712,2026-03-22,feature_phone
dev_003001,cli_002713,2024-10-05,smartphone
dev_003002,cli_002714,2025-05-29,feature_phone
dev_003003,cli_002715,2025-01-16,smartphone
dev_003004,cli_002716,2026-02-02,smartphone
dev_003005,cli_002717,2025-11-30,smartphone
dev_003006,cli_002718,2025-04-04,smartphone
dev_003007,cli_002719,2024-12-24,smartphone
dev_003008,cli_002720,2026-09-20,feature_phone
dev_003009,cli_002721,2025-11-11,feature_phone
dev_003010,cli_002721,2026-01-07,feature_phone
dev_003011,cli_002722,2025-02-16,smartphone
dev_003012,cli_002723,2026-07-02,feature_phone
dev_003013,cli_002724,2026-01-09,smartphone
dev_003014,cli_002725,2025-08-20,smartphone
dev_003015,cli_002726,2026-07-25,feature_phone
dev_003016,cli_002727,2024-11-25,smartphone
dev_003017,cli_002727,2025-01-27,smartphone
dev_003018,cli_002728,2025-12-29,smartphone
dev_003019,cli_002729,2025-03-01,smartphone
dev_003020,cli_002730,2025-11-16,smartphone
dev_003021,cli_002731,2025-12-04,smartphone
dev_003022,cli_002732,2024-10-19,smartphone
dev_003023,cli_002733,2025-01-08,feature_phone
dev_003024,cli_002734,2025-09-12,feature_phone
dev_003025,cli_002735,2025-10-20,feature_phone
dev_003026,cli_002736,2025-03-03,feature_phone
dev_003027,cli_002737,2025-05-12,smartphone
dev_003028,cli_002738,2024-10-10,feature_phone
dev_003029,cli_002739,2026-01-24,smartphone
dev_003030,cli_002740,2026-07-03,smartphone
dev_003031,cli_002741,2026-05-05,smartphone
dev_003032,cli_002742,2025-09-04,smartphone
dev_003033,cli_002743,2026-02-07,feature_phone
dev_003034,cli_002744,2025-02-11,feature_phone
dev_003035,cli_002745,2024-12-25,feature_phone
dev_003036,cli_002746,2026-05-10,smartphone
dev_003037,cli_002747,2024-10-02,smartphone
dev_003038,cli_002748,2025-06-20,feature_phone
dev_003039,cli_002748,2026-06-18,smartphone
dev_003040,cli_002749,2026-03-15,smartphone
dev_003041,cli_002750,2026-04-30,feature_phone
dev_003042,cli_002751,2026-05-26,feature_phone
dev_003043,cli_002752,2025-10-15,smartphone
dev_003044,cli_002753,2026-08-03,smartphone
dev_003045,cli_002754,2026-06-20,smartphone
dev_003046,cli_002755,2025-03-23,smartphone
dev_003047,cli_002756,2025-10-02,smartphone
dev_003048,cli_002757,2025-09-04,smartphone
dev_003049,cli_002758,2026-01-30,smartphone
dev_003050,cli_002758,2026-06-23,smartphone
dev_003051,cli_002759,2025-08-14,smartphone
dev_003052,cli_002760,2026-01-17,smartphone
dev_003053,cli_002761,2026-08-22,smartphone
dev_003054,cli_002762,2025-08-05,feature_phone
dev_003055,cli_002763,2026-07-26,smartphone
dev_003056,cli_002764,2025-05-09,smartphone
dev_003057,cli_002765,2024-11-26,smartphone
dev_003058,cli_002766,2025-05-25,smartphone
dev_003059,cli_002767,2025-07-30,smartphone
dev_003060,cli_002768,2024-10-21,smartphone
dev_003061,cli_002769,2026-04-17,feature_phone
dev_003062,cli_002770,2025-03-08,feature_phone
dev_003063,cli_002771,2026-04-25,smartphone
dev_003064,cli_002772,2026-09-23,smartphone
dev_003065,cli_002773,2026-04-01,feature_phone
dev_003066,cli_002774,2025-09-22,smartphone
dev_003067,cli_002775,2026-08-08,smartphone
dev_003068,cli_002776,2026-03-04,feature_phone
dev_003069,cli_002777,2026-08-18,smartphone
dev_003070,cli_002778,2026-03-30,smartphone
dev_003071,cli_002779,2025-04-17,smartphone
dev_003072,cli_002780,2026-06-05,smartphone
dev_003073,cli_002781,2026-03-15,smartphone
dev_003074,cli_002782,2026-06-17,smartphone
dev_003075,cli_002783,2025-12-17,feature_phone
dev_003076,cli_002784,2025-03-18,feature_phone
dev_003077,cli_002785,2025-08-28,feature_phone
dev_003078,cli_002786,2026-05-01,smartphone
dev_003079,cli_002787,2026-02-02,smartphone
dev_003080,cli_002788,2025-05-23,smartphone
dev_003081,cli_002789,2025-10-09,smartphone
dev_003082,cli_002790,2025-10-23,feature_phone
dev_003083,cli_002791,2025-01-01,smartphone
dev_003084,cli_002792,2025-02-03,feature_phone
dev_003085,cli_002793,2026-03-30,smartphone
dev_003086,cli_002794,2025-04-28,smartphone
dev_003087,cli_002795,2025-02-24,smartphone
dev_003088,cli_002795,2026-03-16,smartphone
dev_003089,cli_002796,2024-12-06,smartphone
dev_003090,cli_002797,2026-03-15,smartphone
dev_003091,cli_002798,2025-04-11,smartphone
dev_003092,cli_002798,2026-05-10,smartphone
dev_003093,cli_002799,2026-05-10,smartphone
dev_003094,cli_002800,2025-11-03,smartphone
dev_003095,cli_002801,2026-08-02,smartphone
dev_003096,cli_002802,2025-07-10,smartphone
dev_003097,cli_002803,2025-05-13,smartphone
dev_003098,cli_002803,2026-02-07,smartphone
dev_003099,cli_002804,2025-11-02,smartphone
dev_003100,cli_002805,2025-11-27,smartphone
dev_003101,cli_002806,2026-03-31,smartphone
dev_003102,cli_002807,2025-03-11,smartphone
dev_003103,cli_002808,2024-11-29,smartphone
dev_003104,cli_002809,2026-06-19,smartphone
dev_003105,cli_002810,2026-03-06,feature_phone
dev_003106,cli_002811,2025-07-11,feature_phone
dev_003107,cli_002811,2025-09-26,smartphone
dev_003108,cli_002812,2025-12-31,smartphone
dev_003109,cli_002812,2026-07-23,feature_phone
dev_003110,cli_002813,2026-09-14,smartphone
dev_003111,cli_002814,2026-09-08,smartphone
dev_003112,cli_002815,2026-04-06,smartphone
dev_003113,cli_002816,2024-10-18,smartphone
dev_003114,cli_002817,2025-07-06,feature_phone
dev_003115,cli_002817,2025-12-22,feature_phone
dev_003116,cli_002818,2026-03-21,smartphone
dev_003117,cli_002819,2026-08-14,smartphone
dev_003118,cli_002820,2025-03-21,smartphone
dev_003119,cli_002821,2025-12-23,smartphone
dev_003120,cli_002822,2025-12-11,smartphone
dev_003121,cli_002823,2025-08-10,feature_phone
dev_003122,cli_002824,2026-04-10,feature_phone
dev_003123,cli_002825,2025-04-11,smartphone
dev_003124,cli_002825,2025-05-20,smartphone
dev_003125,cli_002826,2026-02-07,smartphone
dev_003126,cli_002827,2025-04-27,smartphone
dev_003127,cli_002827,2026-04-11,smartphone
dev_003128,cli_002828,2025-09-11,smartphone
dev_003129,cli_002829,2026-06-07,feature_phone
dev_003130,cli_002829,2026-09-15,smartphone
dev_003131,cli_002830,2025-06-26,smartphone
dev_003132,cli_002831,2026-07-31,smartphone
dev_003133,cli_002832,2025-04-20,feature_phone
dev_003134,cli_002833,2025-12-23,smartphone
dev_003135,cli_002834,2025-05-23,smartphone
dev_003136,cli_002835,2026-04-01,smartphone
dev_003137,cli_002836,2025-12-01,smartphone
dev_003138,cli_002837,2026-02-13,feature_phone
dev_003139,cli_002838,2026-03-25,feature_phone
dev_003140,cli_002839,2026-01-17,smartphone
dev_003141,cli_002840,2026-08-15,smartphone
dev_003142,cli_002841,2025-12-08,smartphone
dev_003143,cli_002842,2026-06-26,smartphone
dev_003144,cli_002843,2025-09-10,smartphone
dev_003145,cli_002843,2026-01-28,smartphone
dev_003146,cli_002844,2026-07-19,smartphone
dev_003147,cli_002845,2026-09-17,feature_phone
dev_003148,cli_002846,2025-11-07,feature_phone
dev_003149,cli_002847,2026-02-18,smartphone
dev_003150,cli_002848,2024-12-23,smartphone
dev_003151,cli_002849,2026-03-15,feature_phone
dev_003152,cli_002850,2025-12-06,smartphone
dev_003153,cli_002851,2026-04-04,feature_phone
dev_003154,cli_002852,2024-12-14,smartphone
dev_003155,cli_002853,2025-02-26,feature_phone
dev_003156,cli_002853,2025-06-19,smartphone
dev_003157,cli_002854,2026-05-21,smartphone
dev_003158,cli_002855,2026-03-24,smartphone
dev_003159,cli_002856,2026-05-11,feature_phone
dev_003160,cli_002856,2026-08-01,feature_phone
dev_003161,cli_002857,2026-06-05,smartphone
dev_003162,cli_002858,2026-04-01,smartphone
dev_003163,cli_002859,2025-01-11,smartphone
dev_003164,cli_002860,2025-10-24,smartphone
dev_003165,cli_002861,2025-12-18,smartphone
dev_003166,cli_002862,2026-05-07,feature_phone
dev_003167,cli_002863,2026-05-12,feature_phone
dev_003168,cli_002864,2025-08-15,smartphone
dev_003169,cli_002865,2025-03-25,smartphone
dev_003170,cli_002865,2026-04-21,smartphone
dev_003171,cli_002866,2025-08-13,smartphone
dev_003172,cli_002867,2025-06-01,smartphone
dev_003173,cli_002868,2026-03-17,smartphone
dev_003174,cli_002869,2024-11-03,smartphone
dev_003175,cli_002870,2025-02-01,feature_phone
dev_003176,cli_002871,2024-12-23,smartphone
dev_003177,cli_002871,2025-11-08,smartphone
dev_003178,cli_002872,2025-05-25,smartphone
dev_003179,cli_002872,2026-08-01,smartphone
dev_003180,cli_002873,2025-05-05,smartphone
dev_003181,cli_002874,2026-08-03,smartphone
dev_003182,cli_002875,2026-05-29,smartphone
dev_003183,cli_002876,2026-06-19,smartphone
dev_003184,cli_002877,2025-10-06,feature_phone
dev_003185,cli_002878,2025-07-22,smartphone
dev_003186,cli_002879,2026-06-29,smartphone
dev_003187,cli_002880,2025-03-25,smartphone
dev_003188,cli_002880,2026-06-10,feature_phone
dev_003189,cli_002881,2025-08-19,feature_phone
dev_003190,cli_002882,2025-07-16,feature_phone
dev_003191,cli_002882,2025-08-29,smartphone
dev_003192,cli_002883,2024-11-24,feature_phone
dev_003193,cli_002884,2025-07-24,smartphone
dev_003194,cli_002885,2026-09-21,smartphone
dev_003195,cli_002886,2025-03-12,feature_phone
dev_003196,cli_002887,2024-12-24,smartphone
dev_003197,cli_002888,2026-07-25,smartphone
dev_003198,cli_002889,2025-08-26,smartphone
dev_003199,cli_002890,2025-10-16,smartphone
dev_003200,cli_002891,2026-06-05,smartphone
dev_003201,cli_002892,2026-03-06,smartphone
dev_003202,cli_002893,2025-01-08,feature_phone
dev_003203,cli_002894,2025-12-12,smartphone
dev_003204,cli_002895,2025-08-28,smartphone
dev_003205,cli_002896,2025-03-06,smartphone
dev_003206,cli_002897,2025-11-01,smartphone
dev_003207,cli_002897,2026-08-20,feature_phone
dev_003208,cli_002898,2024-12-13,smartphone
dev_003209,cli_002899,2025-09-24,smartphone
dev_003210,cli_002900,2024-10-05,smartphone
dev_003211,cli_002901,2026-06-08,feature_phone
dev_003212,cli_002902,2024-12-15,smartphone
dev_003213,cli_002902,2025-03-14,smartphone
dev_003214,cli_002903,2026-07-03,smartphone
dev_003215,cli_002904,2025-02-08,feature_phone
dev_003216,cli_002905,2025-05-29,smartphone
dev_003217,cli_002906,2025-08-12,smartphone
dev_003218,cli_002907,2024-12-21,smartphone
dev_003219,cli_002908,2025-06-13,feature_phone
dev_003220,cli_002909,2025-05-05,feature_phone
dev_003221,cli_002910,2025-03-23,feature_phone
dev_003222,cli_002911,2025-01-19,smartphone
dev_003223,cli_002912,2026-04-07,feature_phone
dev_003224,cli_002913,2025-01-16,feature_phone
dev_003225,cli_002913,2026-01-22,smartphone
dev_003226,cli_002914,2025-07-21,smartphone
dev_003227,cli_002915,2026-08-31,feature_phone
dev_003228,cli_002916,2024-11-23,smartphone
dev_003229,cli_002917,2025-03-10,smartphone
dev_003230,cli_002918,2024-12-13,feature_phone
dev_003231,cli_002919,2025-03-10,smartphone
dev_003232,cli_002919,2026-01-31,smartphone
dev_003233,cli_002920,2026-01-15,smartphone
dev_003234,cli_002921,2026-01-11,feature_phone
dev_003235,cli_002922,2026-03-06,smartphone
dev_003236,cli_002923,2025-11-29,smartphone
dev_003237,cli_002924,2026-08-29,feature_phone
dev_003238,cli_002925,2025-03-29,smartphone
dev_003239,cli_002925,2026-01-13,feature_phone
dev_003240,cli_002926,2025-03-24,smartphone
dev_003241,cli_002926,2026-05-19,smartphone
dev_003242,cli_002927,2024-10-04,smartphone
dev_003243,cli_002928,2025-08-18,feature_phone
dev_003244,cli_002929,2024-10-03,feature_phone
dev_003245,cli_002930,2026-04-23,feature_phone
dev_003246,cli_002931,2025-10-13,smartphone
dev_003247,cli_002932,2025-03-02,feature_phone
dev_003248,cli_002933,2025-02-25,smartphone
dev_003249,cli_002934,2025-03-08,feature_phone
dev_003250,cli_002935,2025-10-19,smartphone
dev_003251,cli_002935,2026-02-12,smartphone
dev_003252,cli_002936,2026-08-01,smartphone
dev_003253,cli_002937,2024-12-31,feature_phone
dev_003254,cli_002938,2025-12-19,smartphone
dev_003255,cli_002939,2025-06-07,smartphone
dev_003256,cli_002940,2026-06-18,feature_phone
dev_003257,cli_002941,2024-11-10,smartphone
dev_003258,cli_002941,2026-01-29,smartphone
dev_003259,cli_002942,2026-03-20,smartphone
dev_003260,cli_002943,2024-09-27,smartphone
dev_003261,cli_002944,2025-04-20,smartphone
dev_003262,cli_002944,2025-10-26,feature_phone
dev_003263,cli_002945,2026-01-26,smartphone
dev_003264,cli_002946,2025-12-28,feature_phone
dev_003265,cli_002947,2024-10-10,smartphone
dev_003266,cli_002948,2025-07-18,feature_phone
dev_003267,cli_002949,2025-05-07,smartphone
dev_003268,cli_002950,2025-07-04,smartphone
dev_003269,cli_002951,2026-04-03,feature_phone
dev_003270,cli_002951,2026-07-13,smartphone
dev_003271,cli_002952,2026-06-19,smartphone
dev_003272,cli_002953,2026-09-21,smartphone
dev_003273,cli_002954,2025-12-02,smartphone
dev_003274,cli_002955,2025-05-13,smartphone
dev_003275,cli_002956,2026-02-16,smartphone
dev_003276,cli_002957,2026-04-14,smartphone
dev_003277,cli_002958,2025-12-14,smartphone
dev_003278,cli_002959,2026-04-08,smartphone
dev_003279,cli_002960,2025-11-10,smartphone
dev_003280,cli_002961,2025-08-17,feature_phone
dev_003281,cli_002962,2026-03-09,smartphone
dev_003282,cli_002963,2026-09-01,feature_phone
dev_003283,cli_002964,2026-07-11,smartphone
dev_003284,cli_002965,2025-11-24,smartphone
dev_003285,cli_002966,2026-05-17,feature_phone
dev_003286,cli_002967,2025-02-18,smartphone
dev_003287,cli_002968,2026-05-26,smartphone
dev_003288,cli_002969,2026-09-04,smartphone
dev_003289,cli_002970,2025-06-29,smartphone
dev_003290,cli_002971,2025-06-26,smartphone
dev_003291,cli_002971,2026-05-15,smartphone
dev_003292,cli_002972,2025-05-22,smartphone
dev_003293,cli_002973,2026-05-31,smartphone
dev_003294,cli_002974,2025-05-15,smartphone
dev_003295,cli_002975,2025-01-02,feature_phone
dev_003296,cli_002976,2025-07-10,smartphone
dev_003297,cli_002977,2025-12-13,smartphone
dev_003298,cli_002978,2025-10-07,smartphone
dev_003299,cli_002978,2026-04-08,smartphone
dev_003300,cli_002979,2025-02-08,smartphone
dev_003301,cli_002979,2025-09-29,smartphone
dev_003302,cli_002980,2026-06-11,feature_phone
dev_003303,cli_002981,2025-04-14,feature_phone
dev_003304,cli_002982,2026-03-11,smartphone
dev_003305,cli_002982,2026-04-28,smartphone
dev_003306,cli_002983,2024-12-23,smartphone
dev_003307,cli_002984,2026-06-14,feature_phone
dev_003308,cli_002985,2025-09-12,feature_phone
dev_003309,cli_002985,2026-05-12,smartphone
dev_003310,cli_002986,2025-12-06,smartphone
dev_003311,cli_002986,2026-03-05,feature_phone
dev_003312,cli_002987,2025-10-04,feature_phone
dev_003313,cli_002988,2025-12-19,smartphone
dev_003314,cli_002989,2026-08-27,smartphone
dev_003315,cli_002990,2025-01-06,smartphone
dev_003316,cli_002991,2025-08-30,feature_phone
dev_003317,cli_002992,2025-07-13,feature_phone
dev_003318,cli_002993,2025-09-08,smartphone
dev_003319,cli_002994,2025-09-03,smartphone
dev_003320,cli_002995,2025-07-08,smartphone
dev_003321,cli_002996,2025-11-22,smartphone
dev_003322,cli_002997,2026-06-20,feature_phone
dev_003323,cli_002998,2026-09-02,feature_phone
dev_003324,cli_002999,2025-08-26,smartphone
dev_003325,cli_003000,2026-05-11,smartphone
dev_003326,cli_003001,2025-10-28,smartphone
dev_003327,cli_003002,2025-07-09,smartphone
dev_003328,cli_003003,2025-07-16,smartphone
dev_003329,cli_003004,2026-05-24,smartphone
dev_003330,cli_003005,2025-05-30,smartphone
dev_003331,cli_003006,2024-11-07,smartphone
dev_003332,cli_003007,2026-01-03,smartphone
dev_003333,cli_003008,2026-06-29,smartphone
dev_003334,cli_003009,2025-09-21,feature_phone
dev_003335,cli_003010,2025-07-01,feature_phone
dev_003336,cli_003011,2025-12-09,smartphone
dev_003337,cli_003012,2025-07-14,feature_phone
dev_003338,cli_003013,2025-03-14,feature_phone
dev_003339,cli_003014,2025-07-29,feature_phone
dev_003340,cli_003014,2026-02-03,smartphone
dev_003341,cli_003015,2025-02-20,smartphone
dev_003342,cli_003016,2026-06-09,smartphone
dev_003343,cli_003017,2026-02-22,feature_phone
dev_003344,cli_003018,2025-08-15,smartphone
dev_003345,cli_003019,2026-03-18,smartphone
dev_003346,cli_003020,2024-09-29,feature_phone
dev_003347,cli_003021,2025-05-17,feature_phone
dev_003348,cli_003022,2025-11-27,smartphone
dev_003349,cli_003023,2025-03-08,smartphone
dev_003350,cli_003024,2024-10-07,smartphone
dev_003351,cli_003025,2026-09-16,smartphone
dev_003352,cli_003026,2025-08-14,smartphone
dev_003353,cli_003027,2025-11-16,feature_phone
dev_003354,cli_003028,2025-03-22,feature_phone
dev_003355,cli_003029,2026-02-11,smartphone
dev_003356,cli_003030,2026-01-29,smartphone
dev_003357,cli_003031,2025-03-14,smartphone
dev_003358,cli_003032,2024-12-13,smartphone
dev_003359,cli_003033,2026-06-11,smartphone
dev_003360,cli_003034,2025-07-02,smartphone
dev_003361,cli_003035,2025-03-05,smartphone
dev_003362,cli_003036,2026-05-27,smartphone
dev_003363,cli_003037,2025-05-29,smartphone
dev_003364,cli_003038,2024-10-09,feature_phone
dev_003365,cli_003038,2025-06-13,smartphone
dev_003366,cli_003039,2025-01-17,feature_phone
dev_003367,cli_003039,2025-06-11,smartphone
dev_003368,cli_003040,2026-05-05,smartphone
dev_003369,cli_003041,2024-10-02,smartphone
dev_003370,cli_003042,2026-01-06,smartphone
dev_003371,cli_003043,2025-10-11,smartphone
dev_003372,cli_003044,2026-02-23,smartphone
dev_003373,cli_003045,2025-05-02,smartphone
dev_003374,cli_003046,2026-06-24,smartphone
dev_003375,cli_003047,2025-04-24,smartphone
dev_003376,cli_003048,2026-08-14,smartphone
dev_003377,cli_003049,2025-01-16,smartphone
dev_003378,cli_003049,2025-09-12,feature_phone
dev_003379,cli_003050,2026-01-29,smartphone
dev_003380,cli_003051,2025-09-11,smartphone
dev_003381,cli_003052,2026-04-10,smartphone
dev_003382,cli_003053,2026-07-07,smartphone
dev_003383,cli_003054,2026-09-07,feature_phone
dev_003384,cli_003055,2024-10-10,smartphone
dev_003385,cli_003056,2026-06-16,smartphone
dev_003386,cli_003057,2026-08-13,feature_phone
dev_003387,cli_003058,2025-09-14,feature_phone
dev_003388,cli_003059,2024-10-22,feature_phone
dev_003389,cli_003060,2026-07-25,smartphone
dev_003390,cli_003061,2026-03-21,smartphone
dev_003391,cli_003062,2025-08-14,smartphone
dev_003392,cli_003063,2025-09-29,smartphone
dev_003393,cli_003064,2026-06-09,smartphone
dev_003394,cli_003065,2024-10-30,feature_phone
dev_003395,cli_003066,2026-01-05,smartphone
dev_003396,cli_003067,2025-05-18,smartphone
dev_003397,cli_003067,2025-09-30,smartphone
dev_003398,cli_003068,2025-10-25,smartphone
dev_003399,cli_003069,2025-07-24,feature_phone
dev_003400,cli_003070,2024-12-03,smartphone
dev_003401,cli_003071,2026-01-29,smartphone
dev_003402,cli_003072,2025-02-07,smartphone
dev_003403,cli_003073,2026-02-22,smartphone
dev_003404,cli_003074,2026-02-04,smartphone
dev_003405,cli_003075,2026-08-31,feature_phone
dev_003406,cli_003076,2026-01-14,smartphone
dev_003407,cli_003077,2025-07-23,smartphone
dev_003408,cli_003078,2025-06-14,feature_phone
dev_003409,cli_003079,2025-11-14,smartphone
dev_003410,cli_003080,2026-01-07,feature_phone
dev_003411,cli_003081,2026-04-13,smartphone
dev_003412,cli_003082,2024-12-03,smartphone
dev_003413,cli_003082,2025-01-19,feature_phone
dev_003414,cli_003083,2025-12-17,smartphone
dev_003415,cli_003084,2026-02-12,smartphone
dev_003416,cli_003085,2024-11-07,smartphone
dev_003417,cli_003086,2025-06-16,smartphone
dev_003418,cli_003086,2025-11-21,smartphone
dev_003419,cli_003087,2025-01-13,feature_phone
dev_003420,cli_003088,2025-12-14,smartphone
dev_003421,cli_003089,2025-11-14,smartphone
dev_003422,cli_003090,2025-04-10,smartphone
dev_003423,cli_003091,2024-10-09,smartphone
dev_003424,cli_003092,2025-02-26,smartphone
dev_003425,cli_003093,2025-10-22,smartphone
dev_003426,cli_003094,2025-07-15,smartphone
dev_003427,cli_003095,2026-01-12,smartphone
dev_003428,cli_003096,2025-10-26,smartphone
dev_003429,cli_003097,2025-12-15,smartphone
dev_003430,cli_003098,2026-07-13,smartphone
dev_003431,cli_003099,2024-12-25,feature_phone
dev_003432,cli_003100,2026-06-16,feature_phone
dev_003433,cli_003101,2026-03-12,smartphone
dev_003434,cli_003102,2026-03-23,feature_phone
dev_003435,cli_003103,2026-04-15,feature_phone
dev_003436,cli_003104,2025-09-26,smartphone
dev_003437,cli_003105,2024-10-23,feature_phone
dev_003438,cli_003105,2025-05-05,smartphone
dev_003439,cli_003106,2026-01-27,smartphone
dev_003440,cli_003106,2026-05-01,smartphone
dev_003441,cli_003107,2025-04-06,smartphone
dev_003442,cli_003108,2025-04-07,feature_phone
dev_003443,cli_003109,2025-03-16,smartphone
dev_003444,cli_003109,2025-08-02,smartphone
dev_003445,cli_003110,2025-06-27,smartphone
dev_003446,cli_003111,2025-04-02,feature_phone
dev_003447,cli_003112,2025-03-17,feature_phone
dev_003448,cli_003113,2025-05-14,smartphone
dev_003449,cli_003114,2025-08-12,smartphone
dev_003450,cli_003115,2026-07-19,smartphone
dev_003451,cli_003116,2025-09-18,smartphone
dev_003452,cli_003117,2025-03-23,feature_phone
dev_003453,cli_003118,2026-01-17,feature_phone
dev_003454,cli_003119,2026-03-26,smartphone
dev_003455,cli_003120,2025-07-17,smartphone
dev_003456,cli_003121,2026-06-19,smartphone
dev_003457,cli_003122,2025-04-17,smartphone
dev_003458,cli_003123,2024-10-07,feature_phone
dev_003459,cli_003124,2025-10-06,smartphone
dev_003460,cli_003125,2026-09-03,feature_phone
dev_003461,cli_003126,2026-03-10,smartphone
dev_003462,cli_003127,2026-08-31,smartphone
dev_003463,cli_003128,2025-10-24,smartphone
dev_003464,cli_003129,2026-02-10,smartphone
dev_003465,cli_003130,2025-03-09,smartphone
dev_003466,cli_003130,2026-01-05,smartphone
dev_003467,cli_003131,2025-01-16,feature_phone
dev_003468,cli_003132,2025-11-10,smartphone
dev_003469,cli_003133,2024-10-11,smartphone
dev_003470,cli_003133,2025-05-05,smartphone
dev_003471,cli_003134,2025-10-31,smartphone
dev_003472,cli_003135,2026-06-29,smartphone
dev_003473,cli_003136,2024-11-30,smartphone
dev_003474,cli_003137,2025-12-09,feature_phone
dev_003475,cli_003138,2024-12-17,smartphone
dev_003476,cli_003139,2025-04-06,smartphone
dev_003477,cli_003140,2024-11-07,feature_phone
dev_003478,cli_003141,2025-06-10,feature_phone
dev_003479,cli_003142,2025-07-18,smartphone
dev_003480,cli_003143,2026-04-06,feature_phone
dev_003481,cli_003144,2026-03-04,smartphone
dev_003482,cli_003145,2026-01-27,smartphone
dev_003483,cli_003146,2026-02-10,smartphone
dev_003484,cli_003147,2025-07-17,feature_phone
dev_003485,cli_003148,2024-12-28,smartphone
dev_003486,cli_003148,2025-04-10,smartphone
dev_003487,cli_003149,2026-08-29,smartphone
dev_003488,cli_003150,2025-06-30,smartphone
dev_003489,cli_003150,2025-08-01,smartphone
dev_003490,cli_003151,2025-03-20,smartphone
dev_003491,cli_003152,2025-11-04,smartphone
dev_003492,cli_003152,2026-04-24,feature_phone
dev_003493,cli_003153,2026-03-07,smartphone
dev_003494,cli_003154,2025-11-12,feature_phone
dev_003495,cli_003155,2025-01-28,feature_phone
dev_003496,cli_003156,2024-11-26,smartphone
dev_003497,cli_003157,2025-05-13,smartphone
dev_003498,cli_003158,2025-10-04,feature_phone
dev_003499,cli_003159,2025-06-10,smartphone
dev_003500,cli_003160,2025-05-18,smartphone
dev_003501,cli_003161,2025-03-13,smartphone
dev_003502,cli_003162,2026-06-10,smartphone
dev_003503,cli_003163,2026-07-31,smartphone
dev_003504,cli_003164,2026-01-15,feature_phone
dev_003505,cli_003165,2026-03-18,smartphone
dev_003506,cli_003166,2025-07-02,smartphone
dev_003507,cli_003167,2025-09-08,smartphone
dev_003508,cli_003168,2024-11-23,smartphone
dev_003509,cli_003169,2025-03-06,smartphone
dev_003510,cli_003170,2026-06-08,smartphone
dev_003511,cli_003171,2025-01-13,smartphone
dev_003512,cli_003172,2025-03-11,smartphone
dev_003513,cli_003173,2025-12-19,smartphone
dev_003514,cli_003174,2026-08-12,feature_phone
dev_003515,cli_003175,2025-02-22,smartphone
dev_003516,cli_003176,2026-05-06,smartphone
dev_003517,cli_003177,2026-04-16,smartphone
dev_003518,cli_003178,2025-10-16,smartphone
dev_003519,cli_003179,2026-07-25,feature_phone
dev_003520,cli_003180,2025-12-06,smartphone
dev_003521,cli_003180,2026-07-06,smartphone
dev_003522,cli_003181,2026-03-28,smartphone
dev_003523,cli_003182,2026-08-16,smartphone
dev_003524,cli_003183,2024-12-04,smartphone
dev_003525,cli_003184,2026-03-17,feature_phone
dev_003526,cli_003185,2025-08-23,feature_phone
dev_003527,cli_003186,2025-02-05,feature_phone
dev_003528,cli_003186,2025-04-27,smartphone
dev_003529,cli_003187,2025-10-08,feature_phone
dev_003530,cli_003188,2026-02-22,smartphone
dev_003531,cli_003189,2025-03-31,smartphone
dev_003532,cli_003190,2025-05-07,smartphone
dev_003533,cli_003191,2026-09-16,smartphone
dev_003534,cli_003192,2025-02-03,feature_phone
dev_003535,cli_003193,2026-06-29,smartphone
dev_003536,cli_003194,2025-04-04,smartphone
dev_003537,cli_003195,2026-07-13,smartphone
dev_003538,cli_003196,2026-08-07,feature_phone
dev_003539,cli_003197,2026-06-27,smartphone
dev_003540,cli_003198,2025-04-02,smartphone
dev_003541,cli_003199,2025-10-28,smartphone
dev_003542,cli_003200,2025-07-12,feature_phone
dev_003543,cli_003201,2026-03-03,feature_phone
dev_003544,cli_003202,2026-06-28,smartphone
dev_003545,cli_003203,2025-02-28,feature_phone
dev_003546,cli_003204,2025-01-24,smartphone
dev_003547,cli_003205,2025-01-20,feature_phone
dev_003548,cli_003206,2026-08-07,smartphone
dev_003549,cli_003207,2024-11-18,smartphone
dev_003550,cli_003208,2025-08-24,smartphone
dev_003551,cli_003209,2026-05-04,feature_phone
dev_003552,cli_003209,2026-07-29,smartphone
dev_003553,cli_003210,2026-05-02,feature_phone
dev_003554,cli_003211,2025-09-22,feature_phone
dev_003555,cli_003212,2025-07-10,smartphone
dev_003556,cli_003212,2026-05-11,smartphone
dev_003557,cli_003213,2026-08-19,smartphone
dev_003558,cli_003214,2025-09-27,smartphone
dev_003559,cli_003215,2026-04-02,smartphone
dev_003560,cli_003216,2024-11-23,feature_phone
dev_003561,cli_003217,2025-07-02,smartphone
dev_003562,cli_003218,2025-12-26,smartphone
dev_003563,cli_003219,2025-11-20,smartphone
dev_003564,cli_003220,2025-01-21,smartphone
dev_003565,cli_003221,2025-05-08,feature_phone
dev_003566,cli_003222,2025-12-15,smartphone
dev_003567,cli_003223,2025-01-20,feature_phone
dev_003568,cli_003223,2026-04-01,feature_phone
dev_003569,cli_003224,2025-06-27,smartphone
dev_003570,cli_003225,2026-08-11,smartphone
dev_003571,cli_003226,2025-06-21,smartphone
dev_003572,cli_003227,2024-11-08,smartphone
dev_003573,cli_003228,2025-01-02,feature_phone
dev_003574,cli_003229,2026-08-24,smartphone
dev_003575,cli_003230,2024-12-20,smartphone
dev_003576,cli_003230,2025-11-11,feature_phone
dev_003577,cli_003231,2024-10-08,smartphone
dev_003578,cli_003232,2026-05-28,smartphone
dev_003579,cli_003233,2025-06-16,feature_phone
dev_003580,cli_003234,2025-03-22,feature_phone
dev_003581,cli_003234,2025-12-26,smartphone
dev_003582,cli_003235,2026-08-23,feature_phone
dev_003583,cli_003236,2025-01-28,smartphone
dev_003584,cli_003237,2025-12-11,feature_phone
dev_003585,cli_003238,2026-02-17,feature_phone
dev_003586,cli_003239,2026-03-19,smartphone
dev_003587,cli_003240,2025-09-20,feature_phone
dev_003588,cli_003241,2025-02-18,smartphone
dev_003589,cli_003242,2025-02-02,smartphone
dev_003590,cli_003243,2026-04-12,feature_phone
dev_003591,cli_003244,2025-01-29,smartphone
dev_003592,cli_003245,2025-01-29,smartphone
dev_003593,cli_003246,2026-08-10,feature_phone
dev_003594,cli_003247,2026-02-08,smartphone
dev_003595,cli_003247,2026-06-25,smartphone
dev_003596,cli_003248,2026-09-13,smartphone
dev_003597,cli_003249,2024-10-02,smartphone
dev_003598,cli_003250,2025-10-14,smartphone
dev_003599,cli_003251,2026-03-10,smartphone
dev_003600,cli_003251,2026-08-01,smartphone
dev_003601,cli_003252,2024-12-11,smartphone
dev_003602,cli_003253,2025-05-12,smartphone
dev_003603,cli_003254,2024-11-07,smartphone
dev_003604,cli_003255,2025-02-17,smartphone
dev_003605,cli_003256,2024-10-27,smartphone
dev_003606,cli_003257,2026-04-19,feature_phone
dev_003607,cli_003258,2026-04-28,smartphone
dev_003608,cli_003259,2026-07-30,smartphone
dev_003609,cli_003260,2026-01-17,smartphone
dev_003610,cli_003261,2025-08-18,smartphone
dev_003611,cli_003262,2025-08-08,feature_phone
dev_003612,cli_003263,2025-05-18,feature_phone
dev_003613,cli_003263,2025-08-06,smartphone
dev_003614,cli_003264,2025-04-07,smartphone
dev_003615,cli_003265,2025-02-05,smartphone
dev_003616,cli_003266,2025-09-09,smartphone
dev_003617,cli_003267,2026-03-09,smartphone
dev_003618,cli_003268,2025-11-07,smartphone
dev_003619,cli_003269,2024-12-27,smartphone
dev_003620,cli_003270,2025-02-06,feature_phone
dev_003621,cli_003271,2024-11-25,smartphone
dev_003622,cli_003272,2025-08-26,smartphone
dev_003623,cli_003273,2025-03-04,feature_phone
dev_003624,cli_003273,2025-08-06,smartphone
dev_003625,cli_003274,2025-11-26,smartphone
dev_003626,cli_003275,2026-09-18,smartphone
dev_003627,cli_003276,2025-03-30,smartphone
dev_003628,cli_003277,2026-07-22,smartphone
dev_003629,cli_003278,2025-06-17,smartphone
dev_003630,cli_003279,2024-09-26,smartphone
dev_003631,cli_003279,2025-09-21,smartphone
dev_003632,cli_003280,2026-09-05,smartphone
dev_003633,cli_003281,2025-04-06,feature_phone
dev_003634,cli_003282,2024-12-30,smartphone
dev_003635,cli_003283,2025-06-24,smartphone
dev_003636,cli_003284,2025-05-09,smartphone
dev_003637,cli_003285,2024-12-05,feature_phone
dev_003638,cli_003286,2025-03-06,smartphone
dev_003639,cli_003287,2026-08-26,feature_phone
dev_003640,cli_003288,2025-03-08,smartphone
dev_003641,cli_003289,2025-03-20,smartphone
dev_003642,cli_003290,2026-04-10,smartphone
dev_003643,cli_003291,2025-06-03,smartphone
dev_003644,cli_003292,2025-01-18,feature_phone
dev_003645,cli_003293,2025-01-13,smartphone
dev_003646,cli_003294,2024-12-28,smartphone
dev_003647,cli_003295,2025-03-05,smartphone
dev_003648,cli_003296,2026-06-26,smartphone
dev_003649,cli_003297,2025-10-05,smartphone
dev_003650,cli_003298,2026-04-07,smartphone
dev_003651,cli_003299,2026-08-03,feature_phone
dev_003652,cli_003300,2026-03-15,feature_phone
dev_003653,cli_003301,2024-11-30,feature_phone
dev_003654,cli_003301,2025-08-06,smartphone
dev_003655,cli_003302,2025-07-15,smartphone
dev_003656,cli_003303,2025-03-16,smartphone
dev_003657,cli_003304,2025-09-22,smartphone
dev_003658,cli_003305,2026-01-07,smartphone
dev_003659,cli_003306,2025-10-07,smartphone
dev_003660,cli_003307,2024-10-06,smartphone
dev_003661,cli_003307,2025-08-27,feature_phone
dev_003662,cli_003308,2026-02-26,smartphone
dev_003663,cli_003309,2026-02-09,smartphone
dev_003664,cli_003310,2025-01-14,smartphone
dev_003665,cli_003311,2025-12-27,smartphone
dev_003666,cli_003312,2024-12-04,feature_phone
dev_003667,cli_003313,2024-10-13,smartphone
dev_003668,cli_003314,2026-08-06,feature_phone
dev_003669,cli_003315,2025-05-24,feature_phone
dev_003670,cli_003316,2026-07-17,smartphone
dev_003671,cli_003317,2024-12-22,smartphone
dev_003672,cli_003318,2026-07-02,smartphone
dev_003673,cli_003319,2024-12-15,smartphone
dev_003674,cli_003320,2025-03-12,feature_phone
dev_003675,cli_003321,2025-08-28,smartphone
dev_003676,cli_003322,2026-04-25,feature_phone
dev_003677,cli_003323,2026-03-13,smartphone
dev_003678,cli_003324,2025-11-13,feature_phone
dev_003679,cli_003325,2025-01-14,smartphone
dev_003680,cli_003326,2024-12-08,smartphone
dev_003681,cli_003327,2025-09-23,smartphone
dev_003682,cli_003328,2026-04-07,smartphone
dev_003683,cli_003329,2025-08-08,feature_phone
dev_003684,cli_003330,2025-01-25,smartphone
dev_003685,cli_003330,2025-05-05,smartphone
dev_003686,cli_003331,2025-08-25,smartphone
dev_003687,cli_003332,2024-12-13,smartphone
dev_003688,cli_003333,2026-09-17,smartphone
dev_003689,cli_003334,2025-09-23,smartphone
dev_003690,cli_003335,2026-08-21,smartphone
dev_003691,cli_003336,2025-07-05,smartphone
dev_003692,cli_003337,2025-07-01,smartphone
dev_003693,cli_003337,2025-11-07,smartphone
dev_003694,cli_003338,2026-02-08,smartphone
dev_003695,cli_003339,2025-02-21,smartphone
dev_003696,cli_003339,2026-05-30,smartphone
dev_003697,cli_003340,2024-10-30,smartphone
dev_003698,cli_003340,2025-05-25,smartphone
dev_003699,cli_003341,2025-10-25,smartphone
dev_003700,cli_003342,2025-11-10,smartphone
dev_003701,cli_003343,2026-05-08,feature_phone
dev_003702,cli_003344,2026-09-03,smartphone
dev_003703,cli_003345,2025-12-01,smartphone
dev_003704,cli_003345,2026-08-11,smartphone
dev_003705,cli_003346,2025-11-06,feature_phone
dev_003706,cli_003347,2025-03-12,smartphone
dev_003707,cli_003348,2025-01-03,smartphone
dev_003708,cli_003349,2026-07-06,smartphone
dev_003709,cli_003350,2026-06-04,smartphone
dev_003710,cli_003350,2026-09-12,feature_phone
dev_003711,cli_003351,2025-08-11,smartphone
dev_003712,cli_003351,2026-05-11,smartphone
dev_003713,cli_003352,2025-12-24,feature_phone
dev_003714,cli_003353,2025-04-30,smartphone
dev_003715,cli_003354,2026-01-31,smartphone
dev_003716,cli_003355,2025-11-24,feature_phone
dev_003717,cli_003356,2025-11-04,smartphone
dev_003718,cli_003357,2025-07-12,smartphone
dev_003719,cli_003357,2025-10-05,smartphone
dev_003720,cli_003358,2026-08-04,feature_phone
dev_003721,cli_003359,2024-12-18,smartphone
dev_003722,cli_003360,2026-01-19,feature_phone
dev_003723,cli_003361,2026-04-21,feature_phone
dev_003724,cli_003362,2025-06-14,smartphone
dev_003725,cli_003363,2026-06-17,smartphone
dev_003726,cli_003364,2025-07-20,smartphone
dev_003727,cli_003365,2026-08-10,feature_phone
dev_003728,cli_003366,2026-03-15,smartphone
dev_003729,cli_003367,2025-04-12,smartphone
dev_003730,cli_003368,2025-12-26,smartphone
dev_003731,cli_003369,2024-12-06,smartphone
dev_003732,cli_003369,2025-01-15,feature_phone
dev_003733,cli_003370,2026-01-07,smartphone
dev_003734,cli_003371,2025-05-08,smartphone
dev_003735,cli_003371,2026-05-25,feature_phone
dev_003736,cli_003372,2026-09-02,smartphone
dev_003737,cli_003373,2024-10-12,feature_phone
dev_003738,cli_003374,2025-07-02,smartphone
dev_003739,cli_003375,2025-04-25,feature_phone
dev_003740,cli_003376,2026-01-29,smartphone
dev_003741,cli_003377,2026-02-25,smartphone
dev_003742,cli_003378,2025-11-09,smartphone
dev_003743,cli_003379,2026-03-21,smartphone
dev_003744,cli_003380,2026-09-08,smartphone
dev_003745,cli_003381,2025-05-25,smartphone
dev_003746,cli_003382,2025-04-19,smartphone
dev_003747,cli_003382,2026-02-17,smartphone
dev_003748,cli_003383,2025-05-19,smartphone
dev_003749,cli_003384,2025-08-16,feature_phone
dev_003750,cli_003385,2025-09-07,feature_phone
dev_003751,cli_003386,2024-10-05,smartphone
dev_003752,cli_003387,2025-09-04,smartphone
dev_003753,cli_003388,2025-04-27,smartphone
dev_003754,cli_003389,2025-11-24,smartphone
dev_003755,cli_003390,2026-08-30,feature_phone
dev_003756,cli_003391,2026-01-11,smartphone
dev_003757,cli_003392,2025-04-16,smartphone
dev_003758,cli_003393,2025-06-18,smartphone
dev_003759,cli_003394,2025-05-06,smartphone
dev_003760,cli_003395,2025-03-28,feature_phone
dev_003761,cli_003396,2026-04-17,smartphone
dev_003762,cli_003397,2025-02-08,smartphone
dev_003763,cli_003398,2025-04-21,smartphone
dev_003764,cli_003399,2026-02-11,feature_phone
dev_003765,cli_003400,2025-09-21,smartphone
dev_003766,cli_003401,2025-01-06,feature_phone
dev_003767,cli_003402,2026-05-25,feature_phone
dev_003768,cli_003402,2026-07-13,smartphone
dev_003769,cli_003403,2026-02-15,feature_phone
dev_003770,cli_003404,2026-05-06,smartphone
dev_003771,cli_003405,2026-02-13,smartphone
dev_003772,cli_003406,2026-04-27,smartphone
dev_003773,cli_003407,2025-02-13,smartphone
dev_003774,cli_003408,2024-10-01,smartphone
dev_003775,cli_003409,2024-10-17,smartphone
dev_003776,cli_003410,2026-01-05,smartphone
dev_003777,cli_003410,2026-06-14,smartphone
dev_003778,cli_003411,2024-11-13,smartphone
dev_003779,cli_003412,2026-07-26,smartphone
dev_003780,cli_003413,2026-07-05,feature_phone
dev_003781,cli_003414,2026-01-29,feature_phone
dev_003782,cli_003415,2026-02-25,smartphone
dev_003783,cli_003416,2024-11-24,smartphone
dev_003784,cli_003417,2025-03-19,smartphone
dev_003785,cli_003418,2025-03-23,feature_phone
dev_003786,cli_003419,2025-02-13,smartphone
dev_003787,cli_003419,2025-08-02,smartphone
dev_003788,cli_003420,2025-04-13,smartphone
dev_003789,cli_003421,2025-09-21,feature_phone
dev_003790,cli_003422,2026-08-12,smartphone
dev_003791,cli_003423,2026-09-12,feature_phone
dev_003792,cli_003424,2024-10-12,smartphone
dev_003793,cli_003425,2025-09-23,smartphone
dev_003794,cli_003425,2025-11-14,smartphone
dev_003795,cli_003426,2024-10-29,smartphone
dev_003796,cli_003427,2026-09-01,smartphone
dev_003797,cli_003428,2025-06-17,smartphone
dev_003798,cli_003429,2026-03-02,smartphone
dev_003799,cli_003430,2026-01-01,smartphone
dev_003800,cli_003431,2025-06-02,smartphone
dev_003801,cli_003432,2025-09-27,smartphone
dev_003802,cli_003433,2026-06-17,feature_phone
dev_003803,cli_003434,2024-09-25,smartphone
dev_003804,cli_003435,2025-04-22,smartphone
dev_003805,cli_003436,2026-01-04,feature_phone
dev_003806,cli_003436,2026-08-02,smartphone
dev_003807,cli_003437,2025-06-28,smartphone
dev_003808,cli_003437,2025-11-02,smartphone
dev_003809,cli_003438,2026-06-05,smartphone
dev_003810,cli_003439,2025-11-14,feature_phone
dev_003811,cli_003440,2025-11-18,feature_phone
dev_003812,cli_003441,2025-12-26,smartphone
dev_003813,cli_003442,2025-10-06,smartphone
dev_003814,cli_003443,2024-11-26,feature_phone
dev_003815,cli_003444,2026-09-18,smartphone
dev_003816,cli_003445,2025-08-16,smartphone
dev_003817,cli_003446,2024-11-07,smartphone
dev_003818,cli_003447,2024-12-14,smartphone
dev_003819,cli_003448,2024-12-08,smartphone
dev_003820,cli_003449,2025-11-27,smartphone
dev_003821,cli_003450,2025-08-06,smartphone
dev_003822,cli_003451,2025-07-17,smartphone
dev_003823,cli_003452,2025-01-21,feature_phone
dev_003824,cli_003453,2024-10-28,smartphone
dev_003825,cli_003453,2025-10-13,smartphone
dev_003826,cli_003454,2026-03-22,smartphone
dev_003827,cli_003455,2026-06-25,smartphone
dev_003828,cli_003456,2026-03-14,feature_phone
dev_003829,cli_003457,2026-03-16,smartphone
dev_003830,cli_003458,2026-02-17,smartphone
dev_003831,cli_003459,2024-11-24,smartphone
dev_003832,cli_003460,2026-04-19,smartphone
dev_003833,cli_003461,2025-11-20,smartphone
dev_003834,cli_003462,2026-01-06,smartphone
dev_003835,cli_003463,2026-03-09,smartphone
dev_003836,cli_003464,2026-05-03,smartphone
dev_003837,cli_003465,2024-09-26,smartphone
dev_003838,cli_003465,2025-05-18,smartphone
dev_003839,cli_003466,2025-06-24,smartphone
dev_003840,cli_003467,2026-07-11,smartphone
dev_003841,cli_003468,2025-06-03,smartphone
dev_003842,cli_003468,2025-08-20,smartphone
dev_003843,cli_003469,2025-07-05,smartphone
dev_003844,cli_003470,2026-01-05,feature_phone
dev_003845,cli_003471,2025-02-26,feature_phone
dev_003846,cli_003472,2025-02-16,smartphone
dev_003847,cli_003473,2025-02-27,smartphone
dev_003848,cli_003474,2025-06-15,feature_phone
dev_003849,cli_003475,2025-11-05,smartphone
dev_003850,cli_003476,2026-04-26,smartphone
dev_003851,cli_003477,2026-08-22,smartphone
dev_003852,cli_003478,2024-11-23,smartphone
dev_003853,cli_003479,2025-01-18,smartphone
dev_003854,cli_003480,2026-04-30,smartphone
dev_003855,cli_003481,2025-02-15,smartphone
dev_003856,cli_003482,2026-08-20,smartphone
dev_003857,cli_003483,2026-04-03,smartphone
dev_003858,cli_003484,2026-06-06,smartphone
dev_003859,cli_003484,2026-07-26,smartphone
dev_003860,cli_003485,2026-01-18,smartphone
dev_003861,cli_003486,2026-02-02,feature_phone
dev_003862,cli_003487,2025-09-15,smartphone
dev_003863,cli_003488,2025-10-24,smartphone
dev_003864,cli_003489,2026-07-02,smartphone
dev_003865,cli_003490,2026-06-06,feature_phone
dev_003866,cli_003491,2025-02-02,feature_phone
dev_003867,cli_003492,2025-08-20,feature_phone
dev_003868,cli_003493,2024-11-20,smartphone
dev_003869,cli_003494,2026-06-20,smartphone
dev_003870,cli_003495,2026-02-11,smartphone
dev_003871,cli_003496,2026-05-31,smartphone
dev_003872,cli_003497,2024-11-19,smartphone
dev_003873,cli_003497,2025-06-25,feature_phone
dev_003874,cli_003498,2026-05-31,smartphone
dev_003875,cli_003499,2025-02-17,smartphone
dev_003876,cli_003500,2026-05-06,smartphone
dev_003877,cli_003501,2025-04-11,feature_phone
dev_003878,cli_003502,2025-10-27,feature_phone
dev_003879,cli_003502,2026-02-06,smartphone
dev_003880,cli_003503,2024-10-17,feature_phone
dev_003881,cli_003504,2026-08-04,feature_phone
dev_003882,cli_003505,2026-01-30,feature_phone
dev_003883,cli_003506,2025-04-14,feature_phone
dev_003884,cli_003506,2025-11-23,feature_phone
dev_003885,cli_003507,2024-11-25,smartphone
dev_003886,cli_003508,2025-08-27,feature_phone
dev_003887,cli_003509,2026-07-14,smartphone
dev_003888,cli_003510,2025-06-22,feature_phone
dev_003889,cli_003511,2025-10-10,feature_phone
dev_003890,cli_003512,2025-03-08,smartphone
dev_003891,cli_003513,2025-08-17,feature_phone
dev_003892,cli_003514,2024-12-08,smartphone
dev_003893,cli_003515,2026-06-26,smartphone
dev_003894,cli_003516,2025-06-26,smartphone
dev_003895,cli_003517,2025-04-04,feature_phone
dev_003896,cli_003518,2025-12-02,smartphone
dev_003897,cli_003519,2025-10-12,smartphone
dev_003898,cli_003520,2025-05-05,smartphone
dev_003899,cli_003521,2025-10-26,smartphone
dev_003900,cli_003522,2025-12-11,feature_phone
dev_003901,cli_003523,2025-07-27,smartphone
dev_003902,cli_003524,2025-02-15,feature_phone
dev_003903,cli_003525,2026-06-17,smartphone
dev_003904,cli_003526,2024-12-25,feature_phone
dev_003905,cli_003527,2026-05-01,smartphone
dev_003906,cli_003528,2026-07-14,smartphone
dev_003907,cli_003529,2026-05-15,smartphone
dev_003908,cli_003530,2026-07-30,smartphone
dev_003909,cli_003531,2024-10-30,smartphone
dev_003910,cli_003531,2025-11-17,smartphone
dev_003911,cli_003532,2026-02-23,smartphone
dev_003912,cli_003533,2025-03-09,smartphone
dev_003913,cli_003534,2026-05-14,feature_phone
dev_003914,cli_003535,2025-09-03,smartphone
dev_003915,cli_003535,2026-09-09,smartphone
dev_003916,cli_003536,2025-11-17,smartphone
dev_003917,cli_003537,2025-05-31,smartphone
dev_003918,cli_003538,2024-10-03,smartphone
dev_003919,cli_003539,2025-06-07,smartphone
dev_003920,cli_003540,2025-04-30,smartphone
dev_003921,cli_003541,2026-03-16,smartphone
dev_003922,cli_003541,2026-06-17,smartphone
dev_003923,cli_003542,2026-06-27,feature_phone
dev_003924,cli_003543,2026-07-22,smartphone
dev_003925,cli_003544,2026-02-17,smartphone
dev_003926,cli_003545,2025-08-15,smartphone
dev_003927,cli_003546,2026-08-10,smartphone
dev_003928,cli_003547,2026-03-16,feature_phone
dev_003929,cli_003548,2025-06-20,smartphone
dev_003930,cli_003549,2024-12-26,smartphone
dev_003931,cli_003550,2024-10-02,smartphone
dev_003932,cli_003551,2026-04-04,feature_phone
dev_003933,cli_003551,2026-05-23,smartphone
dev_003934,cli_003552,2026-07-11,smartphone
dev_003935,cli_003553,2025-08-02,feature_phone
dev_003936,cli_003554,2024-11-09,feature_phone
dev_003937,cli_003555,2025-11-21,smartphone
dev_003938,cli_003555,2026-07-19,smartphone
dev_003939,cli_003556,2024-12-03,feature_phone
dev_003940,cli_003557,2025-03-31,feature_phone
dev_003941,cli_003557,2025-07-14,smartphone
dev_003942,cli_003558,2024-12-07,feature_phone
dev_003943,cli_003559,2024-10-30,smartphone
dev_003944,cli_003559,2026-01-14,smartphone
dev_003945,cli_003560,2026-07-07,feature_phone
dev_003946,cli_003561,2025-11-27,smartphone
dev_003947,cli_003562,2026-08-18,smartphone
dev_003948,cli_003563,2026-08-22,smartphone
dev_003949,cli_003564,2025-10-12,feature_phone
dev_003950,cli_003565,2025-05-29,feature_phone
dev_003951,cli_003566,2024-12-17,smartphone
dev_003952,cli_003567,2026-06-21,smartphone
dev_003953,cli_003568,2026-08-30,feature_phone
dev_003954,cli_003569,2026-07-09,feature_phone
dev_003955,cli_003570,2024-11-17,smartphone
dev_003956,cli_003571,2025-05-29,smartphone
dev_003957,cli_003572,2025-10-08,feature_phone
dev_003958,cli_003573,2026-07-11,feature_phone
dev_003959,cli_003574,2025-12-27,smartphone
dev_003960,cli_003575,2026-06-22,smartphone
dev_003961,cli_003576,2026-09-02,smartphone
dev_003962,cli_003577,2025-11-07,feature_phone
dev_003963,cli_003578,2025-09-22,smartphone
dev_003964,cli_003579,2025-10-29,smartphone
dev_003965,cli_003580,2024-12-27,smartphone
dev_003966,cli_003581,2024-11-26,feature_phone
dev_003967,cli_003581,2025-06-03,feature_phone
dev_003968,cli_003582,2026-06-27,feature_phone
dev_003969,cli_003583,2026-03-06,smartphone
dev_003970,cli_003584,2025-09-23,feature_phone
dev_003971,cli_003585,2025-12-05,smartphone
dev_003972,cli_003586,2025-11-10,smartphone
dev_003973,cli_003587,2025-04-26,feature_phone
dev_003974,cli_003587,2026-06-16,smartphone
dev_003975,cli_003588,2026-05-15,smartphone
dev_003976,cli_003589,2025-01-29,feature_phone
dev_003977,cli_003590,2026-03-14,smartphone
dev_003978,cli_003591,2026-01-12,feature_phone
dev_003979,cli_003591,2026-02-25,smartphone
dev_003980,cli_003592,2026-04-15,feature_phone
dev_003981,cli_003593,2025-06-20,smartphone
dev_003982,cli_003594,2025-05-04,feature_phone
dev_003983,cli_003594,2026-08-01,smartphone
dev_003984,cli_003595,2025-06-25,smartphone
dev_003985,cli_003596,2025-09-29,feature_phone
dev_003986,cli_003597,2026-02-14,smartphone
dev_003987,cli_003598,2025-05-10,smartphone
dev_003988,cli_003599,2026-06-29,smartphone
dev_003989,cli_003600,2026-02-08,feature_phone
dev_003990,cli_003601,2025-05-14,smartphone
dev_003991,cli_003602,2025-05-07,smartphone
dev_003992,cli_003603,2026-03-12,feature_phone
dev_003993,cli_003604,2026-01-18,smartphone
dev_003994,cli_003605,2026-02-03,smartphone
dev_003995,cli_003606,2024-12-16,smartphone
dev_003996,cli_003607,2025-08-02,smartphone
dev_003997,cli_003608,2026-06-29,smartphone
dev_003998,cli_003609,2026-05-29,feature_phone
dev_003999,cli_003610,2026-08-04,smartphone
dev_004000,cli_003611,2026-03-31,feature_phone
dev_004001,cli_003612,2026-04-14,smartphone
dev_004002,cli_003613,2025-11-02,smartphone
dev_004003,cli_003614,2025-03-28,smartphone
dev_004004,cli_003615,2024-12-22,smartphone
dev_004005,cli_003616,2025-08-12,feature_phone
dev_004006,cli_003616,2026-05-06,smartphone
dev_004007,cli_003617,2025-03-10,smartphone
dev_004008,cli_003618,2025-06-03,feature_phone
dev_004009,cli_003619,2026-02-04,smartphone
dev_004010,cli_003620,2025-07-04,feature_phone
dev_004011,cli_003621,2026-02-15,smartphone
dev_004012,cli_003621,2026-08-30,smartphone
dev_004013,cli_003622,2026-02-10,feature_phone
dev_004014,cli_003623,2024-10-04,smartphone
dev_004015,cli_003624,2024-11-29,smartphone
dev_004016,cli_003625,2025-06-04,feature_phone
dev_004017,cli_003626,2025-07-18,smartphone
dev_004018,cli_003627,2025-05-12,smartphone
dev_004019,cli_003628,2025-03-24,smartphone
dev_004020,cli_003629,2026-08-14,smartphone
dev_004021,cli_003630,2026-01-05,feature_phone
dev_004022,cli_003630,2026-02-17,feature_phone
dev_004023,cli_003631,2026-07-09,smartphone
dev_004024,cli_003632,2025-09-03,feature_phone
dev_004025,cli_003633,2026-02-21,feature_phone
dev_004026,cli_003633,2026-03-25,feature_phone
dev_004027,cli_003634,2026-01-26,smartphone
dev_004028,cli_003635,2025-01-18,smartphone
dev_004029,cli_003636,2026-04-28,smartphone
dev_004030,cli_003637,2024-11-29,smartphone
dev_004031,cli_003637,2025-05-26,smartphone
dev_004032,cli_003638,2025-11-21,smartphone
dev_004033,cli_003639,2026-05-07,feature_phone
dev_004034,cli_003640,2026-06-11,smartphone
dev_004035,cli_003641,2025-04-21,feature_phone
dev_004036,cli_003642,2024-12-04,smartphone
dev_004037,cli_003643,2024-12-25,smartphone
dev_004038,cli_003643,2025-08-12,feature_phone
dev_004039,cli_003644,2026-05-22,feature_phone
dev_004040,cli_003645,2024-12-22,feature_phone
dev_004041,cli_003646,2026-04-12,feature_phone
dev_004042,cli_003647,2025-10-24,smartphone
dev_004043,cli_003648,2026-09-19,feature_phone
dev_004044,cli_003649,2026-03-19,smartphone
dev_004045,cli_003650,2026-02-02,smartphone
dev_004046,cli_003651,2024-10-26,smartphone
dev_004047,cli_003652,2026-03-05,smartphone
dev_004048,cli_003653,2026-03-06,smartphone
dev_004049,cli_003654,2026-03-08,feature_phone
dev_004050,cli_003655,2026-03-23,smartphone
dev_004051,cli_003656,2025-08-26,smartphone
dev_004052,cli_003657,2026-04-27,smartphone
dev_004053,cli_003658,2026-02-24,smartphone
dev_004054,cli_003659,2025-08-31,smartphone
dev_004055,cli_003660,2025-03-21,smartphone
dev_004056,cli_003661,2026-07-07,feature_phone
dev_004057,cli_003662,2026-01-12,smartphone
dev_004058,cli_003663,2025-08-03,smartphone
dev_004059,cli_003664,2024-11-24,feature_phone
dev_004060,cli_003665,2024-11-05,smartphone
dev_004061,cli_003666,2024-12-27,feature_phone
dev_004062,cli_003667,2025-09-20,feature_phone
dev_004063,cli_003668,2026-07-14,smartphone
dev_004064,cli_003669,2024-10-20,smartphone
dev_004065,cli_003670,2025-06-27,smartphone
dev_004066,cli_003671,2024-12-02,smartphone
dev_004067,cli_003672,2024-11-21,smartphone
dev_004068,cli_003673,2025-02-23,feature_phone
dev_004069,cli_003674,2025-11-21,smartphone
dev_004070,cli_003675,2025-07-07,feature_phone
dev_004071,cli_003676,2025-05-08,smartphone
dev_004072,cli_003677,2024-12-20,smartphone
dev_004073,cli_003678,2026-04-12,smartphone
dev_004074,cli_003679,2025-08-15,smartphone
dev_004075,cli_003680,2025-07-16,feature_phone
dev_004076,cli_003681,2026-04-25,smartphone
dev_004077,cli_003682,2025-12-05,smartphone
dev_004078,cli_003683,2024-11-18,smartphone
dev_004079,cli_003684,2026-09-12,smartphone
dev_004080,cli_003685,2025-09-22,feature_phone
dev_004081,cli_003686,2025-07-06,feature_phone
dev_004082,cli_003687,2024-12-01,feature_phone
dev_004083,cli_003688,2026-03-01,smartphone
dev_004084,cli_003689,2025-12-11,smartphone
dev_004085,cli_003690,2026-07-27,feature_phone
dev_004086,cli_003691,2026-01-22,smartphone
dev_004087,cli_003692,2024-09-26,smartphone
dev_004088,cli_003693,2025-03-14,smartphone
dev_004089,cli_003694,2025-11-15,smartphone
dev_004090,cli_003695,2025-06-18,feature_phone
dev_004091,cli_003696,2024-10-20,smartphone
dev_004092,cli_003697,2025-11-07,feature_phone
dev_004093,cli_003698,2026-02-21,smartphone
dev_004094,cli_003699,2024-12-22,smartphone
dev_004095,cli_003700,2025-01-11,smartphone
dev_004096,cli_003701,2025-09-12,smartphone
dev_004097,cli_003702,2026-09-15,smartphone
dev_004098,cli_003703,2026-09-14,smartphone
dev_004099,cli_003704,2026-06-30,feature_phone
dev_004100,cli_003704,2026-09-20,smartphone
dev_004101,cli_003705,2025-05-06,smartphone
dev_004102,cli_003706,2026-05-19,smartphone
dev_004103,cli_003707,2026-08-08,feature_phone
dev_004104,cli_003708,2025-05-14,smartphone
dev_004105,cli_003709,2025-10-08,smartphone
dev_004106,cli_003709,2026-09-15,smartphone
dev_004107,cli_003710,2025-09-02,smartphone
dev_004108,cli_003710,2026-06-11,smartphone
dev_004109,cli_003711,2026-05-06,feature_phone
dev_004110,cli_003712,2026-04-20,smartphone
dev_004111,cli_003713,2026-03-31,smartphone
dev_004112,cli_003713,2026-07-21,smartphone
dev_004113,cli_003714,2025-06-11,smartphone
dev_004114,cli_003715,2024-10-09,smartphone
dev_004115,cli_003716,2024-11-25,smartphone
dev_004116,cli_003717,2026-07-03,smartphone
dev_004117,cli_003717,2026-08-26,feature_phone
dev_004118,cli_003718,2025-05-16,smartphone
dev_004119,cli_003719,2025-03-20,smartphone
dev_004120,cli_003720,2026-08-25,feature_phone
dev_004121,cli_003721,2025-06-16,feature_phone
dev_004122,cli_003722,2025-11-03,smartphone
dev_004123,cli_003723,2026-05-04,feature_phone
dev_004124,cli_003724,2025-02-25,smartphone
dev_004125,cli_003724,2025-08-06,smartphone
dev_004126,cli_003725,2024-11-11,feature_phone
dev_004127,cli_003726,2025-07-14,feature_phone
dev_004128,cli_003727,2026-04-30,smartphone
dev_004129,cli_003728,2025-11-15,smartphone
dev_004130,cli_003729,2025-09-13,smartphone
dev_004131,cli_003730,2024-12-05,smartphone
dev_004132,cli_003731,2025-02-24,feature_phone
dev_004133,cli_003731,2026-01-31,smartphone
dev_004134,cli_003732,2025-05-23,smartphone
dev_004135,cli_003733,2025-03-16,smartphone
dev_004136,cli_003734,2025-05-06,smartphone
dev_004137,cli_003735,2026-02-02,feature_phone
dev_004138,cli_003736,2026-06-18,smartphone
dev_004139,cli_003737,2025-01-20,smartphone
dev_004140,cli_003738,2025-08-16,smartphone
dev_004141,cli_003739,2024-10-22,smartphone
dev_004142,cli_003740,2025-05-15,smartphone
dev_004143,cli_003741,2025-10-13,smartphone
dev_004144,cli_003742,2025-06-09,smartphone
dev_004145,cli_003743,2025-06-05,smartphone
dev_004146,cli_003744,2024-10-08,feature_phone
dev_004147,cli_003745,2026-01-01,smartphone
dev_004148,cli_003746,2025-12-20,smartphone
dev_004149,cli_003747,2026-01-08,smartphone
dev_004150,cli_003748,2026-07-07,smartphone
dev_004151,cli_003749,2025-10-16,feature_phone
dev_004152,cli_003750,2025-11-03,smartphone
dev_004153,cli_003751,2026-05-03,smartphone
dev_004154,cli_003752,2025-02-06,smartphone
dev_004155,cli_003753,2025-05-09,feature_phone
dev_004156,cli_003754,2026-03-31,smartphone
dev_004157,cli_003755,2026-05-26,smartphone
dev_004158,cli_003756,2025-06-30,smartphone
dev_004159,cli_003756,2026-07-11,feature_phone
dev_004160,cli_003757,2026-09-20,smartphone
dev_004161,cli_003758,2026-06-05,smartphone
dev_004162,cli_003759,2025-11-07,smartphone
dev_004163,cli_003760,2024-10-01,feature_phone
dev_004164,cli_003761,2026-07-30,smartphone
dev_004165,cli_003762,2025-09-03,smartphone
dev_004166,cli_003762,2026-01-02,feature_phone
dev_004167,cli_003763,2025-08-09,smartphone
dev_004168,cli_003764,2026-03-24,feature_phone
dev_004169,cli_003765,2025-09-09,feature_phone
dev_004170,cli_003766,2025-06-18,feature_phone
dev_004171,cli_003767,2026-06-15,smartphone
dev_004172,cli_003768,2024-10-28,smartphone
dev_004173,cli_003769,2026-03-28,feature_phone
dev_004174,cli_003770,2025-12-29,feature_phone
dev_004175,cli_003771,2026-09-06,feature_phone
dev_004176,cli_003772,2025-07-18,smartphone
dev_004177,cli_003773,2025-07-18,smartphone
dev_004178,cli_003774,2026-07-01,smartphone
dev_004179,cli_003775,2026-02-22,smartphone
dev_004180,cli_003776,2025-03-14,smartphone
dev_004181,cli_003777,2025-04-22,feature_phone
dev_004182,cli_003778,2026-02-11,smartphone
dev_004183,cli_003779,2025-06-21,smartphone
dev_004184,cli_003780,2025-03-28,smartphone
dev_004185,cli_003781,2025-12-25,feature_phone
dev_004186,cli_003782,2026-05-18,smartphone
dev_004187,cli_003782,2026-06-21,smartphone
dev_004188,cli_003783,2026-09-08,smartphone
dev_004189,cli_003784,2024-10-27,smartphone
dev_004190,cli_003785,2026-02-02,smartphone
dev_004191,cli_003785,2026-07-18,feature_phone
dev_004192,cli_003786,2025-02-13,smartphone
dev_004193,cli_003787,2026-01-30,smartphone
dev_004194,cli_003788,2025-04-22,smartphone
dev_004195,cli_003789,2026-01-24,smartphone
dev_004196,cli_003790,2025-07-08,smartphone
dev_004197,cli_003791,2024-10-28,feature_phone
dev_004198,cli_003792,2025-03-23,smartphone
dev_004199,cli_003793,2026-05-27,feature_phone
dev_004200,cli_003794,2025-09-07,smartphone
dev_004201,cli_003795,2026-03-11,smartphone
dev_004202,cli_003796,2026-04-17,smartphone
dev_004203,cli_003797,2025-01-25,smartphone
dev_004204,cli_003797,2026-04-21,smartphone
dev_004205,cli_003798,2024-10-07,feature_phone
dev_004206,cli_003798,2026-02-05,smartphone
dev_004207,cli_003799,2024-11-18,smartphone
dev_004208,cli_003800,2025-01-20,smartphone
dev_004209,cli_003801,2025-10-17,smartphone
dev_004210,cli_003801,2026-08-27,smartphone
dev_004211,cli_003802,2025-09-05,smartphone
dev_004212,cli_003803,2025-08-26,smartphone
dev_004213,cli_003804,2025-04-05,feature_phone
dev_004214,cli_003805,2026-08-16,feature_phone
dev_004215,cli_003806,2025-01-29,smartphone
dev_004216,cli_003807,2025-02-11,smartphone
dev_004217,cli_003808,2024-09-28,smartphone
dev_004218,cli_003808,2025-10-03,smartphone
dev_004219,cli_003809,2025-07-17,smartphone
dev_004220,cli_003810,2025-10-25,smartphone
dev_004221,cli_003810,2026-02-16,smartphone
dev_004222,cli_003811,2025-10-09,smartphone
dev_004223,cli_003812,2025-06-28,feature_phone
dev_004224,cli_003813,2026-02-15,smartphone
dev_004225,cli_003814,2025-03-06,smartphone
dev_004226,cli_003815,2025-11-04,smartphone
dev_004227,cli_003816,2026-03-02,feature_phone
dev_004228,cli_003817,2025-04-05,feature_phone
dev_004229,cli_003818,2026-01-21,smartphone
dev_004230,cli_003819,2026-07-27,smartphone
dev_004231,cli_003820,2025-09-08,smartphone
dev_004232,cli_003821,2025-09-19,smartphone
dev_004233,cli_003822,2026-02-23,smartphone
dev_004234,cli_003823,2026-08-29,smartphone
dev_004235,cli_003824,2025-10-12,feature_phone
dev_004236,cli_003825,2025-03-10,smartphone
dev_004237,cli_003825,2026-03-19,smartphone
dev_004238,cli_003826,2025-02-16,smartphone
dev_004239,cli_003826,2025-12-20,smartphone
dev_004240,cli_003827,2026-04-23,feature_phone
dev_004241,cli_003828,2025-11-14,smartphone
dev_004242,cli_003829,2024-12-04,feature_phone
dev_004243,cli_003830,2026-01-15,smartphone
dev_004244,cli_003831,2025-10-11,smartphone
dev_004245,cli_003832,2025-05-16,smartphone
dev_004246,cli_003833,2025-10-25,smartphone
dev_004247,cli_003834,2025-01-18,smartphone
dev_004248,cli_003835,2026-01-04,feature_phone
dev_004249,cli_003836,2025-09-30,smartphone
dev_004250,cli_003837,2025-09-12,feature_phone
dev_004251,cli_003838,2025-03-30,smartphone
dev_004252,cli_003838,2026-03-20,smartphone
dev_004253,cli_003839,2026-01-20,feature_phone
dev_004254,cli_003840,2026-03-07,smartphone
dev_004255,cli_003841,2026-01-04,smartphone
dev_004256,cli_003842,2026-04-07,smartphone
dev_004257,cli_003843,2026-05-04,feature_phone
dev_004258,cli_003844,2025-02-03,smartphone
dev_004259,cli_003845,2026-01-15,smartphone
dev_004260,cli_003846,2026-03-11,feature_phone
dev_004261,cli_003847,2025-02-09,smartphone
dev_004262,cli_003847,2026-04-06,feature_phone
dev_004263,cli_003848,2025-02-26,smartphone
dev_004264,cli_003849,2026-03-28,smartphone
dev_004265,cli_003850,2026-02-13,smartphone
dev_004266,cli_003851,2025-02-02,smartphone
dev_004267,cli_003852,2026-03-05,smartphone
dev_004268,cli_003853,2025-01-04,smartphone
dev_004269,cli_003854,2025-06-30,smartphone
dev_004270,cli_003855,2025-05-26,feature_phone
dev_004271,cli_003856,2025-08-30,smartphone
dev_004272,cli_003857,2026-09-01,smartphone
dev_004273,cli_003858,2025-01-30,smartphone
dev_004274,cli_003859,2025-08-11,feature_phone
dev_004275,cli_003860,2026-05-20,feature_phone
dev_004276,cli_003861,2025-01-24,smartphone
dev_004277,cli_003862,2026-02-22,smartphone
dev_004278,cli_003863,2025-12-31,feature_phone
dev_004279,cli_003864,2025-06-15,feature_phone
dev_004280,cli_003865,2026-03-01,smartphone
dev_004281,cli_003865,2026-09-09,smartphone
dev_004282,cli_003866,2026-09-19,smartphone
dev_004283,cli_003867,2026-02-01,feature_phone
dev_004284,cli_003868,2025-05-13,smartphone
dev_004285,cli_003869,2025-11-19,smartphone
dev_004286,cli_003870,2025-04-22,feature_phone
dev_004287,cli_003871,2026-08-03,smartphone
dev_004288,cli_003872,2026-03-20,smartphone
dev_004289,cli_003873,2026-04-03,feature_phone
dev_004290,cli_003874,2026-08-08,smartphone
dev_004291,cli_003875,2025-06-09,feature_phone
dev_004292,cli_003876,2026-04-23,feature_phone
dev_004293,cli_003877,2025-10-14,smartphone
dev_004294,cli_003878,2024-10-01,smartphone
dev_004295,cli_003879,2026-03-27,feature_phone
dev_004296,cli_003880,2026-05-05,feature_phone
dev_004297,cli_003881,2024-11-14,smartphone
dev_004298,cli_003881,2026-03-17,feature_phone
dev_004299,cli_003882,2026-01-06,smartphone
dev_004300,cli_003882,2026-03-24,smartphone
dev_004301,cli_003883,2026-02-20,feature_phone
dev_004302,cli_003884,2025-04-17,feature_phone
dev_004303,cli_003885,2026-06-21,feature_phone
dev_004304,cli_003886,2025-12-22,smartphone
dev_004305,cli_003887,2026-05-01,smartphone
dev_004306,cli_003888,2024-12-12,feature_phone
dev_004307,cli_003889,2026-02-19,smartphone
dev_004308,cli_003890,2025-08-06,smartphone
dev_004309,cli_003891,2025-09-08,feature_phone
dev_004310,cli_003892,2025-09-29,feature_phone
dev_004311,cli_003893,2026-08-06,feature_phone
dev_004312,cli_003894,2026-03-16,feature_phone
dev_004313,cli_003895,2025-01-08,smartphone
dev_004314,cli_003896,2025-08-20,smartphone
dev_004315,cli_003897,2024-12-23,feature_phone
dev_004316,cli_003898,2025-08-12,smartphone
dev_004317,cli_003899,2026-02-03,feature_phone
dev_004318,cli_003900,2026-01-15,smartphone
dev_004319,cli_003901,2025-03-07,feature_phone
dev_004320,cli_003902,2026-04-03,feature_phone
dev_004321,cli_003902,2026-07-15,smartphone
dev_004322,cli_003903,2025-07-13,smartphone
dev_004323,cli_003904,2024-11-10,smartphone
dev_004324,cli_003905,2025-01-15,feature_phone
dev_004325,cli_003906,2025-12-15,feature_phone
dev_004326,cli_003907,2026-03-06,feature_phone
dev_004327,cli_003908,2025-06-27,smartphone
dev_004328,cli_003909,2025-07-06,smartphone
dev_004329,cli_003910,2025-04-15,feature_phone
dev_004330,cli_003910,2025-10-18,smartphone
dev_004331,cli_003911,2026-08-02,smartphone
dev_004332,cli_003912,2025-08-26,smartphone
dev_004333,cli_003913,2026-09-17,smartphone
dev_004334,cli_003914,2024-10-01,smartphone
dev_004335,cli_003914,2024-11-08,smartphone
dev_004336,cli_003915,2024-12-25,feature_phone
dev_004337,cli_003916,2025-04-02,feature_phone
dev_004338,cli_003917,2026-02-21,feature_phone
dev_004339,cli_003917,2026-04-16,smartphone
dev_004340,cli_003918,2025-03-28,smartphone
dev_004341,cli_003919,2025-11-03,smartphone
dev_004342,cli_003920,2025-06-07,smartphone
dev_004343,cli_003921,2026-04-08,feature_phone
dev_004344,cli_003922,2025-10-12,feature_phone
dev_004345,cli_003923,2024-12-23,feature_phone
dev_004346,cli_003923,2025-11-07,smartphone
dev_004347,cli_003924,2026-05-08,smartphone
dev_004348,cli_003925,2025-12-17,smartphone
dev_004349,cli_003925,2026-07-06,smartphone
dev_004350,cli_003926,2026-02-23,smartphone
dev_004351,cli_003927,2026-05-16,feature_phone
dev_004352,cli_003928,2025-12-08,smartphone
dev_004353,cli_003929,2025-07-07,feature_phone
dev_004354,cli_003929,2025-08-23,feature_phone
dev_004355,cli_003930,2026-08-15,smartphone
dev_004356,cli_003931,2026-04-27,smartphone
dev_004357,cli_003932,2025-02-05,feature_phone
dev_004358,cli_003933,2026-03-17,feature_phone
dev_004359,cli_003934,2026-01-22,feature_phone
dev_004360,cli_003935,2025-05-21,feature_phone
dev_004361,cli_003936,2025-03-28,smartphone
dev_004362,cli_003937,2024-10-24,feature_phone
dev_004363,cli_003938,2026-05-31,feature_phone
dev_004364,cli_003939,2025-03-22,smartphone
dev_004365,cli_003940,2025-04-14,smartphone
dev_004366,cli_003941,2026-06-25,feature_phone
dev_004367,cli_003942,2024-12-23,smartphone
dev_004368,cli_003943,2026-02-08,smartphone
dev_004369,cli_003944,2025-11-19,feature_phone
dev_004370,cli_003945,2025-02-20,smartphone
dev_004371,cli_003946,2025-09-07,smartphone
dev_004372,cli_003947,2026-03-07,smartphone
dev_004373,cli_003948,2026-02-01,smartphone
dev_004374,cli_003949,2025-04-02,feature_phone
dev_004375,cli_003950,2026-05-13,smartphone
dev_004376,cli_003951,2025-10-15,smartphone
dev_004377,cli_003952,2025-03-28,feature_phone
dev_004378,cli_003953,2024-12-18,feature_phone
dev_004379,cli_003953,2026-02-28,feature_phone
dev_004380,cli_003954,2025-01-29,smartphone
dev_004381,cli_003955,2026-01-05,feature_phone
dev_004382,cli_003956,2026-05-02,smartphone
dev_004383,cli_003957,2024-11-11,smartphone
dev_004384,cli_003957,2025-01-15,smartphone
dev_004385,cli_003958,2025-07-15,smartphone
dev_004386,cli_003959,2025-11-30,feature_phone
dev_004387,cli_003960,2024-12-05,smartphone
dev_004388,cli_003961,2025-04-12,smartphone
dev_004389,cli_003962,2025-10-11,smartphone
dev_004390,cli_003963,2026-05-04,smartphone
dev_004391,cli_003964,2026-07-26,feature_phone
dev_004392,cli_003965,2025-09-02,feature_phone
dev_004393,cli_003966,2026-07-02,feature_phone
dev_004394,cli_003966,2026-09-23,smartphone
dev_004395,cli_003967,2026-02-09,smartphone
dev_004396,cli_003968,2025-05-15,feature_phone
dev_004397,cli_003969,2026-09-14,smartphone
dev_004398,cli_003970,2024-10-02,smartphone
dev_004399,cli_003971,2025-11-09,feature_phone
dev_004400,cli_003972,2024-12-28,smartphone
dev_004401,cli_003972,2025-04-18,smartphone
dev_004402,cli_003973,2026-05-21,smartphone
dev_004403,cli_003974,2025-10-23,smartphone
dev_004404,cli_003975,2024-10-25,smartphone
dev_004405,cli_003976,2025-06-20,smartphone
dev_004406,cli_003977,2025-02-11,feature_phone
dev_004407,cli_003978,2025-05-12,smartphone
dev_004408,cli_003979,2025-04-02,smartphone
dev_004409,cli_003980,2026-01-01,smartphone
dev_004410,cli_003981,2025-10-28,smartphone
dev_004411,cli_003982,2026-08-18,smartphone
dev_004412,cli_003983,2026-03-19,smartphone
dev_004413,cli_003983,2026-09-21,smartphone
dev_004414,cli_003984,2026-08-07,feature_phone
dev_004415,cli_003985,2026-01-30,feature_phone
dev_004416,cli_003986,2025-04-12,smartphone
dev_004417,cli_003987,2026-04-28,smartphone
dev_004418,cli_003988,2025-10-10,feature_phone
dev_004419,cli_003989,2025-08-17,feature_phone
dev_004420,cli_003990,2026-05-27,feature_phone
dev_004421,cli_003991,2025-02-09,smartphone
dev_004422,cli_003991,2026-06-05,smartphone
dev_004423,cli_003992,2025-03-10,feature_phone
dev_004424,cli_003993,2026-05-10,smartphone
dev_004425,cli_003994,2026-08-28,smartphone
dev_004426,cli_003995,2026-09-20,smartphone
dev_004427,cli_003996,2026-02-22,smartphone
dev_004428,cli_003997,2026-06-24,smartphone
dev_004429,cli_003998,2026-09-11,smartphone
dev_004430,cli_003999,2025-10-22,smartphone
dev_004431,cli_004000,2025-09-06,feature_phone
dev_004432,cli_004001,2026-09-10,smartphone
dev_004433,cli_004002,2025-07-14,smartphone
dev_004434,cli_004003,2025-12-04,feature_phone
dev_004435,cli_004004,2026-04-30,feature_phone
dev_004436,cli_004005,2026-07-04,smartphone
dev_004437,cli_004006,2025-03-19,smartphone
dev_004438,cli_004007,2026-07-07,smartphone
dev_004439,cli_004008,2026-04-30,smartphone
dev_004440,cli_004009,2025-04-22,smartphone
dev_004441,cli_004010,2025-06-21,smartphone
dev_004442,cli_004011,2024-09-25,smartphone
dev_004443,cli_004012,2026-08-25,smartphone
dev_004444,cli_004013,2026-05-05,smartphone
dev_004445,cli_004014,2025-05-29,feature_phone
dev_004446,cli_004015,2026-04-09,smartphone
dev_004447,cli_004016,2025-12-20,smartphone
dev_004448,cli_004017,2026-02-19,smartphone
dev_004449,cli_004018,2025-02-11,feature_phone
dev_004450,cli_004019,2025-02-28,feature_phone
dev_004451,cli_004019,2025-06-29,smartphone
dev_004452,cli_004020,2025-02-13,smartphone
dev_004453,cli_004021,2025-09-20,smartphone
dev_004454,cli_004022,2025-10-03,smartphone
dev_004455,cli_004023,2025-08-03,feature_phone
dev_004456,cli_004024,2026-08-05,smartphone
dev_004457,cli_004025,2025-08-21,feature_phone
dev_004458,cli_004026,2026-03-06,smartphone
dev_004459,cli_004027,2024-11-09,smartphone
dev_004460,cli_004028,2026-05-12,feature_phone
dev_004461,cli_004029,2026-08-29,feature_phone
dev_004462,cli_004030,2024-10-21,smartphone
dev_004463,cli_004031,2026-05-31,feature_phone
dev_004464,cli_004031,2026-07-12,smartphone
dev_004465,cli_004032,2025-09-11,smartphone
dev_004466,cli_004032,2026-01-15,smartphone
dev_004467,cli_004033,2025-12-19,smartphone
dev_004468,cli_004034,2026-03-11,feature_phone
dev_004469,cli_004035,2025-10-03,smartphone
dev_004470,cli_004036,2025-04-08,feature_phone
dev_004471,cli_004037,2026-07-02,smartphone
dev_004472,cli_004038,2025-05-29,smartphone
dev_004473,cli_004039,2024-12-11,smartphone
dev_004474,cli_004040,2026-02-24,smartphone
dev_004475,cli_004041,2025-05-17,smartphone
dev_004476,cli_004042,2024-11-22,smartphone
dev_004477,cli_004042,2026-03-18,smartphone
dev_004478,cli_004043,2024-11-13,smartphone
dev_004479,cli_004044,2025-06-08,smartphone
dev_004480,cli_004044,2026-05-07,feature_phone
dev_004481,cli_004045,2024-11-07,feature_phone
dev_004482,cli_004046,2025-03-06,smartphone
dev_004483,cli_004047,2025-09-15,smartphone
dev_004484,cli_004048,2026-06-24,smartphone
dev_004485,cli_004049,2025-01-10,feature_phone
dev_004486,cli_004050,2026-02-27,smartphone
dev_004487,cli_004051,2025-04-04,smartphone
dev_004488,cli_004052,2025-06-10,smartphone
dev_004489,cli_004052,2026-03-02,feature_phone
dev_004490,cli_004053,2026-01-04,feature_phone
dev_004491,cli_004054,2025-03-08,smartphone
dev_004492,cli_004055,2025-06-01,feature_phone
dev_004493,cli_004055,2026-04-28,smartphone
dev_004494,cli_004056,2025-03-29,smartphone
dev_004495,cli_004057,2024-10-29,smartphone
dev_004496,cli_004058,2026-03-07,smartphone
dev_004497,cli_004059,2025-03-16,smartphone
dev_004498,cli_004060,2026-08-26,smartphone
dev_004499,cli_004061,2025-04-24,smartphone
dev_004500,cli_004062,2026-06-02,feature_phone
dev_004501,cli_004063,2026-04-15,feature_phone
dev_004502,cli_004064,2026-05-04,smartphone
dev_004503,cli_004065,2025-01-26,smartphone
dev_004504,cli_004066,2025-12-25,feature_phone
dev_004505,cli_004067,2025-12-13,smartphone
dev_004506,cli_004068,2026-01-03,smartphone
dev_004507,cli_004068,2026-04-21,smartphone
dev_004508,cli_004069,2025-06-26,smartphone
dev_004509,cli_004069,2025-08-21,smartphone
dev_004510,cli_004070,2024-11-25,smartphone
dev_004511,cli_004071,2025-05-17,smartphone
dev_004512,cli_004072,2026-07-12,smartphone
dev_004513,cli_004073,2025-09-13,smartphone
dev_004514,cli_004073,2025-11-03,smartphone
dev_004515,cli_004074,2026-07-07,smartphone
dev_004516,cli_004075,2026-05-26,smartphone
dev_004517,cli_004076,2026-05-03,smartphone
dev_004518,cli_004077,2025-05-03,smartphone
dev_004519,cli_004078,2024-12-24,smartphone
dev_004520,cli_004078,2025-03-01,smartphone
dev_004521,cli_004079,2026-03-27,smartphone
dev_004522,cli_004080,2024-11-06,feature_phone
dev_004523,cli_004081,2026-03-14,smartphone
dev_004524,cli_004082,2026-02-12,feature_phone
dev_004525,cli_004082,2026-05-26,smartphone
dev_004526,cli_004083,2026-06-23,smartphone
dev_004527,cli_004084,2026-08-20,feature_phone
dev_004528,cli_004085,2025-06-29,smartphone
dev_004529,cli_004086,2025-11-30,smartphone
dev_004530,cli_004087,2026-06-30,feature_phone
dev_004531,cli_004088,2025-08-08,feature_phone
dev_004532,cli_004089,2026-01-15,smartphone
dev_004533,cli_004090,2025-12-11,feature_phone
dev_004534,cli_004091,2024-12-14,smartphone
dev_004535,cli_004091,2026-02-09,smartphone
dev_004536,cli_004092,2025-12-03,smartphone
dev_004537,cli_004093,2025-10-28,smartphone
dev_004538,cli_004094,2025-05-10,feature_phone
dev_004539,cli_004094,2025-08-23,smartphone
dev_004540,cli_004095,2024-12-10,smartphone
dev_004541,cli_004096,2025-04-03,smartphone
dev_004542,cli_004096,2026-01-26,smartphone
dev_004543,cli_004097,2025-09-29,feature_phone
dev_004544,cli_004098,2026-02-13,smartphone
dev_004545,cli_004099,2026-05-16,smartphone
dev_004546,cli_004100,2026-06-25,feature_phone
dev_004547,cli_004100,2026-08-14,feature_phone
dev_004548,cli_004101,2025-03-19,feature_phone
dev_004549,cli_004102,2025-04-04,smartphone
dev_004550,cli_004103,2026-01-09,smartphone
dev_004551,cli_004104,2024-11-08,feature_phone
dev_004552,cli_004104,2025-09-06,feature_phone
dev_004553,cli_004105,2024-10-19,feature_phone
dev_004554,cli_004106,2025-06-28,smartphone
dev_004555,cli_004107,2026-03-16,smartphone
dev_004556,cli_004108,2025-09-19,smartphone
dev_004557,cli_004109,2025-02-01,smartphone
dev_004558,cli_004110,2025-09-19,smartphone
dev_004559,cli_004111,2025-09-28,smartphone
dev_004560,cli_004112,2025-08-31,smartphone
dev_004561,cli_004113,2025-01-18,feature_phone
dev_004562,cli_004114,2025-11-28,feature_phone
dev_004563,cli_004115,2026-05-13,feature_phone
dev_004564,cli_004116,2025-09-14,feature_phone
dev_004565,cli_004117,2025-06-19,smartphone
dev_004566,cli_004118,2024-11-11,smartphone
dev_004567,cli_004119,2026-07-03,smartphone
dev_004568,cli_004120,2024-11-05,smartphone
dev_004569,cli_004121,2025-02-13,feature_phone
dev_004570,cli_004122,2025-04-24,feature_phone
dev_004571,cli_004123,2026-04-05,feature_phone
dev_004572,cli_004124,2026-04-26,feature_phone
dev_004573,cli_004125,2025-11-16,feature_phone
dev_004574,cli_004126,2026-05-13,smartphone
dev_004575,cli_004126,2026-07-09,feature_phone
dev_004576,cli_004127,2025-06-02,feature_phone
dev_004577,cli_004128,2025-03-24,feature_phone
dev_004578,cli_004129,2025-10-10,smartphone
dev_004579,cli_004130,2025-05-07,feature_phone
dev_004580,cli_004131,2025-03-05,smartphone
dev_004581,cli_004132,2024-11-27,smartphone
dev_004582,cli_004133,2025-05-10,smartphone
dev_004583,cli_004133,2025-08-02,smartphone
dev_004584,cli_004134,2026-04-06,smartphone
dev_004585,cli_004135,2026-06-20,feature_phone
dev_004586,cli_004136,2024-11-07,feature_phone
dev_004587,cli_004137,2025-03-09,smartphone
dev_004588,cli_004138,2025-01-12,smartphone
dev_004589,cli_004138,2026-03-30,smartphone
dev_004590,cli_004139,2025-11-19,smartphone
dev_004591,cli_004140,2026-06-01,feature_phone
dev_004592,cli_004141,2025-07-15,feature_phone
dev_004593,cli_004141,2025-08-16,smartphone
dev_004594,cli_004142,2025-06-14,smartphone
dev_004595,cli_004143,2026-04-19,smartphone
dev_004596,cli_004144,2025-10-16,smartphone
dev_004597,cli_004144,2026-04-13,smartphone
dev_004598,cli_004145,2025-11-19,smartphone
dev_004599,cli_004145,2026-04-23,smartphone
dev_004600,cli_004146,2026-03-18,feature_phone
dev_004601,cli_004147,2025-02-05,smartphone
dev_004602,cli_004148,2025-10-04,smartphone
dev_004603,cli_004148,2026-04-23,smartphone
dev_004604,cli_004149,2024-11-17,smartphone
dev_004605,cli_004150,2026-09-23,feature_phone
dev_004606,cli_004151,2024-11-08,feature_phone
dev_004607,cli_004152,2025-05-29,smartphone
dev_004608,cli_004153,2025-05-01,smartphone
dev_004609,cli_004154,2026-02-26,smartphone
dev_004610,cli_004155,2026-07-28,smartphone
dev_004611,cli_004156,2026-04-08,smartphone
dev_004612,cli_004157,2025-11-05,feature_phone
dev_004613,cli_004158,2026-01-20,smartphone
dev_004614,cli_004159,2026-05-06,smartphone
dev_004615,cli_004160,2026-09-14,smartphone
dev_004616,cli_004161,2025-05-03,smartphone
dev_004617,cli_004162,2025-05-25,feature_phone
dev_004618,cli_004163,2026-05-29,smartphone
dev_004619,cli_004163,2026-07-15,smartphone
dev_004620,cli_004164,2025-03-02,smartphone
dev_004621,cli_004165,2024-10-11,feature_phone
dev_004622,cli_004166,2024-09-25,smartphone
dev_004623,cli_004166,2025-09-21,smartphone
dev_004624,cli_004167,2026-05-05,smartphone
dev_004625,cli_004168,2025-11-16,feature_phone
dev_004626,cli_004169,2026-08-16,smartphone
dev_004627,cli_004170,2026-09-15,smartphone
dev_004628,cli_004171,2025-01-17,smartphone
dev_004629,cli_004172,2024-10-18,smartphone
dev_004630,cli_004173,2026-04-29,feature_phone
dev_004631,cli_004174,2025-10-20,smartphone
dev_004632,cli_004175,2026-09-06,smartphone
dev_004633,cli_004176,2025-02-06,smartphone
dev_004634,cli_004177,2025-08-20,feature_phone
dev_004635,cli_004178,2026-02-23,smartphone
dev_004636,cli_004179,2024-10-17,smartphone
dev_004637,cli_004180,2026-06-16,smartphone
dev_004638,cli_004181,2026-03-12,smartphone
dev_004639,cli_004182,2025-03-27,feature_phone
dev_004640,cli_004182,2026-04-02,smartphone
dev_004641,cli_004183,2025-11-30,smartphone
dev_004642,cli_004184,2025-05-01,smartphone
dev_004643,cli_004185,2026-04-04,smartphone
dev_004644,cli_004186,2025-06-01,smartphone
dev_004645,cli_004187,2025-08-13,smartphone
dev_004646,cli_004187,2026-03-07,feature_phone
dev_004647,cli_004188,2026-08-20,feature_phone
dev_004648,cli_004189,2026-01-31,smartphone
dev_004649,cli_004190,2026-02-19,feature_phone
dev_004650,cli_004191,2025-07-19,feature_phone
dev_004651,cli_004192,2025-11-08,smartphone
dev_004652,cli_004193,2025-10-10,smartphone
dev_004653,cli_004194,2026-05-23,smartphone
dev_004654,cli_004195,2024-11-15,smartphone
dev_004655,cli_004196,2025-03-26,smartphone
dev_004656,cli_004197,2025-05-23,smartphone
dev_004657,cli_004198,2026-03-07,feature_phone
dev_004658,cli_004199,2025-05-14,smartphone
dev_004659,cli_004200,2026-04-05,feature_phone
dev_004660,cli_004201,2025-10-04,smartphone
dev_004661,cli_004202,2026-03-12,smartphone
dev_004662,cli_004203,2026-02-15,feature_phone
dev_004663,cli_004204,2025-06-07,smartphone
dev_004664,cli_004205,2026-02-07,smartphone
dev_004665,cli_004206,2025-04-09,smartphone
dev_004666,cli_004207,2025-09-21,feature_phone
dev_004667,cli_004208,2024-10-08,smartphone
dev_004668,cli_004209,2026-05-07,smartphone
dev_004669,cli_004210,2024-11-04,smartphone
dev_004670,cli_004210,2025-05-02,smartphone
dev_004671,cli_004211,2026-06-19,smartphone
dev_004672,cli_004212,2025-08-19,smartphone
dev_004673,cli_004213,2025-12-26,smartphone
dev_004674,cli_004214,2025-03-24,smartphone
dev_004675,cli_004215,2026-06-20,feature_phone
dev_004676,cli_004216,2026-03-22,smartphone
dev_004677,cli_004217,2026-04-08,smartphone
dev_004678,cli_004218,2024-11-21,smartphone
dev_004679,cli_004219,2025-08-29,feature_phone
dev_004680,cli_004220,2026-05-27,smartphone
dev_004681,cli_004221,2025-02-25,smartphone
dev_004682,cli_004222,2026-02-27,smartphone
dev_004683,cli_004222,2026-06-23,smartphone
dev_004684,cli_004223,2026-04-13,smartphone
dev_004685,cli_004224,2025-09-28,smartphone
dev_004686,cli_004225,2025-02-23,smartphone
dev_004687,cli_004226,2025-01-19,smartphone
dev_004688,cli_004227,2026-09-12,feature_phone
dev_004689,cli_004228,2024-12-08,feature_phone
dev_004690,cli_004229,2024-09-27,feature_phone
dev_004691,cli_004230,2026-02-02,feature_phone
dev_004692,cli_004230,2026-08-04,smartphone
dev_004693,cli_004231,2025-09-12,smartphone
dev_004694,cli_004232,2025-12-23,smartphone
dev_004695,cli_004233,2025-10-12,smartphone
dev_004696,cli_004234,2025-06-05,smartphone
dev_004697,cli_004235,2025-06-06,smartphone
dev_004698,cli_004235,2025-11-16,smartphone
dev_004699,cli_004236,2025-10-12,feature_phone
dev_004700,cli_004237,2025-10-12,feature_phone
dev_004701,cli_004238,2025-10-02,smartphone
dev_004702,cli_004239,2025-11-30,smartphone
dev_004703,cli_004240,2026-06-26,smartphone
dev_004704,cli_004241,2025-12-27,feature_phone
dev_004705,cli_004242,2025-04-20,smartphone
dev_004706,cli_004243,2024-10-11,smartphone
dev_004707,cli_004244,2025-02-08,smartphone
dev_004708,cli_004245,2025-01-03,smartphone
dev_004709,cli_004246,2025-03-02,feature_phone
dev_004710,cli_004247,2025-09-22,feature_phone
dev_004711,cli_004248,2025-05-14,smartphone
dev_004712,cli_004249,2025-01-22,smartphone
dev_004713,cli_004249,2026-02-24,smartphone
dev_004714,cli_004250,2026-04-14,feature_phone
dev_004715,cli_004251,2026-06-07,feature_phone
dev_004716,cli_004252,2026-03-13,smartphone
dev_004717,cli_004253,2025-09-03,smartphone
dev_004718,cli_004254,2025-02-27,smartphone
dev_004719,cli_004255,2025-10-30,smartphone
dev_004720,cli_004255,2026-06-18,smartphone
dev_004721,cli_004256,2024-10-07,feature_phone
dev_004722,cli_004257,2026-01-30,smartphone
dev_004723,cli_004258,2025-10-22,smartphone
dev_004724,cli_004259,2024-11-23,feature_phone
dev_004725,cli_004260,2026-05-22,feature_phone
dev_004726,cli_004261,2025-01-25,smartphone
dev_004727,cli_004262,2026-06-05,smartphone
dev_004728,cli_004263,2024-12-01,smartphone
dev_004729,cli_004264,2026-01-31,feature_phone
dev_004730,cli_004265,2025-06-17,smartphone
dev_004731,cli_004266,2025-04-23,smartphone
dev_004732,cli_004266,2026-01-29,smartphone
dev_004733,cli_004267,2025-12-23,smartphone
dev_004734,cli_004267,2026-09-07,feature_phone
dev_004735,cli_004268,2025-08-18,smartphone
dev_004736,cli_004269,2025-03-21,smartphone
dev_004737,cli_004270,2024-12-24,feature_phone
dev_004738,cli_004271,2026-07-06,smartphone
dev_004739,cli_004272,2025-09-27,smartphone
dev_004740,cli_004273,2025-01-10,smartphone
dev_004741,cli_004274,2025-08-14,smartphone
dev_004742,cli_004274,2026-01-26,smartphone
dev_004743,cli_004275,2026-09-03,smartphone
dev_004744,cli_004276,2026-06-24,smartphone
dev_004745,cli_004277,2025-02-04,smartphone
dev_004746,cli_004278,2025-11-19,feature_phone
dev_004747,cli_004279,2025-04-28,smartphone
dev_004748,cli_004280,2024-12-12,feature_phone
dev_004749,cli_004281,2026-07-21,smartphone
dev_004750,cli_004282,2025-10-27,smartphone
dev_004751,cli_004283,2026-06-08,smartphone
dev_004752,cli_004284,2025-01-18,smartphone
dev_004753,cli_004285,2025-10-29,smartphone
dev_004754,cli_004286,2024-12-23,feature_phone
dev_004755,cli_004287,2026-02-17,smartphone
dev_004756,cli_004287,2026-05-27,smartphone
dev_004757,cli_004288,2026-06-10,smartphone
dev_004758,cli_004289,2024-12-30,smartphone
dev_004759,cli_004290,2025-07-03,smartphone
dev_004760,cli_004291,2026-05-06,smartphone
dev_004761,cli_004292,2025-05-05,smartphone
dev_004762,cli_004293,2025-11-23,smartphone
dev_004763,cli_004294,2026-08-21,smartphone
dev_004764,cli_004295,2026-03-18,smartphone
dev_004765,cli_004296,2025-03-26,smartphone
dev_004766,cli_004297,2026-06-23,smartphone
dev_004767,cli_004298,2026-01-20,feature_phone
dev_004768,cli_004299,2026-03-18,smartphone
dev_004769,cli_004300,2025-04-07,feature_phone
dev_004770,cli_004301,2025-01-05,smartphone
dev_004771,cli_004301,2025-08-29,smartphone
dev_004772,cli_004302,2025-02-26,smartphone
dev_004773,cli_004302,2025-09-09,smartphone
dev_004774,cli_004303,2025-04-20,feature_phone
dev_004775,cli_004304,2026-07-20,smartphone
dev_004776,cli_004305,2024-11-26,smartphone
dev_004777,cli_004306,2026-05-29,smartphone
dev_004778,cli_004307,2025-12-02,feature_phone
dev_004779,cli_004308,2025-01-28,smartphone
dev_004780,cli_004309,2026-04-01,smartphone
dev_004781,cli_004310,2026-04-18,feature_phone
dev_004782,cli_004311,2026-09-04,feature_phone
dev_004783,cli_004312,2026-01-05,smartphone
dev_004784,cli_004313,2025-09-28,smartphone
dev_004785,cli_004314,2025-10-18,feature_phone
dev_004786,cli_004314,2026-02-11,smartphone
dev_004787,cli_004315,2026-08-26,smartphone
dev_004788,cli_004316,2026-04-27,feature_phone
dev_004789,cli_004317,2026-09-20,feature_phone
dev_004790,cli_004318,2026-04-12,smartphone
dev_004791,cli_004319,2025-07-10,smartphone
dev_004792,cli_004320,2026-09-17,smartphone
dev_004793,cli_004321,2026-05-26,feature_phone
dev_004794,cli_004321,2026-08-16,smartphone
dev_004795,cli_004322,2025-08-23,smartphone
dev_004796,cli_004323,2025-08-11,feature_phone
dev_004797,cli_004324,2024-12-09,smartphone
dev_004798,cli_004324,2025-06-30,smartphone
dev_004799,cli_004325,2025-08-01,feature_phone
dev_004800,cli_004326,2024-11-18,smartphone
dev_004801,cli_004327,2025-04-14,smartphone
dev_004802,cli_004328,2025-08-18,smartphone
dev_004803,cli_004329,2025-12-18,smartphone
dev_004804,cli_004330,2026-07-04,smartphone
dev_004805,cli_004331,2025-04-27,smartphone
dev_004806,cli_004332,2024-11-09,smartphone
dev_004807,cli_004333,2025-12-31,feature_phone
dev_004808,cli_004334,2026-01-07,smartphone
dev_004809,cli_004335,2026-07-14,smartphone
dev_004810,cli_004336,2025-07-15,feature_phone
dev_004811,cli_004337,2026-02-10,smartphone
dev_004812,cli_004338,2026-09-16,feature_phone
dev_004813,cli_004339,2026-09-18,smartphone
dev_004814,cli_004340,2026-01-22,smartphone
dev_004815,cli_004340,2026-08-23,feature_phone
dev_004816,cli_004341,2025-10-21,smartphone
dev_004817,cli_004342,2025-10-25,smartphone
dev_004818,cli_004343,2025-04-02,feature_phone
dev_004819,cli_004343,2025-09-05,feature_phone
dev_004820,cli_004344,2025-09-04,feature_phone
dev_004821,cli_004345,2025-02-28,feature_phone
dev_004822,cli_004346,2026-02-19,feature_phone
dev_004823,cli_004347,2026-04-07,feature_phone
dev_004824,cli_004348,2025-08-26,smartphone
dev_004825,cli_004349,2026-07-08,feature_phone
dev_004826,cli_004350,2025-03-15,feature_phone
dev_004827,cli_004351,2026-05-11,smartphone
dev_004828,cli_004352,2024-11-25,feature_phone
dev_004829,cli_004353,2024-10-06,smartphone
dev_004830,cli_004354,2025-08-28,smartphone
dev_004831,cli_004355,2026-02-08,smartphone
dev_004832,cli_004356,2026-01-20,smartphone
dev_004833,cli_004357,2025-11-15,feature_phone
dev_004834,cli_004358,2025-10-09,smartphone
dev_004835,cli_004358,2026-03-19,smartphone
dev_004836,cli_004359,2026-07-30,feature_phone
dev_004837,cli_004360,2026-05-02,smartphone
dev_004838,cli_004360,2026-06-17,smartphone
dev_004839,cli_004361,2025-02-25,feature_phone
dev_004840,cli_004362,2026-08-16,feature_phone
dev_004841,cli_004363,2025-11-01,smartphone
dev_004842,cli_004364,2024-12-25,feature_phone
dev_004843,cli_004365,2026-07-22,smartphone
dev_004844,cli_004366,2024-11-18,smartphone
dev_004845,cli_004367,2025-10-14,feature_phone
dev_004846,cli_004368,2025-11-19,smartphone
dev_004847,cli_004369,2025-04-22,smartphone
dev_004848,cli_004370,2025-03-06,smartphone
dev_004849,cli_004371,2025-10-14,smartphone
dev_004850,cli_004372,2026-07-25,feature_phone
dev_004851,cli_004373,2024-10-17,smartphone
dev_004852,cli_004374,2026-09-17,smartphone
dev_004853,cli_004375,2024-12-27,smartphone
dev_004854,cli_004376,2025-11-11,feature_phone
dev_004855,cli_004377,2025-09-13,smartphone
dev_004856,cli_004378,2025-03-15,smartphone
dev_004857,cli_004379,2024-11-07,smartphone
dev_004858,cli_004379,2025-07-06,feature_phone
dev_004859,cli_004380,2026-06-06,smartphone
dev_004860,cli_004381,2025-02-09,smartphone
dev_004861,cli_004382,2025-05-30,feature_phone
dev_004862,cli_004383,2025-12-29,smartphone
dev_004863,cli_004384,2025-11-17,smartphone
dev_004864,cli_004385,2025-03-10,smartphone
dev_004865,cli_004386,2026-06-13,smartphone
dev_004866,cli_004387,2025-09-20,feature_phone
dev_004867,cli_004388,2025-04-15,feature_phone
dev_004868,cli_004389,2025-08-26,feature_phone
dev_004869,cli_004390,2025-11-01,feature_phone
dev_004870,cli_004391,2025-09-09,smartphone
dev_004871,cli_004391,2026-05-02,smartphone
dev_004872,cli_004392,2025-09-16,smartphone
dev_004873,cli_004393,2025-02-15,feature_phone
dev_004874,cli_004394,2025-02-02,feature_phone
dev_004875,cli_004394,2025-10-26,smartphone
dev_004876,cli_004395,2024-11-23,feature_phone
dev_004877,cli_004396,2026-08-02,feature_phone
dev_004878,cli_004397,2026-02-03,feature_phone
dev_004879,cli_004398,2024-12-23,smartphone
dev_004880,cli_004399,2025-06-13,smartphone
dev_004881,cli_004400,2025-12-23,smartphone
dev_004882,cli_004400,2026-09-11,smartphone
dev_004883,cli_004401,2025-06-22,feature_phone
dev_004884,cli_004402,2025-10-21,smartphone
dev_004885,cli_004403,2024-12-16,smartphone
dev_004886,cli_004404,2025-08-13,smartphone
dev_004887,cli_004405,2025-11-01,smartphone
dev_004888,cli_004406,2025-06-26,smartphone
dev_004889,cli_004407,2026-05-08,smartphone
dev_004890,cli_004408,2025-03-11,smartphone
dev_004891,cli_004409,2026-04-28,smartphone
dev_004892,cli_004410,2026-09-06,smartphone
dev_004893,cli_004411,2026-08-17,smartphone
dev_004894,cli_004412,2026-08-06,feature_phone
dev_004895,cli_004413,2026-07-12,feature_phone
dev_004896,cli_004414,2026-08-18,feature_phone
dev_004897,cli_004415,2026-02-16,feature_phone
dev_004898,cli_004416,2024-10-23,smartphone
dev_004899,cli_004417,2026-07-11,smartphone
dev_004900,cli_004418,2025-05-19,smartphone
dev_004901,cli_004419,2024-12-27,feature_phone
dev_004902,cli_004420,2025-02-11,smartphone
dev_004903,cli_004421,2026-01-03,smartphone
dev_004904,cli_004422,2026-08-16,feature_phone
dev_004905,cli_004423,2025-12-29,smartphone
dev_004906,cli_004424,2025-07-12,feature_phone
dev_004907,cli_004425,2025-03-20,smartphone
dev_004908,cli_004426,2026-06-12,feature_phone
dev_004909,cli_004427,2026-02-16,smartphone
dev_004910,cli_004428,2025-07-12,smartphone
dev_004911,cli_004429,2025-04-20,feature_phone
dev_004912,cli_004430,2026-02-09,smartphone
dev_004913,cli_004431,2025-02-01,smartphone
dev_004914,cli_004432,2025-02-16,smartphone
dev_004915,cli_004433,2026-01-04,smartphone
dev_004916,cli_004434,2025-08-29,smartphone
dev_004917,cli_004434,2026-03-24,feature_phone
dev_004918,cli_004435,2025-10-10,feature_phone
dev_004919,cli_004436,2025-05-24,smartphone
dev_004920,cli_004437,2026-02-01,smartphone
dev_004921,cli_004438,2026-01-26,feature_phone
dev_004922,cli_004439,2025-11-19,smartphone
dev_004923,cli_004440,2026-04-19,smartphone
dev_004924,cli_004441,2025-07-27,smartphone
dev_004925,cli_004442,2024-10-25,smartphone
dev_004926,cli_004443,2026-01-12,feature_phone
dev_004927,cli_004444,2025-01-04,feature_phone
dev_004928,cli_004445,2025-10-20,smartphone
dev_004929,cli_004446,2026-05-26,smartphone
dev_004930,cli_004447,2025-09-27,smartphone
dev_004931,cli_004448,2025-09-24,smartphone
dev_004932,cli_004449,2026-09-06,feature_phone
dev_004933,cli_004450,2025-10-09,smartphone
dev_004934,cli_004451,2026-05-27,feature_phone
dev_004935,cli_004452,2025-02-21,smartphone
dev_004936,cli_004453,2025-08-25,smartphone
dev_004937,cli_004454,2026-02-14,smartphone
dev_004938,cli_004455,2026-09-22,smartphone
dev_004939,cli_004456,2025-08-03,feature_phone
dev_004940,cli_004457,2025-04-28,feature_phone
dev_004941,cli_004458,2025-11-18,smartphone
dev_004942,cli_004459,2024-12-02,smartphone
dev_004943,cli_004460,2026-05-03,smartphone
dev_004944,cli_004461,2025-03-22,feature_phone
dev_004945,cli_004462,2025-09-27,smartphone
dev_004946,cli_004462,2026-01-10,smartphone
dev_004947,cli_004463,2026-02-06,smartphone
dev_004948,cli_004463,2026-06-24,smartphone
dev_004949,cli_004464,2026-02-25,smartphone
dev_004950,cli_004465,2025-10-31,smartphone
dev_004951,cli_004466,2026-07-27,smartphone
dev_004952,cli_004467,2025-06-06,smartphone
dev_004953,cli_004468,2025-11-29,feature_phone
dev_004954,cli_004469,2025-05-15,smartphone
dev_004955,cli_004470,2025-09-13,smartphone
dev_004956,cli_004471,2024-10-11,smartphone
dev_004957,cli_004472,2026-07-25,smartphone
dev_004958,cli_004473,2025-09-29,smartphone
dev_004959,cli_004474,2025-08-29,smartphone
dev_004960,cli_004475,2026-03-26,feature_phone
dev_004961,cli_004476,2025-05-21,feature_phone
dev_004962,cli_004477,2026-01-02,feature_phone
dev_004963,cli_004478,2025-03-16,smartphone
dev_004964,cli_004479,2024-11-20,smartphone
dev_004965,cli_004480,2025-01-09,feature_phone
dev_004966,cli_004481,2025-06-19,smartphone
dev_004967,cli_004481,2025-07-23,feature_phone
dev_004968,cli_004482,2025-04-18,smartphone
dev_004969,cli_004483,2025-01-01,smartphone
dev_004970,cli_004484,2024-10-09,smartphone
dev_004971,cli_004484,2025-09-25,smartphone
dev_004972,cli_004485,2025-04-14,smartphone
dev_004973,cli_004486,2024-11-27,feature_phone
dev_004974,cli_004487,2024-10-20,smartphone
dev_004975,cli_004488,2026-05-18,feature_phone
dev_004976,cli_004489,2025-09-23,smartphone
dev_004977,cli_004490,2026-01-06,feature_phone
dev_004978,cli_004491,2024-10-31,feature_phone
dev_004979,cli_004492,2025-03-30,feature_phone
dev_004980,cli_004492,2025-08-12,smartphone
dev_004981,cli_004493,2024-12-17,smartphone
dev_004982,cli_004494,2026-01-12,feature_phone
dev_004983,cli_004495,2025-01-17,smartphone
dev_004984,cli_004496,2026-07-26,feature_phone
dev_004985,cli_004497,2024-11-08,feature_phone
dev_004986,cli_004498,2026-04-09,feature_phone
dev_004987,cli_004499,2025-09-05,smartphone
dev_004988,cli_004500,2025-04-19,smartphone
dev_004989,cli_004501,2025-03-31,feature_phone
dev_004990,cli_004502,2026-04-22,smartphone
dev_004991,cli_004503,2025-08-15,smartphone
dev_004992,cli_004504,2025-09-02,smartphone
dev_004993,cli_004505,2025-03-07,smartphone
dev_004994,cli_004505,2026-04-12,smartphone
dev_004995,cli_004506,2026-02-02,smartphone
dev_004996,cli_004507,2025-03-16,feature_phone
dev_004997,cli_004508,2025-07-01,smartphone
dev_004998,cli_004509,2025-03-20,feature_phone
dev_004999,cli_004510,2024-12-24,feature_phone
dev_005000,cli_004511,2025-11-15,feature_phone
dev_005001,cli_004512,2025-11-12,smartphone
dev_005002,cli_004513,2025-02-20,smartphone
dev_005003,cli_004514,2025-03-03,smartphone
dev_005004,cli_004515,2024-12-24,feature_phone
dev_005005,cli_004516,2025-08-18,smartphone
dev_005006,cli_004517,2025-06-17,smartphone
dev_005007,cli_004518,2026-08-11,feature_phone
dev_005008,cli_004519,2025-10-27,smartphone
dev_005009,cli_004520,2026-03-28,feature_phone
dev_005010,cli_004521,2025-01-09,smartphone
dev_005011,cli_004522,2026-06-26,smartphone
dev_005012,cli_004523,2025-03-05,smartphone
dev_005013,cli_004523,2025-06-29,smartphone
dev_005014,cli_004524,2025-01-21,feature_phone
dev_005015,cli_004525,2025-10-16,smartphone
dev_005016,cli_004526,2025-05-24,smartphone
dev_005017,cli_004527,2025-07-28,feature_phone
dev_005018,cli_004528,2025-05-09,feature_phone
dev_005019,cli_004529,2025-05-12,smartphone
dev_005020,cli_004530,2026-03-23,feature_phone
dev_005021,cli_004531,2025-05-10,smartphone
dev_005022,cli_004532,2024-12-05,smartphone
dev_005023,cli_004533,2026-02-09,smartphone
dev_005024,cli_004533,2026-09-02,feature_phone
dev_005025,cli_004534,2026-02-12,smartphone
dev_005026,cli_004535,2026-02-22,feature_phone
dev_005027,cli_004536,2024-11-28,smartphone
dev_005028,cli_004537,2024-12-16,smartphone
dev_005029,cli_004538,2026-01-13,feature_phone
dev_005030,cli_004539,2024-11-09,smartphone
dev_005031,cli_004540,2025-03-17,smartphone
dev_005032,cli_004541,2025-12-04,smartphone
dev_005033,cli_004542,2025-01-30,feature_phone
dev_005034,cli_004542,2025-05-24,smartphone
dev_005035,cli_004543,2024-11-27,smartphone
dev_005036,cli_004544,2024-12-29,smartphone
dev_005037,cli_004545,2025-10-15,smartphone
dev_005038,cli_004546,2026-04-19,feature_phone
dev_005039,cli_004547,2026-05-25,smartphone
dev_005040,cli_004548,2025-01-28,smartphone
dev_005041,cli_004549,2025-04-07,smartphone
dev_005042,cli_004550,2025-04-25,smartphone
dev_005043,cli_004551,2026-08-21,smartphone
dev_005044,cli_004552,2024-10-20,feature_phone
dev_005045,cli_004553,2026-07-02,feature_phone
dev_005046,cli_004554,2025-07-27,smartphone
dev_005047,cli_004555,2024-11-07,smartphone
dev_005048,cli_004556,2026-03-31,smartphone
dev_005049,cli_004557,2025-09-11,smartphone
dev_005050,cli_004558,2025-01-19,smartphone
dev_005051,cli_004559,2026-03-13,smartphone
dev_005052,cli_004560,2026-07-11,feature_phone
dev_005053,cli_004561,2025-10-08,feature_phone
dev_005054,cli_004562,2025-02-21,smartphone
dev_005055,cli_004563,2025-07-29,feature_phone
dev_005056,cli_004564,2025-11-05,smartphone
dev_005057,cli_004565,2025-06-15,feature_phone
dev_005058,cli_004566,2026-08-17,smartphone
dev_005059,cli_004567,2026-01-13,smartphone
dev_005060,cli_004568,2024-12-22,feature_phone
dev_005061,cli_004569,2025-12-15,smartphone
dev_005062,cli_004569,2026-05-15,feature_phone
dev_005063,cli_004570,2024-10-20,smartphone
dev_005064,cli_004571,2025-08-19,feature_phone
dev_005065,cli_004572,2024-11-12,smartphone
dev_005066,cli_004572,2025-12-24,smartphone
dev_005067,cli_004573,2025-06-24,feature_phone
dev_005068,cli_004574,2025-11-22,smartphone
dev_005069,cli_004575,2024-11-21,feature_phone
dev_005070,cli_004576,2026-03-11,smartphone
dev_005071,cli_004577,2025-12-12,smartphone
dev_005072,cli_004578,2025-04-15,smartphone
dev_005073,cli_004578,2025-07-29,smartphone
dev_005074,cli_004579,2024-12-25,feature_phone
dev_005075,cli_004580,2026-05-06,smartphone
dev_005076,cli_004581,2024-09-29,feature_phone
dev_005077,cli_004582,2025-11-14,smartphone
dev_005078,cli_004583,2026-01-19,smartphone
dev_005079,cli_004584,2026-06-22,feature_phone
dev_005080,cli_004585,2026-09-04,feature_phone
dev_005081,cli_004586,2025-08-13,smartphone
dev_005082,cli_004586,2026-05-05,smartphone
dev_005083,cli_004587,2025-07-10,smartphone
dev_005084,cli_004588,2026-07-17,smartphone
dev_005085,cli_004589,2024-12-04,smartphone
dev_005086,cli_004590,2025-08-23,smartphone
dev_005087,cli_004591,2026-08-16,feature_phone
dev_005088,cli_004592,2025-01-18,feature_phone
dev_005089,cli_004593,2026-05-03,feature_phone
dev_005090,cli_004594,2025-05-21,smartphone
dev_005091,cli_004595,2025-05-19,feature_phone
dev_005092,cli_004596,2025-02-10,smartphone
dev_005093,cli_004596,2026-04-01,smartphone
dev_005094,cli_004597,2025-02-10,smartphone
dev_005095,cli_004598,2024-10-05,smartphone
dev_005096,cli_004599,2026-07-22,feature_phone
dev_005097,cli_004600,2025-12-31,feature_phone
dev_005098,cli_004601,2026-01-01,smartphone
dev_005099,cli_004602,2025-12-23,smartphone
dev_005100,cli_004603,2026-04-02,feature_phone
dev_005101,cli_004604,2026-04-06,smartphone
dev_005102,cli_004605,2024-10-20,feature_phone
dev_005103,cli_004606,2024-12-07,feature_phone
dev_005104,cli_004607,2025-05-14,smartphone
dev_005105,cli_004608,2025-08-15,smartphone
dev_005106,cli_004609,2025-10-12,smartphone
dev_005107,cli_004609,2026-05-19,smartphone
dev_005108,cli_004610,2025-05-14,smartphone
dev_005109,cli_004611,2025-01-03,smartphone
dev_005110,cli_004612,2025-11-17,smartphone
dev_005111,cli_004612,2026-01-29,smartphone
dev_005112,cli_004613,2025-08-28,feature_phone
dev_005113,cli_004614,2024-11-28,smartphone
dev_005114,cli_004615,2024-11-28,feature_phone
dev_005115,cli_004616,2026-04-09,smartphone
dev_005116,cli_004617,2026-04-02,smartphone
dev_005117,cli_004618,2026-04-28,feature_phone
dev_005118,cli_004619,2026-09-04,smartphone
dev_005119,cli_004620,2025-05-05,smartphone
dev_005120,cli_004621,2025-11-15,smartphone
dev_005121,cli_004622,2026-08-31,feature_phone
dev_005122,cli_004623,2026-04-28,smartphone
dev_005123,cli_004624,2025-09-01,smartphone
dev_005124,cli_004625,2025-01-22,feature_phone
dev_005125,cli_004626,2025-05-28,smartphone
dev_005126,cli_004626,2025-07-04,feature_phone
dev_005127,cli_004627,2025-08-31,smartphone
dev_005128,cli_004627,2026-02-02,smartphone
dev_005129,cli_004628,2026-05-11,smartphone
dev_005130,cli_004629,2026-02-25,smartphone
dev_005131,cli_004630,2025-03-02,feature_phone
dev_005132,cli_004630,2026-07-10,smartphone
dev_005133,cli_004631,2025-03-09,smartphone
dev_005134,cli_004632,2024-12-30,feature_phone
dev_005135,cli_004633,2025-09-04,smartphone
dev_005136,cli_004634,2026-03-08,smartphone
dev_005137,cli_004635,2025-09-22,feature_phone
dev_005138,cli_004636,2024-12-09,smartphone
dev_005139,cli_004637,2026-05-15,feature_phone
dev_005140,cli_004638,2025-01-14,smartphone
dev_005141,cli_004639,2024-09-28,smartphone
dev_005142,cli_004640,2025-02-03,feature_phone
dev_005143,cli_004640,2025-12-31,feature_phone
dev_005144,cli_004641,2025-05-31,smartphone
dev_005145,cli_004642,2025-11-29,smartphone
dev_005146,cli_004643,2025-01-08,feature_phone
dev_005147,cli_004644,2026-05-29,smartphone
dev_005148,cli_004645,2025-03-19,smartphone
dev_005149,cli_004646,2025-12-05,smartphone
dev_005150,cli_004647,2025-09-22,smartphone
dev_005151,cli_004648,2025-10-21,smartphone
dev_005152,cli_004649,2026-09-16,smartphone
dev_005153,cli_004650,2024-10-04,smartphone
dev_005154,cli_004650,2026-01-07,smartphone
dev_005155,cli_004651,2025-05-25,feature_phone
dev_005156,cli_004652,2025-07-13,smartphone
dev_005157,cli_004653,2026-07-12,smartphone
dev_005158,cli_004654,2025-03-05,smartphone
dev_005159,cli_004654,2026-06-09,smartphone
dev_005160,cli_004655,2024-10-23,feature_phone
dev_005161,cli_004656,2025-02-07,feature_phone
dev_005162,cli_004656,2025-09-02,smartphone
dev_005163,cli_004657,2026-03-26,smartphone
dev_005164,cli_004658,2026-05-14,feature_phone
dev_005165,cli_004659,2025-12-30,smartphone
dev_005166,cli_004660,2026-09-07,feature_phone
dev_005167,cli_004661,2025-08-17,smartphone
dev_005168,cli_004662,2025-10-24,feature_phone
dev_005169,cli_004663,2025-09-22,feature_phone
dev_005170,cli_004664,2024-10-02,smartphone
dev_005171,cli_004665,2025-06-03,smartphone
dev_005172,cli_004665,2026-08-23,smartphone
dev_005173,cli_004666,2025-11-24,smartphone
dev_005174,cli_004667,2025-03-01,smartphone
dev_005175,cli_004668,2025-12-28,smartphone
dev_005176,cli_004669,2025-03-20,feature_phone
dev_005177,cli_004670,2024-11-13,smartphone
dev_005178,cli_004671,2024-12-01,smartphone
dev_005179,cli_004672,2025-09-10,feature_phone
dev_005180,cli_004673,2025-10-16,smartphone
dev_005181,cli_004674,2025-12-08,smartphone
dev_005182,cli_004675,2025-08-30,smartphone
dev_005183,cli_004676,2024-11-10,feature_phone
dev_005184,cli_004677,2024-12-25,smartphone
dev_005185,cli_004678,2025-07-08,feature_phone
dev_005186,cli_004679,2026-03-02,smartphone
dev_005187,cli_004680,2025-12-23,smartphone
dev_005188,cli_004681,2026-03-28,feature_phone
dev_005189,cli_004682,2026-05-11,feature_phone
dev_005190,cli_004683,2026-09-17,smartphone
dev_005191,cli_004684,2025-03-08,smartphone
dev_005192,cli_004685,2025-04-03,smartphone
dev_005193,cli_004686,2026-05-16,smartphone
dev_005194,cli_004687,2025-05-10,feature_phone
dev_005195,cli_004688,2026-05-26,feature_phone
dev_005196,cli_004689,2026-03-06,smartphone
dev_005197,cli_004690,2026-03-19,smartphone
dev_005198,cli_004691,2026-06-21,smartphone
dev_005199,cli_004692,2025-04-10,smartphone
dev_005200,cli_004693,2026-08-23,feature_phone
dev_005201,cli_004694,2025-12-02,smartphone
dev_005202,cli_004695,2025-10-03,smartphone
dev_005203,cli_004696,2025-07-30,feature_phone
dev_005204,cli_004697,2026-05-05,smartphone
dev_005205,cli_004698,2025-10-15,smartphone
dev_005206,cli_004699,2025-02-22,smartphone
dev_005207,cli_004700,2025-12-25,smartphone
dev_005208,cli_004701,2024-10-31,smartphone
dev_005209,cli_004702,2025-11-14,smartphone
dev_005210,cli_004703,2025-03-06,smartphone
dev_005211,cli_004703,2025-06-15,feature_phone
dev_005212,cli_004704,2026-07-02,smartphone
dev_005213,cli_004705,2025-01-11,smartphone
dev_005214,cli_004706,2025-10-09,smartphone
dev_005215,cli_004706,2026-01-19,feature_phone
dev_005216,cli_004707,2024-10-01,feature_phone
dev_005217,cli_004707,2025-05-09,smartphone
dev_005218,cli_004708,2025-05-01,smartphone
dev_005219,cli_004709,2025-04-01,smartphone
dev_005220,cli_004710,2026-06-07,smartphone
dev_005221,cli_004711,2025-08-06,smartphone
dev_005222,cli_004712,2025-04-03,smartphone
dev_005223,cli_004713,2025-02-10,smartphone
dev_005224,cli_004714,2025-12-23,smartphone
dev_005225,cli_004715,2025-08-08,smartphone
dev_005226,cli_004716,2026-05-20,smartphone
dev_005227,cli_004717,2025-11-12,feature_phone
dev_005228,cli_004718,2025-10-12,smartphone
dev_005229,cli_004719,2026-08-31,feature_phone
dev_005230,cli_004720,2024-11-24,smartphone
dev_005231,cli_004721,2025-06-12,feature_phone
dev_005232,cli_004721,2025-10-19,smartphone
dev_005233,cli_004722,2026-05-13,feature_phone
dev_005234,cli_004723,2024-12-08,smartphone
dev_005235,cli_004724,2025-05-07,smartphone
dev_005236,cli_004725,2025-05-06,feature_phone
dev_005237,cli_004726,2024-11-12,smartphone
dev_005238,cli_004727,2025-12-03,smartphone
dev_005239,cli_004727,2026-03-06,smartphone
dev_005240,cli_004728,2026-01-08,smartphone
dev_005241,cli_004729,2025-07-01,smartphone
dev_005242,cli_004730,2024-12-15,smartphone
dev_005243,cli_004731,2025-02-08,smartphone
dev_005244,cli_004731,2025-08-27,smartphone
dev_005245,cli_004732,2025-02-27,smartphone
dev_005246,cli_004733,2025-03-15,feature_phone
dev_005247,cli_004734,2026-08-29,smartphone
dev_005248,cli_004735,2025-09-30,smartphone
dev_005249,cli_004736,2026-01-07,feature_phone
dev_005250,cli_004737,2026-01-03,smartphone
dev_005251,cli_004738,2025-01-07,smartphone
dev_005252,cli_004739,2025-12-08,feature_phone
dev_005253,cli_004740,2025-01-21,feature_phone
dev_005254,cli_004741,2024-12-01,smartphone
dev_005255,cli_004742,2025-10-27,smartphone
dev_005256,cli_004743,2026-05-23,smartphone
dev_005257,cli_004744,2025-05-02,smartphone
dev_005258,cli_004745,2025-01-02,feature_phone
dev_005259,cli_004745,2026-04-28,smartphone
dev_005260,cli_004746,2025-12-01,smartphone
dev_005261,cli_004747,2026-05-04,feature_phone
dev_005262,cli_004748,2025-09-09,smartphone
dev_005263,cli_004749,2024-10-08,feature_phone
dev_005264,cli_004750,2025-09-12,smartphone
dev_005265,cli_004751,2025-11-01,smartphone
dev_005266,cli_004752,2025-11-07,smartphone
dev_005267,cli_004753,2025-04-07,smartphone
dev_005268,cli_004754,2026-01-18,feature_phone
dev_005269,cli_004755,2025-04-10,smartphone
dev_005270,cli_004756,2024-10-04,smartphone
dev_005271,cli_004757,2025-03-09,smartphone
dev_005272,cli_004758,2024-11-16,smartphone
dev_005273,cli_004759,2025-02-25,smartphone
dev_005274,cli_004760,2025-01-16,feature_phone
dev_005275,cli_004761,2026-08-26,smartphone
dev_005276,cli_004762,2026-01-09,smartphone
dev_005277,cli_004763,2026-03-08,smartphone
dev_005278,cli_004764,2025-01-02,smartphone
dev_005279,cli_004765,2026-04-09,smartphone
dev_005280,cli_004766,2024-10-18,smartphone
dev_005281,cli_004767,2025-05-02,smartphone
dev_005282,cli_004768,2026-06-25,feature_phone
dev_005283,cli_004769,2025-05-13,feature_phone
dev_005284,cli_004769,2026-06-03,smartphone
dev_005285,cli_004770,2026-01-17,smartphone
dev_005286,cli_004771,2026-02-19,feature_phone
dev_005287,cli_004772,2024-09-29,smartphone
dev_005288,cli_004773,2025-02-22,smartphone
dev_005289,cli_004774,2025-03-16,smartphone
dev_005290,cli_004775,2026-02-08,feature_phone
dev_005291,cli_004776,2025-05-28,smartphone
dev_005292,cli_004777,2026-01-17,smartphone
dev_005293,cli_004778,2025-07-11,smartphone
dev_005294,cli_004779,2025-12-07,smartphone
dev_005295,cli_004780,2025-07-06,smartphone
dev_005296,cli_004781,2025-03-30,smartphone
dev_005297,cli_004782,2026-02-06,smartphone
dev_005298,cli_004783,2026-09-15,feature_phone
dev_005299,cli_004784,2026-07-15,feature_phone
dev_005300,cli_004785,2024-12-02,smartphone
dev_005301,cli_004786,2024-10-24,feature_phone
dev_005302,cli_004786,2025-10-09,feature_phone
dev_005303,cli_004787,2025-05-07,smartphone
dev_005304,cli_004788,2026-07-07,smartphone
dev_005305,cli_004789,2025-07-23,smartphone
dev_005306,cli_004790,2025-11-12,smartphone
dev_005307,cli_004791,2026-04-03,smartphone
dev_005308,cli_004792,2025-12-21,smartphone
dev_005309,cli_004793,2025-02-28,smartphone
dev_005310,cli_004794,2024-09-27,smartphone
dev_005311,cli_004794,2025-05-14,smartphone
dev_005312,cli_004795,2024-12-26,feature_phone
dev_005313,cli_004796,2026-04-28,smartphone
dev_005314,cli_004797,2025-09-23,smartphone
dev_005315,cli_004798,2025-09-03,smartphone
dev_005316,cli_004799,2026-02-22,smartphone
dev_005317,cli_004800,2025-11-10,smartphone
dev_005318,cli_004801,2025-12-20,smartphone
dev_005319,cli_004802,2026-08-04,feature_phone
dev_005320,cli_004803,2025-11-24,smartphone
dev_005321,cli_004804,2026-01-01,feature_phone
dev_005322,cli_004805,2026-02-12,smartphone
dev_005323,cli_004806,2025-07-03,smartphone
dev_005324,cli_004807,2025-04-22,feature_phone
dev_005325,cli_004808,2026-08-20,smartphone
dev_005326,cli_004809,2026-01-17,smartphone
dev_005327,cli_004810,2026-09-01,smartphone
dev_005328,cli_004811,2025-02-02,smartphone
dev_005329,cli_004812,2024-11-17,feature_phone
dev_005330,cli_004812,2026-02-09,smartphone
dev_005331,cli_004813,2025-10-20,feature_phone
dev_005332,cli_004814,2024-11-04,feature_phone
dev_005333,cli_004815,2025-06-22,smartphone
dev_005334,cli_004816,2024-12-29,smartphone
dev_005335,cli_004817,2024-11-01,smartphone
dev_005336,cli_004818,2025-07-23,smartphone
dev_005337,cli_004819,2025-11-02,smartphone
dev_005338,cli_004820,2025-04-01,smartphone
dev_005339,cli_004820,2026-06-26,feature_phone
dev_005340,cli_004821,2026-05-22,feature_phone
dev_005341,cli_004822,2026-02-19,feature_phone
dev_005342,cli_004823,2025-08-19,smartphone
dev_005343,cli_004823,2026-03-11,smartphone
dev_005344,cli_004824,2026-04-30,smartphone
dev_005345,cli_004825,2025-09-26,smartphone
dev_005346,cli_004826,2025-01-08,smartphone
dev_005347,cli_004827,2025-03-02,smartphone
dev_005348,cli_004828,2024-12-13,smartphone
dev_005349,cli_004829,2025-01-04,smartphone
dev_005350,cli_004830,2026-01-24,feature_phone
dev_005351,cli_004831,2025-04-22,smartphone
dev_005352,cli_004832,2025-12-26,smartphone
dev_005353,cli_004833,2024-10-15,smartphone
dev_005354,cli_004834,2026-05-18,smartphone
dev_005355,cli_004835,2026-03-11,smartphone
dev_005356,cli_004836,2024-11-06,smartphone
dev_005357,cli_004837,2026-04-02,smartphone
dev_005358,cli_004838,2025-06-29,smartphone
dev_005359,cli_004839,2026-02-23,feature_phone
dev_005360,cli_004840,2026-02-28,smartphone
dev_005361,cli_004841,2025-05-22,smartphone
dev_005362,cli_004842,2025-02-21,smartphone
dev_005363,cli_004843,2026-04-07,smartphone
dev_005364,cli_004844,2024-10-07,smartphone
dev_005365,cli_004845,2026-07-21,smartphone
dev_005366,cli_004846,2026-07-13,smartphone
dev_005367,cli_004847,2024-10-11,smartphone
dev_005368,cli_004848,2026-08-14,smartphone
dev_005369,cli_004849,2026-02-06,smartphone
dev_005370,cli_004850,2026-06-27,smartphone
dev_005371,cli_004851,2026-04-14,feature_phone
dev_005372,cli_004852,2026-08-01,feature_phone
dev_005373,cli_004853,2026-01-05,feature_phone
dev_005374,cli_004854,2026-02-20,smartphone
dev_005375,cli_004855,2026-05-31,smartphone
dev_005376,cli_004856,2025-04-18,smartphone
dev_005377,cli_004857,2026-08-28,smartphone
dev_005378,cli_004858,2025-10-13,smartphone
dev_005379,cli_004859,2026-02-13,smartphone
dev_005380,cli_004860,2025-06-06,smartphone
dev_005381,cli_004861,2026-01-20,smartphone
dev_005382,cli_004862,2025-10-14,smartphone
dev_005383,cli_004863,2025-02-09,smartphone
dev_005384,cli_004864,2026-06-10,feature_phone
dev_005385,cli_004865,2025-11-10,smartphone
dev_005386,cli_004866,2025-08-10,smartphone
dev_005387,cli_004867,2025-04-04,feature_phone
dev_005388,cli_004868,2025-08-28,smartphone
dev_005389,cli_004869,2025-04-05,smartphone
dev_005390,cli_004870,2025-02-20,feature_phone
dev_005391,cli_004871,2025-02-25,smartphone
dev_005392,cli_004872,2025-07-02,smartphone
dev_005393,cli_004873,2024-11-23,feature_phone
dev_005394,cli_004874,2026-09-07,feature_phone
dev_005395,cli_004875,2025-09-25,feature_phone
dev_005396,cli_004876,2025-02-16,feature_phone
dev_005397,cli_004877,2026-07-10,smartphone
dev_005398,cli_004878,2025-02-04,smartphone
dev_005399,cli_004879,2026-08-26,smartphone
dev_005400,cli_004880,2025-02-27,feature_phone
dev_005401,cli_004881,2026-05-10,feature_phone
dev_005402,cli_004882,2025-05-25,feature_phone
dev_005403,cli_004883,2025-01-27,smartphone
dev_005404,cli_004883,2026-02-12,smartphone
dev_005405,cli_004884,2025-02-07,smartphone
dev_005406,cli_004885,2025-08-01,smartphone
dev_005407,cli_004886,2024-11-30,feature_phone
dev_005408,cli_004887,2026-06-13,feature_phone
dev_005409,cli_004888,2026-04-04,smartphone
dev_005410,cli_004889,2026-06-19,smartphone
dev_005411,cli_004890,2025-04-17,smartphone
dev_005412,cli_004891,2024-12-13,smartphone
dev_005413,cli_004892,2024-11-14,feature_phone
dev_005414,cli_004893,2025-09-09,smartphone
dev_005415,cli_004894,2026-06-19,feature_phone
dev_005416,cli_004895,2026-05-21,smartphone
dev_005417,cli_004896,2025-06-24,feature_phone
dev_005418,cli_004897,2024-12-09,smartphone
dev_005419,cli_004898,2024-10-03,feature_phone
dev_005420,cli_004899,2025-04-16,smartphone
dev_005421,cli_004900,2024-12-20,feature_phone
dev_005422,cli_004901,2025-10-10,feature_phone
dev_005423,cli_004902,2026-05-04,smartphone
dev_005424,cli_004903,2025-10-19,smartphone
dev_005425,cli_004904,2026-07-13,smartphone
dev_005426,cli_004905,2025-05-21,feature_phone
dev_005427,cli_004906,2026-01-26,smartphone
dev_005428,cli_004907,2026-01-20,smartphone
dev_005429,cli_004907,2026-07-05,smartphone
dev_005430,cli_004908,2026-09-21,feature_phone
dev_005431,cli_004909,2024-09-25,feature_phone
dev_005432,cli_004909,2025-08-01,smartphone
dev_005433,cli_004910,2025-11-16,feature_phone
dev_005434,cli_004911,2025-03-01,feature_phone
dev_005435,cli_004912,2025-09-10,smartphone
dev_005436,cli_004913,2025-06-13,feature_phone
dev_005437,cli_004914,2025-10-17,smartphone
dev_005438,cli_004915,2025-05-10,feature_phone
dev_005439,cli_004916,2026-05-01,smartphone
dev_005440,cli_004917,2024-09-27,smartphone
dev_005441,cli_004917,2025-08-20,smartphone
dev_005442,cli_004918,2025-11-16,smartphone
dev_005443,cli_004919,2026-09-16,feature_phone
dev_005444,cli_004920,2024-10-29,smartphone
dev_005445,cli_004921,2026-09-07,smartphone
dev_005446,cli_004922,2025-10-14,smartphone
dev_005447,cli_004923,2025-02-28,smartphone
dev_005448,cli_004924,2025-12-27,smartphone
dev_005449,cli_004925,2026-04-24,smartphone
dev_005450,cli_004926,2026-04-01,smartphone
dev_005451,cli_004927,2025-05-12,smartphone
dev_005452,cli_004928,2025-08-01,smartphone
dev_005453,cli_004929,2025-09-22,feature_phone
dev_005454,cli_004930,2025-09-14,smartphone
dev_005455,cli_004930,2026-09-09,feature_phone
dev_005456,cli_004931,2026-02-03,smartphone
dev_005457,cli_004932,2024-11-11,smartphone
dev_005458,cli_004932,2025-04-06,feature_phone
dev_005459,cli_004933,2026-04-08,smartphone
dev_005460,cli_004934,2025-01-21,feature_phone
dev_005461,cli_004935,2025-03-06,feature_phone
dev_005462,cli_004936,2026-09-19,feature_phone
dev_005463,cli_004937,2026-05-22,feature_phone
dev_005464,cli_004938,2025-08-17,smartphone
dev_005465,cli_004939,2026-05-31,feature_phone
dev_005466,cli_004940,2025-01-10,smartphone
dev_005467,cli_004941,2025-11-05,smartphone
dev_005468,cli_004942,2025-01-21,smartphone
dev_005469,cli_004943,2026-06-29,smartphone
dev_005470,cli_004944,2026-09-06,smartphone
dev_005471,cli_004945,2025-06-13,smartphone
dev_005472,cli_004946,2025-02-16,smartphone
dev_005473,cli_004947,2024-09-30,feature_phone
dev_005474,cli_004948,2025-02-26,smartphone
dev_005475,cli_004949,2025-03-27,feature_phone
dev_005476,cli_004950,2026-08-12,feature_phone
dev_005477,cli_004951,2025-07-11,feature_phone
dev_005478,cli_004952,2025-04-21,smartphone
dev_005479,cli_004953,2025-12-10,feature_phone
dev_005480,cli_004954,2024-09-25,feature_phone
dev_005481,cli_004954,2025-04-30,feature_phone
dev_005482,cli_004955,2024-10-03,smartphone
dev_005483,cli_004956,2025-01-07,smartphone
dev_005484,cli_004957,2024-12-21,feature_phone
dev_005485,cli_004958,2025-08-05,smartphone
dev_005486,cli_004959,2025-02-02,feature_phone
dev_005487,cli_004960,2026-08-03,smartphone
dev_005488,cli_004961,2026-04-09,smartphone
dev_005489,cli_004962,2025-05-27,smartphone
dev_005490,cli_004963,2026-06-25,smartphone
dev_005491,cli_004964,2025-02-08,feature_phone
dev_005492,cli_004964,2026-02-22,smartphone
dev_005493,cli_004965,2026-05-17,feature_phone
dev_005494,cli_004966,2026-01-12,smartphone
dev_005495,cli_004967,2026-03-19,feature_phone
dev_005496,cli_004968,2025-08-25,smartphone
dev_005497,cli_004969,2026-07-26,smartphone
dev_005498,cli_004970,2025-02-08,smartphone
dev_005499,cli_004970,2025-11-05,feature_phone
dev_005500,cli_004971,2024-12-15,smartphone
dev_005501,cli_004971,2026-04-22,smartphone
dev_005502,cli_004972,2025-03-28,smartphone
dev_005503,cli_004973,2026-05-11,smartphone
dev_005504,cli_004974,2026-02-24,smartphone
dev_005505,cli_004975,2026-04-11,smartphone
dev_005506,cli_004976,2025-07-12,feature_phone
dev_005507,cli_004976,2026-08-26,smartphone
dev_005508,cli_004977,2024-12-15,smartphone
dev_005509,cli_004978,2024-12-22,smartphone
dev_005510,cli_004979,2024-10-25,smartphone
dev_005511,cli_004979,2024-11-24,smartphone
dev_005512,cli_004980,2025-05-09,smartphone
dev_005513,cli_004980,2026-06-21,feature_phone
dev_005514,cli_004981,2026-04-15,feature_phone
dev_005515,cli_004982,2025-12-07,smartphone
dev_005516,cli_004983,2026-02-21,smartphone
dev_005517,cli_004984,2026-08-08,smartphone
dev_005518,cli_004985,2025-02-17,smartphone
dev_005519,cli_004986,2025-07-29,feature_phone
dev_005520,cli_004987,2024-10-16,feature_phone
dev_005521,cli_004988,2025-01-18,smartphone
dev_005522,cli_004988,2026-01-30,smartphone
dev_005523,cli_004989,2025-06-07,smartphone
dev_005524,cli_004990,2026-08-23,smartphone
dev_005525,cli_004991,2025-11-05,feature_phone
dev_005526,cli_004992,2025-10-12,smartphone
dev_005527,cli_004993,2025-05-20,smartphone
dev_005528,cli_004994,2025-08-06,smartphone
dev_005529,cli_004995,2025-03-04,smartphone
dev_005530,cli_004996,2026-09-07,smartphone
dev_005531,cli_004997,2026-07-03,feature_phone
dev_005532,cli_004998,2024-10-29,smartphone
dev_005533,cli_004999,2025-11-10,smartphone
dev_005534,cli_005000,2025-02-01,smartphone
dev_005535,cli_005001,2025-01-07,smartphone
dev_005536,cli_005002,2026-06-28,smartphone
dev_005537,cli_005003,2025-04-27,smartphone
dev_005538,cli_005004,2026-05-20,smartphone
dev_005539,cli_005005,2026-06-03,smartphone
dev_005540,cli_005005,2026-08-31,smartphone
dev_005541,cli_005006,2026-03-29,feature_phone
dev_005542,cli_005007,2025-03-22,smartphone
dev_005543,cli_005008,2026-07-18,feature_phone
dev_005544,cli_005009,2025-05-25,smartphone
dev_005545,cli_005010,2025-12-20,smartphone
dev_005546,cli_005011,2026-03-15,smartphone
dev_005547,cli_005012,2026-04-02,smartphone
dev_005548,cli_005013,2026-01-16,feature_phone
dev_005549,cli_005013,2026-08-19,smartphone
dev_005550,cli_005014,2026-01-12,feature_phone
dev_005551,cli_005015,2026-02-06,smartphone
dev_005552,cli_005016,2025-09-11,feature_phone
dev_005553,cli_005017,2024-09-29,feature_phone
dev_005554,cli_005018,2025-10-29,feature_phone
dev_005555,cli_005018,2026-07-03,feature_phone
dev_005556,cli_005019,2026-05-13,smartphone
dev_005557,cli_005020,2025-07-05,smartphone
dev_005558,cli_005020,2026-07-13,smartphone
dev_005559,cli_005021,2025-01-27,smartphone
dev_005560,cli_005021,2026-02-16,smartphone
dev_005561,cli_005022,2025-07-13,smartphone
dev_005562,cli_005023,2025-09-02,smartphone
dev_005563,cli_005024,2025-05-24,smartphone
dev_005564,cli_005025,2024-12-21,feature_phone
dev_005565,cli_005026,2026-07-30,feature_phone
dev_005566,cli_005027,2024-10-08,smartphone
dev_005567,cli_005028,2024-12-11,smartphone
dev_005568,cli_005028,2025-11-23,smartphone
dev_005569,cli_005029,2024-10-23,smartphone
dev_005570,cli_005029,2025-11-24,smartphone
dev_005571,cli_005030,2025-09-25,smartphone
dev_005572,cli_005030,2025-10-29,smartphone
dev_005573,cli_005031,2025-01-09,smartphone
dev_005574,cli_005032,2026-07-26,smartphone
dev_005575,cli_005033,2025-11-26,smartphone
dev_005576,cli_005034,2024-12-21,smartphone
dev_005577,cli_005035,2026-03-10,smartphone
dev_005578,cli_005036,2025-03-16,smartphone
dev_005579,cli_005037,2026-02-03,smartphone
dev_005580,cli_005038,2025-07-21,feature_phone
dev_005581,cli_005039,2025-06-04,smartphone
dev_005582,cli_005040,2024-12-23,smartphone
dev_005583,cli_005040,2025-02-20,feature_phone
dev_005584,cli_005041,2026-01-17,feature_phone
dev_005585,cli_005042,2025-02-26,smartphone
dev_005586,cli_005043,2025-11-10,feature_phone
dev_005587,cli_005044,2025-12-11,smartphone
dev_005588,cli_005044,2026-09-16,smartphone
dev_005589,cli_005045,2026-07-27,smartphone
dev_005590,cli_005046,2026-07-30,smartphone
dev_005591,cli_005047,2025-03-10,feature_phone
dev_005592,cli_005048,2026-07-09,feature_phone
dev_005593,cli_005049,2026-07-04,smartphone
dev_005594,cli_005050,2026-05-11,feature_phone
dev_005595,cli_005051,2026-01-21,smartphone
dev_005596,cli_005052,2026-05-28,feature_phone
dev_005597,cli_005053,2025-07-20,smartphone
dev_005598,cli_005054,2025-02-01,smartphone
dev_005599,cli_005055,2025-09-01,smartphone
dev_005600,cli_005056,2025-05-27,smartphone
dev_005601,cli_005057,2024-12-11,smartphone
dev_005602,cli_005058,2024-12-10,smartphone
dev_005603,cli_005059,2025-05-31,smartphone
dev_005604,cli_005060,2026-08-05,smartphone
dev_005605,cli_005061,2025-02-25,smartphone
dev_005606,cli_005062,2025-03-20,feature_phone
dev_005607,cli_005062,2026-05-01,smartphone
dev_005608,cli_005063,2026-02-14,feature_phone
dev_005609,cli_005064,2026-05-28,feature_phone
dev_005610,cli_005064,2026-09-08,smartphone
dev_005611,cli_005065,2026-06-19,feature_phone
dev_005612,cli_005066,2026-03-06,feature_phone
dev_005613,cli_005067,2025-03-31,smartphone
dev_005614,cli_005068,2024-11-03,feature_phone
dev_005615,cli_005069,2026-06-04,feature_phone
dev_005616,cli_005070,2025-11-25,smartphone
dev_005617,cli_005071,2025-01-23,smartphone
dev_005618,cli_005072,2026-07-23,feature_phone
dev_005619,cli_005073,2024-11-05,feature_phone
dev_005620,cli_005074,2026-09-10,smartphone
dev_005621,cli_005075,2026-03-01,feature_phone
dev_005622,cli_005076,2026-08-31,feature_phone
dev_005623,cli_005077,2025-03-18,feature_phone
dev_005624,cli_005078,2025-11-16,feature_phone
dev_005625,cli_005079,2025-11-09,smartphone
dev_005626,cli_005080,2025-08-21,smartphone
dev_005627,cli_005081,2026-02-18,smartphone
dev_005628,cli_005082,2025-03-21,smartphone
dev_005629,cli_005083,2025-11-13,smartphone
dev_005630,cli_005084,2025-02-20,feature_phone
dev_005631,cli_005085,2025-06-09,feature_phone
dev_005632,cli_005085,2025-08-06,smartphone
dev_005633,cli_005086,2025-05-19,smartphone
dev_005634,cli_005087,2024-10-03,smartphone
dev_005635,cli_005088,2025-09-19,smartphone
dev_005636,cli_005089,2026-02-17,smartphone
dev_005637,cli_005090,2025-04-11,smartphone
dev_005638,cli_005090,2025-11-23,smartphone
dev_005639,cli_005091,2025-04-27,smartphone
dev_005640,cli_005092,2025-10-06,smartphone
dev_005641,cli_005093,2026-01-22,smartphone
dev_005642,cli_005093,2026-08-09,feature_phone
dev_005643,cli_005094,2024-11-14,feature_phone
dev_005644,cli_005095,2026-03-24,smartphone
dev_005645,cli_005096,2026-07-28,smartphone
dev_005646,cli_005097,2025-06-20,smartphone
dev_005647,cli_005097,2025-09-12,smartphone
dev_005648,cli_005098,2026-07-26,smartphone
dev_005649,cli_005099,2025-03-18,smartphone
dev_005650,cli_005100,2025-01-18,smartphone
dev_005651,cli_005101,2025-04-19,smartphone
dev_005652,cli_005102,2026-04-04,smartphone
dev_005653,cli_005103,2024-11-05,smartphone
dev_005654,cli_005104,2026-07-21,smartphone
dev_005655,cli_005105,2026-07-07,smartphone
dev_005656,cli_005106,2026-02-14,smartphone
dev_005657,cli_005107,2025-08-25,smartphone
dev_005658,cli_005107,2025-10-25,feature_phone
dev_005659,cli_005108,2025-04-24,feature_phone
dev_005660,cli_005109,2026-02-23,smartphone
dev_005661,cli_005110,2024-11-25,feature_phone
dev_005662,cli_005111,2025-02-05,feature_phone
dev_005663,cli_005112,2026-04-08,feature_phone
dev_005664,cli_005112,2026-06-19,smartphone
dev_005665,cli_005113,2026-08-09,smartphone
dev_005666,cli_005114,2025-04-30,feature_phone
dev_005667,cli_005114,2025-11-21,smartphone
dev_005668,cli_005115,2026-05-18,smartphone
dev_005669,cli_005116,2026-03-02,smartphone
dev_005670,cli_005117,2025-03-10,smartphone
dev_005671,cli_005118,2026-05-09,smartphone
dev_005672,cli_005119,2026-01-08,smartphone
dev_005673,cli_005120,2024-11-16,feature_phone
dev_005674,cli_005121,2025-05-14,smartphone
dev_005675,cli_005122,2025-06-29,smartphone
dev_005676,cli_005123,2024-09-26,feature_phone
dev_005677,cli_005124,2025-03-11,smartphone
dev_005678,cli_005125,2025-10-23,feature_phone
dev_005679,cli_005126,2025-05-27,feature_phone
dev_005680,cli_005127,2025-08-31,smartphone
dev_005681,cli_005128,2026-01-02,smartphone
dev_005682,cli_005129,2024-10-12,smartphone
dev_005683,cli_005130,2025-07-18,smartphone
dev_005684,cli_005130,2026-04-29,smartphone
dev_005685,cli_005131,2025-03-28,smartphone
dev_005686,cli_005132,2025-11-29,smartphone
dev_005687,cli_005133,2026-05-03,smartphone
dev_005688,cli_005134,2026-06-26,smartphone
dev_005689,cli_005135,2025-02-14,smartphone
dev_005690,cli_005136,2025-09-09,feature_phone
dev_005691,cli_005136,2025-11-27,smartphone
dev_005692,cli_005137,2025-09-12,smartphone
dev_005693,cli_005138,2026-06-27,smartphone
dev_005694,cli_005139,2025-02-27,smartphone
dev_005695,cli_005140,2026-03-15,smartphone
dev_005696,cli_005141,2025-07-14,feature_phone
dev_005697,cli_005142,2026-01-11,smartphone
dev_005698,cli_005143,2026-04-11,smartphone
dev_005699,cli_005144,2026-05-28,feature_phone
dev_005700,cli_005145,2025-02-07,smartphone
dev_005701,cli_005146,2026-07-16,smartphone
dev_005702,cli_005147,2026-09-22,feature_phone
dev_005703,cli_005148,2026-02-12,feature_phone
dev_005704,cli_005149,2024-12-15,smartphone
dev_005705,cli_005150,2025-04-30,feature_phone
dev_005706,cli_005150,2026-03-20,feature_phone
dev_005707,cli_005151,2025-02-04,smartphone
dev_005708,cli_005152,2026-04-27,feature_phone
dev_005709,cli_005153,2024-10-16,smartphone
dev_005710,cli_005154,2026-06-30,smartphone
dev_005711,cli_005155,2026-08-29,smartphone
dev_005712,cli_005156,2025-10-11,feature_phone
dev_005713,cli_005157,2025-11-08,smartphone
dev_005714,cli_005158,2026-02-23,smartphone
dev_005715,cli_005159,2026-05-23,smartphone
dev_005716,cli_005160,2026-02-01,feature_phone
dev_005717,cli_005161,2025-12-25,feature_phone
dev_005718,cli_005162,2025-07-12,smartphone
dev_005719,cli_005162,2026-07-31,feature_phone
dev_005720,cli_005163,2026-01-04,smartphone
dev_005721,cli_005164,2026-03-29,smartphone
dev_005722,cli_005165,2025-07-15,smartphone
dev_005723,cli_005166,2025-07-26,smartphone
dev_005724,cli_005167,2025-11-09,smartphone
dev_005725,cli_005168,2026-07-05,smartphone
dev_005726,cli_005169,2024-10-20,feature_phone
dev_005727,cli_005170,2025-09-10,smartphone
dev_005728,cli_005171,2026-03-05,feature_phone
dev_005729,cli_005172,2025-04-12,feature_phone
dev_005730,cli_005173,2025-11-22,smartphone
dev_005731,cli_005174,2026-05-27,smartphone
dev_005732,cli_005175,2025-05-01,feature_phone
dev_005733,cli_005175,2025-09-16,smartphone
dev_005734,cli_005176,2026-07-18,smartphone
dev_005735,cli_005177,2026-03-06,smartphone
dev_005736,cli_005178,2025-05-28,feature_phone
dev_005737,cli_005179,2025-04-14,feature_phone
dev_005738,cli_005180,2024-10-01,smartphone
dev_005739,cli_005181,2025-04-25,smartphone
dev_005740,cli_005182,2026-04-08,smartphone
dev_005741,cli_005183,2025-04-22,feature_phone
dev_005742,cli_005184,2025-03-25,feature_phone
dev_005743,cli_005185,2025-05-19,feature_phone
dev_005744,cli_005185,2026-06-08,smartphone
dev_005745,cli_005186,2025-03-29,smartphone
dev_005746,cli_005187,2025-02-05,smartphone
dev_005747,cli_005188,2025-08-05,smartphone
dev_005748,cli_005189,2024-09-28,smartphone
dev_005749,cli_005190,2025-06-11,feature_phone
dev_005750,cli_005191,2026-08-14,smartphone
dev_005751,cli_005192,2026-05-21,smartphone
dev_005752,cli_005193,2025-09-26,feature_phone
dev_005753,cli_005194,2025-11-10,feature_phone
dev_005754,cli_005195,2025-02-08,smartphone
dev_005755,cli_005196,2025-05-21,feature_phone
dev_005756,cli_005197,2026-09-23,smartphone
dev_005757,cli_005198,2025-10-26,smartphone
dev_005758,cli_005199,2025-08-22,smartphone
dev_005759,cli_005199,2025-11-13,smartphone
dev_005760,cli_005200,2024-10-09,smartphone
dev_005761,cli_005201,2025-05-31,smartphone
dev_005762,cli_005202,2026-05-15,smartphone
dev_005763,cli_005203,2026-05-07,feature_phone
dev_005764,cli_005204,2026-02-05,smartphone
dev_005765,cli_005205,2025-12-05,smartphone
dev_005766,cli_005206,2026-07-06,smartphone
dev_005767,cli_005207,2025-02-25,smartphone
dev_005768,cli_005208,2026-08-05,smartphone
dev_005769,cli_005209,2026-08-06,smartphone
dev_005770,cli_005210,2026-06-23,smartphone
dev_005771,cli_005211,2026-06-17,feature_phone
dev_005772,cli_005212,2025-08-08,feature_phone
dev_005773,cli_005213,2025-02-04,smartphone
dev_005774,cli_005213,2026-01-13,smartphone
dev_005775,cli_005214,2024-11-05,smartphone
dev_005776,cli_005215,2025-02-11,smartphone
dev_005777,cli_005216,2025-05-12,feature_phone
dev_005778,cli_005217,2025-07-20,feature_phone
dev_005779,cli_005217,2026-01-19,smartphone
dev_005780,cli_005218,2026-02-10,feature_phone
dev_005781,cli_005219,2025-11-24,smartphone
dev_005782,cli_005220,2024-12-26,smartphone
dev_005783,cli_005221,2026-07-08,smartphone
dev_005784,cli_005222,2025-01-30,feature_phone
dev_005785,cli_005222,2025-06-08,smartphone
dev_005786,cli_005223,2025-02-09,smartphone
dev_005787,cli_005224,2026-08-13,smartphone
dev_005788,cli_005225,2026-03-31,feature_phone
dev_005789,cli_005226,2026-02-10,smartphone
dev_005790,cli_005227,2024-11-27,smartphone
dev_005791,cli_005228,2025-11-08,smartphone
dev_005792,cli_005229,2025-03-07,smartphone
dev_005793,cli_005230,2025-07-13,smartphone
dev_005794,cli_005231,2026-07-26,feature_phone
dev_005795,cli_005232,2025-05-25,smartphone
dev_005796,cli_005233,2025-06-17,smartphone
dev_005797,cli_005234,2024-12-28,smartphone
dev_005798,cli_005235,2024-11-21,smartphone
dev_005799,cli_005236,2025-07-22,smartphone
dev_005800,cli_005237,2024-12-22,smartphone
dev_005801,cli_005238,2026-06-14,smartphone
dev_005802,cli_005239,2025-07-03,smartphone
dev_005803,cli_005240,2025-07-29,smartphone
dev_005804,cli_005241,2026-05-21,feature_phone
dev_005805,cli_005242,2025-08-27,smartphone
dev_005806,cli_005242,2025-11-19,smartphone
dev_005807,cli_005243,2025-05-16,feature_phone
dev_005808,cli_005243,2026-01-30,smartphone
dev_005809,cli_005244,2025-11-25,smartphone
dev_005810,cli_005245,2025-05-26,smartphone
dev_005811,cli_005246,2025-03-29,smartphone
dev_005812,cli_005246,2026-04-02,feature_phone
dev_005813,cli_005247,2025-07-21,feature_phone
dev_005814,cli_005248,2025-12-07,smartphone
dev_005815,cli_005249,2026-03-14,smartphone
dev_005816,cli_005250,2025-05-30,smartphone
dev_005817,cli_005251,2024-12-06,feature_phone
dev_005818,cli_005252,2025-10-22,feature_phone
dev_005819,cli_005253,2025-09-22,feature_phone
dev_005820,cli_005254,2024-11-28,smartphone
dev_005821,cli_005255,2026-02-19,feature_phone
dev_005822,cli_005256,2025-02-12,feature_phone
dev_005823,cli_005257,2026-03-21,smartphone
dev_005824,cli_005258,2026-03-19,smartphone
dev_005825,cli_005259,2026-03-03,smartphone
dev_005826,cli_005260,2026-08-16,feature_phone
dev_005827,cli_005261,2025-10-22,smartphone
dev_005828,cli_005262,2026-01-09,smartphone
dev_005829,cli_005263,2026-04-08,smartphone
dev_005830,cli_005264,2025-03-21,feature_phone
dev_005831,cli_005265,2025-09-11,smartphone
dev_005832,cli_005266,2026-05-04,smartphone
dev_005833,cli_005267,2026-05-07,feature_phone
dev_005834,cli_005268,2025-02-10,smartphone
dev_005835,cli_005269,2026-03-10,smartphone
dev_005836,cli_005270,2025-12-10,smartphone
dev_005837,cli_005271,2026-06-28,smartphone
dev_005838,cli_005272,2025-02-14,smartphone
dev_005839,cli_005273,2026-01-06,smartphone
dev_005840,cli_005274,2025-04-28,smartphone
dev_005841,cli_005275,2025-12-02,feature_phone
dev_005842,cli_005276,2025-02-16,feature_phone
dev_005843,cli_005276,2025-09-01,feature_phone
dev_005844,cli_005277,2025-12-03,smartphone
dev_005845,cli_005278,2024-12-10,smartphone
dev_005846,cli_005279,2025-04-13,feature_phone
dev_005847,cli_005280,2025-10-08,feature_phone
dev_005848,cli_005281,2025-10-06,smartphone
dev_005849,cli_005282,2025-06-28,smartphone
dev_005850,cli_005283,2025-05-06,smartphone
dev_005851,cli_005284,2025-04-26,smartphone
dev_005852,cli_005285,2026-08-30,smartphone
dev_005853,cli_005286,2026-03-14,smartphone
dev_005854,cli_005287,2025-11-09,feature_phone
dev_005855,cli_005288,2025-08-28,smartphone
dev_005856,cli_005289,2026-07-20,smartphone
dev_005857,cli_005290,2026-05-01,smartphone
dev_005858,cli_005291,2025-10-22,feature_phone
dev_005859,cli_005292,2025-11-02,feature_phone
dev_005860,cli_005293,2025-07-02,smartphone
dev_005861,cli_005294,2026-08-04,smartphone
dev_005862,cli_005295,2025-02-20,smartphone
dev_005863,cli_005296,2026-02-16,feature_phone
dev_005864,cli_005297,2025-08-18,smartphone
dev_005865,cli_005298,2024-11-02,feature_phone
dev_005866,cli_005299,2025-12-21,smartphone
dev_005867,cli_005300,2026-02-07,smartphone
dev_005868,cli_005300,2026-05-19,smartphone
dev_005869,cli_005301,2026-03-15,smartphone
dev_005870,cli_005302,2025-06-05,smartphone
dev_005871,cli_005303,2024-10-26,feature_phone
dev_005872,cli_005304,2025-08-11,smartphone
dev_005873,cli_005305,2026-05-02,feature_phone
dev_005874,cli_005306,2024-11-03,smartphone
dev_005875,cli_005307,2026-08-24,smartphone
dev_005876,cli_005308,2025-11-28,feature_phone
dev_005877,cli_005309,2026-06-24,feature_phone
dev_005878,cli_005310,2026-08-30,smartphone
dev_005879,cli_005311,2024-09-26,feature_phone
dev_005880,cli_005311,2024-12-14,smartphone
dev_005881,cli_005312,2026-07-24,smartphone
dev_005882,cli_005313,2024-12-02,smartphone
dev_005883,cli_005314,2025-08-22,smartphone
dev_005884,cli_005315,2026-02-02,smartphone
dev_005885,cli_005316,2025-01-02,feature_phone
dev_005886,cli_005317,2026-09-21,feature_phone
dev_005887,cli_005318,2025-05-08,feature_phone
dev_005888,cli_005319,2025-03-13,feature_phone
dev_005889,cli_005320,2026-01-01,smartphone
dev_005890,cli_005320,2026-08-23,smartphone
dev_005891,cli_005321,2026-02-16,smartphone
dev_005892,cli_005322,2026-09-17,smartphone
dev_005893,cli_005323,2026-09-07,smartphone
dev_005894,cli_005324,2026-08-22,smartphone
dev_005895,cli_005325,2025-10-26,smartphone
dev_005896,cli_005326,2025-09-02,smartphone
dev_005897,cli_005326,2026-03-24,smartphone
dev_005898,cli_005327,2025-11-18,smartphone
dev_005899,cli_005328,2025-04-29,smartphone
dev_005900,cli_005329,2026-01-03,feature_phone
dev_005901,cli_005330,2025-02-24,feature_phone
dev_005902,cli_005331,2025-06-04,smartphone
dev_005903,cli_005332,2024-11-09,smartphone
dev_005904,cli_005333,2025-04-12,smartphone
dev_005905,cli_005333,2026-08-04,smartphone
dev_005906,cli_005334,2026-06-22,smartphone
dev_005907,cli_005335,2025-08-12,feature_phone
dev_005908,cli_005336,2025-06-01,feature_phone
dev_005909,cli_005337,2026-09-13,smartphone
dev_005910,cli_005338,2026-08-22,smartphone
dev_005911,cli_005339,2026-09-07,smartphone
dev_005912,cli_005340,2026-05-22,feature_phone
dev_005913,cli_005341,2024-12-20,smartphone
dev_005914,cli_005342,2026-04-01,smartphone
dev_005915,cli_005343,2026-05-11,feature_phone
dev_005916,cli_005344,2025-11-02,smartphone
dev_005917,cli_005345,2025-12-07,smartphone
dev_005918,cli_005346,2024-09-29,smartphone
dev_005919,cli_005347,2026-07-10,smartphone
dev_005920,cli_005347,2026-08-27,smartphone
dev_005921,cli_005348,2025-01-19,smartphone
dev_005922,cli_005349,2026-04-09,feature_phone
dev_005923,cli_005350,2026-02-10,smartphone
dev_005924,cli_005351,2025-10-05,feature_phone
dev_005925,cli_005352,2024-10-12,smartphone
dev_005926,cli_005352,2025-01-29,smartphone
dev_005927,cli_005353,2026-04-05,feature_phone
dev_005928,cli_005354,2026-01-16,smartphone
dev_005929,cli_005355,2025-05-31,smartphone
dev_005930,cli_005356,2025-05-23,smartphone
dev_005931,cli_005357,2025-12-30,smartphone
dev_005932,cli_005358,2026-06-20,feature_phone
dev_005933,cli_005359,2025-02-26,feature_phone
dev_005934,cli_005360,2024-12-06,smartphone
dev_005935,cli_005361,2025-07-12,feature_phone
dev_005936,cli_005362,2024-12-26,feature_phone
dev_005937,cli_005363,2026-03-22,smartphone
dev_005938,cli_005364,2025-01-02,smartphone
dev_005939,cli_005365,2025-02-11,smartphone
dev_005940,cli_005365,2026-06-25,smartphone
dev_005941,cli_005366,2024-12-05,smartphone
dev_005942,cli_005367,2024-11-13,feature_phone
dev_005943,cli_005368,2026-01-15,smartphone
dev_005944,cli_005369,2026-06-28,smartphone
dev_005945,cli_005370,2025-03-26,smartphone
dev_005946,cli_005371,2025-05-23,feature_phone
dev_005947,cli_005372,2025-06-08,feature_phone
dev_005948,cli_005373,2025-06-21,feature_phone
dev_005949,cli_005374,2026-08-25,smartphone
dev_005950,cli_005375,2025-05-23,smartphone
dev_005951,cli_005376,2025-10-06,smartphone
dev_005952,cli_005377,2026-09-01,smartphone
dev_005953,cli_005378,2025-01-08,feature_phone
dev_005954,cli_005378,2025-11-08,smartphone
dev_005955,cli_005379,2026-09-03,smartphone
dev_005956,cli_005380,2026-04-06,smartphone
dev_005957,cli_005381,2026-02-21,smartphone
dev_005958,cli_005382,2025-03-02,smartphone
dev_005959,cli_005383,2026-07-27,smartphone
dev_005960,cli_005384,2025-12-17,smartphone
dev_005961,cli_005385,2025-12-31,smartphone
dev_005962,cli_005386,2025-11-25,smartphone
dev_005963,cli_005387,2024-12-27,smartphone
dev_005964,cli_005388,2026-01-29,smartphone
dev_005965,cli_005389,2026-01-08,feature_phone
dev_005966,cli_005390,2025-11-29,feature_phone
dev_005967,cli_005391,2025-12-11,smartphone
dev_005968,cli_005392,2024-10-28,smartphone
dev_005969,cli_005393,2026-03-12,smartphone
dev_005970,cli_005394,2026-07-03,smartphone
dev_005971,cli_005395,2025-11-20,smartphone
dev_005972,cli_005396,2026-07-25,smartphone
dev_005973,cli_005397,2025-02-19,feature_phone
dev_005974,cli_005398,2024-12-12,smartphone
dev_005975,cli_005399,2025-01-26,feature_phone
dev_005976,cli_005400,2025-02-14,smartphone
dev_005977,cli_005401,2025-11-21,smartphone
dev_005978,cli_005402,2025-05-02,feature_phone
dev_005979,cli_005402,2025-12-01,smartphone
dev_005980,cli_005403,2025-12-08,smartphone
dev_005981,cli_005404,2025-01-09,feature_phone
dev_005982,cli_005405,2026-05-04,smartphone
dev_005983,cli_005406,2026-06-13,smartphone
dev_005984,cli_005407,2024-10-12,smartphone
dev_005985,cli_005408,2026-01-04,smartphone
dev_005986,cli_005409,2026-02-09,smartphone
dev_005987,cli_005410,2025-05-24,smartphone
dev_005988,cli_005411,2026-01-17,feature_phone
dev_005989,cli_005412,2025-03-28,smartphone
dev_005990,cli_005413,2025-11-14,smartphone
dev_005991,cli_005414,2025-03-01,smartphone
dev_005992,cli_005415,2026-07-27,feature_phone
dev_005993,cli_005416,2025-04-11,feature_phone
dev_005994,cli_005417,2026-01-27,smartphone
dev_005995,cli_005418,2025-11-19,smartphone
dev_005996,cli_005419,2024-11-14,feature_phone
dev_005997,cli_005419,2025-04-14,feature_phone
dev_005998,cli_005420,2025-10-07,smartphone
dev_005999,cli_005421,2026-07-31,smartphone
dev_006000,cli_005422,2025-10-24,smartphone
dev_006001,cli_005423,2026-04-01,smartphone
dev_006002,cli_005424,2025-10-12,feature_phone
dev_006003,cli_005425,2026-04-18,smartphone
dev_006004,cli_005426,2025-06-12,feature_phone
dev_006005,cli_005427,2026-04-05,feature_phone
dev_006006,cli_005428,2025-10-19,smartphone
dev_006007,cli_005429,2024-10-28,feature_phone
dev_006008,cli_005430,2025-06-16,smartphone
dev_006009,cli_005431,2025-04-25,smartphone
dev_006010,cli_005432,2025-03-09,smartphone
dev_006011,cli_005433,2024-11-22,feature_phone
dev_006012,cli_005434,2024-12-17,feature_phone
dev_006013,cli_005434,2025-02-02,smartphone
dev_006014,cli_005435,2025-01-06,smartphone
dev_006015,cli_005436,2026-01-18,smartphone
dev_006016,cli_005437,2025-06-25,smartphone
dev_006017,cli_005438,2025-02-04,feature_phone
dev_006018,cli_005439,2025-08-11,smartphone
dev_006019,cli_005440,2026-06-23,feature_phone
dev_006020,cli_005441,2025-09-17,smartphone
dev_006021,cli_005442,2026-04-19,smartphone
dev_006022,cli_005443,2025-05-09,smartphone
dev_006023,cli_005444,2025-01-05,feature_phone
dev_006024,cli_005445,2025-04-30,smartphone
dev_006025,cli_005445,2025-10-28,smartphone
dev_006026,cli_005446,2025-08-18,feature_phone
dev_006027,cli_005447,2025-07-13,feature_phone
dev_006028,cli_005448,2025-08-27,feature_phone
dev_006029,cli_005449,2025-10-31,smartphone
dev_006030,cli_005450,2026-04-11,feature_phone
dev_006031,cli_005451,2025-05-19,smartphone
dev_006032,cli_005452,2026-01-12,feature_phone
dev_006033,cli_005452,2026-09-05,smartphone
dev_006034,cli_005453,2026-06-01,smartphone
dev_006035,cli_005453,2026-07-17,feature_phone
dev_006036,cli_005454,2025-02-17,smartphone
dev_006037,cli_005455,2025-08-17,smartphone
dev_006038,cli_005456,2025-09-09,feature_phone
dev_006039,cli_005457,2025-09-10,feature_phone
dev_006040,cli_005458,2026-07-29,feature_phone
dev_006041,cli_005459,2025-08-30,smartphone
dev_006042,cli_005459,2026-04-03,feature_phone
dev_006043,cli_005460,2025-08-23,feature_phone
dev_006044,cli_005460,2026-02-20,smartphone
dev_006045,cli_005461,2025-09-16,smartphone
dev_006046,cli_005462,2026-09-18,smartphone
dev_006047,cli_005463,2025-03-26,smartphone
dev_006048,cli_005464,2025-07-03,feature_phone
dev_006049,cli_005465,2025-03-20,smartphone
dev_006050,cli_005466,2025-09-21,feature_phone
dev_006051,cli_005467,2026-01-26,feature_phone
dev_006052,cli_005468,2025-01-24,feature_phone
dev_006053,cli_005469,2026-01-11,smartphone
dev_006054,cli_005469,2026-07-12,smartphone
dev_006055,cli_005470,2025-10-28,smartphone
dev_006056,cli_005471,2026-09-11,smartphone
dev_006057,cli_005472,2026-05-28,smartphone
dev_006058,cli_005473,2026-07-03,feature_phone
dev_006059,cli_005474,2025-11-19,feature_phone
dev_006060,cli_005475,2026-03-16,smartphone
dev_006061,cli_005476,2026-01-24,feature_phone
dev_006062,cli_005477,2025-03-14,smartphone
dev_006063,cli_005478,2025-05-14,feature_phone
dev_006064,cli_005478,2026-05-27,feature_phone
dev_006065,cli_005479,2025-02-19,smartphone
dev_006066,cli_005480,2025-02-06,smartphone
dev_006067,cli_005481,2026-03-27,smartphone
dev_006068,cli_005482,2025-07-02,smartphone
dev_006069,cli_005482,2026-08-05,smartphone
dev_006070,cli_005483,2024-12-28,smartphone
dev_006071,cli_005483,2026-04-18,smartphone
dev_006072,cli_005484,2026-02-13,feature_phone
dev_006073,cli_005485,2025-12-24,smartphone
dev_006074,cli_005486,2025-09-01,feature_phone
dev_006075,cli_005487,2025-02-19,feature_phone
dev_006076,cli_005488,2026-06-08,smartphone
dev_006077,cli_005489,2025-10-18,smartphone
dev_006078,cli_005490,2026-03-31,smartphone
dev_006079,cli_005491,2025-04-22,smartphone
dev_006080,cli_005492,2026-03-31,feature_phone
dev_006081,cli_005493,2026-01-07,feature_phone
dev_006082,cli_005494,2026-01-14,smartphone
dev_006083,cli_005495,2026-08-03,smartphone
dev_006084,cli_005496,2025-05-24,smartphone
dev_006085,cli_005497,2026-03-22,smartphone
dev_006086,cli_005498,2025-10-01,feature_phone
dev_006087,cli_005499,2025-05-03,feature_phone
dev_006088,cli_005500,2025-02-27,feature_phone
dev_006089,cli_005501,2024-11-23,smartphone
dev_006090,cli_005502,2026-06-24,smartphone
dev_006091,cli_005503,2025-06-22,smartphone
dev_006092,cli_005504,2026-01-27,feature_phone
dev_006093,cli_005505,2025-03-12,smartphone
dev_006094,cli_005505,2026-03-03,smartphone
dev_006095,cli_005506,2025-12-14,smartphone
dev_006096,cli_005507,2026-09-13,feature_phone
dev_006097,cli_005508,2025-01-07,smartphone
dev_006098,cli_005509,2025-03-18,smartphone
dev_006099,cli_005509,2026-06-30,smartphone
dev_006100,cli_005510,2026-01-26,feature_phone
dev_006101,cli_005511,2025-01-22,smartphone
dev_006102,cli_005512,2025-11-28,feature_phone
dev_006103,cli_005513,2025-11-27,smartphone
dev_006104,cli_005514,2026-02-17,smartphone
dev_006105,cli_005514,2026-04-12,smartphone
dev_006106,cli_005515,2025-09-28,feature_phone
dev_006107,cli_005516,2024-09-29,feature_phone
dev_006108,cli_005517,2026-08-16,feature_phone
dev_006109,cli_005518,2025-07-18,feature_phone
dev_006110,cli_005519,2026-05-19,smartphone
dev_006111,cli_005520,2026-06-25,smartphone
dev_006112,cli_005521,2026-08-13,feature_phone
dev_006113,cli_005522,2026-03-08,smartphone
dev_006114,cli_005523,2025-04-08,smartphone
dev_006115,cli_005524,2025-04-05,smartphone
dev_006116,cli_005525,2025-02-17,smartphone
dev_006117,cli_005526,2026-06-10,smartphone
dev_006118,cli_005527,2026-07-06,smartphone
dev_006119,cli_005528,2024-10-08,smartphone
dev_006120,cli_005528,2025-12-04,smartphone
dev_006121,cli_005529,2024-11-21,smartphone
dev_006122,cli_005530,2025-05-01,smartphone
dev_006123,cli_005531,2025-01-19,smartphone
dev_006124,cli_005531,2025-07-13,feature_phone
dev_006125,cli_005532,2025-02-14,smartphone
dev_006126,cli_005533,2025-07-30,smartphone
dev_006127,cli_005534,2025-10-12,smartphone
dev_006128,cli_005534,2026-04-09,smartphone
dev_006129,cli_005535,2024-10-10,smartphone
dev_006130,cli_005536,2025-05-18,smartphone
dev_006131,cli_005536,2025-07-01,smartphone
dev_006132,cli_005537,2024-12-19,smartphone
dev_006133,cli_005538,2026-04-25,smartphone
dev_006134,cli_005539,2026-04-14,smartphone
dev_006135,cli_005540,2025-06-21,smartphone
dev_006136,cli_005541,2024-10-28,smartphone
dev_006137,cli_005542,2025-06-28,feature_phone
dev_006138,cli_005542,2026-02-13,smartphone
dev_006139,cli_005543,2025-11-05,smartphone
dev_006140,cli_005544,2026-09-05,smartphone
dev_006141,cli_005545,2026-06-03,smartphone
dev_006142,cli_005546,2026-04-08,feature_phone
dev_006143,cli_005547,2026-05-01,feature_phone
dev_006144,cli_005548,2025-04-30,smartphone
dev_006145,cli_005549,2025-05-13,smartphone
dev_006146,cli_005550,2025-12-21,feature_phone
dev_006147,cli_005551,2024-10-04,smartphone
dev_006148,cli_005552,2025-12-11,smartphone
dev_006149,cli_005553,2025-11-03,feature_phone
dev_006150,cli_005554,2025-09-05,smartphone
dev_006151,cli_005555,2025-08-02,smartphone
dev_006152,cli_005556,2026-05-07,smartphone
dev_006153,cli_005556,2026-06-27,smartphone
dev_006154,cli_005557,2026-02-17,smartphone
dev_006155,cli_005558,2025-05-10,smartphone
dev_006156,cli_005558,2026-07-14,smartphone
dev_006157,cli_005559,2025-01-15,smartphone
dev_006158,cli_005560,2025-11-19,feature_phone
dev_006159,cli_005561,2026-07-02,smartphone
dev_006160,cli_005562,2025-01-11,feature_phone
dev_006161,cli_005563,2025-07-26,smartphone
dev_006162,cli_005563,2025-12-22,smartphone
dev_006163,cli_005564,2025-11-09,smartphone
dev_006164,cli_005565,2025-07-23,smartphone
dev_006165,cli_005566,2025-02-01,feature_phone
dev_006166,cli_005567,2026-09-23,feature_phone
dev_006167,cli_005568,2026-01-04,feature_phone
dev_006168,cli_005568,2026-03-18,smartphone
dev_006169,cli_005569,2024-11-07,smartphone
dev_006170,cli_005570,2026-02-16,smartphone
dev_006171,cli_005571,2024-10-13,smartphone
dev_006172,cli_005572,2026-03-02,feature_phone
dev_006173,cli_005573,2025-10-18,feature_phone
dev_006174,cli_005574,2026-08-03,smartphone
dev_006175,cli_005575,2025-04-13,feature_phone
dev_006176,cli_005576,2026-04-02,feature_phone
dev_006177,cli_005577,2025-01-13,smartphone
dev_006178,cli_005578,2026-06-21,feature_phone
dev_006179,cli_005579,2026-06-30,smartphone
dev_006180,cli_005580,2025-10-16,smartphone
dev_006181,cli_005581,2026-07-24,smartphone
dev_006182,cli_005582,2026-01-27,smartphone
dev_006183,cli_005583,2025-05-09,smartphone
dev_006184,cli_005583,2026-05-19,smartphone
dev_006185,cli_005584,2025-09-21,smartphone
dev_006186,cli_005585,2025-08-12,smartphone
dev_006187,cli_005586,2026-07-19,smartphone
dev_006188,cli_005587,2025-05-16,feature_phone
dev_006189,cli_005588,2026-07-19,smartphone
dev_006190,cli_005589,2025-08-03,feature_phone
dev_006191,cli_005590,2025-02-24,feature_phone
dev_006192,cli_005591,2025-04-12,smartphone
dev_006193,cli_005592,2026-01-09,smartphone
dev_006194,cli_005593,2026-06-03,smartphone
dev_006195,cli_005594,2025-01-26,feature_phone
dev_006196,cli_005595,2026-04-19,smartphone
dev_006197,cli_005596,2025-09-27,smartphone
dev_006198,cli_005597,2026-04-04,feature_phone
dev_006199,cli_005598,2026-09-02,smartphone
dev_006200,cli_005599,2025-11-24,feature_phone
dev_006201,cli_005600,2025-08-18,feature_phone
dev_006202,cli_005601,2025-03-19,smartphone
dev_006203,cli_005602,2025-04-12,smartphone
dev_006204,cli_005603,2025-01-25,smartphone
dev_006205,cli_005604,2025-02-07,smartphone
dev_006206,cli_005605,2025-12-05,feature_phone
dev_006207,cli_005606,2026-01-18,feature_phone
dev_006208,cli_005607,2025-07-12,smartphone
dev_006209,cli_005608,2025-10-09,smartphone
dev_006210,cli_005609,2026-02-20,feature_phone
dev_006211,cli_005610,2026-08-31,smartphone
dev_006212,cli_005611,2025-10-12,smartphone
dev_006213,cli_005612,2025-10-16,smartphone
dev_006214,cli_005613,2024-11-07,smartphone
dev_006215,cli_005614,2025-02-08,feature_phone
dev_006216,cli_005614,2026-04-11,smartphone
dev_006217,cli_005615,2026-03-11,feature_phone
dev_006218,cli_005616,2026-07-05,smartphone
dev_006219,cli_005616,2026-09-17,smartphone
dev_006220,cli_005617,2025-02-26,feature_phone
dev_006221,cli_005618,2025-10-03,smartphone
dev_006222,cli_005619,2026-08-24,smartphone
dev_006223,cli_005620,2025-03-23,smartphone
dev_006224,cli_005621,2026-01-15,feature_phone
dev_006225,cli_005622,2026-05-22,feature_phone
dev_006226,cli_005623,2025-05-31,smartphone
dev_006227,cli_005624,2025-02-28,feature_phone
dev_006228,cli_005625,2025-03-07,smartphone
dev_006229,cli_005626,2026-03-08,smartphone
dev_006230,cli_005627,2025-07-19,feature_phone
dev_006231,cli_005628,2025-10-19,smartphone
dev_006232,cli_005629,2024-12-29,smartphone
dev_006233,cli_005630,2026-05-08,smartphone
dev_006234,cli_005631,2025-02-02,smartphone
dev_006235,cli_005632,2026-01-14,smartphone
dev_006236,cli_005633,2025-06-30,feature_phone
dev_006237,cli_005634,2025-09-22,smartphone
dev_006238,cli_005635,2026-01-13,smartphone
dev_006239,cli_005636,2026-04-08,smartphone
dev_006240,cli_005637,2026-01-01,smartphone
dev_006241,cli_005638,2025-07-08,smartphone
dev_006242,cli_005639,2025-07-02,feature_phone
dev_006243,cli_005640,2025-06-26,smartphone
dev_006244,cli_005641,2025-06-02,feature_phone
dev_006245,cli_005642,2026-08-17,smartphone
dev_006246,cli_005643,2025-12-10,feature_phone
dev_006247,cli_005644,2026-02-06,smartphone
dev_006248,cli_005645,2025-12-08,feature_phone
dev_006249,cli_005646,2025-12-19,feature_phone
dev_006250,cli_005647,2026-05-18,smartphone
dev_006251,cli_005648,2024-10-20,feature_phone
dev_006252,cli_005648,2025-04-24,smartphone
dev_006253,cli_005649,2026-09-23,smartphone
dev_006254,cli_005650,2025-07-16,feature_phone
dev_006255,cli_005651,2025-10-22,feature_phone
dev_006256,cli_005652,2025-04-29,smartphone
dev_006257,cli_005653,2025-01-26,feature_phone
dev_006258,cli_005654,2025-06-07,smartphone
dev_006259,cli_005655,2025-03-14,smartphone
dev_006260,cli_005656,2026-03-08,smartphone
dev_006261,cli_005657,2024-09-29,smartphone
dev_006262,cli_005658,2026-07-22,smartphone
dev_006263,cli_005659,2025-05-24,smartphone
dev_006264,cli_005660,2026-06-09,smartphone
dev_006265,cli_005661,2026-04-06,smartphone
dev_006266,cli_005662,2025-01-30,feature_phone
dev_006267,cli_005663,2025-05-18,smartphone
dev_006268,cli_005664,2025-06-19,feature_phone
dev_006269,cli_005665,2025-01-28,smartphone
dev_006270,cli_005665,2026-05-01,smartphone
dev_006271,cli_005666,2026-03-05,feature_phone
dev_006272,cli_005667,2025-06-13,smartphone
dev_006273,cli_005667,2026-02-25,smartphone
dev_006274,cli_005668,2026-04-29,feature_phone
dev_006275,cli_005669,2025-10-07,feature_phone
dev_006276,cli_005670,2025-12-02,smartphone
dev_006277,cli_005671,2025-06-30,smartphone
dev_006278,cli_005671,2026-06-23,smartphone
dev_006279,cli_005672,2026-08-07,feature_phone
dev_006280,cli_005673,2026-09-05,smartphone
dev_006281,cli_005674,2026-08-31,smartphone
dev_006282,cli_005675,2026-03-14,smartphone
dev_006283,cli_005675,2026-07-08,smartphone
dev_006284,cli_005676,2025-07-31,smartphone
dev_006285,cli_005677,2026-06-01,smartphone
dev_006286,cli_005678,2024-10-01,smartphone
dev_006287,cli_005679,2025-11-26,smartphone
dev_006288,cli_005680,2026-02-14,smartphone
dev_006289,cli_005681,2024-12-11,smartphone
dev_006290,cli_005682,2026-05-19,smartphone
dev_006291,cli_005683,2026-05-09,feature_phone
dev_006292,cli_005684,2025-12-20,feature_phone
dev_006293,cli_005685,2026-08-03,feature_phone
dev_006294,cli_005686,2025-05-15,smartphone
dev_006295,cli_005686,2026-01-13,smartphone
dev_006296,cli_005687,2025-03-06,feature_phone
dev_006297,cli_005688,2026-01-09,smartphone
dev_006298,cli_005689,2024-12-30,smartphone
dev_006299,cli_005689,2025-02-11,smartphone
dev_006300,cli_005690,2026-09-18,smartphone
dev_006301,cli_005691,2025-09-01,feature_phone
dev_006302,cli_005691,2026-05-10,smartphone
dev_006303,cli_005692,2025-04-09,feature_phone
dev_006304,cli_005693,2025-12-23,smartphone
dev_006305,cli_005694,2024-11-02,smartphone
dev_006306,cli_005695,2025-11-14,smartphone
dev_006307,cli_005696,2024-11-23,smartphone
dev_006308,cli_005697,2025-05-31,smartphone
dev_006309,cli_005698,2026-04-08,smartphone
dev_006310,cli_005699,2025-01-26,smartphone
dev_006311,cli_005699,2026-05-21,smartphone
dev_006312,cli_005700,2026-09-01,smartphone
dev_006313,cli_005701,2026-05-08,feature_phone
dev_006314,cli_005702,2025-03-04,smartphone
dev_006315,cli_005703,2024-12-05,feature_phone
dev_006316,cli_005704,2025-12-15,smartphone
dev_006317,cli_005705,2025-06-01,smartphone
dev_006318,cli_005705,2026-09-22,smartphone
dev_006319,cli_005706,2025-05-03,smartphone
dev_006320,cli_005707,2025-04-03,feature_phone
dev_006321,cli_005708,2024-12-02,smartphone
dev_006322,cli_005709,2026-07-22,smartphone
dev_006323,cli_005710,2026-05-06,feature_phone
dev_006324,cli_005711,2024-11-23,feature_phone
dev_006325,cli_005711,2026-01-16,feature_phone
dev_006326,cli_005712,2025-08-23,feature_phone
dev_006327,cli_005712,2026-06-02,feature_phone
dev_006328,cli_005713,2025-09-03,smartphone
dev_006329,cli_005714,2025-12-04,smartphone
dev_006330,cli_005714,2026-01-26,smartphone
dev_006331,cli_005715,2026-01-03,feature_phone
dev_006332,cli_005716,2026-03-29,smartphone
dev_006333,cli_005717,2025-12-07,feature_phone
dev_006334,cli_005717,2026-02-12,smartphone
dev_006335,cli_005718,2026-08-01,smartphone
dev_006336,cli_005719,2026-02-22,smartphone
dev_006337,cli_005720,2024-09-29,feature_phone
dev_006338,cli_005720,2025-11-06,smartphone
dev_006339,cli_005721,2026-05-28,smartphone
dev_006340,cli_005722,2025-04-08,smartphone
dev_006341,cli_005723,2026-08-29,smartphone
dev_006342,cli_005724,2025-04-07,smartphone
dev_006343,cli_005725,2026-03-15,smartphone
dev_006344,cli_005726,2025-04-29,smartphone
dev_006345,cli_005726,2025-10-15,smartphone
dev_006346,cli_005727,2025-09-26,smartphone
dev_006347,cli_005728,2025-03-07,smartphone
dev_006348,cli_005729,2025-05-25,smartphone
dev_006349,cli_005730,2025-08-13,feature_phone
dev_006350,cli_005731,2025-04-07,smartphone
dev_006351,cli_005732,2024-10-19,smartphone
dev_006352,cli_005733,2025-07-16,smartphone
dev_006353,cli_005734,2026-05-20,feature_phone
dev_006354,cli_005735,2026-07-01,smartphone
dev_006355,cli_005736,2025-08-20,feature_phone
dev_006356,cli_005737,2025-11-13,smartphone
dev_006357,cli_005738,2025-07-07,smartphone
dev_006358,cli_005739,2025-05-25,feature_phone
dev_006359,cli_005740,2026-05-10,smartphone
dev_006360,cli_005741,2025-03-31,feature_phone
dev_006361,cli_005742,2024-10-01,smartphone
dev_006362,cli_005743,2026-01-30,smartphone
dev_006363,cli_005743,2026-07-13,smartphone
dev_006364,cli_005744,2024-11-15,smartphone
dev_006365,cli_005745,2024-11-16,feature_phone
dev_006366,cli_005746,2025-11-22,smartphone
dev_006367,cli_005747,2025-02-21,smartphone
dev_006368,cli_005748,2024-11-13,feature_phone
dev_006369,cli_005749,2025-01-11,feature_phone
dev_006370,cli_005750,2025-12-14,smartphone
dev_006371,cli_005751,2025-05-26,feature_phone
dev_006372,cli_005752,2025-07-19,smartphone
dev_006373,cli_005753,2025-11-26,feature_phone
dev_006374,cli_005754,2025-06-14,smartphone
dev_006375,cli_005754,2026-01-15,smartphone
dev_006376,cli_005755,2024-11-11,smartphone
dev_006377,cli_005756,2026-09-05,smartphone
dev_006378,cli_005757,2024-12-05,smartphone
dev_006379,cli_005757,2025-01-24,feature_phone
dev_006380,cli_005758,2025-12-29,feature_phone
dev_006381,cli_005759,2025-01-28,feature_phone
dev_006382,cli_005760,2026-07-07,feature_phone
dev_006383,cli_005761,2024-12-13,feature_phone
dev_006384,cli_005762,2025-11-01,smartphone
dev_006385,cli_005763,2024-11-24,smartphone
dev_006386,cli_005763,2025-03-03,feature_phone
dev_006387,cli_005764,2025-11-16,feature_phone
dev_006388,cli_005765,2025-03-28,feature_phone
dev_006389,cli_005766,2025-07-16,smartphone
dev_006390,cli_005767,2026-04-30,feature_phone
dev_006391,cli_005768,2026-03-26,feature_phone
dev_006392,cli_005769,2025-08-27,smartphone
dev_006393,cli_005770,2025-10-04,feature_phone
dev_006394,cli_005771,2025-07-01,smartphone
dev_006395,cli_005771,2026-08-18,smartphone
dev_006396,cli_005772,2025-02-12,feature_phone
dev_006397,cli_005773,2025-03-09,smartphone
dev_006398,cli_005774,2026-08-12,smartphone
dev_006399,cli_005775,2025-09-28,smartphone
dev_006400,cli_005776,2026-06-07,smartphone
dev_006401,cli_005777,2025-09-15,smartphone
dev_006402,cli_005778,2025-08-29,feature_phone
dev_006403,cli_005779,2024-09-28,smartphone
dev_006404,cli_005780,2025-12-14,feature_phone
dev_006405,cli_005781,2025-10-29,smartphone
dev_006406,cli_005782,2025-09-16,smartphone
dev_006407,cli_005783,2026-06-21,feature_phone
dev_006408,cli_005783,2026-07-30,smartphone
dev_006409,cli_005784,2026-08-11,feature_phone
dev_006410,cli_005785,2025-04-24,feature_phone
dev_006411,cli_005786,2026-02-16,smartphone
dev_006412,cli_005787,2026-01-02,feature_phone
dev_006413,cli_005788,2024-09-30,feature_phone
dev_006414,cli_005789,2026-03-26,smartphone
dev_006415,cli_005789,2026-06-11,smartphone
dev_006416,cli_005790,2024-12-03,smartphone
dev_006417,cli_005791,2025-06-22,feature_phone
dev_006418,cli_005792,2026-03-14,feature_phone
dev_006419,cli_005793,2024-10-28,smartphone
dev_006420,cli_005794,2025-06-27,smartphone
dev_006421,cli_005794,2026-01-12,smartphone
dev_006422,cli_005795,2026-02-07,smartphone
dev_006423,cli_005796,2025-10-29,feature_phone
dev_006424,cli_005797,2025-12-26,smartphone
dev_006425,cli_005798,2025-01-15,smartphone
dev_006426,cli_005799,2025-10-19,smartphone
dev_006427,cli_005800,2026-08-28,smartphone
dev_006428,cli_005801,2025-05-10,feature_phone
dev_006429,cli_005802,2025-03-21,smartphone
dev_006430,cli_005803,2025-12-09,smartphone
dev_006431,cli_005804,2024-11-20,smartphone
dev_006432,cli_005805,2025-11-18,smartphone
dev_006433,cli_005806,2026-03-15,smartphone
dev_006434,cli_005807,2025-05-01,smartphone
dev_006435,cli_005808,2026-06-22,feature_phone
dev_006436,cli_005809,2024-10-05,smartphone
dev_006437,cli_005810,2025-05-13,smartphone
dev_006438,cli_005811,2026-02-05,smartphone
dev_006439,cli_005812,2026-07-26,feature_phone
dev_006440,cli_005813,2025-07-24,smartphone
dev_006441,cli_005814,2025-07-23,smartphone
dev_006442,cli_005815,2025-02-21,feature_phone
dev_006443,cli_005816,2026-03-01,smartphone
dev_006444,cli_005817,2026-04-22,feature_phone
dev_006445,cli_005818,2025-11-27,feature_phone
dev_006446,cli_005819,2025-02-04,feature_phone
dev_006447,cli_005820,2024-12-01,smartphone
dev_006448,cli_005821,2026-01-08,feature_phone
dev_006449,cli_005822,2026-08-20,smartphone
dev_006450,cli_005823,2026-07-05,feature_phone
dev_006451,cli_005824,2025-08-23,feature_phone
dev_006452,cli_005825,2026-09-05,feature_phone
dev_006453,cli_005826,2025-04-14,feature_phone
dev_006454,cli_005827,2026-08-30,smartphone
dev_006455,cli_005828,2025-11-19,smartphone
dev_006456,cli_005829,2025-02-19,smartphone
dev_006457,cli_005830,2025-10-17,feature_phone
dev_006458,cli_005830,2026-08-09,smartphone
dev_006459,cli_005831,2025-05-19,smartphone
dev_006460,cli_005832,2026-01-23,smartphone
dev_006461,cli_005833,2025-02-22,feature_phone
dev_006462,cli_005834,2025-11-16,feature_phone
dev_006463,cli_005835,2025-03-24,smartphone
dev_006464,cli_005836,2024-10-29,smartphone
dev_006465,cli_005837,2025-12-20,smartphone
dev_006466,cli_005838,2026-04-07,smartphone
dev_006467,cli_005839,2024-11-12,feature_phone
dev_006468,cli_005839,2026-01-30,smartphone
dev_006469,cli_005840,2025-05-15,smartphone
dev_006470,cli_005840,2026-09-14,smartphone
dev_006471,cli_005841,2024-12-22,feature_phone
dev_006472,cli_005842,2025-12-22,smartphone
dev_006473,cli_005843,2026-01-13,smartphone
dev_006474,cli_005844,2026-06-25,smartphone
dev_006475,cli_005845,2025-03-09,feature_phone
dev_006476,cli_005846,2025-01-16,feature_phone
dev_006477,cli_005846,2025-11-25,smartphone
dev_006478,cli_005847,2025-02-03,smartphone
dev_006479,cli_005848,2026-02-23,smartphone
dev_006480,cli_005849,2025-10-02,smartphone
dev_006481,cli_005850,2025-09-29,feature_phone
dev_006482,cli_005850,2026-02-04,feature_phone
dev_006483,cli_005851,2026-06-28,smartphone
dev_006484,cli_005852,2026-09-23,smartphone
dev_006485,cli_005853,2026-01-23,smartphone
dev_006486,cli_005854,2025-09-16,smartphone
dev_006487,cli_005855,2024-10-03,smartphone
dev_006488,cli_005856,2024-12-26,smartphone
dev_006489,cli_005857,2025-04-20,feature_phone
dev_006490,cli_005858,2024-10-22,smartphone
dev_006491,cli_005859,2025-03-08,feature_phone
dev_006492,cli_005860,2025-09-05,smartphone
dev_006493,cli_005861,2024-11-28,smartphone
dev_006494,cli_005861,2025-06-10,feature_phone
dev_006495,cli_005862,2024-11-22,smartphone
dev_006496,cli_005863,2026-04-29,smartphone
dev_006497,cli_005864,2026-03-01,feature_phone
dev_006498,cli_005865,2024-10-18,feature_phone
dev_006499,cli_005866,2026-09-19,feature_phone
dev_006500,cli_005867,2025-09-11,smartphone
dev_006501,cli_005868,2025-12-18,feature_phone
dev_006502,cli_005868,2026-01-29,smartphone
dev_006503,cli_005869,2025-03-30,smartphone
dev_006504,cli_005870,2024-10-25,smartphone
dev_006505,cli_005871,2026-02-04,smartphone
dev_006506,cli_005872,2026-04-16,feature_phone
dev_006507,cli_005873,2026-01-26,feature_phone
dev_006508,cli_005874,2025-04-20,smartphone
dev_006509,cli_005875,2026-01-04,feature_phone
dev_006510,cli_005876,2025-06-12,smartphone
dev_006511,cli_005877,2026-01-13,smartphone
dev_006512,cli_005878,2025-04-02,smartphone
dev_006513,cli_005878,2025-10-06,smartphone
dev_006514,cli_005879,2026-08-09,smartphone
dev_006515,cli_005880,2026-01-17,feature_phone
dev_006516,cli_005881,2026-02-10,smartphone
dev_006517,cli_005882,2025-07-15,feature_phone
dev_006518,cli_005883,2025-06-09,smartphone
dev_006519,cli_005884,2025-04-11,smartphone
dev_006520,cli_005885,2024-12-05,feature_phone
dev_006521,cli_005886,2025-02-20,smartphone
dev_006522,cli_005887,2026-08-24,smartphone
dev_006523,cli_005888,2025-05-18,smartphone
dev_006524,cli_005889,2026-09-11,feature_phone
dev_006525,cli_005890,2025-11-26,feature_phone
dev_006526,cli_005891,2025-07-19,feature_phone
dev_006527,cli_005891,2026-09-01,smartphone
dev_006528,cli_005892,2026-02-03,smartphone
dev_006529,cli_005893,2025-05-01,smartphone
dev_006530,cli_005894,2025-02-20,feature_phone
dev_006531,cli_005895,2025-07-07,smartphone
dev_006532,cli_005896,2025-09-06,smartphone
dev_006533,cli_005897,2024-10-14,smartphone
dev_006534,cli_005898,2025-06-05,smartphone
dev_006535,cli_005898,2025-11-03,smartphone
dev_006536,cli_005899,2026-04-10,smartphone
dev_006537,cli_005900,2025-06-02,smartphone
dev_006538,cli_005901,2025-10-08,smartphone
dev_006539,cli_005902,2026-09-06,feature_phone
dev_006540,cli_005903,2024-11-25,smartphone
dev_006541,cli_005904,2025-02-20,smartphone
dev_006542,cli_005904,2025-06-27,smartphone
dev_006543,cli_005905,2025-06-30,smartphone
dev_006544,cli_005906,2025-05-21,feature_phone
dev_006545,cli_005907,2025-07-30,smartphone
dev_006546,cli_005908,2026-01-16,feature_phone
dev_006547,cli_005909,2024-11-12,feature_phone
dev_006548,cli_005910,2025-08-16,smartphone
dev_006549,cli_005910,2026-09-06,smartphone
dev_006550,cli_005911,2026-01-19,smartphone
dev_006551,cli_005912,2025-05-12,smartphone
dev_006552,cli_005913,2026-06-01,smartphone
dev_006553,cli_005914,2026-02-03,smartphone
dev_006554,cli_005915,2026-06-21,smartphone
dev_006555,cli_005916,2026-07-23,smartphone
dev_006556,cli_005917,2025-02-01,feature_phone
dev_006557,cli_005918,2025-11-09,feature_phone
dev_006558,cli_005919,2025-01-07,smartphone
dev_006559,cli_005920,2025-06-16,smartphone
dev_006560,cli_005921,2026-04-06,feature_phone
dev_006561,cli_005921,2026-08-27,smartphone
dev_006562,cli_005922,2026-04-22,smartphone
dev_006563,cli_005923,2025-10-25,smartphone
dev_006564,cli_005924,2026-07-16,smartphone
dev_006565,cli_005925,2025-07-24,feature_phone
dev_006566,cli_005926,2025-10-24,smartphone
dev_006567,cli_005927,2026-06-14,smartphone
dev_006568,cli_005928,2025-09-06,smartphone
dev_006569,cli_005929,2025-01-13,smartphone
dev_006570,cli_005930,2024-11-30,feature_phone
dev_006571,cli_005931,2025-11-22,smartphone
dev_006572,cli_005932,2026-08-01,smartphone
dev_006573,cli_005933,2025-01-02,smartphone
dev_006574,cli_005934,2025-08-18,feature_phone
dev_006575,cli_005935,2025-03-18,smartphone
dev_006576,cli_005936,2026-08-22,smartphone
dev_006577,cli_005937,2026-02-20,smartphone
dev_006578,cli_005938,2026-02-27,feature_phone
dev_006579,cli_005939,2025-04-19,smartphone
dev_006580,cli_005939,2026-08-24,smartphone
dev_006581,cli_005940,2025-05-15,feature_phone
dev_006582,cli_005941,2025-04-02,feature_phone
dev_006583,cli_005942,2025-12-08,smartphone
dev_006584,cli_005943,2026-02-09,smartphone
dev_006585,cli_005944,2026-05-09,smartphone
dev_006586,cli_005945,2026-03-23,smartphone
dev_006587,cli_005946,2026-05-27,smartphone
dev_006588,cli_005947,2025-01-31,smartphone
dev_006589,cli_005948,2025-05-18,feature_phone
dev_006590,cli_005949,2025-05-17,smartphone
dev_006591,cli_005949,2026-05-11,smartphone
dev_006592,cli_005950,2024-12-17,smartphone
dev_006593,cli_005951,2025-04-02,smartphone
dev_006594,cli_005951,2026-02-04,smartphone
dev_006595,cli_005952,2026-02-02,smartphone
dev_006596,cli_005953,2026-02-07,feature_phone
dev_006597,cli_005954,2026-06-23,smartphone
dev_006598,cli_005955,2025-04-15,smartphone
dev_006599,cli_005956,2024-12-25,smartphone
dev_006600,cli_005956,2026-04-26,smartphone
dev_006601,cli_005957,2025-04-21,smartphone
dev_006602,cli_005958,2025-10-15,feature_phone
dev_006603,cli_005959,2026-01-24,smartphone
dev_006604,cli_005960,2025-11-08,smartphone
dev_006605,cli_005961,2026-03-10,feature_phone
dev_006606,cli_005962,2026-05-26,smartphone
dev_006607,cli_005963,2025-11-13,feature_phone
dev_006608,cli_005964,2026-04-04,smartphone
dev_006609,cli_005965,2025-04-03,feature_phone
dev_006610,cli_005966,2024-12-02,smartphone
dev_006611,cli_005967,2026-05-05,smartphone
dev_006612,cli_005968,2026-09-19,feature_phone
dev_006613,cli_005969,2024-12-25,feature_phone
dev_006614,cli_005970,2026-02-21,smartphone
dev_006615,cli_005971,2026-03-21,smartphone
dev_006616,cli_005971,2026-07-05,smartphone
dev_006617,cli_005972,2025-01-08,feature_phone
dev_006618,cli_005973,2025-01-19,smartphone
dev_006619,cli_005974,2025-07-27,feature_phone
dev_006620,cli_005975,2026-06-02,smartphone
dev_006621,cli_005976,2025-04-27,smartphone
dev_006622,cli_005977,2025-04-02,smartphone
dev_006623,cli_005978,2025-11-04,smartphone
dev_006624,cli_005979,2025-08-10,smartphone
dev_006625,cli_005979,2025-09-24,feature_phone
dev_006626,cli_005980,2025-08-28,smartphone
dev_006627,cli_005981,2025-05-29,feature_phone
dev_006628,cli_005982,2025-09-13,smartphone
dev_006629,cli_005983,2024-10-13,smartphone
dev_006630,cli_005984,2026-08-29,smartphone
dev_006631,cli_005985,2026-08-16,smartphone
dev_006632,cli_005986,2026-06-05,smartphone
dev_006633,cli_005987,2026-06-07,smartphone
dev_006634,cli_005988,2025-09-25,smartphone
dev_006635,cli_005989,2026-07-28,feature_phone
dev_006636,cli_005990,2026-05-07,feature_phone
dev_006637,cli_005991,2025-09-10,feature_phone
dev_006638,cli_005992,2024-12-07,feature_phone
dev_006639,cli_005993,2025-02-15,smartphone
dev_006640,cli_005994,2026-04-18,feature_phone
dev_006641,cli_005995,2026-08-15,smartphone
dev_006642,cli_005996,2025-04-03,smartphone
dev_006643,cli_005997,2025-03-04,smartphone
dev_006644,cli_005998,2024-11-15,feature_phone
dev_006645,cli_005998,2025-03-19,feature_phone
dev_006646,cli_005999,2025-11-12,smartphone
dev_006647,cli_005999,2026-09-11,feature_phone
dev_006648,cli_006000,2026-08-12,smartphone
