id_client,telephone,age,region,type_client,date_inscription
cli_000001,776572757,39,Dakar,particulier,2025-08-05
cli_000002,708462989,27,Thiès,particulier,2026-01-11
cli_000003,766761751,18,Louga,particulier,2025-05-04
cli_000004,786346863,30,Dakar,particulier,2025-07-05
cli_000005,785206221,48,Saint-Louis,particulier,2026-02-05
cli_000006,703203692,39,Dakar,particulier,2026-03-31
cli_000007,773526895,56,Kolda,particulier,2025-08-21
cli_000008,767711074,35,Fatick,particulier,2026-01-28
cli_000009,771628308,60,Diourbel,particulier,2026-04-03
cli_000010,771760327,35,Ziguinchor,particulier,2026-04-15
cli_000011,764569992,34,Dakar,particulier,2025-05-28
cli_000012,707969759,19,Fatick,particulier,2025-11-25
cli_000013,766913317,46,Ziguinchor,particulier,2026-01-17
cli_000014,706309866,28,Dakar,marchand,2026-07-02
cli_000015,765807190,26,Tambacounda,particulier,2026-08-14
cli_000016,701996752,48,Dakar,particulier,2025-05-05
cli_000017,763986152,46,Kaolack,particulier,2024-10-18
cli_000018,771715549,46,Dakar,marchand,2026-01-30
cli_000019,707823419,30,Ziguinchor,particulier,2025-01-16
cli_000020,787757526,33,Dakar,particulier,2025-07-12
cli_000021,763322852,33,Dakar,particulier,2026-02-14
cli_000022,783636422,42,Diourbel,marchand,2025-08-06
cli_000023,773857092,51,Tambacounda,particulier,2026-06-21
cli_000024,709003715,38,Dakar,particulier,2026-01-20
cli_000025,705396737,55,Kaolack,particulier,2025-04-06
cli_000026,767858656,43,Diourbel,particulier,2025-01-11
cli_000027,785039445,31,Fatick,particulier,2026-04-16
cli_000028,707283711,43,Dakar,marchand,2024-11-29
cli_000029,765754938,52,Saint-Louis,marchand,2025-07-09
cli_000030,783507454,55,Tambacounda,particulier,2026-04-09
cli_000031,788886692,47,Thiès,particulier,2025-03-05
cli_000032,777380499,34,Thiès,particulier,2024-12-20
cli_000033,777924041,31,Kolda,particulier,2026-03-09
cli_000034,769533328,40,Thiès,particulier,2026-07-08
cli_000035,703238932,52,Thiès,particulier,2026-02-28
cli_000036,771824038,38,Dakar,particulier,2025-03-21
cli_000037,706240448,38,Fatick,particulier,2026-08-10
cli_000038,703935463,34,Tambacounda,particulier,2026-02-25
cli_000039,784921995,30,Kaolack,particulier,2026-02-02
cli_000040,763112050,32,Kaolack,particulier,2026-09-11
cli_000041,774586215,35,Thiès,particulier,2025-07-15
cli_000042,704539250,52,Dakar,particulier,2025-02-13
cli_000043,764155002,31,Dakar,particulier,2026-06-02
cli_000044,787680993,34,Dakar,particulier,2024-12-16
cli_000045,776333871,24,Dakar,particulier,2024-10-29
cli_000046,705268182,41,Kaolack,marchand,2024-12-28
cli_000047,782014440,49,Dakar,particulier,2025-04-15
cli_000048,706136574,51,Dakar,particulier,2025-11-01
cli_000049,762575189,36,Thiès,particulier,2026-04-28
cli_000050,703827393,40,Dakar,particulier,2024-11-27
cli_000051,704734156,32,Dakar,particulier,2025-09-02
cli_000052,772271603,39,Dakar,particulier,2025-10-29
cli_000053,784505405,37,Dakar,particulier,2025-12-12
cli_000054,783402402,34,Saint-Louis,particulier,2026-04-17
cli_000055,788647864,35,Louga,particulier,2025-12-19
cli_000056,778737121,38,Fatick,particulier,2025-02-19
cli_000057,761041111,30,Louga,particulier,2025-08-11
cli_000058,776421752,31,Kaolack,particulier,2025-12-09
cli_000059,766764958,52,Kolda,particulier,2026-07-07
cli_000060,764401897,63,Diourbel,particulier,2025-11-25
cli_000061,705222099,20,Kaolack,particulier,2026-04-20
cli_000062,768109153,20,Thiès,particulier,2025-12-08
cli_000063,784401661,23,Thiès,marchand,2026-06-06
cli_000064,701580116,32,Thiès,particulier,2024-11-02
cli_000065,784352566,43,Dakar,particulier,2026-05-20
cli_000066,783285019,40,Louga,particulier,2026-06-25
cli_000067,704444500,35,Dakar,particulier,2025-06-03
cli_000068,783070928,39,Kaolack,particulier,2026-01-16
cli_000069,772348855,26,Kolda,particulier,2024-09-27
cli_000070,789868280,31,Diourbel,marchand,2025-12-03
cli_000071,702159802,33,Dakar,particulier,2025-06-06
cli_000072,777354886,18,Thiès,particulier,2025-01-23
cli_000073,787458189,21,Thiès,particulier,2024-10-06
cli_000074,776560072,21,Tambacounda,particulier,2025-02-10
cli_000075,769203106,42,Ziguinchor,particulier,2025-07-30
cli_000076,781044864,36,Ziguinchor,particulier,2025-02-07
cli_000077,783714661,40,Diourbel,particulier,2026-03-01
cli_000078,772658789,18,Ziguinchor,particulier,2024-12-28
cli_000079,766192335,18,Ziguinchor,marchand,2024-12-27
cli_000080,769081112,41,Dakar,particulier,2025-12-18
cli_000081,704417473,18,Dakar,particulier,2026-08-06
cli_000082,783123088,47,Dakar,particulier,2025-05-12
cli_000083,779318522,18,Diourbel,particulier,2026-07-11
cli_000084,707056889,43,Kolda,particulier,2026-09-11
cli_000085,767882517,24,Kaolack,particulier,2024-11-02
cli_000086,765004806,45,Diourbel,particulier,2025-08-06
cli_000087,775026456,69,Kolda,particulier,2025-06-07
cli_000088,784501419,18,Dakar,particulier,2024-12-21
cli_000089,707745634,41,Dakar,particulier,2024-11-15
cli_000090,702895539,18,Kolda,particulier,2024-10-26
cli_000091,789778637,38,Kolda,particulier,2026-06-19
cli_000092,702583327,31,Ziguinchor,particulier,2026-01-30
cli_000093,705148826,35,Dakar,particulier,2025-03-12
cli_000094,783831520,23,Tambacounda,particulier,2026-09-03
cli_000095,706782732,42,Louga,particulier,2026-04-05
cli_000096,787126225,18,Kaolack,particulier,2025-09-13
cli_000097,779267980,47,Dakar,particulier,2026-01-16
cli_000098,768102953,29,Diourbel,particulier,2026-05-21
cli_000099,763238071,18,Fatick,particulier,2024-12-07
cli_000100,772859914,51,Kolda,particulier,2025-11-01
cli_000101,708979020,33,Saint-Louis,particulier,2025-11-28
cli_000102,775390833,54,Diourbel,particulier,2025-06-01
cli_000103,701877902,47,Ziguinchor,particulier,2025-05-23
cli_000104,778424737,25,Diourbel,marchand,2025-09-29
cli_000105,706836032,33,Thiès,particulier,2024-12-16
cli_000106,701230140,35,Dakar,particulier,2026-02-20
cli_000107,708045542,50,Dakar,particulier,2024-12-28
cli_000108,766466381,38,Louga,particulier,2024-12-29
cli_000109,786531455,35,Dakar,particulier,2026-09-17
cli_000110,768784435,31,Dakar,particulier,2025-03-22
cli_000111,785459812,33,Kolda,particulier,2026-05-31
cli_000112,705151390,48,Ziguinchor,particulier,2025-10-05
cli_000113,766556123,34,Dakar,particulier,2024-11-23
cli_000114,782780043,29,Dakar,particulier,2026-05-04
cli_000115,762364973,27,Louga,particulier,2025-08-09
cli_000116,768593997,27,Thiès,particulier,2025-03-06
cli_000117,772940136,18,Diourbel,particulier,2025-10-08
cli_000118,775539098,25,Diourbel,particulier,2026-07-29
cli_000119,773429093,50,Dakar,particulier,2026-08-07
cli_000120,773074121,31,Ziguinchor,particulier,2025-09-11
cli_000121,786380013,41,Dakar,particulier,2026-09-05
cli_000122,768221259,18,Diourbel,particulier,2026-09-12
cli_000123,764977109,40,Dakar,particulier,2024-10-28
cli_000124,782248554,32,Dakar,particulier,2025-08-31
cli_000125,703200282,28,Dakar,particulier,2025-10-13
cli_000126,762481162,35,Kolda,particulier,2026-07-12
cli_000127,778945283,28,Dakar,marchand,2025-02-27
cli_000128,703875769,18,Dakar,particulier,2025-09-16
cli_000129,764365296,44,Dakar,particulier,2026-04-16
cli_000130,761639334,36,Ziguinchor,particulier,2025-03-24
cli_000131,765014285,30,Thiès,particulier,2026-04-04
cli_000132,769225320,23,Tambacounda,particulier,2025-09-22
cli_000133,774687309,18,Kaolack,particulier,2025-08-11
cli_000134,766861191,36,Saint-Louis,particulier,2026-03-04
cli_000135,702637486,51,Kaolack,particulier,2024-12-24
cli_000136,782286459,36,Dakar,particulier,2025-04-29
cli_000137,767584642,18,Tambacounda,particulier,2026-02-25
cli_000138,771591622,36,Tambacounda,marchand,2026-06-01
cli_000139,785036123,33,Dakar,particulier,2026-01-27
cli_000140,783850337,43,Kaolack,particulier,2025-10-19
cli_000141,701146313,40,Dakar,particulier,2025-08-18
cli_000142,775780856,18,Saint-Louis,particulier,2025-12-06
cli_000143,789676122,39,Louga,particulier,2026-08-25
cli_000144,781622333,22,Tambacounda,particulier,2025-05-19
cli_000145,708341871,18,Thiès,particulier,2025-12-21
cli_000146,705852609,31,Ziguinchor,particulier,2026-01-22
cli_000147,777512033,38,Ziguinchor,particulier,2025-08-14
cli_000148,771868940,18,Dakar,marchand,2025-01-23
cli_000149,708821825,41,Kaolack,particulier,2026-09-20
cli_000150,771102749,42,Kaolack,marchand,2024-10-23
cli_000151,709161264,34,Louga,marchand,2025-06-15
cli_000152,786920259,24,Tambacounda,particulier,2025-08-21
cli_000153,704037407,23,Dakar,particulier,2026-08-17
cli_000154,781063916,45,Dakar,particulier,2025-04-23
cli_000155,786498627,18,Dakar,particulier,2025-04-17
cli_000156,766479269,45,Dakar,particulier,2025-08-11
cli_000157,777958308,32,Diourbel,particulier,2025-02-16
cli_000158,763405696,32,Kolda,particulier,2025-01-20
cli_000159,763148501,18,Thiès,particulier,2025-01-20
cli_000160,702997570,32,Kaolack,particulier,2026-01-28
cli_000161,703023546,40,Thiès,particulier,2025-05-21
cli_000162,762025165,19,Dakar,particulier,2026-08-13
cli_000163,783247316,39,Fatick,particulier,2025-08-10
cli_000164,786933827,34,Kaolack,particulier,2026-06-09
cli_000165,783722652,26,Thiès,particulier,2026-02-11
cli_000166,708028270,43,Kolda,particulier,2025-05-18
cli_000167,788373603,18,Diourbel,particulier,2025-11-18
cli_000168,777848576,37,Dakar,particulier,2025-01-02
cli_000169,785855764,51,Diourbel,particulier,2026-07-22
cli_000170,773846478,49,Kaolack,particulier,2024-10-15
cli_000171,779369045,38,Thiès,particulier,2025-04-26
cli_000172,772847338,30,Fatick,particulier,2025-11-14
cli_000173,705180581,27,Saint-Louis,marchand,2026-09-06
cli_000174,765082527,30,Diourbel,particulier,2026-08-24
cli_000175,767710303,39,Fatick,particulier,2025-11-26
cli_000176,785921320,25,Diourbel,marchand,2025-08-02
cli_000177,768195624,42,Thiès,particulier,2025-09-19
cli_000178,779271783,57,Dakar,particulier,2026-02-19
cli_000179,704515626,33,Thiès,particulier,2025-06-07
cli_000180,768873407,19,Thiès,particulier,2025-07-03
cli_000181,702527150,19,Dakar,particulier,2026-01-16
cli_000182,779244524,42,Saint-Louis,particulier,2026-01-29
cli_000183,782601904,33,Dakar,particulier,2025-11-05
cli_000184,768652360,43,Dakar,particulier,2025-03-31
cli_000185,784512225,28,Saint-Louis,particulier,2025-07-22
cli_000186,789681229,43,Dakar,particulier,2026-06-23
cli_000187,772162751,32,Kaolack,particulier,2024-11-20
cli_000188,785189499,25,Ziguinchor,particulier,2026-04-29
cli_000189,779116921,29,Dakar,marchand,2025-05-22
cli_000190,781427261,20,Dakar,particulier,2026-09-11
cli_000191,763385133,55,Diourbel,particulier,2026-03-22
cli_000192,761752058,32,Dakar,particulier,2025-08-08
cli_000193,763891462,41,Diourbel,particulier,2025-01-14
cli_000194,784512484,28,Ziguinchor,particulier,2025-08-09
cli_000195,706570015,22,Kaolack,particulier,2026-08-14
cli_000196,773319183,31,Thiès,particulier,2024-10-27
cli_000197,782428159,46,Tambacounda,particulier,2026-03-09
cli_000198,772529465,28,Dakar,particulier,2026-01-01
cli_000199,789445635,24,Kolda,particulier,2026-07-07
cli_000200,709578833,35,Fatick,particulier,2025-05-04
cli_000201,782992638,39,Thiès,particulier,2025-11-02
cli_000202,702758776,52,Dakar,particulier,2026-04-16
cli_000203,781487760,37,Dakar,particulier,2025-06-16
cli_000204,769634412,41,Kolda,particulier,2026-05-04
cli_000205,787355354,41,Dakar,particulier,2025-09-01
cli_000206,787847548,21,Kolda,particulier,2025-05-28
cli_000207,703615164,23,Diourbel,particulier,2025-02-09
cli_000208,706768510,22,Diourbel,particulier,2025-05-05
cli_000209,781538285,19,Kaolack,particulier,2025-08-06
cli_000210,707084169,42,Dakar,particulier,2026-08-30
cli_000211,786216910,37,Thiès,particulier,2026-04-07
cli_000212,763983268,34,Tambacounda,particulier,2025-07-29
cli_000213,707394223,18,Dakar,particulier,2025-08-28
cli_000214,786817842,56,Kolda,particulier,2025-08-30
cli_000215,764950986,24,Tambacounda,particulier,2025-04-05
cli_000216,782680228,56,Dakar,particulier,2024-12-03
cli_000217,771212097,18,Saint-Louis,particulier,2025-09-22
cli_000218,779439347,25,Dakar,particulier,2026-06-17
cli_000219,783532232,18,Kaolack,particulier,2025-11-05
cli_000220,703716139,37,Tambacounda,particulier,2026-03-23
cli_000221,777129593,21,Kolda,particulier,2025-09-03
cli_000222,783296678,22,Kolda,marchand,2025-07-21
cli_000223,764381790,18,Dakar,particulier,2025-08-20
cli_000224,777400464,42,Saint-Louis,particulier,2025-07-26
cli_000225,766358381,41,Dakar,particulier,2026-02-09
cli_000226,786908037,53,Kolda,particulier,2026-05-18
cli_000227,701042037,26,Dakar,particulier,2025-01-09
cli_000228,765061689,36,Dakar,marchand,2025-12-05
cli_000229,765277411,19,Dakar,particulier,2026-04-25
cli_000230,776692015,30,Dakar,particulier,2024-09-28
cli_000231,782363125,28,Dakar,particulier,2026-08-31
cli_000232,702435437,39,Dakar,particulier,2026-01-14
cli_000233,777861884,45,Kolda,particulier,2025-04-01
cli_000234,707059954,44,Louga,marchand,2025-11-28
cli_000235,788300640,24,Dakar,marchand,2025-01-17
cli_000236,763435495,44,Louga,particulier,2026-01-05
cli_000237,769978427,33,Thiès,particulier,2025-06-12
cli_000238,783455523,30,Louga,particulier,2025-11-16
cli_000239,786858660,26,Thiès,particulier,2025-10-17
cli_000240,762459619,27,Saint-Louis,particulier,2025-09-26
cli_000241,779266524,53,Thiès,particulier,2024-10-13
cli_000242,763991393,37,Dakar,marchand,2025-03-19
cli_000243,778222301,35,Saint-Louis,particulier,2025-12-27
cli_000244,763981259,31,Louga,particulier,2025-11-24
cli_000245,768117629,60,Louga,particulier,2025-12-02
cli_000246,775087610,48,Thiès,particulier,2025-04-05
cli_000247,701562417,26,Diourbel,particulier,2025-07-20
cli_000248,782713775,30,Louga,particulier,2025-08-30
cli_000249,707150952,31,Dakar,marchand,2025-11-14
cli_000250,772737067,35,Dakar,particulier,2025-12-07
cli_000251,773477865,26,Thiès,particulier,2025-08-15
cli_000252,785875646,38,Dakar,particulier,2025-01-26
cli_000253,773277437,49,Thiès,particulier,2024-10-19
cli_000254,782159896,19,Dakar,marchand,2026-08-10
cli_000255,766618680,21,Saint-Louis,particulier,2026-04-03
cli_000256,777200072,28,Kaolack,particulier,2025-05-12
cli_000257,767597434,29,Louga,particulier,2026-06-07
cli_000258,779495523,55,Kaolack,particulier,2025-07-05
cli_000259,772120445,45,Thiès,particulier,2025-11-19
cli_000260,764841160,44,Tambacounda,particulier,2026-05-07
cli_000261,703105959,31,Ziguinchor,particulier,2025-09-21
cli_000262,779109946,30,Diourbel,particulier,2025-09-17
cli_000263,785858126,18,Dakar,particulier,2025-04-22
cli_000264,701884849,42,Kaolack,particulier,2025-01-29
cli_000265,707229329,39,Saint-Louis,particulier,2024-10-27
cli_000266,761386618,48,Ziguinchor,particulier,2025-11-07
cli_000267,783467552,31,Louga,particulier,2025-05-09
cli_000268,787492319,32,Kolda,marchand,2025-02-27
cli_000269,765554046,35,Tambacounda,particulier,2024-10-04
cli_000270,767849193,43,Kaolack,particulier,2025-06-06
cli_000271,786140707,18,Tambacounda,particulier,2026-03-28
cli_000272,778587523,42,Kolda,particulier,2026-01-17
cli_000273,776063092,33,Dakar,particulier,2026-04-24
cli_000274,701511359,22,Kaolack,particulier,2026-05-02
cli_000275,781641354,18,Dakar,particulier,2026-02-12
cli_000276,787992162,32,Dakar,marchand,2025-09-25
cli_000277,781347414,49,Dakar,particulier,2025-02-27
cli_000278,704388848,52,Diourbel,particulier,2026-02-23
cli_000279,771144933,37,Dakar,particulier,2026-05-11
cli_000280,773730038,55,Dakar,particulier,2026-06-23
cli_000281,786356232,33,Dakar,particulier,2026-05-03
cli_000282,782557215,44,Kaolack,marchand,2025-11-12
cli_000283,765194889,29,Kolda,marchand,2025-11-27
cli_000284,789964140,28,Tambacounda,particulier,2025-12-07
cli_000285,781634448,26,Thiès,particulier,2026-02-04
cli_000286,701572972,18,Dakar,particulier,2025-10-28
cli_000287,773441230,48,Fatick,particulier,2025-06-09
cli_000288,768443071,26,Dakar,particulier,2026-08-22
cli_000289,764652178,25,Tambacounda,particulier,2024-12-14
cli_000290,786755449,21,Ziguinchor,particulier,2026-02-13
cli_000291,701304833,31,Diourbel,particulier,2026-06-14
cli_000292,787615723,53,Dakar,particulier,2026-05-19
cli_000293,701606832,57,Dakar,marchand,2025-08-21
cli_000294,787405453,18,Saint-Louis,particulier,2025-09-09
cli_000295,762331273,30,Thiès,particulier,2026-07-21
cli_000296,768725909,22,Fatick,marchand,2025-09-25
cli_000297,703665196,44,Kaolack,particulier,2026-04-15
cli_000298,782654128,37,Thiès,particulier,2024-11-28
cli_000299,784030344,26,Dakar,particulier,2026-02-10
cli_000300,771007421,34,Diourbel,particulier,2024-09-25
cli_000301,782486106,28,Dakar,particulier,2025-07-28
cli_000302,706386755,51,Kaolack,particulier,2024-10-20
cli_000303,773707013,40,Kaolack,particulier,2025-08-15
cli_000304,704184727,41,Fatick,particulier,2026-06-24
cli_000305,768265064,18,Thiès,particulier,2025-06-12
cli_000306,772114085,33,Dakar,particulier,2025-10-10
cli_000307,784563026,56,Fatick,marchand,2025-02-04
cli_000308,762675248,48,Ziguinchor,particulier,2025-12-12
cli_000309,785345629,18,Ziguinchor,particulier,2026-05-10
cli_000310,773985743,30,Diourbel,marchand,2026-07-03
cli_000311,761416062,20,Kolda,marchand,2025-03-31
cli_000312,761632100,52,Dakar,particulier,2026-04-07
cli_000313,778671007,36,Thiès,particulier,2025-05-25
cli_000314,781512218,25,Louga,particulier,2026-06-17
cli_000315,778044386,34,Dakar,particulier,2026-07-27
cli_000316,769244235,18,Fatick,particulier,2025-04-24
cli_000317,765192292,22,Thiès,particulier,2026-01-15
cli_000318,763808924,34,Dakar,particulier,2025-08-06
cli_000319,707986855,43,Dakar,particulier,2026-09-03
cli_000320,709840075,18,Fatick,particulier,2026-05-09
cli_000321,782083844,29,Louga,particulier,2026-07-20
cli_000322,779679302,45,Dakar,particulier,2026-03-03
cli_000323,769493630,18,Dakar,particulier,2026-03-01
cli_000324,702283141,36,Dakar,particulier,2025-12-24
cli_000325,701492644,34,Dakar,particulier,2026-03-30
cli_000326,777434318,52,Ziguinchor,particulier,2025-10-26
cli_000327,771699016,31,Dakar,particulier,2024-12-06
cli_000328,776407243,32,Dakar,particulier,2026-07-23
cli_000329,771582807,43,Dakar,particulier,2024-12-11
cli_000330,767215822,19,Saint-Louis,particulier,2025-11-27
cli_000331,763085344,31,Ziguinchor,particulier,2025-07-29
cli_000332,781865718,28,Kaolack,marchand,2025-05-22
cli_000333,781599536,32,Saint-Louis,particulier,2025-04-06
cli_000334,702697040,43,Tambacounda,particulier,2024-11-04
cli_000335,785866769,40,Diourbel,particulier,2024-09-25
cli_000336,701689747,25,Kolda,particulier,2026-07-14
cli_000337,708220459,35,Kaolack,particulier,2025-11-28
cli_000338,786437207,50,Dakar,particulier,2025-08-27
cli_000339,773675718,24,Fatick,particulier,2025-09-08
cli_000340,709879318,35,Saint-Louis,particulier,2024-10-01
cli_000341,766926852,31,Kaolack,particulier,2025-06-06
cli_000342,787047860,33,Dakar,particulier,2025-12-04
cli_000343,762565518,18,Thiès,particulier,2024-11-21
cli_000344,767396853,49,Kolda,particulier,2025-04-09
cli_000345,706032744,25,Dakar,particulier,2025-02-19
cli_000346,789861264,45,Dakar,particulier,2025-06-23
cli_000347,705301975,27,Dakar,marchand,2026-08-08
cli_000348,707102103,27,Diourbel,particulier,2024-10-16
cli_000349,774070159,47,Fatick,marchand,2025-04-22
cli_000350,771361634,44,Kaolack,particulier,2026-06-07
cli_000351,762151250,36,Kolda,particulier,2026-03-24
cli_000352,778803049,42,Diourbel,particulier,2026-01-18
cli_000353,787643094,30,Thiès,particulier,2026-03-22
cli_000354,784282104,33,Dakar,marchand,2025-06-28
cli_000355,707280422,26,Dakar,particulier,2025-08-21
cli_000356,701039272,43,Ziguinchor,particulier,2026-04-22
cli_000357,771334633,26,Dakar,particulier,2025-05-04
cli_000358,705565107,50,Dakar,particulier,2026-02-26
cli_000359,776624676,30,Kolda,particulier,2026-05-30
cli_000360,769433134,34,Saint-Louis,particulier,2024-10-26
cli_000361,707836931,42,Dakar,particulier,2026-02-06
cli_000362,703315975,34,Ziguinchor,particulier,2026-04-07
cli_000363,778336224,30,Diourbel,particulier,2025-04-19
cli_000364,705423618,33,Fatick,particulier,2025-03-16
cli_000365,778434273,43,Ziguinchor,marchand,2026-06-05
cli_000366,762563991,26,Dakar,particulier,2026-08-14
cli_000367,781236034,32,Dakar,particulier,2025-01-12
cli_000368,781519233,34,Dakar,marchand,2025-09-21
cli_000369,779917953,43,Ziguinchor,particulier,2025-10-26
cli_000370,701724904,32,Diourbel,particulier,2025-11-21
cli_000371,789454179,53,Louga,particulier,2025-07-23
cli_000372,767543097,32,Diourbel,particulier,2025-05-20
cli_000373,782314352,31,Thiès,marchand,2026-07-27
cli_000374,788776669,32,Dakar,particulier,2026-03-14
cli_000375,702297893,19,Dakar,particulier,2024-10-28
cli_000376,772289689,22,Thiès,particulier,2026-05-25
cli_000377,766179696,28,Saint-Louis,particulier,2024-12-01
cli_000378,763594866,46,Tambacounda,marchand,2025-12-05
cli_000379,783617412,33,Dakar,particulier,2026-05-08
cli_000380,782755265,28,Kaolack,particulier,2025-07-17
cli_000381,776469116,47,Dakar,particulier,2025-05-28
cli_000382,701241701,51,Ziguinchor,particulier,2026-01-11
cli_000383,703205664,47,Dakar,particulier,2025-02-22
cli_000384,775980881,24,Kaolack,particulier,2026-08-08
cli_000385,775378899,28,Dakar,particulier,2026-06-27
cli_000386,777299298,53,Dakar,marchand,2025-06-27
cli_000387,772946188,36,Saint-Louis,marchand,2025-07-30
cli_000388,706830896,31,Thiès,particulier,2025-05-02
cli_000389,707839485,41,Diourbel,particulier,2025-01-12
cli_000390,774492481,45,Dakar,particulier,2024-11-15
cli_000391,763311293,27,Tambacounda,particulier,2025-09-19
cli_000392,775995091,36,Dakar,particulier,2025-09-23
cli_000393,786209749,44,Saint-Louis,particulier,2024-11-19
cli_000394,761846893,21,Fatick,particulier,2024-10-23
cli_000395,766086013,34,Kaolack,particulier,2026-08-20
cli_000396,702388733,21,Thiès,particulier,2025-09-20
cli_000397,776119433,23,Saint-Louis,particulier,2024-11-22
cli_000398,779386150,27,Dakar,particulier,2026-08-17
cli_000399,785833649,39,Saint-Louis,particulier,2024-10-11
cli_000400,787853568,30,Thiès,particulier,2025-03-26
cli_000401,703787337,26,Louga,particulier,2026-06-02
cli_000402,709304650,34,Fatick,particulier,2025-06-13
cli_000403,788314821,21,Dakar,particulier,2025-11-13
cli_000404,709250121,38,Dakar,particulier,2026-01-23
cli_000405,787674367,46,Thiès,particulier,2025-06-28
cli_000406,766844532,33,Saint-Louis,particulier,2025-04-06
cli_000407,785725014,31,Thiès,particulier,2024-12-11
cli_000408,779354146,38,Kaolack,particulier,2025-11-23
cli_000409,708633731,18,Diourbel,particulier,2026-05-30
cli_000410,774750336,39,Tambacounda,particulier,2025-01-02
cli_000411,771770870,68,Thiès,particulier,2026-01-23
cli_000412,771032546,32,Dakar,particulier,2025-03-19
cli_000413,783101339,32,Dakar,particulier,2025-02-19
cli_000414,771563139,42,Kaolack,particulier,2026-08-12
cli_000415,772903516,52,Dakar,particulier,2025-11-29
cli_000416,761985385,44,Dakar,particulier,2026-07-24
cli_000417,709829467,18,Thiès,particulier,2025-07-09
cli_000418,771858180,40,Louga,particulier,2025-02-21
cli_000419,786642019,62,Tambacounda,particulier,2025-08-11
cli_000420,764165321,40,Thiès,particulier,2026-01-30
cli_000421,702567939,21,Dakar,particulier,2024-10-14
cli_000422,767311436,37,Thiès,particulier,2026-07-23
cli_000423,709734993,19,Thiès,particulier,2026-06-12
cli_000424,768115838,47,Tambacounda,particulier,2025-12-31
cli_000425,789777150,23,Diourbel,particulier,2024-11-01
cli_000426,776311918,34,Kaolack,particulier,2024-12-10
cli_000427,707062171,24,Kolda,particulier,2025-08-08
cli_000428,702317925,27,Kaolack,particulier,2024-10-29
cli_000429,778671746,50,Dakar,particulier,2024-12-03
cli_000430,767731113,35,Kaolack,particulier,2025-07-23
cli_000431,773286216,27,Thiès,particulier,2026-06-30
cli_000432,764193216,21,Thiès,particulier,2024-12-07
cli_000433,706498010,18,Tambacounda,particulier,2025-06-13
cli_000434,771116940,20,Dakar,marchand,2026-06-13
cli_000435,788361214,35,Diourbel,particulier,2025-01-19
cli_000436,773525297,44,Dakar,particulier,2025-12-07
cli_000437,761674797,27,Dakar,particulier,2025-02-27
cli_000438,703975404,51,Kaolack,particulier,2026-03-17
cli_000439,778521916,26,Louga,marchand,2026-09-16
cli_000440,783468209,31,Kaolack,particulier,2025-10-28
cli_000441,705852715,22,Thiès,particulier,2025-10-29
cli_000442,788306830,44,Dakar,particulier,2025-01-02
cli_000443,771303399,57,Diourbel,particulier,2026-07-01
cli_000444,787839336,18,Diourbel,particulier,2024-11-27
cli_000445,763598235,30,Louga,particulier,2026-06-04
cli_000446,767259967,47,Kaolack,particulier,2024-11-11
cli_000447,782692829,18,Kolda,particulier,2025-04-27
cli_000448,702251045,40,Louga,particulier,2026-01-04
cli_000449,768094682,47,Thiès,particulier,2024-10-26
cli_000450,788270504,34,Kaolack,particulier,2026-01-05
cli_000451,709831928,40,Louga,particulier,2025-06-18
cli_000452,707094582,53,Tambacounda,particulier,2026-09-12
cli_000453,785192914,55,Thiès,particulier,2026-07-11
cli_000454,772753538,33,Kaolack,particulier,2026-01-09
cli_000455,763656956,28,Thiès,particulier,2026-03-30
cli_000456,766832844,23,Ziguinchor,marchand,2026-04-11
cli_000457,774114925,44,Kolda,particulier,2025-12-21
cli_000458,765351604,18,Kolda,particulier,2025-07-07
cli_000459,702512576,31,Dakar,particulier,2026-06-24
cli_000460,774954150,35,Dakar,particulier,2025-03-24
cli_000461,763141748,28,Louga,particulier,2025-01-13
cli_000462,772009108,37,Kaolack,particulier,2025-01-22
cli_000463,762187533,62,Kolda,particulier,2026-05-05
cli_000464,785664737,32,Dakar,marchand,2024-12-21
cli_000465,774297791,29,Fatick,marchand,2026-06-21
cli_000466,701899386,45,Ziguinchor,particulier,2026-07-08
cli_000467,775628689,36,Dakar,particulier,2025-04-12
cli_000468,762478280,49,Dakar,particulier,2025-03-18
cli_000469,771138998,35,Ziguinchor,marchand,2026-06-23
cli_000470,702192916,31,Dakar,particulier,2025-11-24
cli_000471,765036717,18,Louga,particulier,2025-11-28
cli_000472,709586973,18,Saint-Louis,particulier,2025-04-15
cli_000473,783175047,18,Diourbel,particulier,2025-09-13
cli_000474,783563781,38,Dakar,particulier,2025-07-13
cli_000475,763183891,19,Tambacounda,particulier,2026-07-27
cli_000476,704196838,47,Ziguinchor,particulier,2024-10-11
cli_000477,707455940,34,Louga,particulier,2025-08-14
cli_000478,773898725,31,Louga,particulier,2025-05-24
cli_000479,766918116,24,Saint-Louis,particulier,2025-10-08
cli_000480,779084253,40,Tambacounda,particulier,2026-03-28
cli_000481,789515638,25,Saint-Louis,particulier,2025-05-24
cli_000482,706066692,23,Diourbel,particulier,2026-02-25
cli_000483,787419152,47,Dakar,particulier,2026-04-17
cli_000484,709272438,37,Dakar,particulier,2025-08-17
cli_000485,788080224,31,Ziguinchor,particulier,2026-01-07
cli_000486,773699323,41,Thiès,particulier,2024-12-10
cli_000487,782188255,34,Ziguinchor,particulier,2025-05-31
cli_000488,762033511,38,Tambacounda,particulier,2025-12-25
cli_000489,708938468,25,Thiès,particulier,2026-08-29
cli_000490,766005965,56,Dakar,marchand,2026-01-18
cli_000491,703667114,27,Kaolack,particulier,2026-07-01
cli_000492,704109832,51,Dakar,particulier,2026-04-17
cli_000493,703535134,31,Louga,particulier,2026-03-01
cli_000494,768217160,42,Diourbel,particulier,2025-06-05
cli_000495,786511677,42,Diourbel,marchand,2026-07-08
cli_000496,788914809,46,Saint-Louis,particulier,2026-05-28
cli_000497,773715953,24,Diourbel,particulier,2026-08-26
cli_000498,785253161,45,Thiès,particulier,2024-11-24
cli_000499,702095612,54,Dakar,particulier,2024-10-04
cli_000500,789742230,31,Thiès,particulier,2026-02-18
cli_000501,775606773,34,Kolda,particulier,2025-10-26
cli_000502,765977116,28,Dakar,particulier,2026-02-16
cli_000503,704723000,30,Thiès,marchand,2025-08-30
cli_000504,703438283,52,Dakar,particulier,2025-08-18
cli_000505,789535648,22,Thiès,particulier,2026-03-22
cli_000506,785400779,23,Dakar,particulier,2025-06-10
cli_000507,767072944,51,Louga,particulier,2026-09-18
cli_000508,771335792,40,Dakar,particulier,2025-06-11
cli_000509,783483372,57,Kaolack,particulier,2025-03-25
cli_000510,778236009,29,Dakar,marchand,2026-08-16
cli_000511,701790514,35,Diourbel,particulier,2025-04-14
cli_000512,761912915,26,Dakar,particulier,2025-04-04
cli_000513,708288547,35,Ziguinchor,particulier,2024-10-15
cli_000514,703778736,18,Tambacounda,particulier,2025-02-13
cli_000515,703464909,41,Dakar,particulier,2026-09-08
cli_000516,776087848,37,Tambacounda,particulier,2026-07-26
cli_000517,702754294,33,Thiès,particulier,2026-06-16
cli_000518,771386776,29,Saint-Louis,particulier,2025-07-26
cli_000519,781040048,24,Ziguinchor,particulier,2025-04-22
cli_000520,761713852,42,Dakar,particulier,2025-06-01
cli_000521,782426779,21,Thiès,particulier,2026-01-26
cli_000522,777265046,39,Dakar,particulier,2026-04-30
cli_000523,773681554,56,Ziguinchor,particulier,2026-08-08
cli_000524,701645993,50,Thiès,particulier,2025-12-25
cli_000525,781129820,18,Kolda,particulier,2026-02-16
cli_000526,785293745,28,Dakar,marchand,2026-02-14
cli_000527,708561150,38,Kolda,particulier,2026-07-22
cli_000528,774048260,33,Dakar,particulier,2026-02-23
cli_000529,701574658,18,Kaolack,particulier,2025-01-21
cli_000530,703052714,38,Dakar,marchand,2026-04-01
cli_000531,765494306,33,Dakar,particulier,2024-12-23
cli_000532,772699009,55,Dakar,particulier,2026-07-22
cli_000533,779806304,31,Kaolack,particulier,2025-06-16
cli_000534,787870700,46,Dakar,particulier,2026-07-07
cli_000535,764101211,20,Saint-Louis,particulier,2025-12-16
cli_000536,779563878,22,Tambacounda,marchand,2024-10-28
cli_000537,783925187,41,Dakar,particulier,2025-03-12
cli_000538,772261617,45,Dakar,particulier,2025-09-14
cli_000539,769444553,23,Dakar,particulier,2025-06-20
cli_000540,779637130,34,Dakar,marchand,2025-05-30
cli_000541,763813912,18,Diourbel,particulier,2025-02-23
cli_000542,776352861,32,Louga,particulier,2025-07-18
cli_000543,772559632,43,Dakar,particulier,2025-09-16
cli_000544,776774943,29,Dakar,particulier,2026-07-30
cli_000545,707211066,31,Kaolack,particulier,2024-10-25
cli_000546,777389336,21,Dakar,particulier,2025-08-07
cli_000547,786118617,26,Saint-Louis,particulier,2026-02-24
cli_000548,767337069,53,Tambacounda,particulier,2026-06-17
cli_000549,765995440,34,Dakar,particulier,2025-07-10
cli_000550,768378299,22,Diourbel,particulier,2025-03-02
cli_000551,702616284,30,Fatick,particulier,2025-02-11
cli_000552,785351217,18,Ziguinchor,particulier,2024-12-17
cli_000553,704747556,22,Louga,particulier,2024-12-11
cli_000554,785800226,48,Louga,particulier,2025-06-26
cli_000555,702278747,32,Saint-Louis,particulier,2024-11-02
cli_000556,763914442,54,Saint-Louis,particulier,2026-07-31
cli_000557,769587265,32,Ziguinchor,particulier,2025-12-10
cli_000558,701947318,33,Ziguinchor,marchand,2025-10-06
cli_000559,706717763,41,Kaolack,particulier,2025-05-02
cli_000560,706981761,18,Thiès,particulier,2026-02-17
cli_000561,765270640,36,Fatick,particulier,2026-02-24
cli_000562,771302489,33,Dakar,particulier,2024-12-04
cli_000563,781309205,50,Dakar,particulier,2025-06-07
cli_000564,773480715,44,Thiès,marchand,2025-06-18
cli_000565,701922626,21,Dakar,particulier,2026-05-12
cli_000566,771848068,47,Kaolack,particulier,2025-09-24
cli_000567,772441090,31,Dakar,particulier,2025-11-20
cli_000568,772716544,24,Kaolack,particulier,2025-06-28
cli_000569,768546279,36,Diourbel,particulier,2024-11-22
cli_000570,766748577,31,Dakar,particulier,2026-03-05
cli_000571,701273688,50,Dakar,marchand,2025-02-09
cli_000572,786656289,37,Diourbel,particulier,2025-06-19
cli_000573,782230378,36,Ziguinchor,particulier,2025-09-27
cli_000574,774789493,43,Thiès,particulier,2024-10-31
cli_000575,771342409,46,Dakar,particulier,2026-06-08
cli_000576,781811547,42,Dakar,marchand,2025-05-17
cli_000577,702193355,49,Dakar,particulier,2025-12-07
cli_000578,764900364,40,Dakar,particulier,2025-05-14
cli_000579,705167727,35,Tambacounda,particulier,2026-06-14
cli_000580,774174703,47,Dakar,particulier,2025-04-05
cli_000581,776581523,33,Dakar,particulier,2026-08-05
cli_000582,707484131,34,Kolda,particulier,2026-01-12
cli_000583,777558595,52,Kaolack,particulier,2024-12-02
cli_000584,776211238,51,Thiès,particulier,2025-06-19
cli_000585,785910003,33,Kaolack,particulier,2025-09-30
cli_000586,705424091,29,Tambacounda,marchand,2026-01-25
cli_000587,763141412,50,Dakar,particulier,2026-07-20
cli_000588,775382838,42,Dakar,marchand,2026-07-04
cli_000589,701090882,37,Kolda,marchand,2025-04-19
cli_000590,709696671,30,Louga,marchand,2026-03-08
cli_000591,704330841,37,Tambacounda,particulier,2026-07-31
cli_000592,707806647,33,Dakar,particulier,2025-11-08
cli_000593,779610335,26,Tambacounda,particulier,2025-12-09
cli_000594,705472815,35,Thiès,particulier,2024-10-25
cli_000595,788756443,36,Ziguinchor,particulier,2026-04-09
cli_000596,705313003,29,Kolda,particulier,2026-03-12
cli_000597,762190601,43,Dakar,particulier,2026-05-26
cli_000598,701238311,48,Dakar,particulier,2026-05-09
cli_000599,762220601,44,Saint-Louis,marchand,2025-08-31
cli_000600,769482582,30,Fatick,particulier,2026-04-14
cli_000601,765275974,42,Dakar,marchand,2025-04-17
cli_000602,703872565,34,Fatick,particulier,2025-02-05
cli_000603,765014548,20,Thiès,particulier,2025-10-03
cli_000604,773303451,41,Thiès,particulier,2026-04-02
cli_000605,708834975,35,Thiès,particulier,2025-02-02
cli_000606,769994679,62,Kolda,particulier,2024-10-19
cli_000607,781764244,50,Dakar,particulier,2024-11-24
cli_000608,767468206,41,Saint-Louis,marchand,2024-11-22
cli_000609,704020401,36,Dakar,particulier,2025-02-12
cli_000610,701426273,35,Kolda,particulier,2025-04-03
cli_000611,709299892,22,Louga,particulier,2024-10-26
cli_000612,781556969,18,Dakar,particulier,2026-01-19
cli_000613,702853121,24,Dakar,particulier,2024-11-15
cli_000614,781229514,33,Thiès,particulier,2026-09-09
cli_000615,765241547,18,Thiès,particulier,2025-01-25
cli_000616,766396569,28,Fatick,particulier,2026-01-23
cli_000617,773886057,31,Saint-Louis,particulier,2026-02-22
cli_000618,781644080,31,Thiès,particulier,2025-05-19
cli_000619,772045395,26,Ziguinchor,particulier,2026-05-19
cli_000620,779400494,30,Diourbel,particulier,2024-09-29
cli_000621,788253250,52,Dakar,particulier,2025-04-12
cli_000622,789432157,41,Dakar,particulier,2026-09-10
cli_000623,775777233,27,Thiès,marchand,2025-01-15
cli_000624,785914486,33,Kaolack,particulier,2026-07-07
cli_000625,768073970,33,Dakar,particulier,2025-01-31
cli_000626,776549749,25,Saint-Louis,particulier,2025-02-08
cli_000627,784927966,25,Dakar,particulier,2025-06-11
cli_000628,783627049,45,Ziguinchor,particulier,2025-07-13
cli_000629,765369566,29,Dakar,particulier,2025-01-27
cli_000630,781575752,21,Diourbel,particulier,2025-01-12
cli_000631,762732034,33,Dakar,particulier,2025-04-26
cli_000632,787637143,35,Thiès,particulier,2026-05-22
cli_000633,788812484,18,Dakar,particulier,2025-05-26
cli_000634,781916073,33,Diourbel,particulier,2026-04-30
cli_000635,771872161,43,Louga,particulier,2026-08-21
cli_000636,761770018,38,Dakar,particulier,2026-06-05
cli_000637,778124202,58,Ziguinchor,marchand,2025-10-23
cli_000638,783801007,47,Saint-Louis,particulier,2024-10-21
cli_000639,703940878,49,Diourbel,particulier,2026-08-30
cli_000640,701112190,64,Saint-Louis,particulier,2026-07-31
cli_000641,769753396,42,Thiès,particulier,2026-07-18
cli_000642,704906320,35,Ziguinchor,particulier,2026-05-08
cli_000643,708177018,44,Louga,particulier,2025-08-25
cli_000644,787369127,27,Louga,marchand,2025-02-02
cli_000645,702275975,35,Dakar,particulier,2026-08-20
cli_000646,788212139,26,Kaolack,particulier,2025-02-14
cli_000647,785952733,38,Dakar,marchand,2024-11-27
cli_000648,766438765,26,Diourbel,particulier,2026-07-28
cli_000649,702802843,26,Dakar,marchand,2025-10-30
cli_000650,708621866,38,Dakar,particulier,2025-02-07
cli_000651,789385001,32,Kaolack,marchand,2025-05-01
cli_000652,764658519,18,Kolda,particulier,2026-05-12
cli_000653,771832296,18,Dakar,particulier,2026-06-08
cli_000654,708638947,21,Saint-Louis,marchand,2025-11-03
cli_000655,768986532,24,Kaolack,particulier,2025-01-14
cli_000656,765558259,38,Tambacounda,particulier,2024-11-01
cli_000657,706212338,36,Kaolack,particulier,2025-10-10
cli_000658,763007324,45,Dakar,particulier,2025-09-02
cli_000659,771607258,42,Dakar,particulier,2025-08-12
cli_000660,789497309,45,Kaolack,particulier,2025-10-01
cli_000661,775346617,40,Dakar,particulier,2025-06-08
cli_000662,763474737,36,Kolda,particulier,2026-03-08
cli_000663,777239092,46,Kolda,particulier,2025-08-26
cli_000664,771235813,44,Tambacounda,particulier,2025-07-04
cli_000665,761719460,38,Dakar,particulier,2025-08-09
cli_000666,763184066,47,Ziguinchor,particulier,2024-10-13
cli_000667,765055841,18,Kaolack,particulier,2025-03-30
cli_000668,704300187,30,Dakar,marchand,2025-04-06
cli_000669,702686122,30,Dakar,particulier,2025-02-13
cli_000670,774162146,46,Dakar,particulier,2025-09-04
cli_000671,704005203,51,Thiès,marchand,2026-02-12
cli_000672,765722007,18,Tambacounda,particulier,2025-08-29
cli_000673,766064673,49,Fatick,particulier,2024-11-20
cli_000674,778948141,21,Dakar,particulier,2024-12-22
cli_000675,768261006,21,Saint-Louis,particulier,2026-01-09
cli_000676,763631043,31,Dakar,particulier,2025-10-06
cli_000677,769124008,30,Dakar,particulier,2026-03-09
cli_000678,775686934,18,Dakar,particulier,2026-09-15
cli_000679,762689098,41,Kaolack,particulier,2026-02-08
cli_000680,704061250,41,Kaolack,particulier,2026-07-12
cli_000681,767675861,45,Fatick,particulier,2026-01-05
cli_000682,778395956,29,Kolda,particulier,2026-08-15
cli_000683,704367119,33,Dakar,particulier,2026-02-04
cli_000684,702418413,33,Louga,particulier,2025-04-21
cli_000685,772726981,52,Dakar,particulier,2025-01-16
cli_000686,701931592,18,Thiès,particulier,2024-12-16
cli_000687,787288638,23,Diourbel,particulier,2025-08-10
cli_000688,765526956,34,Dakar,particulier,2025-08-21
cli_000689,785060645,22,Dakar,particulier,2024-10-18
cli_000690,707046987,31,Dakar,particulier,2025-08-14
cli_000691,708457994,32,Dakar,particulier,2026-07-24
cli_000692,708159726,26,Tambacounda,particulier,2024-11-10
cli_000693,702234302,34,Dakar,particulier,2025-07-03
cli_000694,706306623,40,Diourbel,particulier,2025-05-26
cli_000695,778942624,31,Tambacounda,particulier,2026-07-15
cli_000696,787964647,29,Saint-Louis,particulier,2025-10-16
cli_000697,763964713,32,Thiès,particulier,2025-10-24
cli_000698,764534390,33,Kolda,particulier,2025-02-07
cli_000699,779011763,18,Dakar,particulier,2025-12-18
cli_000700,771295808,39,Dakar,particulier,2026-01-16
cli_000701,765728777,29,Saint-Louis,particulier,2025-05-15
cli_000702,762044893,47,Thiès,particulier,2026-09-12
cli_000703,779051292,40,Louga,marchand,2025-03-29
cli_000704,771348503,46,Dakar,marchand,2026-09-18
cli_000705,771210520,22,Kaolack,particulier,2026-04-03
cli_000706,763960492,29,Ziguinchor,particulier,2025-09-26
cli_000707,772801493,20,Tambacounda,particulier,2026-05-05
cli_000708,765459421,26,Dakar,particulier,2026-08-29
cli_000709,783696122,47,Dakar,particulier,2025-11-22
cli_000710,784206856,50,Tambacounda,particulier,2025-04-26
cli_000711,766084298,21,Kaolack,particulier,2026-03-31
cli_000712,766045394,28,Dakar,particulier,2026-03-08
cli_000713,769414379,33,Dakar,marchand,2025-05-18
cli_000714,705325481,40,Louga,particulier,2024-11-02
cli_000715,706078083,18,Saint-Louis,particulier,2025-09-11
cli_000716,707101484,18,Saint-Louis,particulier,2025-08-12
cli_000717,762568093,39,Kolda,particulier,2025-01-29
cli_000718,787002658,18,Dakar,marchand,2026-08-06
cli_000719,778757202,29,Dakar,particulier,2024-10-08
cli_000720,763862577,35,Kaolack,particulier,2025-10-12
cli_000721,772605060,38,Kolda,particulier,2025-12-22
cli_000722,704115929,32,Dakar,particulier,2025-06-30
cli_000723,703475349,29,Ziguinchor,particulier,2024-11-28
cli_000724,776266329,43,Dakar,particulier,2024-11-09
cli_000725,708773622,37,Dakar,particulier,2025-03-06
cli_000726,776367891,26,Kolda,particulier,2025-10-06
cli_000727,762129602,34,Dakar,particulier,2026-06-07
cli_000728,773832298,38,Dakar,particulier,2026-05-08
cli_000729,787203835,52,Louga,particulier,2025-01-22
cli_000730,763972860,42,Thiès,particulier,2026-06-24
cli_000731,766277517,47,Thiès,particulier,2025-10-07
cli_000732,787246404,27,Louga,particulier,2025-11-30
cli_000733,703962509,28,Dakar,particulier,2025-04-25
cli_000734,706826696,31,Kaolack,particulier,2026-01-16
cli_000735,774583048,32,Dakar,particulier,2025-04-29
cli_000736,762215457,22,Dakar,particulier,2025-09-18
cli_000737,764349637,47,Ziguinchor,particulier,2024-12-17
cli_000738,784969376,43,Dakar,particulier,2026-05-10
cli_000739,761021483,30,Kolda,particulier,2025-03-18
cli_000740,709034353,41,Kolda,particulier,2025-04-15
cli_000741,705751009,36,Fatick,particulier,2025-01-30
cli_000742,701326751,41,Thiès,particulier,2025-10-01
cli_000743,768811926,19,Dakar,particulier,2026-02-02
cli_000744,788696474,32,Kolda,particulier,2025-09-12
cli_000745,701108437,33,Diourbel,particulier,2024-10-14
cli_000746,782468603,40,Ziguinchor,particulier,2026-05-04
cli_000747,764274147,27,Fatick,particulier,2025-05-29
cli_000748,785565237,18,Dakar,particulier,2026-04-13
cli_000749,787531868,22,Dakar,particulier,2025-03-08
cli_000750,774819027,33,Kaolack,marchand,2025-11-19
cli_000751,706505456,34,Saint-Louis,particulier,2025-01-05
cli_000752,771091164,52,Dakar,particulier,2026-05-27
cli_000753,776926852,40,Saint-Louis,marchand,2026-06-25
cli_000754,709238571,34,Louga,marchand,2024-10-30
cli_000755,765735872,33,Thiès,particulier,2026-01-21
cli_000756,785094326,46,Dakar,particulier,2026-07-24
cli_000757,763674064,27,Ziguinchor,particulier,2025-01-22
cli_000758,789588413,32,Louga,particulier,2025-11-26
cli_000759,771298828,22,Tambacounda,particulier,2024-11-20
cli_000760,763580694,49,Dakar,particulier,2025-11-08
cli_000761,772248372,38,Kolda,particulier,2025-03-21
cli_000762,768796481,26,Louga,particulier,2025-07-29
cli_000763,705343446,32,Ziguinchor,particulier,2025-10-07
cli_000764,709301505,39,Dakar,particulier,2025-10-04
cli_000765,786986421,31,Dakar,particulier,2026-03-24
cli_000766,706011491,28,Diourbel,particulier,2025-04-05
cli_000767,765657252,26,Dakar,particulier,2025-09-06
cli_000768,782824099,37,Dakar,marchand,2026-09-22
cli_000769,776058433,30,Kolda,particulier,2025-12-08
cli_000770,787167226,29,Dakar,particulier,2025-12-02
cli_000771,769688093,19,Tambacounda,particulier,2024-12-17
cli_000772,705940802,34,Diourbel,particulier,2025-11-16
cli_000773,779449527,32,Fatick,particulier,2025-08-06
cli_000774,769500766,30,Dakar,particulier,2026-07-25
cli_000775,705702976,36,Kaolack,particulier,2025-12-12
cli_000776,704953448,42,Saint-Louis,marchand,2026-02-28
cli_000777,782284330,41,Kolda,particulier,2025-09-25
cli_000778,773416622,40,Dakar,marchand,2024-12-07
cli_000779,788911839,31,Dakar,particulier,2024-11-12
cli_000780,702244582,27,Tambacounda,particulier,2026-02-26
cli_000781,704573522,22,Dakar,particulier,2025-07-03
cli_000782,767287701,27,Kaolack,marchand,2024-10-28
cli_000783,773165597,34,Dakar,particulier,2026-04-10
cli_000784,779766985,25,Dakar,particulier,2025-11-08
cli_000785,786845356,35,Saint-Louis,particulier,2025-09-24
cli_000786,761255093,23,Saint-Louis,particulier,2026-09-21
cli_000787,773224549,18,Saint-Louis,particulier,2025-10-19
cli_000788,767664007,43,Diourbel,particulier,2026-06-27
cli_000789,768768723,28,Louga,particulier,2026-02-09
cli_000790,779342372,24,Tambacounda,particulier,2026-07-01
cli_000791,778660529,21,Dakar,particulier,2025-04-05
cli_000792,781673033,38,Thiès,particulier,2025-01-23
cli_000793,767567182,49,Thiès,particulier,2026-03-12
cli_000794,701991530,29,Louga,particulier,2026-08-25
cli_000795,781688959,31,Thiès,marchand,2025-09-29
cli_000796,787227613,45,Kaolack,particulier,2026-07-02
cli_000797,705303490,18,Thiès,particulier,2025-11-06
cli_000798,786831669,55,Kaolack,particulier,2025-08-23
cli_000799,788663363,60,Fatick,particulier,2025-10-18
cli_000800,781619446,18,Diourbel,particulier,2025-09-08
cli_000801,775747775,32,Diourbel,particulier,2025-08-06
cli_000802,788509803,26,Dakar,particulier,2026-05-27
cli_000803,764962635,31,Diourbel,particulier,2025-05-13
cli_000804,705710814,29,Dakar,particulier,2025-05-24
cli_000805,765480680,42,Fatick,particulier,2026-06-11
cli_000806,709164775,32,Thiès,marchand,2025-11-11
cli_000807,761449041,23,Dakar,particulier,2026-02-25
cli_000808,778901917,32,Dakar,marchand,2025-12-08
cli_000809,788347446,39,Saint-Louis,particulier,2025-03-09
cli_000810,708312569,20,Kolda,particulier,2025-07-16
cli_000811,774710584,18,Dakar,particulier,2024-12-01
cli_000812,705643089,55,Dakar,particulier,2025-08-05
cli_000813,764320853,26,Thiès,particulier,2026-08-22
cli_000814,783265395,32,Tambacounda,particulier,2025-04-23
cli_000815,708878910,29,Fatick,particulier,2026-08-01
cli_000816,705553779,40,Dakar,particulier,2026-01-17
cli_000817,777510115,53,Kaolack,particulier,2024-11-12
cli_000818,771907302,40,Louga,particulier,2024-10-02
cli_000819,768100334,18,Louga,particulier,2026-06-08
cli_000820,706929614,18,Diourbel,particulier,2024-10-05
cli_000821,779978492,29,Ziguinchor,marchand,2024-10-10
cli_000822,762205794,31,Saint-Louis,particulier,2024-12-22
cli_000823,775860362,18,Dakar,particulier,2025-01-28
cli_000824,765600556,43,Dakar,particulier,2026-07-31
cli_000825,765845596,22,Thiès,particulier,2026-06-28
cli_000826,771489437,50,Dakar,particulier,2025-07-03
cli_000827,765258098,54,Thiès,particulier,2026-07-11
cli_000828,703695612,31,Fatick,particulier,2026-03-25
cli_000829,706556179,38,Fatick,particulier,2024-10-11
cli_000830,773088723,20,Dakar,particulier,2024-11-29
cli_000831,774915468,40,Dakar,particulier,2026-03-22
cli_000832,776580283,28,Kaolack,particulier,2025-08-27
cli_000833,781576408,22,Diourbel,particulier,2025-08-27
cli_000834,778081079,30,Dakar,particulier,2026-03-16
cli_000835,707441612,28,Fatick,particulier,2026-04-04
cli_000836,701515726,30,Dakar,particulier,2025-11-09
cli_000837,701582623,44,Dakar,particulier,2025-07-13
cli_000838,778652552,25,Louga,particulier,2025-02-14
cli_000839,773549976,53,Kaolack,particulier,2025-01-19
cli_000840,708746908,19,Thiès,particulier,2026-09-09
cli_000841,785493273,51,Ziguinchor,particulier,2025-06-02
cli_000842,764080421,22,Kolda,particulier,2025-07-01
cli_000843,703462042,33,Dakar,particulier,2026-08-21
cli_000844,776931035,28,Kaolack,particulier,2025-01-23
cli_000845,771987542,30,Dakar,particulier,2025-07-17
cli_000846,774623516,42,Diourbel,particulier,2025-04-17
cli_000847,774112705,50,Thiès,particulier,2025-05-30
cli_000848,772387717,47,Thiès,particulier,2026-01-23
cli_000849,704175401,29,Dakar,particulier,2026-04-30
cli_000850,765757961,36,Fatick,particulier,2025-12-22
cli_000851,707098067,25,Thiès,marchand,2025-03-17
cli_000852,701777236,23,Kolda,particulier,2025-06-16
cli_000853,708851581,21,Thiès,particulier,2025-06-23
cli_000854,778906248,29,Fatick,particulier,2026-06-20
cli_000855,787227794,36,Saint-Louis,particulier,2026-09-17
cli_000856,709318606,18,Thiès,particulier,2025-05-25
cli_000857,774851513,33,Ziguinchor,marchand,2024-10-31
cli_000858,778394517,50,Louga,marchand,2026-01-05
cli_000859,767545404,46,Diourbel,particulier,2025-11-03
cli_000860,706062752,27,Thiès,particulier,2024-10-25
cli_000861,702615546,18,Saint-Louis,particulier,2026-04-07
cli_000862,706018386,39,Saint-Louis,marchand,2025-09-08
cli_000863,779112144,18,Thiès,particulier,2026-07-23
cli_000864,709861465,46,Louga,particulier,2026-03-15
cli_000865,705032599,31,Thiès,particulier,2025-12-25
cli_000866,763231114,54,Diourbel,particulier,2025-05-12
cli_000867,707727568,18,Kaolack,particulier,2026-02-11
cli_000868,701683535,44,Tambacounda,particulier,2025-10-23
cli_000869,782359837,32,Dakar,particulier,2026-02-18
cli_000870,776057467,30,Dakar,particulier,2026-06-13
cli_000871,789911828,18,Dakar,particulier,2025-02-22
cli_000872,773959070,40,Ziguinchor,particulier,2025-05-21
cli_000873,774989916,41,Thiès,particulier,2025-06-10
cli_000874,773901048,53,Thiès,particulier,2025-07-25
cli_000875,764964539,45,Dakar,particulier,2026-06-19
cli_000876,761063768,27,Kolda,particulier,2025-09-13
cli_000877,766352503,22,Thiès,particulier,2025-04-25
cli_000878,766366154,18,Kaolack,particulier,2025-09-28
cli_000879,763840069,50,Dakar,particulier,2025-04-14
cli_000880,763376303,25,Dakar,particulier,2026-01-27
cli_000881,777854443,50,Dakar,particulier,2025-09-14
cli_000882,702690726,39,Thiès,particulier,2025-12-20
cli_000883,781423603,37,Diourbel,particulier,2024-09-28
cli_000884,771363887,30,Dakar,particulier,2026-05-16
cli_000885,708935781,41,Thiès,particulier,2026-03-01
cli_000886,764279253,33,Dakar,particulier,2025-05-15
cli_000887,771916490,29,Thiès,particulier,2026-08-12
cli_000888,778910718,41,Dakar,particulier,2025-09-15
cli_000889,772337606,32,Dakar,particulier,2026-09-03
cli_000890,784030036,25,Dakar,marchand,2025-09-04
cli_000891,771186187,40,Ziguinchor,particulier,2026-02-02
cli_000892,767111667,33,Tambacounda,particulier,2026-05-08
cli_000893,767293707,39,Kaolack,particulier,2025-09-26
cli_000894,707808921,29,Dakar,particulier,2026-01-25
cli_000895,763367393,20,Tambacounda,particulier,2026-07-28
cli_000896,763952906,53,Tambacounda,particulier,2025-08-31
cli_000897,769443078,51,Diourbel,particulier,2025-08-07
cli_000898,778394765,43,Dakar,particulier,2025-05-29
cli_000899,771334412,29,Ziguinchor,particulier,2024-12-06
cli_000900,767226916,30,Tambacounda,particulier,2025-04-29
cli_000901,778314657,49,Louga,particulier,2025-02-20
cli_000902,776033179,30,Kaolack,particulier,2025-06-08
cli_000903,776759161,27,Kaolack,particulier,2025-05-21
cli_000904,701008932,54,Tambacounda,particulier,2025-02-22
cli_000905,781270471,33,Dakar,particulier,2025-05-29
cli_000906,761315816,53,Dakar,particulier,2025-09-22
cli_000907,782430789,18,Fatick,particulier,2025-04-09
cli_000908,779917791,39,Dakar,particulier,2024-10-20
cli_000909,786709180,56,Thiès,particulier,2025-09-28
cli_000910,778040554,34,Dakar,particulier,2026-04-12
cli_000911,703660264,31,Dakar,particulier,2025-12-05
cli_000912,779438086,21,Dakar,particulier,2026-09-13
cli_000913,782790232,45,Saint-Louis,particulier,2026-02-12
cli_000914,709120727,25,Thiès,particulier,2024-12-16
cli_000915,761277147,32,Saint-Louis,particulier,2026-07-13
cli_000916,781183986,20,Dakar,particulier,2024-12-15
cli_000917,761710075,51,Tambacounda,particulier,2025-08-10
cli_000918,708126624,46,Saint-Louis,particulier,2026-02-03
cli_000919,783317474,33,Tambacounda,marchand,2025-10-14
cli_000920,765060311,21,Thiès,particulier,2024-12-22
cli_000921,705241816,50,Dakar,particulier,2026-06-29
cli_000922,768106023,29,Louga,particulier,2025-08-07
cli_000923,784138605,21,Fatick,particulier,2026-03-12
cli_000924,771060442,18,Dakar,marchand,2025-08-25
cli_000925,774478292,26,Kaolack,particulier,2025-02-27
cli_000926,703593793,18,Kaolack,particulier,2024-11-21
cli_000927,767577916,27,Dakar,marchand,2026-03-21
cli_000928,787761913,42,Saint-Louis,marchand,2025-05-28
cli_000929,781827619,29,Dakar,marchand,2025-11-17
cli_000930,768137186,37,Dakar,particulier,2025-09-22
cli_000931,761634426,26,Kolda,particulier,2026-05-29
cli_000932,766577430,34,Diourbel,particulier,2025-01-07
cli_000933,784503551,55,Louga,particulier,2026-05-23
cli_000934,763711305,30,Ziguinchor,particulier,2026-08-25
cli_000935,785348674,38,Tambacounda,particulier,2025-03-21
cli_000936,703793263,18,Thiès,particulier,2025-12-02
cli_000937,778144772,50,Thiès,particulier,2026-08-06
cli_000938,779700874,28,Dakar,particulier,2025-05-15
cli_000939,788342192,45,Kaolack,particulier,2026-02-28
cli_000940,764952909,32,Diourbel,particulier,2024-10-12
cli_000941,765529565,40,Ziguinchor,particulier,2024-10-08
cli_000942,785024129,41,Thiès,particulier,2025-08-18
cli_000943,708141864,29,Dakar,particulier,2025-10-12
cli_000944,785970994,46,Kolda,particulier,2025-11-03
cli_000945,775213124,25,Fatick,particulier,2025-07-09
cli_000946,774685520,42,Thiès,particulier,2024-11-30
cli_000947,704375409,29,Ziguinchor,particulier,2025-06-13
cli_000948,775974043,37,Diourbel,particulier,2026-07-13
cli_000949,707200957,28,Louga,particulier,2026-05-04
cli_000950,784891018,34,Thiès,particulier,2025-06-22
cli_000951,778259951,22,Saint-Louis,particulier,2025-12-28
cli_000952,788440433,36,Dakar,particulier,2025-10-09
cli_000953,764861705,34,Dakar,particulier,2025-12-05
cli_000954,789181458,28,Louga,particulier,2025-07-16
cli_000955,702557373,33,Thiès,particulier,2026-04-08
cli_000956,769388991,35,Dakar,particulier,2026-08-01
cli_000957,783646900,27,Dakar,particulier,2026-04-06
cli_000958,766078665,32,Thiès,particulier,2025-05-25
cli_000959,703552258,22,Ziguinchor,particulier,2025-07-07
cli_000960,784979336,59,Thiès,particulier,2025-02-11
cli_000961,774060553,45,Louga,particulier,2026-07-06
cli_000962,787347159,37,Fatick,particulier,2026-06-12
cli_000963,701730706,46,Thiès,particulier,2026-06-21
cli_000964,778544911,18,Fatick,particulier,2025-08-09
cli_000965,709134607,18,Dakar,particulier,2025-08-02
cli_000966,766066839,29,Thiès,particulier,2026-05-30
cli_000967,765925473,18,Dakar,particulier,2025-10-31
cli_000968,787299828,31,Dakar,particulier,2026-08-17
cli_000969,702791668,36,Dakar,particulier,2025-07-04
cli_000970,777747563,44,Dakar,particulier,2025-08-04
cli_000971,782968056,21,Fatick,particulier,2026-09-04
cli_000972,787087543,38,Saint-Louis,particulier,2026-07-21
cli_000973,783750201,34,Tambacounda,particulier,2025-04-28
cli_000974,787715201,37,Saint-Louis,particulier,2024-12-07
cli_000975,778119515,28,Kaolack,particulier,2025-01-12
cli_000976,772877807,49,Dakar,particulier,2025-08-06
cli_000977,776556911,32,Saint-Louis,particulier,2025-09-06
cli_000978,765485370,53,Thiès,marchand,2025-02-11
cli_000979,783646361,25,Tambacounda,particulier,2025-01-19
cli_000980,766294416,42,Tambacounda,particulier,2024-12-02
cli_000981,769933971,33,Dakar,particulier,2025-12-06
cli_000982,761022301,30,Kaolack,particulier,2025-10-11
cli_000983,769611884,40,Kaolack,particulier,2026-07-28
cli_000984,768703661,30,Saint-Louis,particulier,2026-05-19
cli_000985,765764362,18,Dakar,particulier,2025-12-22
cli_000986,766490219,18,Kaolack,particulier,2025-02-10
cli_000987,764322720,47,Louga,particulier,2025-11-02
cli_000988,782162226,47,Thiès,particulier,2025-07-22
cli_000989,776143284,54,Diourbel,particulier,2025-01-01
cli_000990,708347212,33,Dakar,particulier,2025-10-12
cli_000991,783079978,19,Tambacounda,particulier,2026-01-22
cli_000992,767453511,29,Dakar,particulier,2025-04-09
cli_000993,777732467,34,Dakar,particulier,2026-02-06
cli_000994,787824695,22,Dakar,particulier,2025-12-14
cli_000995,764060000,52,Fatick,particulier,2024-12-15
cli_000996,764528381,58,Ziguinchor,particulier,2025-11-09
cli_000997,764745909,39,Dakar,marchand,2026-03-25
cli_000998,788687821,33,Dakar,particulier,2025-01-23
cli_000999,709104049,19,Louga,particulier,2025-06-12
cli_001000,764726247,51,Thiès,particulier,2025-03-13
cli_001001,709729793,34,Dakar,particulier,2026-01-28
cli_001002,766134581,30,Tambacounda,particulier,2025-03-02
cli_001003,764465520,39,Dakar,particulier,2024-10-30
cli_001004,701005780,27,Diourbel,particulier,2026-05-27
cli_001005,776499682,35,Dakar,particulier,2026-05-08
cli_001006,706803857,18,Ziguinchor,particulier,2025-08-08
cli_001007,709715441,45,Louga,particulier,2025-04-14
cli_001008,767463581,32,Thiès,particulier,2026-09-23
cli_001009,761267068,46,Kaolack,particulier,2025-08-19
cli_001010,766103983,31,Kolda,marchand,2026-06-23
cli_001011,787685005,32,Fatick,marchand,2024-10-10
cli_001012,705469028,20,Thiès,particulier,2025-04-12
cli_001013,774864160,42,Thiès,particulier,2024-09-29
cli_001014,788289427,24,Kolda,particulier,2026-04-18
cli_001015,766502345,28,Dakar,particulier,2025-02-22
cli_001016,707132353,34,Dakar,particulier,2025-12-19
cli_001017,785176936,35,Dakar,particulier,2026-07-10
cli_001018,783502666,18,Fatick,particulier,2025-10-08
cli_001019,775671819,31,Dakar,particulier,2025-10-17
cli_001020,779631659,42,Dakar,particulier,2025-09-24
cli_001021,776424030,29,Kaolack,particulier,2025-01-09
cli_001022,777365404,31,Dakar,particulier,2026-03-04
cli_001023,702117196,35,Dakar,particulier,2025-06-15
cli_001024,709891449,32,Diourbel,particulier,2026-05-01
cli_001025,703202323,22,Dakar,particulier,2024-12-22
cli_001026,779741350,33,Tambacounda,particulier,2025-10-25
cli_001027,775011852,44,Dakar,particulier,2025-02-18
cli_001028,789270186,22,Fatick,particulier,2026-03-11
cli_001029,769026308,29,Diourbel,particulier,2026-02-07
cli_001030,787798343,18,Dakar,marchand,2024-10-07
cli_001031,789247668,44,Dakar,particulier,2026-05-04
cli_001032,776484863,32,Diourbel,particulier,2025-08-10
cli_001033,768638970,24,Thiès,particulier,2026-01-31
cli_001034,782549535,35,Dakar,particulier,2025-12-13
cli_001035,771632557,20,Tambacounda,particulier,2025-05-04
cli_001036,765890162,22,Diourbel,particulier,2025-03-02
cli_001037,708288625,18,Kolda,particulier,2025-10-08
cli_001038,777888387,22,Dakar,particulier,2025-06-15
cli_001039,785751059,48,Dakar,particulier,2026-08-23
cli_001040,705687713,25,Saint-Louis,particulier,2026-04-06
cli_001041,766488603,39,Dakar,particulier,2025-03-31
cli_001042,708814151,24,Dakar,marchand,2025-05-26
cli_001043,788576351,42,Dakar,particulier,2026-08-22
cli_001044,781986902,22,Dakar,particulier,2024-12-13
cli_001045,766361669,34,Louga,particulier,2025-11-29
cli_001046,774428462,34,Dakar,marchand,2026-02-14
cli_001047,778194709,59,Tambacounda,particulier,2025-10-21
cli_001048,765553679,40,Dakar,particulier,2025-12-10
cli_001049,769922087,27,Thiès,particulier,2025-09-22
cli_001050,774890927,41,Thiès,marchand,2026-05-27
cli_001051,767111997,57,Diourbel,particulier,2026-06-14
cli_001052,781977278,18,Kolda,particulier,2024-10-02
cli_001053,769391240,24,Fatick,particulier,2025-03-27
cli_001054,702381754,31,Dakar,particulier,2026-01-03
cli_001055,774405345,29,Thiès,particulier,2025-01-12
cli_001056,708538554,30,Fatick,particulier,2025-02-21
cli_001057,789706771,19,Dakar,particulier,2025-05-03
cli_001058,705359457,49,Saint-Louis,particulier,2025-04-16
cli_001059,785362488,18,Dakar,particulier,2024-10-30
cli_001060,781438501,31,Thiès,particulier,2025-01-23
cli_001061,709809857,45,Thiès,particulier,2026-03-20
cli_001062,761148421,33,Thiès,particulier,2025-04-12
cli_001063,771234774,23,Kolda,particulier,2026-05-29
cli_001064,765261278,19,Saint-Louis,particulier,2025-09-22
cli_001065,701032697,31,Kolda,marchand,2026-08-05
cli_001066,782479408,25,Ziguinchor,particulier,2026-05-23
cli_001067,706649478,36,Thiès,particulier,2025-04-16
cli_001068,767346132,18,Diourbel,marchand,2025-12-27
cli_001069,783683560,42,Thiès,particulier,2026-05-28
cli_001070,778157910,35,Fatick,particulier,2024-10-10
cli_001071,766469438,36,Dakar,marchand,2024-11-09
cli_001072,773054670,49,Tambacounda,marchand,2026-04-09
cli_001073,707411986,29,Saint-Louis,particulier,2025-07-14
cli_001074,766329591,26,Kaolack,marchand,2026-02-21
cli_001075,788309012,27,Diourbel,particulier,2025-02-14
cli_001076,772390001,31,Saint-Louis,particulier,2025-05-10
cli_001077,763077692,32,Kaolack,particulier,2025-11-11
cli_001078,773732243,24,Kaolack,particulier,2024-11-14
cli_001079,784072733,18,Dakar,particulier,2025-04-06
cli_001080,708999158,27,Saint-Louis,particulier,2026-06-05
cli_001081,707592872,37,Thiès,particulier,2025-11-04
cli_001082,705896882,35,Kaolack,particulier,2025-01-27
cli_001083,705864083,47,Saint-Louis,particulier,2025-08-27
cli_001084,768972997,55,Dakar,particulier,2026-07-13
cli_001085,775021153,42,Ziguinchor,particulier,2025-03-09
cli_001086,703027230,49,Diourbel,particulier,2025-10-08
cli_001087,702232091,42,Saint-Louis,particulier,2026-04-03
cli_001088,703970218,52,Kaolack,particulier,2025-02-06
cli_001089,766879639,54,Kaolack,marchand,2024-12-18
cli_001090,775238568,44,Louga,marchand,2025-07-22
cli_001091,764796043,41,Dakar,particulier,2025-04-19
cli_001092,785320720,31,Dakar,particulier,2026-04-01
cli_001093,709773872,33,Kaolack,particulier,2025-03-28
cli_001094,789978830,30,Dakar,particulier,2024-12-03
cli_001095,782451631,40,Dakar,particulier,2026-04-03
cli_001096,772030007,26,Dakar,particulier,2024-11-05
cli_001097,703198774,31,Dakar,particulier,2026-07-20
cli_001098,708667684,18,Tambacounda,particulier,2025-11-02
cli_001099,775135636,52,Dakar,particulier,2026-08-01
cli_001100,788773137,31,Dakar,particulier,2025-11-01
cli_001101,786820759,39,Kolda,particulier,2025-06-09
cli_001102,785978787,50,Tambacounda,particulier,2024-12-28
cli_001103,703533633,37,Dakar,particulier,2026-06-06
cli_001104,774096334,49,Kolda,particulier,2024-12-16
cli_001105,782329459,20,Dakar,particulier,2024-09-25
cli_001106,775673034,60,Louga,particulier,2026-08-06
cli_001107,773523362,45,Dakar,particulier,2024-10-23
cli_001108,703632209,36,Thiès,particulier,2024-12-02
cli_001109,701355921,49,Dakar,particulier,2026-09-02
cli_001110,778191966,21,Ziguinchor,particulier,2026-08-08
cli_001111,769453352,30,Dakar,particulier,2025-04-13
cli_001112,775484511,49,Diourbel,particulier,2025-11-21
cli_001113,775824289,18,Ziguinchor,particulier,2026-03-17
cli_001114,789332578,40,Dakar,marchand,2025-12-03
cli_001115,775603343,39,Kolda,particulier,2026-01-18
cli_001116,786604221,55,Thiès,particulier,2024-10-13
cli_001117,704852857,18,Dakar,particulier,2026-04-01
cli_001118,765628873,51,Dakar,particulier,2026-07-21
cli_001119,765696777,27,Thiès,particulier,2025-01-26
cli_001120,787399623,29,Dakar,particulier,2025-01-19
cli_001121,776437686,20,Diourbel,marchand,2024-12-11
cli_001122,775535396,22,Kaolack,marchand,2024-10-15
cli_001123,781682574,38,Thiès,particulier,2026-08-25
cli_001124,779140556,21,Thiès,particulier,2025-03-12
cli_001125,708994506,42,Louga,particulier,2026-03-11
cli_001126,702660013,26,Dakar,particulier,2025-11-20
cli_001127,703639805,20,Kaolack,particulier,2025-10-31
cli_001128,769760137,28,Kolda,particulier,2024-10-05
cli_001129,763889560,37,Dakar,particulier,2025-09-08
cli_001130,768309714,30,Kaolack,particulier,2026-04-14
cli_001131,788071735,34,Tambacounda,particulier,2026-07-22
cli_001132,768746599,41,Diourbel,particulier,2025-07-21
cli_001133,701144006,45,Tambacounda,particulier,2025-01-26
cli_001134,705346170,30,Dakar,particulier,2025-04-24
cli_001135,766089600,22,Saint-Louis,particulier,2024-11-12
cli_001136,778534813,34,Dakar,particulier,2026-08-24
cli_001137,763020204,39,Dakar,particulier,2025-12-04
cli_001138,783760966,18,Tambacounda,particulier,2025-07-05
cli_001139,762619105,24,Dakar,particulier,2025-01-07
cli_001140,767857532,26,Tambacounda,particulier,2026-02-08
cli_001141,709989851,31,Kaolack,particulier,2025-05-18
cli_001142,782264051,25,Kolda,particulier,2026-04-25
cli_001143,703098038,41,Tambacounda,particulier,2025-07-19
cli_001144,703763466,18,Saint-Louis,particulier,2025-03-07
cli_001145,789001270,18,Tambacounda,particulier,2025-02-03
cli_001146,785011593,30,Louga,particulier,2025-10-29
cli_001147,763537416,32,Diourbel,particulier,2025-10-14
cli_001148,703900877,18,Kaolack,particulier,2024-12-20
cli_001149,766383073,27,Dakar,particulier,2025-08-20
cli_001150,704483153,29,Dakar,particulier,2026-01-11
cli_001151,782263688,29,Dakar,particulier,2026-03-07
cli_001152,768380941,35,Thiès,particulier,2025-04-23
cli_001153,784800099,26,Dakar,particulier,2025-04-22
cli_001154,703310082,50,Diourbel,particulier,2025-08-27
cli_001155,787555904,39,Kaolack,marchand,2026-05-31
cli_001156,767707529,25,Kaolack,particulier,2026-05-29
cli_001157,772395328,35,Kolda,marchand,2026-03-30
cli_001158,701663408,35,Tambacounda,particulier,2026-09-15
cli_001159,781408726,47,Kolda,marchand,2025-10-09
cli_001160,787891651,27,Kaolack,marchand,2025-11-25
cli_001161,766631673,42,Dakar,particulier,2025-12-17
cli_001162,788128208,34,Tambacounda,particulier,2024-11-11
cli_001163,706637659,50,Dakar,particulier,2026-04-02
cli_001164,764615288,48,Dakar,particulier,2025-02-11
cli_001165,766306013,36,Dakar,particulier,2026-05-07
cli_001166,777502299,31,Saint-Louis,particulier,2025-07-05
cli_001167,774589603,39,Ziguinchor,particulier,2025-01-04
cli_001168,789236244,32,Dakar,particulier,2025-01-21
cli_001169,709096455,52,Louga,particulier,2025-07-20
cli_001170,708206415,34,Dakar,particulier,2026-04-25
cli_001171,769930399,29,Dakar,particulier,2025-12-22
cli_001172,764514018,28,Thiès,particulier,2025-11-18
cli_001173,782026953,20,Thiès,particulier,2025-01-15
cli_001174,775357921,40,Louga,particulier,2025-12-22
cli_001175,777713006,24,Dakar,particulier,2025-01-30
cli_001176,788014217,46,Dakar,particulier,2024-10-30
cli_001177,784496676,19,Dakar,particulier,2026-07-05
cli_001178,773633351,35,Louga,particulier,2024-11-10
cli_001179,785009254,46,Tambacounda,particulier,2025-08-06
cli_001180,778234943,18,Kaolack,marchand,2025-07-12
cli_001181,761545367,56,Saint-Louis,particulier,2026-02-13
cli_001182,703952639,29,Kolda,marchand,2026-01-23
cli_001183,763068920,35,Dakar,particulier,2025-08-25
cli_001184,788253914,40,Dakar,particulier,2026-05-01
cli_001185,785226920,41,Diourbel,marchand,2025-04-18
cli_001186,781781203,37,Dakar,particulier,2025-05-25
cli_001187,773356081,44,Diourbel,particulier,2026-09-17
cli_001188,761399575,39,Diourbel,particulier,2026-04-23
cli_001189,765280003,53,Dakar,particulier,2025-09-14
cli_001190,779979078,39,Diourbel,particulier,2025-03-31
cli_001191,786105081,55,Thiès,particulier,2026-02-23
cli_001192,788825113,43,Dakar,particulier,2024-12-16
cli_001193,777683331,18,Kolda,marchand,2025-08-30
cli_001194,768945626,62,Ziguinchor,particulier,2025-08-27
cli_001195,763799141,27,Dakar,particulier,2026-07-05
cli_001196,769561518,50,Dakar,particulier,2025-06-23
cli_001197,763147782,34,Dakar,particulier,2025-02-04
cli_001198,704944846,45,Dakar,particulier,2026-04-22
cli_001199,707131463,26,Dakar,particulier,2025-08-23
cli_001200,763581519,40,Dakar,particulier,2026-09-19
cli_001201,703380108,31,Fatick,particulier,2026-04-23
cli_001202,782170224,51,Fatick,particulier,2026-08-03
cli_001203,701037819,38,Louga,particulier,2025-03-11
cli_001204,705510881,44,Kaolack,particulier,2024-09-28
cli_001205,769880822,18,Ziguinchor,particulier,2026-08-27
cli_001206,702980434,33,Ziguinchor,particulier,2025-04-30
cli_001207,764961436,38,Kolda,particulier,2025-07-18
cli_001208,769419956,36,Ziguinchor,particulier,2025-04-30
cli_001209,787950804,44,Ziguinchor,particulier,2025-09-23
cli_001210,701036028,29,Fatick,marchand,2024-10-01
cli_001211,765505364,34,Saint-Louis,particulier,2026-08-26
cli_001212,702288770,46,Dakar,particulier,2026-06-07
cli_001213,783223172,18,Dakar,particulier,2026-03-25
cli_001214,703218282,40,Thiès,particulier,2025-03-02
cli_001215,776512294,30,Dakar,particulier,2026-07-29
cli_001216,772790610,23,Dakar,particulier,2026-06-25
cli_001217,763266796,37,Dakar,marchand,2025-04-08
cli_001218,763032005,47,Dakar,particulier,2025-11-22
cli_001219,704211970,45,Tambacounda,particulier,2025-04-27
cli_001220,786904427,32,Thiès,particulier,2025-12-30
cli_001221,764599701,43,Dakar,particulier,2026-07-20
cli_001222,763947608,43,Thiès,particulier,2025-07-15
cli_001223,705658422,33,Dakar,marchand,2026-07-06
cli_001224,766535218,26,Kaolack,particulier,2025-10-09
cli_001225,781138230,27,Kaolack,particulier,2024-12-21
cli_001226,709012320,43,Dakar,particulier,2026-05-13
cli_001227,779247875,33,Diourbel,marchand,2026-04-30
cli_001228,706423010,22,Dakar,particulier,2024-11-01
cli_001229,776171422,18,Kaolack,particulier,2026-02-14
cli_001230,787250794,43,Tambacounda,particulier,2025-12-26
cli_001231,704967784,27,Kolda,particulier,2025-05-13
cli_001232,764289529,37,Dakar,particulier,2026-06-22
cli_001233,704174216,47,Louga,marchand,2026-08-10
cli_001234,762437646,19,Louga,particulier,2025-01-17
cli_001235,768570517,33,Kolda,particulier,2024-11-02
cli_001236,783885256,32,Dakar,particulier,2024-10-04
cli_001237,773559609,38,Diourbel,particulier,2026-09-07
cli_001238,779678542,47,Dakar,particulier,2025-09-02
cli_001239,785560360,19,Dakar,particulier,2025-01-12
cli_001240,776596301,40,Kaolack,particulier,2025-01-16
cli_001241,763209007,45,Thiès,marchand,2026-01-03
cli_001242,703497599,31,Dakar,particulier,2025-10-01
cli_001243,707555050,32,Fatick,particulier,2026-06-06
cli_001244,785058236,38,Diourbel,particulier,2026-06-14
cli_001245,702329702,37,Tambacounda,particulier,2025-12-22
cli_001246,708519616,40,Louga,particulier,2026-04-09
cli_001247,704624851,40,Kolda,particulier,2024-10-14
cli_001248,787015991,23,Louga,particulier,2026-07-27
cli_001249,784071471,44,Dakar,particulier,2025-09-03
cli_001250,706045875,46,Dakar,particulier,2025-08-14
cli_001251,777980672,36,Kolda,particulier,2026-08-11
cli_001252,788966465,18,Dakar,particulier,2025-11-06
cli_001253,772866100,32,Thiès,particulier,2024-11-06
cli_001254,707051955,36,Kaolack,particulier,2026-07-06
cli_001255,769231753,21,Dakar,particulier,2026-06-11
cli_001256,776784566,30,Dakar,particulier,2026-05-26
cli_001257,772287808,18,Diourbel,marchand,2026-08-15
cli_001258,762707913,40,Thiès,particulier,2024-12-17
cli_001259,762825220,35,Kaolack,particulier,2026-08-21
cli_001260,701957498,18,Dakar,particulier,2026-03-03
cli_001261,787783593,37,Diourbel,particulier,2025-01-29
cli_001262,709686278,33,Dakar,particulier,2024-09-28
cli_001263,785651915,39,Kaolack,particulier,2026-06-04
cli_001264,706389724,29,Dakar,particulier,2026-01-04
cli_001265,777963301,25,Dakar,particulier,2026-05-16
cli_001266,774741150,25,Fatick,particulier,2026-05-06
cli_001267,775252119,28,Dakar,particulier,2024-11-04
cli_001268,786301186,34,Ziguinchor,particulier,2026-01-20
cli_001269,703741785,35,Dakar,particulier,2025-07-05
cli_001270,771556307,31,Dakar,particulier,2026-06-01
cli_001271,786109957,29,Dakar,particulier,2026-02-27
cli_001272,778399144,30,Kolda,particulier,2026-01-03
cli_001273,701659052,61,Thiès,particulier,2025-07-23
cli_001274,762949809,25,Dakar,particulier,2024-12-06
cli_001275,703366929,27,Saint-Louis,particulier,2026-03-30
cli_001276,768240913,70,Thiès,particulier,2025-06-10
cli_001277,765541393,38,Louga,particulier,2025-09-28
cli_001278,705809405,18,Tambacounda,marchand,2025-02-21
cli_001279,776807367,43,Diourbel,marchand,2026-01-23
cli_001280,703489147,23,Diourbel,particulier,2025-11-19
cli_001281,767421909,43,Thiès,particulier,2025-06-27
cli_001282,761271889,31,Tambacounda,particulier,2025-11-05
cli_001283,782023473,29,Diourbel,particulier,2025-03-19
cli_001284,708342499,51,Dakar,particulier,2026-09-13
cli_001285,786923852,40,Tambacounda,marchand,2026-01-12
cli_001286,772588141,44,Tambacounda,particulier,2026-05-19
cli_001287,704948794,38,Thiès,marchand,2026-06-11
cli_001288,771466245,29,Thiès,particulier,2026-08-16
cli_001289,777046643,40,Ziguinchor,particulier,2026-01-07
cli_001290,767802898,47,Fatick,particulier,2026-04-18
cli_001291,773505596,35,Diourbel,particulier,2025-03-20
cli_001292,704150388,53,Thiès,particulier,2025-09-23
cli_001293,783131361,43,Dakar,particulier,2025-02-27
cli_001294,774504005,36,Thiès,particulier,2024-12-17
cli_001295,703450825,36,Dakar,particulier,2025-02-28
cli_001296,763223608,35,Louga,particulier,2025-11-21
cli_001297,784871854,20,Dakar,particulier,2024-10-13
cli_001298,768732605,33,Thiès,particulier,2025-12-17
cli_001299,767864602,36,Fatick,particulier,2025-01-30
cli_001300,773675965,29,Thiès,particulier,2026-05-21
cli_001301,709485616,37,Dakar,particulier,2024-10-17
cli_001302,782891732,34,Tambacounda,particulier,2026-02-14
cli_001303,769196664,42,Dakar,particulier,2025-06-24
cli_001304,703783247,41,Kolda,marchand,2026-01-08
cli_001305,765862374,35,Dakar,marchand,2026-04-09
cli_001306,762828345,18,Thiès,particulier,2026-01-26
cli_001307,787858223,53,Kaolack,particulier,2025-07-07
cli_001308,773858896,32,Thiès,particulier,2026-07-04
cli_001309,788853137,33,Saint-Louis,particulier,2026-05-02
cli_001310,701746425,30,Dakar,particulier,2024-11-22
cli_001311,765518014,28,Saint-Louis,marchand,2026-07-23
cli_001312,782426770,50,Dakar,particulier,2025-04-15
cli_001313,709000610,49,Louga,marchand,2026-02-16
cli_001314,704753475,38,Saint-Louis,particulier,2026-02-03
cli_001315,707070266,32,Diourbel,particulier,2026-01-02
cli_001316,788915200,40,Dakar,particulier,2025-12-19
cli_001317,765820732,34,Diourbel,particulier,2025-04-25
cli_001318,761515616,31,Saint-Louis,particulier,2025-02-14
cli_001319,782986496,37,Dakar,particulier,2026-01-02
cli_001320,782914072,29,Kaolack,particulier,2026-05-21
cli_001321,779227647,36,Dakar,marchand,2026-09-21
cli_001322,789175110,36,Dakar,particulier,2025-04-13
cli_001323,765292639,40,Ziguinchor,marchand,2024-11-24
cli_001324,709010131,27,Dakar,particulier,2026-08-30
cli_001325,703214140,41,Dakar,particulier,2025-07-21
cli_001326,777115056,24,Kaolack,particulier,2026-04-17
cli_001327,764527406,27,Ziguinchor,particulier,2026-04-23
cli_001328,773164261,28,Dakar,particulier,2025-01-28
cli_001329,763250099,22,Dakar,particulier,2026-03-24
cli_001330,784778294,45,Thiès,particulier,2026-02-14
cli_001331,784056923,23,Saint-Louis,particulier,2026-06-25
cli_001332,762900988,26,Diourbel,particulier,2024-12-03
cli_001333,784007312,47,Kaolack,particulier,2024-12-02
cli_001334,702157296,27,Louga,particulier,2024-11-27
cli_001335,769727031,31,Tambacounda,particulier,2026-04-09
cli_001336,704419985,22,Thiès,particulier,2026-05-10
cli_001337,761966439,43,Dakar,particulier,2024-11-07
cli_001338,786182393,43,Dakar,marchand,2025-07-04
cli_001339,708948082,42,Dakar,particulier,2026-03-15
cli_001340,784239393,39,Thiès,particulier,2026-08-20
cli_001341,768607176,34,Kolda,particulier,2025-02-18
cli_001342,776497420,28,Thiès,particulier,2025-02-16
cli_001343,777653259,25,Dakar,particulier,2026-09-16
cli_001344,763666292,48,Diourbel,particulier,2025-10-10
cli_001345,771332412,42,Tambacounda,marchand,2025-10-06
cli_001346,704112654,26,Dakar,particulier,2025-10-20
cli_001347,709320116,34,Louga,particulier,2025-12-28
cli_001348,768116061,30,Fatick,particulier,2026-01-27
cli_001349,768057453,21,Thiès,particulier,2026-01-23
cli_001350,768904831,35,Kaolack,marchand,2024-11-22
cli_001351,774359396,29,Thiès,particulier,2024-09-30
cli_001352,783898306,23,Dakar,particulier,2026-07-04
cli_001353,789326747,18,Thiès,particulier,2025-04-16
cli_001354,706143641,18,Dakar,particulier,2025-08-01
cli_001355,773681631,29,Ziguinchor,particulier,2026-03-21
cli_001356,783503460,33,Fatick,marchand,2026-05-11
cli_001357,788895511,24,Dakar,particulier,2025-03-24
cli_001358,771480011,41,Saint-Louis,particulier,2026-01-01
cli_001359,771555240,33,Dakar,marchand,2026-06-21
cli_001360,787640713,40,Dakar,marchand,2024-10-17
cli_001361,771012151,31,Kaolack,particulier,2024-11-17
cli_001362,772539031,25,Dakar,particulier,2025-11-22
cli_001363,789915694,35,Louga,particulier,2025-11-17
cli_001364,774831412,20,Dakar,particulier,2025-11-21
cli_001365,767548968,39,Fatick,particulier,2026-05-08
cli_001366,775383408,23,Thiès,particulier,2026-07-09
cli_001367,781815141,44,Thiès,particulier,2026-03-09
cli_001368,782660244,30,Louga,particulier,2025-12-15
cli_001369,707849891,45,Diourbel,particulier,2026-06-02
cli_001370,761850998,21,Dakar,particulier,2026-08-29
cli_001371,706351548,26,Fatick,particulier,2024-11-14
cli_001372,784132116,38,Thiès,particulier,2024-12-23
cli_001373,784332674,46,Dakar,particulier,2026-02-13
cli_001374,789570572,52,Thiès,marchand,2025-07-03
cli_001375,706453418,34,Saint-Louis,particulier,2026-06-11
cli_001376,706536219,54,Kaolack,particulier,2024-11-17
cli_001377,704153209,30,Fatick,marchand,2025-02-08
cli_001378,704432691,46,Saint-Louis,particulier,2026-05-18
cli_001379,767171936,23,Dakar,particulier,2026-04-21
cli_001380,761350197,38,Dakar,particulier,2026-01-24
cli_001381,703135717,18,Dakar,particulier,2026-07-17
cli_001382,786402458,21,Ziguinchor,particulier,2026-01-14
cli_001383,786611825,39,Dakar,particulier,2025-05-24
cli_001384,701830318,19,Kaolack,particulier,2025-04-12
cli_001385,788090437,38,Saint-Louis,particulier,2026-09-18
cli_001386,775882896,43,Louga,particulier,2026-01-10
cli_001387,763139422,28,Dakar,particulier,2025-01-25
cli_001388,787767553,23,Dakar,particulier,2024-12-28
cli_001389,709917892,28,Kolda,particulier,2025-08-09
cli_001390,704812267,23,Saint-Louis,marchand,2025-04-05
cli_001391,783551014,32,Diourbel,particulier,2026-03-28
cli_001392,763694703,35,Louga,particulier,2024-12-29
cli_001393,706333431,30,Kolda,particulier,2025-10-13
cli_001394,761426458,52,Dakar,particulier,2025-05-07
cli_001395,775350862,26,Kolda,particulier,2026-03-16
cli_001396,761223000,49,Dakar,particulier,2026-05-20
cli_001397,761347222,22,Tambacounda,particulier,2025-08-31
cli_001398,764870238,34,Dakar,particulier,2025-09-08
cli_001399,777709625,47,Dakar,particulier,2025-08-03
cli_001400,788950106,46,Dakar,particulier,2025-02-11
cli_001401,701788717,29,Fatick,particulier,2025-03-10
cli_001402,773196564,40,Tambacounda,particulier,2026-02-15
cli_001403,784794954,38,Dakar,particulier,2025-10-19
cli_001404,786166498,28,Thiès,particulier,2026-07-23
cli_001405,779883451,40,Dakar,particulier,2025-02-27
cli_001406,777158751,54,Dakar,particulier,2026-06-17
cli_001407,785845246,39,Louga,particulier,2026-08-04
cli_001408,701547468,40,Dakar,particulier,2025-09-09
cli_001409,771727331,41,Tambacounda,particulier,2024-11-21
cli_001410,782377903,18,Kolda,particulier,2025-12-23
cli_001411,776947099,39,Dakar,particulier,2026-05-11
cli_001412,763981490,22,Diourbel,particulier,2026-05-12
cli_001413,783168487,27,Tambacounda,marchand,2025-01-22
cli_001414,707030837,57,Fatick,particulier,2025-05-30
cli_001415,768338295,31,Ziguinchor,particulier,2025-09-28
cli_001416,704951315,25,Dakar,particulier,2024-11-16
cli_001417,768936673,46,Dakar,particulier,2026-07-09
cli_001418,787607754,23,Louga,particulier,2025-07-01
cli_001419,707446398,29,Thiès,particulier,2026-01-04
cli_001420,788808379,47,Kaolack,particulier,2026-04-06
cli_001421,702654273,34,Ziguinchor,particulier,2024-11-23
cli_001422,707825349,18,Thiès,marchand,2024-10-26
cli_001423,769619632,39,Dakar,particulier,2025-01-23
cli_001424,769930223,29,Thiès,marchand,2026-06-07
cli_001425,786202392,50,Kolda,particulier,2025-04-15
cli_001426,707789248,27,Thiès,marchand,2026-01-05
cli_001427,768997460,45,Dakar,particulier,2025-12-21
cli_001428,708669611,53,Tambacounda,particulier,2026-05-05
cli_001429,789080127,24,Ziguinchor,particulier,2025-07-21
cli_001430,708491296,31,Saint-Louis,particulier,2025-01-07
cli_001431,784431793,38,Fatick,particulier,2026-04-07
cli_001432,777572391,24,Thiès,particulier,2025-08-28
cli_001433,774693942,36,Tambacounda,particulier,2025-06-08
cli_001434,768216215,31,Fatick,particulier,2025-06-21
cli_001435,788292186,31,Dakar,particulier,2026-03-17
cli_001436,779412148,34,Thiès,particulier,2026-09-02
cli_001437,786294873,34,Dakar,particulier,2025-01-27
cli_001438,765276865,35,Kaolack,particulier,2025-07-16
cli_001439,782489902,27,Kaolack,particulier,2025-04-28
cli_001440,706744582,27,Diourbel,particulier,2025-09-01
cli_001441,706097642,32,Tambacounda,particulier,2025-12-16
cli_001442,765634456,33,Diourbel,particulier,2026-03-24
cli_001443,707086921,29,Louga,particulier,2025-05-31
cli_001444,788659332,37,Kaolack,particulier,2025-01-25
cli_001445,772338048,18,Diourbel,particulier,2026-01-29
cli_001446,774882235,25,Dakar,particulier,2026-09-06
cli_001447,707500740,30,Kaolack,marchand,2026-06-02
cli_001448,708377540,24,Kaolack,particulier,2025-07-28
cli_001449,768005497,51,Dakar,particulier,2026-04-05
cli_001450,778194190,34,Louga,particulier,2025-02-07
cli_001451,788695336,35,Diourbel,particulier,2026-03-09
cli_001452,779656973,28,Thiès,particulier,2025-09-29
cli_001453,776472588,33,Fatick,particulier,2026-04-11
cli_001454,773240286,20,Thiès,particulier,2025-10-27
cli_001455,766071879,32,Kaolack,particulier,2025-05-17
cli_001456,777386574,23,Kaolack,particulier,2025-02-20
cli_001457,701906321,30,Dakar,marchand,2025-04-02
cli_001458,787812274,18,Thiès,marchand,2025-09-19
cli_001459,785897896,21,Dakar,particulier,2025-10-25
cli_001460,769426505,50,Dakar,particulier,2026-01-29
cli_001461,702906433,43,Kaolack,particulier,2024-10-03
cli_001462,789162120,48,Dakar,marchand,2025-04-07
cli_001463,775032040,49,Tambacounda,marchand,2024-12-13
cli_001464,776161732,41,Thiès,particulier,2025-04-02
cli_001465,706940025,29,Dakar,particulier,2026-07-22
cli_001466,776212378,22,Kolda,particulier,2026-03-14
cli_001467,769134483,46,Diourbel,particulier,2025-10-23
cli_001468,782505620,34,Kaolack,particulier,2026-02-06
cli_001469,707568895,61,Ziguinchor,particulier,2024-11-30
cli_001470,779774663,29,Kolda,particulier,2025-09-30
cli_001471,702981064,55,Dakar,particulier,2026-04-16
cli_001472,763295156,32,Dakar,marchand,2025-07-15
cli_001473,785275102,48,Tambacounda,particulier,2025-12-22
cli_001474,777522625,52,Dakar,particulier,2026-06-22
cli_001475,709630819,22,Ziguinchor,particulier,2024-11-02
cli_001476,788162154,28,Kaolack,particulier,2024-11-03
cli_001477,788146168,22,Saint-Louis,particulier,2025-03-07
cli_001478,784970939,20,Louga,particulier,2026-02-06
cli_001479,776808461,41,Tambacounda,particulier,2025-01-25
cli_001480,782900743,31,Dakar,particulier,2026-02-25
cli_001481,775168344,34,Kaolack,particulier,2024-12-21
cli_001482,772700643,40,Ziguinchor,particulier,2024-12-18
cli_001483,781244109,18,Dakar,marchand,2026-05-22
cli_001484,778708463,48,Kolda,particulier,2026-02-06
cli_001485,788242558,30,Diourbel,particulier,2025-05-02
cli_001486,705596807,39,Dakar,particulier,2026-04-06
cli_001487,771130456,40,Fatick,marchand,2025-02-15
cli_001488,771811232,49,Tambacounda,particulier,2025-05-17
cli_001489,772005927,32,Dakar,particulier,2026-04-11
cli_001490,767453174,18,Louga,particulier,2025-03-07
cli_001491,782831424,34,Dakar,particulier,2026-08-23
cli_001492,783251539,36,Dakar,particulier,2025-12-18
cli_001493,778749882,22,Dakar,particulier,2026-05-16
cli_001494,788887551,35,Fatick,particulier,2026-09-23
cli_001495,787867480,30,Dakar,particulier,2025-04-01
cli_001496,783786145,19,Dakar,particulier,2026-06-04
cli_001497,766219439,41,Ziguinchor,particulier,2025-05-05
cli_001498,702802437,27,Thiès,particulier,2026-07-31
cli_001499,788721146,29,Dakar,particulier,2024-12-12
cli_001500,701763725,28,Dakar,particulier,2024-10-11
cli_001501,767699631,47,Louga,particulier,2026-02-04
cli_001502,785603779,33,Kaolack,particulier,2025-10-04
cli_001503,777817249,34,Louga,particulier,2025-06-27
cli_001504,785056637,29,Dakar,particulier,2025-07-21
cli_001505,762423096,39,Diourbel,particulier,2026-09-04
cli_001506,777761808,48,Louga,particulier,2024-10-10
cli_001507,706679718,41,Dakar,particulier,2024-11-11
cli_001508,785181422,41,Dakar,particulier,2025-10-04
cli_001509,704354536,40,Thiès,marchand,2025-08-15
cli_001510,764094343,18,Thiès,particulier,2026-05-23
cli_001511,785330208,24,Dakar,particulier,2025-03-27
cli_001512,773354893,31,Tambacounda,particulier,2025-09-13
cli_001513,763541258,26,Diourbel,particulier,2026-03-01
cli_001514,783503320,22,Kaolack,particulier,2026-02-12
cli_001515,771114116,18,Dakar,particulier,2026-07-26
cli_001516,709350630,19,Kaolack,particulier,2025-02-25
cli_001517,783128963,31,Saint-Louis,marchand,2026-08-09
cli_001518,772485707,33,Tambacounda,particulier,2025-08-09
cli_001519,782360544,25,Thiès,particulier,2025-02-07
cli_001520,789893586,34,Louga,particulier,2026-08-16
cli_001521,705290686,29,Dakar,particulier,2026-06-05
cli_001522,763942274,45,Saint-Louis,marchand,2025-03-17
cli_001523,774635033,32,Kolda,particulier,2025-01-31
cli_001524,771795512,41,Kaolack,particulier,2026-07-26
cli_001525,763823001,36,Ziguinchor,particulier,2026-03-14
cli_001526,773238213,18,Kolda,particulier,2025-07-08
cli_001527,788228964,33,Kolda,particulier,2025-08-25
cli_001528,771525729,20,Dakar,marchand,2025-09-12
cli_001529,774829032,32,Dakar,particulier,2026-03-17
cli_001530,708110267,25,Saint-Louis,particulier,2025-08-27
cli_001531,778502368,38,Tambacounda,particulier,2026-08-18
cli_001532,775612975,19,Diourbel,particulier,2024-12-26
cli_001533,703002742,34,Thiès,particulier,2025-08-24
cli_001534,774032879,40,Saint-Louis,particulier,2025-12-26
cli_001535,703000620,43,Dakar,particulier,2025-12-30
cli_001536,776958445,25,Dakar,particulier,2025-12-28
cli_001537,773633767,34,Dakar,marchand,2025-11-10
cli_001538,776675818,36,Dakar,particulier,2026-05-06
cli_001539,766901246,51,Ziguinchor,particulier,2025-07-12
cli_001540,769458847,18,Thiès,particulier,2026-05-13
cli_001541,784333157,23,Dakar,particulier,2026-02-07
cli_001542,779651343,64,Diourbel,particulier,2024-12-28
cli_001543,774606448,30,Thiès,particulier,2025-08-08
cli_001544,767126153,18,Thiès,particulier,2024-12-04
cli_001545,776954576,27,Dakar,particulier,2025-06-01
cli_001546,768360342,18,Dakar,particulier,2025-03-01
cli_001547,765221997,36,Ziguinchor,marchand,2026-07-20
cli_001548,708131825,42,Dakar,particulier,2025-09-21
cli_001549,784198029,23,Dakar,particulier,2026-01-11
cli_001550,775421731,28,Dakar,particulier,2026-09-11
cli_001551,785497067,44,Thiès,particulier,2026-07-20
cli_001552,707340123,18,Dakar,particulier,2026-05-08
cli_001553,766565121,19,Thiès,particulier,2026-09-18
cli_001554,761704330,31,Dakar,particulier,2025-11-09
cli_001555,788281585,25,Dakar,particulier,2026-08-17
cli_001556,777822188,30,Kolda,particulier,2025-01-30
cli_001557,701940969,20,Dakar,particulier,2025-07-19
cli_001558,709656496,36,Dakar,particulier,2024-10-21
cli_001559,706946483,32,Diourbel,particulier,2026-07-24
cli_001560,701764772,40,Dakar,particulier,2026-07-27
cli_001561,785422563,36,Louga,particulier,2024-12-29
cli_001562,788525041,36,Dakar,particulier,2025-12-12
cli_001563,773518458,18,Diourbel,particulier,2025-03-19
cli_001564,709396819,39,Tambacounda,particulier,2026-05-08
cli_001565,764765642,30,Dakar,particulier,2026-09-17
cli_001566,783035699,32,Dakar,particulier,2025-09-26
cli_001567,704208055,45,Kaolack,particulier,2025-08-02
cli_001568,765723300,26,Tambacounda,particulier,2026-07-04
cli_001569,707193170,48,Thiès,particulier,2026-09-16
cli_001570,709350723,49,Kaolack,particulier,2026-04-22
cli_001571,772754059,42,Dakar,particulier,2026-07-06
cli_001572,789642033,23,Kaolack,particulier,2024-09-27
cli_001573,765749308,18,Dakar,marchand,2024-10-03
cli_001574,702150941,45,Kaolack,marchand,2026-09-12
cli_001575,779338211,35,Dakar,particulier,2025-10-25
cli_001576,784141037,25,Diourbel,particulier,2025-12-17
cli_001577,766585264,46,Dakar,particulier,2026-09-04
cli_001578,707283301,24,Ziguinchor,particulier,2025-05-26
cli_001579,771120661,29,Louga,particulier,2025-01-12
cli_001580,762994026,39,Fatick,particulier,2025-07-05
cli_001581,787178106,21,Tambacounda,particulier,2024-11-24
cli_001582,773922935,32,Diourbel,particulier,2025-06-16
cli_001583,761083982,45,Kaolack,particulier,2025-08-20
cli_001584,781209619,36,Dakar,particulier,2024-11-02
cli_001585,768438016,47,Kolda,particulier,2025-04-27
cli_001586,782381694,46,Kaolack,particulier,2025-03-15
cli_001587,701903819,34,Thiès,particulier,2025-03-04
cli_001588,776060964,18,Thiès,particulier,2026-08-31
cli_001589,702070429,21,Louga,marchand,2025-04-06
cli_001590,776877809,42,Fatick,particulier,2025-03-27
cli_001591,765896862,18,Fatick,particulier,2025-09-28
cli_001592,786840205,30,Diourbel,particulier,2025-08-08
cli_001593,785424441,37,Thiès,marchand,2025-01-24
cli_001594,778005243,50,Tambacounda,particulier,2026-06-12
cli_001595,766802791,27,Kaolack,particulier,2025-09-04
cli_001596,774737532,26,Saint-Louis,particulier,2025-03-11
cli_001597,761138412,33,Saint-Louis,particulier,2026-03-18
cli_001598,763461416,37,Kaolack,particulier,2026-03-15
cli_001599,702182878,32,Ziguinchor,particulier,2026-09-21
cli_001600,761140226,45,Saint-Louis,particulier,2026-02-08
cli_001601,783458534,25,Kolda,particulier,2026-01-05
cli_001602,762859668,35,Fatick,particulier,2024-10-29
cli_001603,701690662,38,Thiès,particulier,2026-07-25
cli_001604,783811489,29,Dakar,particulier,2025-06-09
cli_001605,775559085,43,Saint-Louis,particulier,2026-08-08
cli_001606,702603861,35,Kaolack,particulier,2025-02-18
cli_001607,773458000,42,Diourbel,particulier,2025-10-16
cli_001608,761181300,36,Kolda,particulier,2025-11-17
cli_001609,771453640,38,Dakar,marchand,2024-11-05
cli_001610,772417028,27,Dakar,particulier,2025-03-26
cli_001611,705076312,27,Kolda,particulier,2026-07-09
cli_001612,776994895,47,Tambacounda,particulier,2026-03-13
cli_001613,768095049,40,Thiès,particulier,2026-03-08
cli_001614,766666268,22,Dakar,particulier,2025-07-06
cli_001615,776551646,35,Thiès,particulier,2025-01-26
cli_001616,779421151,18,Diourbel,particulier,2025-06-16
cli_001617,703300773,27,Diourbel,particulier,2025-12-05
cli_001618,768183513,44,Dakar,particulier,2025-03-28
cli_001619,779431839,32,Dakar,particulier,2025-03-19
cli_001620,706109804,35,Kaolack,particulier,2026-07-27
cli_001621,788564991,18,Kaolack,marchand,2025-08-24
cli_001622,772238006,29,Kaolack,particulier,2025-04-23
cli_001623,708909046,37,Thiès,particulier,2025-07-10
cli_001624,776076645,39,Thiès,particulier,2026-03-29
cli_001625,762993808,44,Thiès,particulier,2026-05-29
cli_001626,701554355,31,Tambacounda,particulier,2026-02-23
cli_001627,767479352,32,Thiès,particulier,2026-01-10
cli_001628,764877963,19,Kaolack,particulier,2024-11-21
cli_001629,783790030,31,Diourbel,particulier,2025-06-27
cli_001630,774512327,20,Kolda,particulier,2025-01-22
cli_001631,769919117,18,Thiès,particulier,2026-09-04
cli_001632,704850323,22,Thiès,particulier,2025-03-01
cli_001633,771708986,50,Fatick,particulier,2026-05-09
cli_001634,703518432,31,Dakar,particulier,2025-08-07
cli_001635,782308274,36,Saint-Louis,particulier,2025-12-16
cli_001636,767172473,28,Thiès,particulier,2025-01-02
cli_001637,778203592,18,Tambacounda,particulier,2025-05-20
cli_001638,768568499,44,Ziguinchor,particulier,2025-10-23
cli_001639,776695943,18,Dakar,particulier,2025-09-17
cli_001640,787916652,27,Fatick,particulier,2025-04-26
cli_001641,764755613,33,Ziguinchor,particulier,2025-04-18
cli_001642,776649768,36,Saint-Louis,particulier,2025-08-02
cli_001643,781962773,26,Dakar,marchand,2025-04-12
cli_001644,765845102,18,Dakar,particulier,2025-02-25
cli_001645,776017207,25,Kaolack,particulier,2026-09-01
cli_001646,781279757,25,Thiès,particulier,2025-12-30
cli_001647,785934776,25,Kolda,particulier,2024-12-05
cli_001648,767506405,44,Dakar,marchand,2026-02-01
cli_001649,704308316,20,Kaolack,particulier,2025-01-31
cli_001650,705904845,37,Dakar,particulier,2025-08-19
cli_001651,773574661,35,Kaolack,particulier,2026-03-10
cli_001652,773436669,44,Dakar,particulier,2026-01-11
cli_001653,772165442,32,Thiès,particulier,2025-10-05
cli_001654,763950578,42,Dakar,particulier,2026-06-25
cli_001655,778228750,32,Kaolack,particulier,2026-02-11
cli_001656,779420460,38,Dakar,particulier,2025-05-15
cli_001657,706720634,18,Louga,particulier,2024-12-02
cli_001658,706619259,18,Dakar,particulier,2024-10-31
cli_001659,706524389,38,Saint-Louis,particulier,2025-12-18
cli_001660,785283211,38,Saint-Louis,particulier,2025-02-22
cli_001661,764807320,39,Dakar,particulier,2025-12-09
cli_001662,766588295,28,Dakar,particulier,2025-02-12
cli_001663,778059605,50,Dakar,particulier,2024-11-28
cli_001664,764723680,28,Kaolack,particulier,2025-11-03
cli_001665,766093027,38,Tambacounda,particulier,2025-07-13
cli_001666,785231639,40,Dakar,particulier,2024-12-31
cli_001667,703569618,52,Ziguinchor,marchand,2026-06-15
cli_001668,763612783,30,Ziguinchor,particulier,2026-03-28
cli_001669,761708937,26,Kaolack,particulier,2025-06-24
cli_001670,764958679,18,Diourbel,particulier,2026-05-16
cli_001671,707412102,51,Tambacounda,particulier,2025-02-21
cli_001672,767170329,38,Diourbel,particulier,2026-03-13
cli_001673,789871004,38,Fatick,particulier,2026-01-20
cli_001674,701359477,68,Dakar,particulier,2025-02-10
cli_001675,767845914,37,Fatick,marchand,2025-09-04
cli_001676,708155245,19,Tambacounda,marchand,2025-02-24
cli_001677,774927910,31,Kolda,particulier,2025-06-24
cli_001678,783546815,23,Dakar,particulier,2025-09-14
cli_001679,704213918,29,Fatick,particulier,2025-09-16
cli_001680,767143037,29,Dakar,particulier,2025-02-15
cli_001681,708759499,27,Kaolack,particulier,2024-09-25
cli_001682,776784527,18,Thiès,marchand,2026-09-06
cli_001683,775627686,51,Kaolack,particulier,2025-09-19
cli_001684,706873651,37,Thiès,particulier,2025-03-01
cli_001685,781635368,31,Dakar,particulier,2025-06-11
cli_001686,766473159,42,Dakar,particulier,2025-10-06
cli_001687,781379263,39,Dakar,marchand,2025-02-22
cli_001688,789631915,37,Thiès,particulier,2025-10-17
cli_001689,709002863,41,Fatick,particulier,2026-06-16
cli_001690,775575096,35,Ziguinchor,particulier,2026-03-09
cli_001691,704366728,41,Louga,particulier,2026-08-22
cli_001692,707590871,42,Fatick,marchand,2025-04-30
cli_001693,766738242,35,Thiès,particulier,2024-10-14
cli_001694,787349043,31,Diourbel,particulier,2025-12-21
cli_001695,775640237,50,Diourbel,particulier,2025-04-08
cli_001696,763126407,28,Dakar,particulier,2024-10-07
cli_001697,781659264,38,Saint-Louis,marchand,2025-12-11
cli_001698,773549752,38,Ziguinchor,marchand,2024-12-19
cli_001699,785760989,27,Kaolack,particulier,2026-09-11
cli_001700,704816153,25,Louga,marchand,2025-05-17
cli_001701,785557294,30,Dakar,particulier,2026-05-25
cli_001702,773499281,28,Louga,particulier,2025-03-03
cli_001703,769440827,18,Dakar,particulier,2026-09-16
cli_001704,774300687,26,Kolda,particulier,2025-01-24
cli_001705,708615405,36,Dakar,particulier,2025-12-08
cli_001706,704518645,47,Diourbel,particulier,2026-04-04
cli_001707,704992276,40,Diourbel,particulier,2025-08-15
cli_001708,706434780,18,Dakar,particulier,2024-10-02
cli_001709,773368191,41,Thiès,particulier,2026-05-29
cli_001710,772979010,27,Dakar,particulier,2026-02-09
cli_001711,784412716,38,Saint-Louis,particulier,2025-06-14
cli_001712,788238625,33,Kolda,particulier,2026-07-17
cli_001713,702301403,31,Dakar,particulier,2024-10-28
cli_001714,764937826,32,Diourbel,marchand,2025-09-07
cli_001715,767049051,33,Kolda,particulier,2024-10-01
cli_001716,707356196,48,Diourbel,particulier,2025-11-25
cli_001717,764909659,33,Fatick,particulier,2025-01-24
cli_001718,781732982,45,Thiès,particulier,2026-01-25
cli_001719,781143157,44,Thiès,marchand,2025-11-04
cli_001720,765229688,41,Dakar,particulier,2026-01-14
cli_001721,778290403,18,Dakar,particulier,2025-08-20
cli_001722,761253975,46,Kaolack,particulier,2026-04-14
cli_001723,768987307,28,Fatick,particulier,2025-09-22
cli_001724,767083189,41,Dakar,marchand,2025-01-19
cli_001725,761072501,23,Kolda,particulier,2026-06-02
cli_001726,704093390,20,Thiès,particulier,2025-02-22
cli_001727,702984513,55,Thiès,particulier,2025-01-09
cli_001728,769543274,23,Kolda,particulier,2026-08-29
cli_001729,785993039,46,Kolda,particulier,2025-05-19
cli_001730,773917117,35,Diourbel,particulier,2025-10-05
cli_001731,703502434,29,Dakar,particulier,2025-06-15
cli_001732,706074252,33,Dakar,marchand,2026-02-21
cli_001733,761045851,19,Dakar,particulier,2026-04-16
cli_001734,703316487,33,Louga,particulier,2026-02-26
cli_001735,702488688,22,Thiès,particulier,2026-06-04
cli_001736,706581013,29,Ziguinchor,particulier,2025-12-02
cli_001737,767023014,44,Dakar,particulier,2024-12-26
cli_001738,775203380,36,Diourbel,particulier,2025-03-05
cli_001739,772260262,18,Thiès,particulier,2026-05-16
cli_001740,774335653,43,Diourbel,particulier,2025-08-13
cli_001741,788586102,33,Saint-Louis,particulier,2026-08-01
cli_001742,762833203,28,Tambacounda,particulier,2026-08-11
cli_001743,782470307,42,Kolda,particulier,2025-06-24
cli_001744,772003691,32,Ziguinchor,particulier,2026-02-15
cli_001745,778350432,21,Dakar,particulier,2025-04-28
cli_001746,702078912,54,Kolda,particulier,2026-06-02
cli_001747,706234568,33,Kolda,particulier,2026-06-28
cli_001748,789991359,33,Kolda,particulier,2025-04-20
cli_001749,706776307,29,Diourbel,particulier,2026-04-26
cli_001750,764710796,46,Dakar,particulier,2026-08-12
cli_001751,702861441,28,Louga,particulier,2025-02-25
cli_001752,701017367,18,Thiès,particulier,2025-04-27
cli_001753,762400068,26,Thiès,particulier,2024-11-15
cli_001754,789576358,48,Thiès,particulier,2025-07-14
cli_001755,762292431,43,Saint-Louis,particulier,2025-10-11
cli_001756,781179819,31,Thiès,particulier,2025-05-23
cli_001757,788344648,49,Ziguinchor,particulier,2025-02-23
cli_001758,764767274,42,Kaolack,marchand,2025-06-22
cli_001759,764212963,31,Diourbel,particulier,2026-02-03
cli_001760,767457297,32,Dakar,particulier,2024-12-14
cli_001761,785707255,37,Tambacounda,marchand,2025-04-29
cli_001762,789231392,24,Thiès,particulier,2024-12-23
cli_001763,775208389,34,Thiès,particulier,2025-08-13
cli_001764,767415975,37,Diourbel,marchand,2025-10-31
cli_001765,768909764,18,Thiès,particulier,2025-01-17
cli_001766,705172631,31,Kaolack,particulier,2025-07-05
cli_001767,763558532,30,Dakar,particulier,2025-03-07
cli_001768,789769977,45,Kolda,particulier,2024-12-14
cli_001769,773041144,18,Dakar,particulier,2026-02-28
cli_001770,771353874,29,Tambacounda,particulier,2026-05-06
cli_001771,786203375,28,Kaolack,particulier,2026-06-07
cli_001772,789882028,44,Dakar,particulier,2025-07-13
cli_001773,781777945,33,Saint-Louis,marchand,2025-02-12
cli_001774,788644523,53,Thiès,particulier,2024-10-12
cli_001775,708473893,41,Tambacounda,marchand,2026-08-31
cli_001776,779360369,29,Louga,particulier,2026-09-22
cli_001777,784794063,36,Diourbel,particulier,2025-05-16
cli_001778,773292951,30,Thiès,particulier,2026-03-11
cli_001779,785609285,43,Tambacounda,particulier,2025-10-12
cli_001780,762282122,19,Kaolack,particulier,2026-07-28
cli_001781,778585653,24,Diourbel,particulier,2026-07-31
cli_001782,786969836,39,Thiès,particulier,2025-09-04
cli_001783,775349931,47,Thiès,particulier,2025-05-10
cli_001784,705642734,18,Ziguinchor,particulier,2024-12-16
cli_001785,767409096,49,Saint-Louis,marchand,2025-10-06
cli_001786,775708511,32,Fatick,marchand,2025-06-10
cli_001787,778558258,18,Saint-Louis,particulier,2025-01-04
cli_001788,779321571,18,Saint-Louis,particulier,2025-11-13
cli_001789,789548110,18,Diourbel,particulier,2026-04-24
cli_001790,706580727,33,Louga,particulier,2025-01-30
cli_001791,767682955,33,Thiès,marchand,2026-09-22
cli_001792,703799574,40,Fatick,particulier,2026-03-06
cli_001793,781343050,27,Thiès,particulier,2026-06-20
cli_001794,784600598,21,Ziguinchor,particulier,2025-06-11
cli_001795,788845395,29,Kolda,particulier,2026-03-11
cli_001796,772201462,34,Louga,marchand,2026-01-16
cli_001797,705911413,36,Thiès,particulier,2025-06-05
cli_001798,772730826,25,Ziguinchor,particulier,2026-02-20
cli_001799,784863446,43,Dakar,particulier,2026-01-02
cli_001800,762290150,27,Dakar,particulier,2025-09-25
cli_001801,777612701,24,Louga,particulier,2026-06-29
cli_001802,788292621,28,Fatick,particulier,2024-11-11
cli_001803,787825185,45,Dakar,particulier,2024-10-08
cli_001804,787343860,32,Tambacounda,particulier,2025-04-22
cli_001805,773116375,26,Thiès,marchand,2026-07-07
cli_001806,775773104,44,Kolda,particulier,2025-10-14
cli_001807,771943071,57,Louga,particulier,2026-01-08
cli_001808,784369310,36,Kolda,particulier,2026-05-25
cli_001809,775552334,47,Fatick,marchand,2024-12-23
cli_001810,707016447,45,Tambacounda,particulier,2025-11-25
cli_001811,771871221,27,Kaolack,marchand,2025-06-05
cli_001812,768316147,34,Dakar,particulier,2025-05-08
cli_001813,765130142,19,Thiès,particulier,2026-02-02
cli_001814,788931098,31,Louga,particulier,2026-01-12
cli_001815,705747278,27,Dakar,particulier,2024-10-16
cli_001816,775923145,29,Kolda,particulier,2025-01-30
cli_001817,777233320,25,Dakar,particulier,2025-09-23
cli_001818,788378965,30,Kolda,marchand,2025-08-31
cli_001819,772418624,39,Diourbel,marchand,2026-09-18
cli_001820,785601753,32,Fatick,particulier,2026-04-28
cli_001821,781269592,18,Tambacounda,particulier,2026-09-19
cli_001822,705270770,25,Thiès,particulier,2025-02-13
cli_001823,788321629,18,Ziguinchor,particulier,2024-11-07
cli_001824,708788885,36,Dakar,particulier,2026-05-28
cli_001825,703551682,39,Fatick,particulier,2026-03-03
cli_001826,704477365,36,Fatick,marchand,2026-01-10
cli_001827,775964051,25,Dakar,particulier,2025-02-09
cli_001828,704563213,36,Dakar,marchand,2025-12-01
cli_001829,762602711,28,Thiès,particulier,2026-08-23
cli_001830,703744201,21,Dakar,particulier,2025-07-23
cli_001831,784636509,42,Fatick,particulier,2026-06-08
cli_001832,705668315,42,Dakar,particulier,2025-06-10
cli_001833,769286587,44,Tambacounda,particulier,2025-01-07
cli_001834,775903649,27,Tambacounda,particulier,2026-08-05
cli_001835,784484049,46,Kolda,particulier,2024-09-29
cli_001836,776944149,28,Saint-Louis,particulier,2025-05-28
cli_001837,707957501,41,Dakar,particulier,2026-08-17
cli_001838,784874520,28,Fatick,particulier,2026-04-16
cli_001839,775403389,31,Ziguinchor,particulier,2026-05-24
cli_001840,762960535,18,Tambacounda,particulier,2024-12-18
cli_001841,788783087,30,Thiès,particulier,2025-04-14
cli_001842,778801577,35,Dakar,particulier,2025-12-26
cli_001843,702574189,29,Tambacounda,particulier,2025-09-02
cli_001844,704114007,53,Fatick,particulier,2026-01-13
cli_001845,763447532,21,Dakar,particulier,2025-12-02
cli_001846,769306489,27,Ziguinchor,particulier,2025-06-15
cli_001847,781587021,24,Dakar,particulier,2026-05-05
cli_001848,762866179,27,Saint-Louis,particulier,2025-03-19
cli_001849,763834166,45,Thiès,particulier,2024-11-03
cli_001850,776040516,50,Thiès,particulier,2024-10-13
cli_001851,773240809,26,Dakar,particulier,2026-05-21
cli_001852,785829535,26,Dakar,particulier,2025-11-27
cli_001853,787725036,21,Diourbel,particulier,2026-03-14
cli_001854,778457829,48,Dakar,particulier,2025-06-18
cli_001855,771891556,46,Diourbel,particulier,2026-01-30
cli_001856,702249662,32,Saint-Louis,particulier,2025-12-10
cli_001857,781856742,18,Ziguinchor,marchand,2026-06-14
cli_001858,769189433,19,Kaolack,particulier,2025-08-11
cli_001859,766868888,35,Dakar,particulier,2025-08-29
cli_001860,765782853,40,Dakar,particulier,2025-08-17
cli_001861,768118211,18,Fatick,particulier,2026-01-18
cli_001862,786274983,30,Kolda,particulier,2025-03-21
cli_001863,703119085,51,Tambacounda,particulier,2025-07-07
cli_001864,785591496,31,Tambacounda,particulier,2026-05-18
cli_001865,707328902,50,Kaolack,particulier,2025-12-29
cli_001866,781324224,41,Kolda,particulier,2025-05-30
cli_001867,776457017,22,Thiès,particulier,2026-07-01
cli_001868,705473815,30,Louga,particulier,2026-01-10
cli_001869,771625557,32,Tambacounda,particulier,2024-12-26
cli_001870,703371946,23,Louga,particulier,2025-11-05
cli_001871,775036815,23,Thiès,particulier,2025-09-17
cli_001872,774084193,50,Thiès,particulier,2025-05-15
cli_001873,763610597,23,Dakar,particulier,2026-02-01
cli_001874,706841913,45,Thiès,particulier,2025-01-29
cli_001875,784639264,29,Fatick,particulier,2026-09-12
cli_001876,775479273,33,Ziguinchor,marchand,2025-10-14
cli_001877,778184841,40,Dakar,particulier,2025-07-15
cli_001878,701838963,27,Ziguinchor,particulier,2026-04-02
cli_001879,764239145,40,Thiès,particulier,2025-03-02
cli_001880,771657371,18,Saint-Louis,particulier,2026-07-28
cli_001881,789345953,38,Thiès,particulier,2025-06-07
cli_001882,782670919,18,Diourbel,particulier,2025-06-19
cli_001883,778378807,31,Ziguinchor,particulier,2025-02-26
cli_001884,702717966,43,Ziguinchor,particulier,2026-04-26
cli_001885,763916509,40,Louga,particulier,2026-06-03
cli_001886,776474706,19,Thiès,particulier,2025-07-27
cli_001887,768482369,21,Ziguinchor,particulier,2024-10-15
cli_001888,782600329,26,Dakar,particulier,2025-02-28
cli_001889,772918090,36,Diourbel,particulier,2026-04-22
cli_001890,788935473,18,Saint-Louis,particulier,2025-11-30
cli_001891,773897683,33,Ziguinchor,particulier,2026-03-13
cli_001892,772887845,37,Kolda,particulier,2025-03-04
cli_001893,707691702,30,Dakar,particulier,2025-09-15
cli_001894,761820182,39,Fatick,particulier,2025-11-09
cli_001895,778802680,36,Dakar,particulier,2026-09-20
cli_001896,708881713,28,Saint-Louis,particulier,2025-06-19
cli_001897,768708684,18,Fatick,particulier,2025-11-05
cli_001898,703657947,35,Ziguinchor,marchand,2026-08-26
cli_001899,762027885,23,Kolda,particulier,2026-05-04
cli_001900,784828803,27,Fatick,particulier,2025-04-12
cli_001901,764011195,39,Dakar,particulier,2025-03-26
cli_001902,769631236,49,Tambacounda,particulier,2025-09-29
cli_001903,766685260,33,Tambacounda,particulier,2025-03-20
cli_001904,779499322,40,Thiès,particulier,2025-04-03
cli_001905,787757880,18,Dakar,particulier,2025-07-02
cli_001906,777434251,36,Dakar,particulier,2026-04-25
cli_001907,782006607,33,Fatick,particulier,2025-11-20
cli_001908,771620450,47,Tambacounda,particulier,2025-02-05
cli_001909,771418419,28,Fatick,particulier,2026-02-09
cli_001910,706340060,31,Thiès,particulier,2025-05-30
cli_001911,772815389,45,Dakar,particulier,2025-01-28
cli_001912,709901700,32,Diourbel,marchand,2025-08-31
cli_001913,772193958,21,Thiès,marchand,2025-09-19
cli_001914,709522245,62,Dakar,particulier,2026-05-10
cli_001915,787008756,22,Dakar,marchand,2025-09-27
cli_001916,761954022,33,Dakar,particulier,2026-08-24
cli_001917,781526080,37,Dakar,particulier,2026-07-03
cli_001918,784563705,36,Louga,particulier,2025-08-24
cli_001919,784050611,31,Thiès,particulier,2026-04-17
cli_001920,763839830,31,Thiès,particulier,2026-01-13
cli_001921,785757052,31,Saint-Louis,particulier,2026-01-04
cli_001922,762167552,21,Tambacounda,particulier,2025-10-14
cli_001923,702165113,57,Louga,particulier,2025-05-02
cli_001924,787253184,31,Kaolack,particulier,2025-11-02
cli_001925,789912779,40,Louga,particulier,2025-01-15
cli_001926,773464635,30,Ziguinchor,particulier,2025-10-07
cli_001927,789387360,30,Ziguinchor,marchand,2024-09-30
cli_001928,774103791,28,Diourbel,particulier,2024-09-25
cli_001929,774022982,18,Saint-Louis,particulier,2025-11-16
cli_001930,701813229,32,Diourbel,particulier,2025-03-14
cli_001931,774809938,29,Thiès,marchand,2025-10-28
cli_001932,785481707,46,Dakar,particulier,2024-12-25
cli_001933,706973929,20,Thiès,particulier,2025-03-14
cli_001934,702423510,27,Thiès,particulier,2026-01-20
cli_001935,772698239,24,Saint-Louis,particulier,2026-02-01
cli_001936,774888813,49,Diourbel,particulier,2024-12-20
cli_001937,781626834,24,Dakar,particulier,2025-08-25
cli_001938,762290079,40,Thiès,particulier,2025-05-05
cli_001939,706661675,44,Thiès,particulier,2025-05-18
cli_001940,779584648,32,Ziguinchor,marchand,2026-05-26
cli_001941,776156659,18,Thiès,particulier,2026-04-04
cli_001942,782304842,18,Dakar,marchand,2024-12-06
cli_001943,709918914,43,Dakar,particulier,2026-03-04
cli_001944,775696983,20,Diourbel,particulier,2024-12-29
cli_001945,787451599,38,Dakar,particulier,2026-01-07
cli_001946,772772818,35,Diourbel,particulier,2025-01-14
cli_001947,776205923,38,Saint-Louis,particulier,2025-07-29
cli_001948,701687256,39,Tambacounda,particulier,2026-07-13
cli_001949,776631668,23,Kaolack,particulier,2026-03-10
cli_001950,782820777,23,Dakar,particulier,2024-10-29
cli_001951,709185635,41,Thiès,particulier,2026-04-25
cli_001952,761492966,27,Louga,particulier,2026-04-11
cli_001953,776873666,18,Dakar,particulier,2026-06-07
cli_001954,782254576,41,Kolda,particulier,2025-07-06
cli_001955,707184092,22,Diourbel,particulier,2025-02-11
cli_001956,785441356,39,Dakar,particulier,2024-11-10
cli_001957,769707329,49,Dakar,marchand,2024-12-17
cli_001958,766866339,34,Kolda,particulier,2024-12-18
cli_001959,764347982,44,Tambacounda,marchand,2024-12-03
cli_001960,771786058,35,Kolda,particulier,2025-08-06
cli_001961,706361815,51,Thiès,particulier,2025-02-02
cli_001962,704969167,22,Louga,particulier,2025-06-18
cli_001963,771472601,33,Dakar,particulier,2026-06-15
cli_001964,706231222,41,Thiès,particulier,2026-09-06
cli_001965,702889952,31,Ziguinchor,particulier,2026-07-14
cli_001966,763108030,46,Tambacounda,marchand,2026-01-14
cli_001967,781080630,29,Thiès,particulier,2025-09-25
cli_001968,784348705,56,Diourbel,particulier,2025-06-15
cli_001969,702964424,57,Dakar,particulier,2025-09-08
cli_001970,771646513,37,Thiès,particulier,2025-12-30
cli_001971,704908653,40,Dakar,particulier,2025-04-07
cli_001972,702981179,47,Fatick,particulier,2025-01-04
cli_001973,762207424,20,Dakar,particulier,2026-04-14
cli_001974,785200775,19,Ziguinchor,particulier,2026-03-17
cli_001975,761569156,47,Dakar,particulier,2024-11-14
cli_001976,779913978,37,Diourbel,particulier,2024-10-16
cli_001977,705238636,31,Dakar,particulier,2026-02-10
cli_001978,789966384,34,Thiès,marchand,2025-09-17
cli_001979,778932216,18,Saint-Louis,particulier,2025-07-29
cli_001980,709816594,31,Kaolack,particulier,2025-06-18
cli_001981,765884567,25,Tambacounda,marchand,2025-01-01
cli_001982,764807777,44,Thiès,particulier,2026-07-08
cli_001983,777479017,44,Saint-Louis,particulier,2025-09-07
cli_001984,701726123,40,Kolda,particulier,2026-04-19
cli_001985,768561762,38,Dakar,particulier,2025-03-23
cli_001986,703912160,18,Kolda,particulier,2025-07-16
cli_001987,701066739,40,Tambacounda,particulier,2025-03-26
cli_001988,773139429,40,Fatick,particulier,2024-12-03
cli_001989,773180878,47,Saint-Louis,particulier,2025-02-25
cli_001990,701127139,57,Ziguinchor,particulier,2025-01-09
cli_001991,767017234,18,Diourbel,particulier,2025-02-09
cli_001992,781857102,29,Saint-Louis,particulier,2025-06-25
cli_001993,788620256,25,Tambacounda,particulier,2025-12-11
cli_001994,765078726,35,Dakar,particulier,2026-01-21
cli_001995,707464156,34,Louga,particulier,2026-01-01
cli_001996,774056961,31,Diourbel,particulier,2025-07-08
cli_001997,762187934,45,Dakar,particulier,2025-02-15
cli_001998,702623183,21,Kaolack,particulier,2025-12-30
cli_001999,786812906,22,Louga,particulier,2025-07-28
cli_002000,787444899,22,Saint-Louis,particulier,2025-11-26
cli_002001,703407760,30,Fatick,particulier,2025-07-07
cli_002002,774214040,20,Thiès,particulier,2025-02-04
cli_002003,789505483,33,Kolda,particulier,2025-11-27
cli_002004,788666809,32,Kaolack,particulier,2025-12-08
cli_002005,704717357,25,Fatick,marchand,2026-04-30
cli_002006,773168794,43,Dakar,particulier,2025-09-25
cli_002007,783712184,33,Thiès,particulier,2025-10-25
cli_002008,775845540,45,Kolda,particulier,2026-05-30
cli_002009,706101029,31,Dakar,particulier,2024-10-17
cli_002010,762657252,33,Thiès,particulier,2025-01-05
cli_002011,781592500,27,Louga,particulier,2026-02-23
cli_002012,785457705,33,Louga,particulier,2024-11-04
cli_002013,778177132,41,Fatick,particulier,2026-03-09
cli_002014,702372198,29,Ziguinchor,particulier,2025-11-22
cli_002015,764675198,39,Tambacounda,particulier,2026-06-20
cli_002016,782454207,25,Diourbel,particulier,2025-07-04
cli_002017,783179213,42,Kaolack,particulier,2025-10-08
cli_002018,766510009,27,Fatick,particulier,2026-03-13
cli_002019,763575754,43,Ziguinchor,particulier,2026-02-25
cli_002020,783374074,34,Dakar,particulier,2024-11-11
cli_002021,789960982,50,Thiès,particulier,2025-05-11
cli_002022,762551304,21,Saint-Louis,particulier,2026-06-04
cli_002023,762703583,18,Louga,particulier,2026-06-17
cli_002024,769367913,27,Saint-Louis,particulier,2026-08-03
cli_002025,775951867,18,Louga,particulier,2026-03-27
cli_002026,781387029,18,Fatick,particulier,2025-04-03
cli_002027,764824621,40,Dakar,marchand,2026-08-09
cli_002028,706086332,33,Kaolack,particulier,2026-03-26
cli_002029,763278722,28,Saint-Louis,particulier,2026-08-24
cli_002030,785934374,29,Dakar,particulier,2025-06-07
cli_002031,766836622,27,Diourbel,marchand,2025-02-07
cli_002032,773255479,52,Saint-Louis,particulier,2025-09-03
cli_002033,778311603,25,Fatick,particulier,2024-12-02
cli_002034,765074945,19,Diourbel,particulier,2025-05-10
cli_002035,709671151,42,Dakar,particulier,2025-03-16
cli_002036,701789639,31,Diourbel,particulier,2026-02-07
cli_002037,763918129,56,Fatick,particulier,2025-01-01
cli_002038,777491430,28,Saint-Louis,marchand,2025-06-20
cli_002039,709054239,43,Dakar,marchand,2026-07-22
cli_002040,782995274,45,Kolda,particulier,2026-07-25
cli_002041,789822251,28,Dakar,particulier,2024-12-08
cli_002042,702740468,25,Thiès,particulier,2026-03-07
cli_002043,764745100,42,Thiès,particulier,2025-10-19
cli_002044,763833905,40,Ziguinchor,particulier,2025-03-18
cli_002045,784818904,18,Fatick,particulier,2025-03-12
cli_002046,709121328,21,Dakar,particulier,2026-09-04
cli_002047,787592950,18,Louga,particulier,2025-07-02
cli_002048,768168199,40,Ziguinchor,particulier,2024-11-27
cli_002049,703285997,31,Kolda,particulier,2026-01-11
cli_002050,769522029,32,Kolda,particulier,2025-08-24
cli_002051,774919839,18,Louga,particulier,2026-03-14
cli_002052,786867660,21,Dakar,particulier,2025-04-16
cli_002053,787279475,28,Dakar,particulier,2026-06-29
cli_002054,706966292,26,Tambacounda,particulier,2025-09-10
cli_002055,766416172,35,Saint-Louis,particulier,2025-11-27
cli_002056,785320278,40,Saint-Louis,particulier,2025-06-13
cli_002057,766828765,58,Kolda,particulier,2025-09-28
cli_002058,769146676,33,Kolda,marchand,2024-10-08
cli_002059,784507963,46,Ziguinchor,particulier,2024-10-07
cli_002060,785597893,24,Kolda,particulier,2026-02-28
cli_002061,702620682,18,Dakar,particulier,2026-08-27
cli_002062,764195540,30,Louga,marchand,2025-09-29
cli_002063,777948428,18,Tambacounda,particulier,2025-07-20
cli_002064,766763374,34,Dakar,particulier,2025-03-25
cli_002065,762900315,25,Dakar,particulier,2025-09-06
cli_002066,765915254,18,Louga,marchand,2025-07-23
cli_002067,768307650,53,Diourbel,particulier,2026-09-07
cli_002068,702116178,28,Dakar,particulier,2025-03-17
cli_002069,781557537,18,Dakar,marchand,2026-01-26
cli_002070,784534528,43,Thiès,particulier,2025-12-17
cli_002071,776908926,25,Thiès,particulier,2025-11-19
cli_002072,763819928,45,Kolda,marchand,2026-08-02
cli_002073,788389298,25,Kaolack,particulier,2025-09-28
cli_002074,788621503,28,Ziguinchor,particulier,2025-12-20
cli_002075,765792673,37,Dakar,marchand,2026-04-06
cli_002076,784409582,40,Thiès,particulier,2026-03-28
cli_002077,781375444,42,Dakar,particulier,2026-08-30
cli_002078,788393996,33,Fatick,particulier,2024-12-15
cli_002079,789057541,39,Tambacounda,particulier,2026-02-21
cli_002080,774981505,42,Thiès,particulier,2024-12-25
cli_002081,705648214,36,Tambacounda,particulier,2025-01-22
cli_002082,777781504,32,Dakar,particulier,2025-10-25
cli_002083,787258338,18,Thiès,particulier,2025-02-12
cli_002084,762217537,40,Louga,particulier,2026-04-22
cli_002085,777050810,34,Thiès,particulier,2026-05-15
cli_002086,769321851,29,Kolda,particulier,2024-12-07
cli_002087,767756168,48,Dakar,particulier,2025-06-09
cli_002088,765325038,18,Louga,particulier,2025-05-09
cli_002089,785708450,52,Dakar,particulier,2024-11-19
cli_002090,773338183,33,Dakar,particulier,2026-09-13
cli_002091,706946833,37,Thiès,particulier,2026-05-21
cli_002092,783173406,29,Tambacounda,particulier,2024-10-22
cli_002093,704076729,18,Saint-Louis,marchand,2026-06-22
cli_002094,773385695,32,Kaolack,particulier,2025-11-01
cli_002095,774017882,37,Dakar,particulier,2026-09-07
cli_002096,704300517,41,Dakar,particulier,2026-01-29
cli_002097,701746796,31,Dakar,particulier,2026-05-21
cli_002098,707457675,18,Fatick,particulier,2026-03-21
cli_002099,704968942,18,Dakar,particulier,2025-02-07
cli_002100,779546426,56,Thiès,particulier,2026-03-06
cli_002101,702627971,21,Kaolack,particulier,2025-02-07
cli_002102,767021336,49,Saint-Louis,particulier,2024-12-10
cli_002103,772612691,23,Thiès,particulier,2025-08-26
cli_002104,775924495,31,Dakar,particulier,2025-08-27
cli_002105,705417921,40,Thiès,particulier,2026-01-23
cli_002106,785037379,24,Ziguinchor,particulier,2025-05-25
cli_002107,706892416,51,Dakar,marchand,2025-02-12
cli_002108,778453749,34,Ziguinchor,particulier,2025-01-02
cli_002109,783850496,39,Dakar,particulier,2026-05-04
cli_002110,788646913,31,Kolda,particulier,2025-05-11
cli_002111,782663662,41,Tambacounda,particulier,2026-06-14
cli_002112,763637338,51,Dakar,particulier,2025-10-01
cli_002113,703796033,32,Diourbel,particulier,2026-07-20
cli_002114,709580781,53,Thiès,particulier,2025-08-19
cli_002115,762067158,27,Fatick,marchand,2025-01-11
cli_002116,774556037,42,Saint-Louis,particulier,2025-02-05
cli_002117,704819933,39,Kaolack,particulier,2025-04-20
cli_002118,768200701,22,Dakar,particulier,2025-07-29
cli_002119,765373095,36,Dakar,particulier,2025-06-25
cli_002120,769701377,34,Ziguinchor,particulier,2026-07-13
cli_002121,707662878,24,Kaolack,marchand,2025-04-11
cli_002122,707332922,37,Fatick,particulier,2025-05-15
cli_002123,767776272,35,Fatick,particulier,2026-06-11
cli_002124,762453956,33,Kaolack,particulier,2025-06-20
cli_002125,765041459,33,Saint-Louis,particulier,2025-12-17
cli_002126,786275232,33,Kolda,particulier,2025-09-17
cli_002127,782876280,29,Fatick,particulier,2025-02-07
cli_002128,762068993,35,Kolda,particulier,2026-02-01
cli_002129,772221898,26,Tambacounda,particulier,2024-11-24
cli_002130,788102277,63,Thiès,particulier,2025-11-24
cli_002131,766911929,18,Ziguinchor,particulier,2025-09-14
cli_002132,703531836,27,Ziguinchor,particulier,2026-09-02
cli_002133,767634860,28,Dakar,particulier,2026-06-27
cli_002134,787256932,56,Kaolack,particulier,2026-03-02
cli_002135,788348514,19,Thiès,particulier,2024-10-10
cli_002136,769190806,38,Diourbel,particulier,2026-03-18
cli_002137,768940106,36,Dakar,particulier,2025-12-10
cli_002138,772629088,37,Louga,particulier,2025-01-09
cli_002139,767923319,47,Ziguinchor,particulier,2026-02-03
cli_002140,784535720,47,Saint-Louis,particulier,2025-02-08
cli_002141,764628098,29,Dakar,particulier,2026-06-28
cli_002142,706824068,36,Saint-Louis,particulier,2026-06-18
cli_002143,706419692,18,Dakar,particulier,2026-09-14
cli_002144,764776926,35,Thiès,particulier,2026-06-24
cli_002145,789995365,25,Thiès,particulier,2025-07-10
cli_002146,782573370,31,Kolda,particulier,2026-07-19
cli_002147,771872223,18,Thiès,particulier,2025-07-04
cli_002148,701261644,38,Saint-Louis,particulier,2025-07-14
cli_002149,708328152,18,Kolda,particulier,2026-04-06
cli_002150,704659382,35,Thiès,particulier,2026-08-27
cli_002151,784936085,20,Kolda,particulier,2026-05-28
cli_002152,786842880,24,Dakar,particulier,2026-06-11
cli_002153,704918560,46,Thiès,marchand,2025-09-04
cli_002154,766165857,40,Dakar,marchand,2024-11-14
cli_002155,761526088,46,Saint-Louis,particulier,2025-11-10
cli_002156,782406171,51,Tambacounda,marchand,2025-06-18
cli_002157,789388338,25,Kaolack,particulier,2026-02-14
cli_002158,765056240,50,Kaolack,particulier,2026-07-19
cli_002159,702506480,18,Dakar,marchand,2026-04-17
cli_002160,784325239,42,Tambacounda,particulier,2025-10-09
cli_002161,704013093,28,Diourbel,particulier,2025-01-05
cli_002162,773467821,23,Dakar,particulier,2026-03-26
cli_002163,783642514,40,Tambacounda,particulier,2024-10-06
cli_002164,707563440,44,Thiès,marchand,2025-06-15
cli_002165,701960902,44,Thiès,particulier,2026-01-07
cli_002166,703786867,36,Dakar,particulier,2025-06-27
cli_002167,785211561,35,Dakar,particulier,2025-05-03
cli_002168,705861277,39,Fatick,particulier,2025-05-11
cli_002169,708924551,37,Diourbel,particulier,2025-01-01
cli_002170,709309010,39,Tambacounda,marchand,2025-05-29
cli_002171,773676717,36,Dakar,particulier,2026-09-04
cli_002172,765853483,43,Kaolack,marchand,2025-12-22
cli_002173,701201195,18,Ziguinchor,particulier,2024-12-01
cli_002174,706553205,32,Kaolack,particulier,2026-04-26
cli_002175,772376118,18,Diourbel,particulier,2025-09-25
cli_002176,701659213,37,Saint-Louis,particulier,2025-09-24
cli_002177,777045484,52,Ziguinchor,particulier,2025-08-14
cli_002178,782603207,28,Kolda,particulier,2024-12-29
cli_002179,765296381,35,Thiès,particulier,2025-08-26
cli_002180,781908560,42,Diourbel,marchand,2026-09-23
cli_002181,767711036,18,Kaolack,particulier,2026-03-30
cli_002182,777883315,28,Dakar,particulier,2025-06-20
cli_002183,766173270,38,Dakar,particulier,2025-03-02
cli_002184,768523288,18,Tambacounda,particulier,2025-06-09
cli_002185,764931223,23,Dakar,particulier,2025-04-08
cli_002186,782678097,46,Dakar,particulier,2026-04-01
cli_002187,782362006,45,Kaolack,particulier,2026-07-16
cli_002188,782973445,38,Dakar,particulier,2024-11-01
cli_002189,782802765,43,Dakar,particulier,2025-08-09
cli_002190,763908865,36,Dakar,particulier,2025-04-03
cli_002191,782929045,40,Dakar,particulier,2024-10-26
cli_002192,786319697,30,Thiès,particulier,2026-05-13
cli_002193,782335255,35,Fatick,particulier,2024-12-27
cli_002194,776596165,27,Thiès,particulier,2025-12-30
cli_002195,764006902,47,Thiès,particulier,2025-06-24
cli_002196,707180784,50,Kaolack,particulier,2025-12-16
cli_002197,785616307,49,Dakar,particulier,2026-05-02
cli_002198,709146733,29,Thiès,marchand,2024-12-21
cli_002199,764958892,23,Thiès,particulier,2026-01-13
cli_002200,773655360,48,Thiès,particulier,2026-09-05
cli_002201,786302069,39,Thiès,marchand,2026-06-06
cli_002202,776928830,37,Dakar,particulier,2024-10-23
cli_002203,774953159,27,Kolda,marchand,2025-02-01
cli_002204,786037505,38,Tambacounda,particulier,2025-05-27
cli_002205,785237790,22,Kolda,particulier,2025-03-05
cli_002206,703752534,40,Dakar,particulier,2025-06-08
cli_002207,773822083,49,Louga,particulier,2024-11-29
cli_002208,709166735,51,Saint-Louis,particulier,2026-07-13
cli_002209,777078011,41,Dakar,particulier,2026-08-08
cli_002210,771859350,18,Tambacounda,particulier,2025-05-05
cli_002211,769658715,36,Louga,particulier,2024-10-20
cli_002212,707408008,57,Dakar,particulier,2025-07-27
cli_002213,761451482,24,Tambacounda,marchand,2024-10-19
cli_002214,777550862,33,Dakar,particulier,2025-12-05
cli_002215,776306613,49,Diourbel,particulier,2025-05-20
cli_002216,789237937,40,Dakar,particulier,2025-09-17
cli_002217,785404341,61,Dakar,particulier,2024-12-20
cli_002218,705667224,25,Tambacounda,marchand,2025-06-09
cli_002219,783832409,23,Saint-Louis,particulier,2025-11-08
cli_002220,773894600,47,Dakar,particulier,2026-03-29
cli_002221,706561290,20,Louga,particulier,2026-02-07
cli_002222,778449665,31,Kolda,particulier,2026-07-31
cli_002223,779016027,33,Kolda,particulier,2026-06-03
cli_002224,787937291,45,Tambacounda,marchand,2025-09-18
cli_002225,786487943,40,Kolda,particulier,2026-08-31
cli_002226,765502840,39,Kaolack,particulier,2025-10-15
cli_002227,704056453,29,Thiès,particulier,2026-08-24
cli_002228,707910715,47,Kolda,particulier,2026-05-28
cli_002229,783863304,75,Dakar,particulier,2025-05-07
cli_002230,703410880,41,Dakar,particulier,2026-09-02
cli_002231,768810787,35,Thiès,particulier,2026-01-21
cli_002232,776305556,19,Dakar,marchand,2026-05-08
cli_002233,704187979,26,Kaolack,particulier,2026-08-15
cli_002234,778786650,31,Kolda,particulier,2026-04-25
cli_002235,769664142,28,Diourbel,particulier,2026-07-04
cli_002236,703861860,33,Saint-Louis,particulier,2026-07-27
cli_002237,775692751,53,Thiès,particulier,2025-05-27
cli_002238,785351949,47,Ziguinchor,particulier,2026-06-24
cli_002239,787314842,32,Dakar,particulier,2024-11-08
cli_002240,709559402,20,Dakar,particulier,2025-10-04
cli_002241,775936762,48,Kaolack,marchand,2025-11-30
cli_002242,768183905,33,Saint-Louis,marchand,2024-12-24
cli_002243,786360430,18,Thiès,particulier,2025-03-06
cli_002244,778983350,41,Thiès,particulier,2025-11-21
cli_002245,764641292,45,Dakar,particulier,2024-10-14
cli_002246,704467223,18,Ziguinchor,particulier,2025-09-02
cli_002247,764801775,24,Thiès,particulier,2025-04-25
cli_002248,779968546,32,Thiès,particulier,2024-10-17
cli_002249,776502970,42,Kolda,particulier,2025-04-14
cli_002250,782373090,28,Ziguinchor,marchand,2025-07-20
cli_002251,761368041,24,Dakar,marchand,2025-07-02
cli_002252,765668934,41,Kaolack,particulier,2025-06-04
cli_002253,778251268,28,Dakar,marchand,2024-10-11
cli_002254,765313459,39,Dakar,particulier,2025-04-30
cli_002255,786041888,21,Ziguinchor,particulier,2026-02-17
cli_002256,768185888,19,Dakar,particulier,2026-09-07
cli_002257,705647098,42,Dakar,particulier,2025-03-02
cli_002258,769177559,36,Kolda,particulier,2025-10-03
cli_002259,776741407,44,Ziguinchor,particulier,2025-11-25
cli_002260,707580253,28,Kolda,particulier,2024-11-11
cli_002261,778033180,25,Kolda,marchand,2026-06-02
cli_002262,706641345,48,Dakar,particulier,2026-08-27
cli_002263,771450595,18,Kaolack,particulier,2025-04-02
cli_002264,764846862,47,Thiès,particulier,2024-11-19
cli_002265,772273376,48,Ziguinchor,particulier,2025-01-27
cli_002266,775592932,43,Thiès,particulier,2024-12-27
cli_002267,762288495,26,Dakar,particulier,2025-01-02
cli_002268,765583702,25,Dakar,particulier,2025-05-12
cli_002269,774094551,31,Louga,marchand,2024-11-20
cli_002270,701183316,19,Dakar,particulier,2026-01-18
cli_002271,782123871,23,Saint-Louis,particulier,2025-03-29
cli_002272,785527411,41,Fatick,particulier,2026-07-18
cli_002273,781709360,41,Louga,marchand,2025-09-04
cli_002274,788703736,22,Thiès,particulier,2026-02-24
cli_002275,777828260,41,Dakar,marchand,2024-11-08
cli_002276,787383465,38,Kolda,particulier,2025-11-10
cli_002277,772549059,50,Saint-Louis,particulier,2026-04-24
cli_002278,778161376,40,Thiès,particulier,2025-08-04
cli_002279,786712231,45,Tambacounda,particulier,2026-07-29
cli_002280,764514364,39,Dakar,particulier,2026-06-23
cli_002281,701003735,44,Thiès,particulier,2025-11-13
cli_002282,785760758,19,Dakar,particulier,2025-06-21
cli_002283,788163157,32,Dakar,particulier,2025-07-26
cli_002284,701301352,33,Thiès,particulier,2026-08-14
cli_002285,761473672,31,Ziguinchor,particulier,2025-05-16
cli_002286,704446981,38,Thiès,particulier,2026-08-12
cli_002287,705604163,40,Ziguinchor,particulier,2025-02-06
cli_002288,705269743,38,Fatick,particulier,2026-08-26
cli_002289,704835829,32,Kolda,marchand,2026-09-04
cli_002290,783296879,25,Dakar,particulier,2025-09-11
cli_002291,781538778,46,Louga,particulier,2025-02-16
cli_002292,781281168,37,Dakar,particulier,2025-03-15
cli_002293,771889290,22,Ziguinchor,particulier,2025-07-13
cli_002294,767213672,31,Thiès,particulier,2026-05-16
cli_002295,768073803,18,Ziguinchor,particulier,2024-10-29
cli_002296,704915789,34,Dakar,marchand,2026-09-09
cli_002297,771696766,31,Kaolack,particulier,2026-01-13
cli_002298,784741103,27,Dakar,particulier,2025-03-23
cli_002299,779870780,51,Dakar,particulier,2025-07-01
cli_002300,703249880,21,Kaolack,particulier,2025-02-24
cli_002301,785840473,41,Thiès,particulier,2025-03-14
cli_002302,773969432,58,Ziguinchor,particulier,2024-11-07
cli_002303,764942240,45,Ziguinchor,particulier,2025-09-12
cli_002304,705245658,33,Kaolack,particulier,2025-02-02
cli_002305,705265859,21,Ziguinchor,particulier,2026-06-02
cli_002306,777459132,19,Louga,particulier,2026-05-20
cli_002307,786227841,29,Kolda,particulier,2026-08-18
cli_002308,771480603,26,Dakar,particulier,2026-04-27
cli_002309,781056921,26,Saint-Louis,particulier,2026-07-04
cli_002310,764696259,30,Louga,particulier,2025-01-31
cli_002311,789169262,32,Dakar,particulier,2025-09-28
cli_002312,771332049,39,Dakar,marchand,2025-11-04
cli_002313,761639786,20,Dakar,particulier,2025-06-14
cli_002314,777113344,26,Saint-Louis,particulier,2026-01-04
cli_002315,775058322,32,Thiès,particulier,2025-08-04
cli_002316,773075685,31,Kaolack,particulier,2026-09-21
cli_002317,772866355,54,Kaolack,particulier,2025-04-22
cli_002318,786985060,36,Kaolack,particulier,2024-12-27
cli_002319,705714040,18,Dakar,particulier,2026-08-26
cli_002320,706744062,38,Louga,particulier,2026-07-27
cli_002321,773522070,40,Kaolack,particulier,2026-06-16
cli_002322,775737341,32,Dakar,particulier,2025-07-07
cli_002323,788740057,20,Dakar,particulier,2025-03-18
cli_002324,763849267,53,Dakar,marchand,2025-02-01
cli_002325,764567238,22,Tambacounda,particulier,2025-03-03
cli_002326,702473685,41,Thiès,particulier,2025-07-30
cli_002327,786748799,36,Dakar,marchand,2025-04-30
cli_002328,771292599,40,Dakar,particulier,2026-03-03
cli_002329,773239917,52,Dakar,marchand,2025-03-29
cli_002330,777417537,40,Thiès,particulier,2026-05-13
cli_002331,771174655,27,Louga,particulier,2024-10-21
cli_002332,709901793,46,Diourbel,marchand,2026-08-24
cli_002333,784637390,27,Fatick,particulier,2024-11-04
cli_002334,704588318,35,Dakar,particulier,2025-10-23
cli_002335,765828377,19,Diourbel,particulier,2025-06-11
cli_002336,766752645,22,Louga,particulier,2026-05-30
cli_002337,785135923,34,Kaolack,particulier,2026-02-03
cli_002338,708958246,38,Fatick,particulier,2025-01-03
cli_002339,779658128,18,Dakar,particulier,2026-09-13
cli_002340,772803154,39,Diourbel,particulier,2026-05-07
cli_002341,787361551,24,Kaolack,marchand,2025-06-20
cli_002342,783708217,48,Dakar,marchand,2025-02-14
cli_002343,769961027,30,Fatick,particulier,2025-11-13
cli_002344,763279844,21,Dakar,particulier,2026-07-22
cli_002345,763655540,34,Dakar,particulier,2026-06-08
cli_002346,787428145,23,Louga,particulier,2024-12-13
cli_002347,788101478,47,Ziguinchor,particulier,2026-04-20
cli_002348,702157256,34,Kolda,particulier,2025-07-29
cli_002349,776000025,32,Kolda,marchand,2024-11-10
cli_002350,764111058,40,Dakar,particulier,2025-12-24
cli_002351,766505842,22,Kaolack,particulier,2026-08-06
cli_002352,706010573,19,Tambacounda,marchand,2025-02-08
cli_002353,769872677,38,Dakar,particulier,2025-02-26
cli_002354,789403002,21,Diourbel,particulier,2025-06-06
cli_002355,786885884,21,Kolda,particulier,2024-12-05
cli_002356,787114738,43,Dakar,marchand,2025-03-07
cli_002357,789089351,39,Kolda,particulier,2025-05-10
cli_002358,772651410,20,Diourbel,particulier,2026-01-23
cli_002359,767531751,27,Kolda,marchand,2026-08-10
cli_002360,777948690,24,Kaolack,particulier,2025-04-12
cli_002361,762146474,53,Kaolack,particulier,2025-01-15
cli_002362,708931789,43,Louga,particulier,2025-05-05
cli_002363,707294812,29,Dakar,particulier,2025-06-04
cli_002364,774124196,40,Kaolack,particulier,2025-04-18
cli_002365,705358839,19,Kolda,particulier,2026-03-06
cli_002366,775406384,26,Tambacounda,particulier,2026-06-30
cli_002367,789269181,35,Tambacounda,particulier,2025-06-21
cli_002368,779723198,38,Kaolack,particulier,2024-11-05
cli_002369,778261509,32,Kaolack,particulier,2026-06-16
cli_002370,776869879,36,Saint-Louis,particulier,2026-08-03
cli_002371,771937212,34,Kaolack,particulier,2025-04-26
cli_002372,709233414,32,Kaolack,particulier,2025-11-19
cli_002373,772205240,30,Dakar,marchand,2024-12-04
cli_002374,782501273,29,Dakar,marchand,2025-10-15
cli_002375,761626498,36,Kaolack,particulier,2025-09-08
cli_002376,709529733,38,Dakar,marchand,2026-08-09
cli_002377,705439203,36,Dakar,particulier,2024-10-29
cli_002378,773123712,21,Dakar,particulier,2026-01-25
cli_002379,701726945,23,Fatick,particulier,2025-11-08
cli_002380,764707928,38,Tambacounda,particulier,2025-06-22
cli_002381,777513104,50,Kaolack,particulier,2025-01-06
cli_002382,789951047,35,Tambacounda,particulier,2025-02-21
cli_002383,705971226,29,Kolda,particulier,2025-03-09
cli_002384,786464192,36,Dakar,particulier,2026-07-09
cli_002385,778522964,21,Dakar,marchand,2026-07-21
cli_002386,709116478,48,Dakar,particulier,2025-01-26
cli_002387,703518161,36,Dakar,particulier,2024-11-27
cli_002388,709927047,26,Saint-Louis,particulier,2025-06-26
cli_002389,705672266,32,Dakar,particulier,2024-11-29
cli_002390,709371261,28,Kolda,particulier,2026-02-04
cli_002391,782057317,48,Kaolack,particulier,2026-01-10
cli_002392,771876852,31,Thiès,particulier,2026-05-23
cli_002393,768961489,35,Tambacounda,particulier,2025-02-22
cli_002394,777053119,40,Tambacounda,particulier,2025-05-24
cli_002395,782575044,25,Louga,particulier,2026-04-13
cli_002396,769054291,36,Louga,particulier,2024-09-25
cli_002397,701921260,37,Tambacounda,particulier,2026-09-01
cli_002398,787140685,18,Kaolack,marchand,2025-03-11
cli_002399,782845455,36,Kolda,particulier,2026-04-25
cli_002400,761635384,33,Dakar,particulier,2025-03-01
cli_002401,778256082,35,Saint-Louis,particulier,2025-10-06
cli_002402,768626593,34,Diourbel,particulier,2026-04-06
cli_002403,761952330,36,Dakar,particulier,2026-08-12
cli_002404,761838187,48,Dakar,particulier,2025-06-28
cli_002405,786529846,21,Dakar,marchand,2026-05-30
cli_002406,701258386,30,Dakar,particulier,2025-10-31
cli_002407,787715630,41,Dakar,particulier,2024-10-31
cli_002408,769240933,39,Thiès,particulier,2024-12-15
cli_002409,787759729,39,Fatick,particulier,2025-09-28
cli_002410,773076188,64,Kaolack,particulier,2025-04-08
cli_002411,762710547,40,Kaolack,particulier,2025-01-31
cli_002412,777125405,46,Dakar,particulier,2025-07-08
cli_002413,701554615,30,Fatick,particulier,2026-04-26
cli_002414,765839297,23,Dakar,particulier,2025-02-09
cli_002415,785039257,30,Dakar,particulier,2026-07-21
cli_002416,787701350,41,Diourbel,marchand,2025-09-08
cli_002417,762822367,38,Kolda,particulier,2025-03-03
cli_002418,787860934,38,Tambacounda,particulier,2025-08-04
cli_002419,787293436,31,Louga,marchand,2026-01-12
cli_002420,783148422,29,Ziguinchor,particulier,2025-11-24
cli_002421,784210234,32,Diourbel,particulier,2025-10-23
cli_002422,701594134,41,Kaolack,particulier,2025-03-30
cli_002423,775044185,43,Dakar,particulier,2024-09-30
cli_002424,703345402,22,Dakar,particulier,2025-03-05
cli_002425,782021364,42,Tambacounda,marchand,2026-02-05
cli_002426,766039211,26,Tambacounda,particulier,2026-07-04
cli_002427,776107952,39,Thiès,particulier,2025-10-14
cli_002428,781773501,31,Dakar,particulier,2025-01-06
cli_002429,702669717,51,Dakar,particulier,2025-06-18
cli_002430,781743403,29,Diourbel,particulier,2026-02-01
cli_002431,777110870,35,Dakar,particulier,2026-07-21
cli_002432,764042280,40,Kaolack,particulier,2026-03-24
cli_002433,771640519,24,Dakar,particulier,2025-04-19
cli_002434,782723842,33,Dakar,particulier,2025-05-23
cli_002435,789783050,31,Dakar,particulier,2025-10-29
cli_002436,763301783,28,Louga,particulier,2026-01-23
cli_002437,767160742,29,Thiès,particulier,2026-05-19
cli_002438,765215937,46,Diourbel,particulier,2024-10-15
cli_002439,702635565,27,Kaolack,particulier,2025-11-14
cli_002440,773766472,40,Louga,particulier,2025-03-13
cli_002441,781126851,37,Dakar,particulier,2025-10-23
cli_002442,777722889,18,Ziguinchor,particulier,2025-08-05
cli_002443,774010165,39,Dakar,particulier,2025-06-13
cli_002444,775493189,18,Kaolack,particulier,2026-01-07
cli_002445,762375319,40,Diourbel,particulier,2024-11-09
cli_002446,708417907,28,Kolda,particulier,2025-10-25
cli_002447,702965701,34,Tambacounda,particulier,2025-03-15
cli_002448,766096551,19,Louga,particulier,2024-11-24
cli_002449,708854751,35,Kolda,marchand,2025-12-19
cli_002450,777418768,44,Dakar,particulier,2026-04-06
cli_002451,706428841,25,Kaolack,particulier,2024-10-17
cli_002452,708992348,27,Dakar,marchand,2025-02-28
cli_002453,772588118,39,Dakar,particulier,2025-02-24
cli_002454,789671973,39,Diourbel,particulier,2024-11-03
cli_002455,706009934,18,Louga,particulier,2026-09-03
cli_002456,784688710,56,Ziguinchor,particulier,2024-11-04
cli_002457,703302025,39,Kolda,marchand,2026-07-01
cli_002458,707704328,41,Saint-Louis,particulier,2026-06-10
cli_002459,789785806,32,Kolda,marchand,2026-04-18
cli_002460,777211014,18,Kolda,particulier,2026-07-03
cli_002461,781294815,41,Fatick,particulier,2026-07-25
cli_002462,775221785,27,Dakar,particulier,2026-06-24
cli_002463,787590865,39,Saint-Louis,particulier,2025-10-05
cli_002464,764576923,31,Ziguinchor,particulier,2025-12-26
cli_002465,787956972,36,Tambacounda,marchand,2026-01-18
cli_002466,777365611,25,Dakar,particulier,2026-05-21
cli_002467,781604464,43,Thiès,particulier,2024-10-14
cli_002468,766021706,20,Thiès,particulier,2026-01-24
cli_002469,772546824,58,Dakar,particulier,2025-10-14
cli_002470,775378668,58,Fatick,particulier,2026-06-12
cli_002471,704458759,51,Dakar,particulier,2026-04-22
cli_002472,778262095,48,Thiès,particulier,2026-04-06
cli_002473,788813392,33,Ziguinchor,marchand,2024-10-16
cli_002474,775153219,46,Thiès,particulier,2026-05-18
cli_002475,775832998,32,Dakar,particulier,2025-09-14
cli_002476,786634811,18,Kaolack,particulier,2025-08-23
cli_002477,766897760,50,Diourbel,particulier,2026-08-01
cli_002478,776718316,46,Tambacounda,particulier,2026-01-11
cli_002479,778047114,33,Louga,particulier,2026-07-27
cli_002480,779837805,20,Tambacounda,particulier,2026-05-19
cli_002481,768453104,27,Dakar,particulier,2025-05-19
cli_002482,702212421,18,Louga,particulier,2025-08-05
cli_002483,775286560,44,Saint-Louis,marchand,2025-09-28
cli_002484,785151629,18,Ziguinchor,particulier,2026-04-21
cli_002485,785579137,37,Diourbel,marchand,2025-06-25
cli_002486,785756162,24,Dakar,particulier,2024-12-03
cli_002487,777462051,18,Dakar,particulier,2025-01-12
cli_002488,774789138,36,Fatick,particulier,2026-05-20
cli_002489,763370080,30,Fatick,marchand,2025-05-15
cli_002490,785118304,43,Dakar,particulier,2026-03-30
cli_002491,788690406,20,Kaolack,particulier,2025-01-03
cli_002492,783802888,25,Ziguinchor,particulier,2025-10-14
cli_002493,701187081,18,Saint-Louis,particulier,2025-03-31
cli_002494,769786601,18,Dakar,particulier,2025-08-26
cli_002495,782761944,53,Kolda,particulier,2025-05-20
cli_002496,776425599,56,Kaolack,particulier,2024-11-11
cli_002497,708201798,35,Ziguinchor,marchand,2026-06-17
cli_002498,703470191,24,Kaolack,particulier,2024-12-04
cli_002499,774062323,30,Ziguinchor,particulier,2025-10-07
cli_002500,703524446,43,Dakar,particulier,2026-06-12
cli_002501,762348495,28,Kolda,particulier,2025-11-12
cli_002502,772376518,36,Dakar,particulier,2026-08-14
cli_002503,702680792,33,Fatick,particulier,2025-08-25
cli_002504,775122448,27,Kolda,particulier,2025-10-14
cli_002505,775776807,28,Kaolack,particulier,2025-12-12
cli_002506,771143885,37,Saint-Louis,particulier,2025-11-04
cli_002507,788615632,23,Dakar,particulier,2025-06-28
cli_002508,767083202,38,Thiès,marchand,2025-01-29
cli_002509,781635856,28,Kaolack,particulier,2025-12-11
cli_002510,778584456,35,Dakar,particulier,2026-09-11
cli_002511,771274328,49,Dakar,particulier,2025-08-13
cli_002512,706044745,32,Tambacounda,particulier,2024-11-04
cli_002513,705186512,44,Thiès,particulier,2025-12-10
cli_002514,705519255,18,Thiès,particulier,2026-06-26
cli_002515,779605685,28,Dakar,particulier,2024-12-05
cli_002516,709343561,34,Kaolack,particulier,2025-11-22
cli_002517,763511087,55,Diourbel,particulier,2025-12-25
cli_002518,766216968,18,Louga,particulier,2026-02-20
cli_002519,779632533,32,Diourbel,particulier,2025-04-09
cli_002520,707559709,50,Dakar,marchand,2026-06-09
cli_002521,788989129,25,Diourbel,particulier,2025-07-03
cli_002522,774913401,31,Dakar,marchand,2026-01-12
cli_002523,773548215,37,Fatick,marchand,2025-12-16
cli_002524,785595913,36,Dakar,particulier,2026-04-19
cli_002525,778352531,51,Dakar,particulier,2025-02-12
cli_002526,789359324,38,Diourbel,particulier,2025-10-28
cli_002527,787172805,48,Dakar,particulier,2024-11-16
cli_002528,707358727,30,Saint-Louis,marchand,2025-01-28
cli_002529,775606400,25,Diourbel,particulier,2025-03-18
cli_002530,763876445,31,Tambacounda,particulier,2025-10-30
cli_002531,704806244,21,Dakar,particulier,2024-11-01
cli_002532,705479365,39,Saint-Louis,marchand,2025-07-24
cli_002533,708339523,29,Ziguinchor,particulier,2025-11-09
cli_002534,775998147,26,Dakar,particulier,2026-01-13
cli_002535,708137714,39,Kaolack,particulier,2024-11-26
cli_002536,701246251,21,Kolda,particulier,2026-03-22
cli_002537,787812426,42,Louga,particulier,2024-12-24
cli_002538,785563604,28,Tambacounda,particulier,2026-04-10
cli_002539,769984302,46,Ziguinchor,particulier,2025-03-17
cli_002540,785245492,29,Thiès,particulier,2026-03-02
cli_002541,785306611,40,Kolda,particulier,2025-01-23
cli_002542,702147249,35,Dakar,marchand,2025-01-22
cli_002543,708262305,42,Saint-Louis,particulier,2025-04-09
cli_002544,787313736,35,Louga,particulier,2024-09-30
cli_002545,708762304,18,Kolda,particulier,2025-09-15
cli_002546,781834741,45,Kolda,marchand,2025-01-20
cli_002547,702904423,33,Dakar,particulier,2025-08-17
cli_002548,768892785,42,Ziguinchor,particulier,2026-08-26
cli_002549,781378597,41,Dakar,particulier,2025-11-23
cli_002550,775573840,25,Louga,particulier,2026-08-31
cli_002551,764642735,23,Ziguinchor,particulier,2025-05-27
cli_002552,789454826,41,Dakar,particulier,2026-06-04
cli_002553,778710629,30,Fatick,particulier,2026-01-30
cli_002554,779070420,44,Diourbel,marchand,2024-12-27
cli_002555,703601929,32,Saint-Louis,particulier,2025-04-02
cli_002556,776287569,45,Tambacounda,marchand,2026-01-22
cli_002557,707300090,38,Kaolack,marchand,2025-09-20
cli_002558,709707216,37,Saint-Louis,particulier,2025-07-27
cli_002559,771066133,29,Dakar,particulier,2026-01-09
cli_002560,769793241,36,Dakar,particulier,2025-03-26
cli_002561,764198279,47,Dakar,particulier,2026-06-08
cli_002562,782154467,33,Thiès,particulier,2025-11-17
cli_002563,766539649,39,Thiès,particulier,2026-03-21
cli_002564,788033888,34,Saint-Louis,marchand,2025-05-16
cli_002565,782167814,35,Ziguinchor,particulier,2025-06-14
cli_002566,781366966,52,Dakar,particulier,2025-02-12
cli_002567,709069461,47,Kaolack,particulier,2025-12-28
cli_002568,769403369,34,Kolda,particulier,2026-04-08
cli_002569,782406465,36,Dakar,particulier,2026-08-30
cli_002570,709136553,26,Kaolack,particulier,2025-01-04
cli_002571,709188140,32,Dakar,particulier,2026-01-26
cli_002572,709976828,37,Saint-Louis,particulier,2025-03-22
cli_002573,762947503,43,Louga,particulier,2025-12-30
cli_002574,786209062,42,Dakar,marchand,2026-01-24
cli_002575,709948507,21,Thiès,particulier,2026-04-06
cli_002576,789123788,44,Kolda,particulier,2025-03-03
cli_002577,786442737,33,Dakar,particulier,2026-02-27
cli_002578,782774073,23,Ziguinchor,particulier,2026-02-19
cli_002579,701759103,48,Kaolack,particulier,2025-04-28
cli_002580,763332512,50,Dakar,particulier,2025-09-11
cli_002581,781587495,36,Louga,particulier,2025-03-28
cli_002582,782757376,41,Saint-Louis,particulier,2026-07-10
cli_002583,781674295,42,Dakar,particulier,2024-10-24
cli_002584,767860077,49,Tambacounda,marchand,2026-04-04
cli_002585,786309034,42,Diourbel,particulier,2026-06-29
cli_002586,765660981,19,Louga,particulier,2026-07-06
cli_002587,788286212,56,Dakar,particulier,2026-02-08
cli_002588,784697336,45,Dakar,particulier,2025-11-19
cli_002589,704626664,28,Louga,particulier,2026-07-29
cli_002590,782862328,22,Kaolack,particulier,2025-06-27
cli_002591,775003521,39,Dakar,particulier,2025-07-03
cli_002592,782570652,30,Louga,particulier,2025-03-06
cli_002593,766303588,37,Diourbel,particulier,2026-09-12
cli_002594,779977132,42,Thiès,particulier,2026-07-15
cli_002595,785797364,27,Louga,particulier,2026-04-27
cli_002596,773691327,21,Kaolack,particulier,2025-11-08
cli_002597,767192554,38,Diourbel,marchand,2025-07-23
cli_002598,768380061,28,Louga,particulier,2026-04-29
cli_002599,705246071,35,Saint-Louis,particulier,2026-01-05
cli_002600,783252933,19,Tambacounda,particulier,2025-09-14
cli_002601,707424745,31,Fatick,marchand,2025-08-23
cli_002602,772685423,41,Thiès,particulier,2025-09-05
cli_002603,709975795,40,Diourbel,particulier,2025-06-14
cli_002604,763860313,25,Tambacounda,particulier,2025-03-22
cli_002605,704152680,21,Kolda,particulier,2025-01-20
cli_002606,707542396,34,Dakar,particulier,2024-10-20
cli_002607,761109939,40,Dakar,marchand,2025-12-11
cli_002608,782825807,38,Thiès,particulier,2026-01-27
cli_002609,762130625,28,Kolda,particulier,2026-03-04
cli_002610,704519548,37,Kolda,particulier,2026-01-11
cli_002611,705981627,50,Fatick,particulier,2025-08-27
cli_002612,702616491,36,Dakar,marchand,2025-07-10
cli_002613,774098319,18,Kolda,particulier,2026-08-04
cli_002614,767949784,36,Dakar,particulier,2024-09-25
cli_002615,779459842,56,Thiès,particulier,2026-08-24
cli_002616,761128513,19,Thiès,particulier,2025-12-05
cli_002617,706647014,34,Saint-Louis,marchand,2025-10-29
cli_002618,771231149,31,Saint-Louis,particulier,2026-01-15
cli_002619,765683196,35,Dakar,marchand,2026-04-18
cli_002620,708915237,36,Dakar,particulier,2025-09-02
cli_002621,708182354,46,Fatick,marchand,2026-09-18
cli_002622,783094490,34,Dakar,particulier,2025-03-31
cli_002623,773327308,48,Diourbel,particulier,2025-05-16
cli_002624,708051621,32,Dakar,particulier,2025-03-10
cli_002625,708377646,30,Dakar,particulier,2025-02-06
cli_002626,763528153,26,Dakar,particulier,2024-12-15
cli_002627,701027549,18,Ziguinchor,particulier,2026-06-08
cli_002628,775000106,37,Diourbel,particulier,2025-01-23
cli_002629,766577095,56,Dakar,marchand,2025-08-08
cli_002630,774993777,39,Fatick,particulier,2026-06-25
cli_002631,709412813,41,Dakar,marchand,2024-10-06
cli_002632,768322406,29,Louga,particulier,2025-02-09
cli_002633,708090738,31,Dakar,particulier,2026-03-12
cli_002634,761182596,44,Kolda,particulier,2024-12-13
cli_002635,778682706,56,Dakar,particulier,2025-04-09
cli_002636,777797195,50,Saint-Louis,particulier,2025-11-02
cli_002637,784572591,42,Kaolack,particulier,2026-05-28
cli_002638,766305941,34,Saint-Louis,marchand,2025-04-09
cli_002639,778418149,36,Fatick,particulier,2024-11-13
cli_002640,709155997,25,Dakar,particulier,2026-05-06
cli_002641,775957484,18,Thiès,particulier,2026-09-23
cli_002642,781372103,21,Kolda,particulier,2026-04-09
cli_002643,776566861,34,Kolda,particulier,2026-02-21
cli_002644,787120167,30,Diourbel,marchand,2025-12-21
cli_002645,781530237,18,Saint-Louis,particulier,2024-10-12
cli_002646,778355789,33,Louga,particulier,2024-10-21
cli_002647,762813965,30,Louga,particulier,2025-05-23
cli_002648,709014169,21,Kolda,marchand,2026-04-18
cli_002649,705958679,29,Fatick,particulier,2026-04-22
cli_002650,783899145,30,Thiès,particulier,2026-07-26
cli_002651,701529209,27,Kaolack,particulier,2025-02-24
cli_002652,701160791,44,Diourbel,particulier,2026-04-16
cli_002653,707673020,18,Dakar,particulier,2024-12-08
cli_002654,784394445,18,Fatick,particulier,2025-07-13
cli_002655,708560512,34,Kaolack,particulier,2025-10-03
cli_002656,763074708,35,Dakar,particulier,2024-11-15
cli_002657,779283260,38,Kaolack,marchand,2026-06-02
cli_002658,789474196,28,Dakar,marchand,2025-10-20
cli_002659,761915916,23,Dakar,particulier,2026-03-19
cli_002660,776822416,33,Kaolack,particulier,2026-05-14
cli_002661,789457481,29,Ziguinchor,marchand,2024-11-05
cli_002662,703907834,51,Diourbel,particulier,2025-07-09
cli_002663,778879331,30,Dakar,marchand,2026-05-29
cli_002664,785266505,33,Saint-Louis,particulier,2026-07-07
cli_002665,771243657,61,Dakar,particulier,2026-02-08
cli_002666,768562258,31,Kolda,particulier,2025-01-24
cli_002667,777109743,40,Dakar,marchand,2026-06-09
cli_002668,701632800,41,Kolda,particulier,2025-04-01
cli_002669,773328065,42,Dakar,particulier,2026-07-09
cli_002670,701164079,37,Dakar,particulier,2026-01-21
cli_002671,709593849,36,Diourbel,marchand,2025-09-08
cli_002672,701224529,35,Louga,particulier,2026-06-21
cli_002673,708162682,27,Tambacounda,marchand,2025-12-08
cli_002674,775601431,37,Diourbel,particulier,2026-03-12
cli_002675,706244590,56,Thiès,particulier,2026-08-21
cli_002676,768304369,47,Dakar,particulier,2026-09-23
cli_002677,709054682,37,Saint-Louis,particulier,2026-06-10
cli_002678,702146839,43,Thiès,particulier,2025-03-27
cli_002679,761160898,24,Kolda,particulier,2026-08-27
cli_002680,782121492,31,Diourbel,particulier,2025-09-20
cli_002681,777142568,44,Louga,particulier,2026-09-06
cli_002682,776116921,50,Fatick,particulier,2026-04-19
cli_002683,781754950,25,Dakar,particulier,2026-05-16
cli_002684,703108660,28,Thiès,particulier,2026-01-19
cli_002685,765835153,57,Kolda,marchand,2025-03-30
cli_002686,787571922,35,Thiès,particulier,2025-11-21
cli_002687,774090651,54,Saint-Louis,particulier,2026-09-13
cli_002688,769546717,36,Kolda,particulier,2026-06-10
cli_002689,769930202,36,Dakar,particulier,2026-02-14
cli_002690,707894299,30,Kolda,particulier,2026-03-05
cli_002691,765088379,44,Thiès,particulier,2025-08-08
cli_002692,768894577,48,Saint-Louis,particulier,2026-01-11
cli_002693,707551073,22,Thiès,particulier,2025-03-30
cli_002694,785676273,30,Diourbel,marchand,2026-03-23
cli_002695,704994024,44,Dakar,marchand,2025-05-17
cli_002696,788490872,32,Dakar,particulier,2026-07-12
cli_002697,776013647,28,Thiès,particulier,2024-10-03
cli_002698,782646128,45,Thiès,particulier,2024-10-04
cli_002699,779998310,46,Kaolack,particulier,2026-03-07
cli_002700,771615130,29,Dakar,particulier,2026-04-06
cli_002701,707255114,36,Dakar,particulier,2026-09-23
cli_002702,706903577,20,Dakar,particulier,2024-10-12
cli_002703,776275506,24,Thiès,particulier,2026-08-27
cli_002704,701467572,35,Dakar,particulier,2026-09-22
cli_002705,775433367,34,Dakar,particulier,2026-07-14
cli_002706,789032331,23,Saint-Louis,particulier,2026-02-20
cli_002707,763155824,26,Louga,particulier,2024-10-13
cli_002708,787223986,22,Ziguinchor,particulier,2026-05-25
cli_002709,768728781,39,Dakar,particulier,2025-08-04
cli_002710,709569805,18,Fatick,particulier,2025-06-06
cli_002711,775645253,22,Kaolack,particulier,2025-02-18
cli_002712,773824979,18,Kaolack,particulier,2025-05-02
cli_002713,707296559,38,Dakar,particulier,2024-10-05
cli_002714,765375424,18,Dakar,particulier,2025-05-29
cli_002715,766643787,34,Diourbel,particulier,2025-01-16
cli_002716,787675212,52,Dakar,particulier,2026-02-02
cli_002717,787392556,52,Ziguinchor,particulier,2025-11-30
cli_002718,763185010,18,Dakar,particulier,2025-04-04
cli_002719,767802168,37,Dakar,particulier,2024-12-24
cli_002720,775876638,23,Dakar,particulier,2026-09-20
cli_002721,769376900,20,Dakar,particulier,2025-11-11
cli_002722,766935204,32,Thiès,particulier,2025-02-16
cli_002723,779026266,47,Dakar,particulier,2026-07-02
cli_002724,789809276,40,Saint-Louis,particulier,2026-01-09
cli_002725,709950571,26,Dakar,marchand,2025-08-20
cli_002726,767702328,41,Saint-Louis,particulier,2026-07-25
cli_002727,776375657,18,Tambacounda,particulier,2024-11-25
cli_002728,772063177,25,Kolda,particulier,2025-12-29
cli_002729,764475114,24,Saint-Louis,particulier,2025-03-01
cli_002730,785278000,34,Thiès,particulier,2025-11-16
cli_002731,708024726,31,Ziguinchor,particulier,2025-12-04
cli_002732,766298936,32,Kolda,marchand,2024-10-19
cli_002733,704952177,32,Diourbel,marchand,2025-01-08
cli_002734,772319608,34,Dakar,particulier,2025-09-12
cli_002735,787442238,39,Louga,particulier,2025-10-20
cli_002736,774887694,35,Dakar,particulier,2025-03-03
cli_002737,761325283,30,Louga,particulier,2025-05-12
cli_002738,773556052,38,Dakar,particulier,2024-10-10
cli_002739,788915133,43,Dakar,particulier,2026-01-24
cli_002740,782069447,27,Louga,particulier,2026-07-03
cli_002741,774655307,33,Ziguinchor,particulier,2026-05-05
cli_002742,775608376,46,Saint-Louis,particulier,2025-09-04
cli_002743,761753679,21,Fatick,particulier,2026-02-07
cli_002744,702490697,53,Fatick,particulier,2025-02-11
cli_002745,779462444,19,Diourbel,particulier,2024-12-25
cli_002746,786314836,30,Tambacounda,particulier,2026-05-10
cli_002747,772893062,23,Thiès,particulier,2024-10-02
cli_002748,702527272,58,Dakar,particulier,2025-06-20
cli_002749,784831616,28,Fatick,particulier,2026-03-15
cli_002750,707512353,28,Thiès,particulier,2026-04-30
cli_002751,777573553,29,Kolda,particulier,2026-05-26
cli_002752,772757174,35,Dakar,particulier,2025-10-15
cli_002753,767530640,30,Dakar,particulier,2026-08-03
cli_002754,769066565,32,Dakar,particulier,2026-06-20
cli_002755,703037039,18,Kaolack,particulier,2025-03-23
cli_002756,701235884,34,Fatick,particulier,2025-10-02
cli_002757,709630012,34,Thiès,particulier,2025-09-04
cli_002758,765697975,45,Dakar,particulier,2026-01-30
cli_002759,787988098,48,Thiès,particulier,2025-08-14
cli_002760,783880942,31,Thiès,particulier,2026-01-17
cli_002761,773692517,42,Kaolack,particulier,2026-08-22
cli_002762,783025688,21,Kaolack,particulier,2025-08-05
cli_002763,782953191,42,Dakar,particulier,2026-07-26
cli_002764,775244424,27,Thiès,particulier,2025-05-09
cli_002765,771952056,20,Kaolack,particulier,2024-11-26
cli_002766,768578174,31,Dakar,particulier,2025-05-25
cli_002767,785601043,49,Thiès,particulier,2025-07-30
cli_002768,709237493,35,Kaolack,particulier,2024-10-21
cli_002769,785519709,50,Thiès,particulier,2026-04-17
cli_002770,703729237,25,Dakar,particulier,2025-03-08
cli_002771,765634227,45,Dakar,particulier,2026-04-25
cli_002772,772388192,26,Louga,particulier,2026-09-23
cli_002773,778416832,36,Dakar,particulier,2026-04-01
cli_002774,767481263,36,Fatick,particulier,2025-09-22
cli_002775,762324373,41,Diourbel,particulier,2026-08-08
cli_002776,786237987,36,Diourbel,particulier,2026-03-04
cli_002777,765841944,25,Louga,particulier,2026-08-18
cli_002778,702809145,43,Thiès,particulier,2026-03-30
cli_002779,782098782,53,Dakar,particulier,2025-04-17
cli_002780,777842661,27,Dakar,particulier,2026-06-05
cli_002781,783376377,18,Kaolack,marchand,2026-03-15
cli_002782,705670373,39,Diourbel,particulier,2026-06-17
cli_002783,703229397,30,Fatick,particulier,2025-12-17
cli_002784,706880556,32,Diourbel,particulier,2025-03-18
cli_002785,701440894,40,Thiès,particulier,2025-08-28
cli_002786,774234050,28,Dakar,particulier,2026-05-01
cli_002787,785923542,31,Dakar,marchand,2026-02-02
cli_002788,774951877,32,Fatick,particulier,2025-05-23
cli_002789,776511524,50,Dakar,marchand,2025-10-09
cli_002790,702623078,34,Kolda,particulier,2025-10-23
cli_002791,704976237,20,Dakar,particulier,2025-01-01
cli_002792,777808642,20,Diourbel,particulier,2025-02-03
cli_002793,764002410,35,Dakar,marchand,2026-03-30
cli_002794,762413101,21,Louga,particulier,2025-04-28
cli_002795,778629748,18,Dakar,particulier,2025-02-24
cli_002796,708004722,40,Saint-Louis,particulier,2024-12-06
cli_002797,707123700,41,Kolda,particulier,2026-03-15
cli_002798,768182069,29,Kaolack,marchand,2025-04-11
cli_002799,768009373,37,Dakar,particulier,2026-05-10
cli_002800,787719407,36,Louga,particulier,2025-11-03
cli_002801,705584865,40,Thiès,particulier,2026-08-02
cli_002802,781174805,40,Dakar,particulier,2025-07-10
cli_002803,706373703,18,Diourbel,particulier,2025-05-13
cli_002804,773458198,31,Fatick,particulier,2025-11-02
cli_002805,777959696,39,Thiès,particulier,2025-11-27
cli_002806,705215039,29,Louga,marchand,2026-03-31
cli_002807,789147486,34,Ziguinchor,marchand,2025-03-11
cli_002808,786359898,42,Diourbel,marchand,2024-11-29
cli_002809,705954796,34,Thiès,particulier,2026-06-19
cli_002810,779272997,50,Ziguinchor,particulier,2026-03-06
cli_002811,765275574,46,Thiès,marchand,2025-07-11
cli_002812,784380453,32,Dakar,particulier,2025-12-31
cli_002813,774343644,31,Thiès,particulier,2026-09-14
cli_002814,708875208,18,Kolda,particulier,2026-09-08
cli_002815,777806463,30,Dakar,particulier,2026-04-06
cli_002816,772470863,19,Dakar,particulier,2024-10-18
cli_002817,765432403,36,Dakar,particulier,2025-07-06
cli_002818,704341524,35,Dakar,particulier,2026-03-21
cli_002819,776820303,41,Tambacounda,particulier,2026-08-14
cli_002820,761470538,49,Saint-Louis,particulier,2025-03-21
cli_002821,767427105,33,Ziguinchor,particulier,2025-12-23
cli_002822,707682402,59,Louga,particulier,2025-12-11
cli_002823,773039240,36,Thiès,particulier,2025-08-10
cli_002824,702355874,19,Louga,particulier,2026-04-10
cli_002825,766647812,27,Tambacounda,particulier,2025-04-11
cli_002826,703313179,29,Louga,marchand,2026-02-07
cli_002827,789474203,40,Ziguinchor,particulier,2025-04-27
cli_002828,707977098,23,Thiès,particulier,2025-09-11
cli_002829,769595116,30,Fatick,particulier,2026-06-07
cli_002830,775812449,32,Dakar,marchand,2025-06-26
cli_002831,709446330,29,Louga,particulier,2026-07-31
cli_002832,701125754,42,Thiès,particulier,2025-04-20
cli_002833,783609414,41,Saint-Louis,particulier,2025-12-23
cli_002834,761020116,46,Kolda,particulier,2025-05-23
cli_002835,787098019,30,Kaolack,particulier,2026-04-01
cli_002836,765595945,47,Dakar,marchand,2025-12-01
cli_002837,703589031,18,Ziguinchor,particulier,2026-02-13
cli_002838,703744599,18,Kolda,particulier,2026-03-25
cli_002839,776793806,20,Kaolack,particulier,2026-01-17
cli_002840,702622802,34,Kolda,particulier,2026-08-15
cli_002841,785631019,47,Fatick,particulier,2025-12-08
cli_002842,766522344,27,Kolda,particulier,2026-06-26
cli_002843,703159808,28,Thiès,particulier,2025-09-10
cli_002844,783055928,31,Diourbel,particulier,2026-07-19
cli_002845,784188054,40,Fatick,particulier,2026-09-17
cli_002846,786329863,28,Kolda,particulier,2025-11-07
cli_002847,703289547,28,Dakar,marchand,2026-02-18
cli_002848,784413393,19,Dakar,particulier,2024-12-23
cli_002849,785891000,27,Thiès,particulier,2026-03-15
cli_002850,782680715,46,Louga,particulier,2025-12-06
cli_002851,776120353,35,Kolda,particulier,2026-04-04
cli_002852,782242942,25,Saint-Louis,marchand,2024-12-14
cli_002853,772282838,47,Dakar,particulier,2025-02-26
cli_002854,773131745,27,Dakar,particulier,2026-05-21
cli_002855,763578595,49,Fatick,particulier,2026-03-24
cli_002856,771268488,49,Thiès,particulier,2026-05-11
cli_002857,769654459,34,Dakar,particulier,2026-06-05
cli_002858,703773142,18,Dakar,particulier,2026-04-01
cli_002859,768241565,59,Fatick,particulier,2025-01-11
cli_002860,789117591,38,Diourbel,particulier,2025-10-24
cli_002861,778205773,30,Dakar,particulier,2025-12-18
cli_002862,708482258,44,Dakar,particulier,2026-05-07
cli_002863,701900681,41,Tambacounda,marchand,2026-05-12
cli_002864,764348033,48,Thiès,particulier,2025-08-15
cli_002865,777715668,26,Thiès,particulier,2025-03-25
cli_002866,776182501,37,Dakar,particulier,2025-08-13
cli_002867,781050933,20,Dakar,marchand,2025-06-01
cli_002868,776106244,41,Fatick,particulier,2026-03-17
cli_002869,708240614,33,Louga,particulier,2024-11-03
cli_002870,778458637,37,Thiès,marchand,2025-02-01
cli_002871,784454988,32,Kolda,particulier,2024-12-23
cli_002872,703126610,31,Thiès,particulier,2025-05-25
cli_002873,703785994,24,Kolda,particulier,2025-05-05
cli_002874,773667487,42,Dakar,particulier,2026-08-03
cli_002875,784119188,50,Thiès,particulier,2026-05-29
cli_002876,763716068,27,Fatick,particulier,2026-06-19
cli_002877,765114763,40,Kolda,marchand,2025-10-06
cli_002878,701367829,38,Louga,particulier,2025-07-22
cli_002879,703476795,34,Kaolack,particulier,2026-06-29
cli_002880,703832190,18,Fatick,particulier,2025-03-25
cli_002881,772380065,19,Ziguinchor,particulier,2025-08-19
cli_002882,778901223,25,Dakar,particulier,2025-07-16
cli_002883,767079365,18,Diourbel,particulier,2024-11-24
cli_002884,779207887,49,Kaolack,particulier,2025-07-24
cli_002885,786054184,38,Saint-Louis,particulier,2026-09-21
cli_002886,771986718,33,Kolda,marchand,2025-03-12
cli_002887,709141560,18,Diourbel,particulier,2024-12-24
cli_002888,775122526,18,Dakar,particulier,2026-07-25
cli_002889,777159892,33,Dakar,particulier,2025-08-26
cli_002890,774432139,55,Fatick,particulier,2025-10-16
cli_002891,775448563,26,Dakar,particulier,2026-06-05
cli_002892,765404232,43,Kolda,particulier,2026-03-06
cli_002893,783562335,28,Dakar,particulier,2025-01-08
cli_002894,705992475,34,Thiès,particulier,2025-12-12
cli_002895,787603587,47,Fatick,particulier,2025-08-28
cli_002896,761182328,30,Thiès,particulier,2025-03-06
cli_002897,762178188,26,Fatick,particulier,2025-11-01
cli_002898,768580179,49,Dakar,particulier,2024-12-13
cli_002899,706126759,34,Diourbel,particulier,2025-09-24
cli_002900,779762975,46,Saint-Louis,particulier,2024-10-05
cli_002901,766442049,26,Kolda,particulier,2026-06-08
cli_002902,706880642,49,Dakar,particulier,2024-12-15
cli_002903,709091117,37,Thiès,particulier,2026-07-03
cli_002904,766944069,38,Kaolack,particulier,2025-02-08
cli_002905,763966600,35,Tambacounda,particulier,2025-05-29
cli_002906,705751818,28,Fatick,particulier,2025-08-12
cli_002907,763120517,33,Fatick,particulier,2024-12-21
cli_002908,704008460,29,Diourbel,particulier,2025-06-13
cli_002909,777122533,44,Saint-Louis,particulier,2025-05-05
cli_002910,782340800,31,Fatick,particulier,2025-03-23
cli_002911,777047802,18,Kolda,particulier,2025-01-19
cli_002912,776256569,18,Fatick,particulier,2026-04-07
cli_002913,783775457,18,Fatick,particulier,2025-01-16
cli_002914,771404472,40,Kolda,particulier,2025-07-21
cli_002915,787341624,21,Dakar,particulier,2026-08-31
cli_002916,788420522,37,Dakar,marchand,2024-11-23
cli_002917,767570667,35,Tambacounda,particulier,2025-03-10
cli_002918,704788204,33,Saint-Louis,particulier,2024-12-13
cli_002919,706881815,38,Dakar,particulier,2025-03-10
cli_002920,784732787,35,Diourbel,particulier,2026-01-15
cli_002921,784224340,18,Kaolack,particulier,2026-01-11
cli_002922,703944537,30,Fatick,particulier,2026-03-06
cli_002923,772897674,38,Fatick,particulier,2025-11-29
cli_002924,769724184,52,Dakar,particulier,2026-08-29
cli_002925,786995925,52,Diourbel,particulier,2025-03-29
cli_002926,772574252,19,Dakar,marchand,2025-03-24
cli_002927,768785346,30,Kolda,particulier,2024-10-04
cli_002928,782361770,18,Dakar,particulier,2025-08-18
cli_002929,776343105,50,Kaolack,particulier,2024-10-03
cli_002930,762489783,45,Saint-Louis,particulier,2026-04-23
cli_002931,774251093,37,Kaolack,particulier,2025-10-13
cli_002932,766926746,35,Saint-Louis,particulier,2025-03-02
cli_002933,779992093,49,Ziguinchor,particulier,2025-02-25
cli_002934,789927056,47,Kaolack,particulier,2025-03-08
cli_002935,709060073,46,Dakar,particulier,2025-10-19
cli_002936,773119276,39,Thiès,particulier,2026-08-01
cli_002937,701841559,30,Saint-Louis,particulier,2024-12-31
cli_002938,769150555,42,Thiès,particulier,2025-12-19
cli_002939,709308334,42,Louga,particulier,2025-06-07
cli_002940,773507548,31,Dakar,particulier,2026-06-18
cli_002941,761172591,30,Fatick,particulier,2024-11-10
cli_002942,706831098,46,Dakar,particulier,2026-03-20
cli_002943,701684813,52,Louga,particulier,2024-09-27
cli_002944,771364490,25,Dakar,marchand,2025-04-20
cli_002945,709434326,31,Diourbel,particulier,2026-01-26
cli_002946,775460885,37,Thiès,marchand,2025-12-28
cli_002947,762008447,39,Kaolack,marchand,2024-10-10
cli_002948,786891129,28,Dakar,particulier,2025-07-18
cli_002949,764322759,54,Louga,particulier,2025-05-07
cli_002950,765826877,38,Saint-Louis,particulier,2025-07-04
cli_002951,779089794,39,Tambacounda,particulier,2026-04-03
cli_002952,763140518,53,Ziguinchor,marchand,2026-06-19
cli_002953,706818510,29,Kaolack,particulier,2026-09-21
cli_002954,788456471,33,Fatick,marchand,2025-12-02
cli_002955,784814010,20,Dakar,particulier,2025-05-13
cli_002956,709731227,32,Kaolack,particulier,2026-02-16
cli_002957,775034766,18,Thiès,particulier,2026-04-14
cli_002958,785132764,42,Louga,particulier,2025-12-14
cli_002959,768957765,38,Dakar,particulier,2026-04-08
cli_002960,786723272,30,Thiès,particulier,2025-11-10
cli_002961,708818359,32,Kaolack,particulier,2025-08-17
cli_002962,788113718,42,Diourbel,marchand,2026-03-09
cli_002963,707411301,21,Dakar,particulier,2026-09-01
cli_002964,773173401,36,Diourbel,particulier,2026-07-11
cli_002965,764589587,41,Fatick,particulier,2025-11-24
cli_002966,768780052,18,Dakar,particulier,2026-05-17
cli_002967,776544290,41,Thiès,particulier,2025-02-18
cli_002968,773521807,18,Tambacounda,particulier,2026-05-26
cli_002969,763946173,32,Kolda,particulier,2026-09-04
cli_002970,767982476,21,Dakar,particulier,2025-06-29
cli_002971,762603671,49,Saint-Louis,particulier,2025-06-26
cli_002972,772008892,21,Dakar,particulier,2025-05-22
cli_002973,767885994,18,Kolda,particulier,2026-05-31
cli_002974,703595480,35,Thiès,particulier,2025-05-15
cli_002975,777888712,29,Thiès,particulier,2025-01-02
cli_002976,785802578,18,Dakar,particulier,2025-07-10
cli_002977,789980340,39,Saint-Louis,particulier,2025-12-13
cli_002978,705724298,18,Dakar,particulier,2025-10-07
cli_002979,788807368,22,Louga,particulier,2025-02-08
cli_002980,788653879,27,Diourbel,marchand,2026-06-11
cli_002981,762907858,42,Saint-Louis,particulier,2025-04-14
cli_002982,779965144,48,Fatick,particulier,2026-03-11
cli_002983,707712211,46,Dakar,particulier,2024-12-23
cli_002984,701964897,32,Dakar,particulier,2026-06-14
cli_002985,761054343,18,Thiès,particulier,2025-09-12
cli_002986,763442492,38,Louga,particulier,2025-12-06
cli_002987,761146191,50,Dakar,particulier,2025-10-04
cli_002988,704218383,47,Louga,particulier,2025-12-19
cli_002989,709967266,39,Diourbel,particulier,2026-08-27
cli_002990,785310265,20,Saint-Louis,particulier,2025-01-06
cli_002991,781215137,28,Saint-Louis,particulier,2025-08-30
cli_002992,765445187,55,Dakar,particulier,2025-07-13
cli_002993,772971939,18,Dakar,marchand,2025-09-08
cli_002994,708705754,21,Louga,particulier,2025-09-03
cli_002995,701815088,44,Thiès,marchand,2025-07-08
cli_002996,767935032,29,Saint-Louis,particulier,2025-11-22
cli_002997,785013720,21,Tambacounda,marchand,2026-06-20
cli_002998,781169664,50,Dakar,marchand,2026-09-02
cli_002999,787058207,39,Thiès,particulier,2025-08-26
cli_003000,765095195,29,Thiès,particulier,2026-05-11
cli_003001,707943999,21,Dakar,particulier,2025-10-28
cli_003002,766562663,56,Tambacounda,particulier,2025-07-09
cli_003003,708085299,33,Tambacounda,particulier,2025-07-16
cli_003004,705143559,49,Dakar,particulier,2026-05-24
cli_003005,761071447,43,Tambacounda,particulier,2025-05-30
cli_003006,782175807,28,Dakar,particulier,2024-11-07
cli_003007,765130111,28,Tambacounda,marchand,2026-01-03
cli_003008,784577266,49,Fatick,particulier,2026-06-29
cli_003009,768149269,50,Dakar,particulier,2025-09-21
cli_003010,704704900,18,Saint-Louis,particulier,2025-07-01
cli_003011,788741676,40,Louga,particulier,2025-12-09
cli_003012,762689443,32,Dakar,particulier,2025-07-14
cli_003013,774463864,22,Thiès,marchand,2025-03-14
cli_003014,767806763,36,Kaolack,marchand,2025-07-29
cli_003015,782116851,19,Dakar,particulier,2025-02-20
cli_003016,783892605,28,Dakar,particulier,2026-06-09
cli_003017,767766705,25,Dakar,particulier,2026-02-22
cli_003018,776300885,28,Louga,particulier,2025-08-15
cli_003019,768002619,33,Thiès,particulier,2026-03-18
cli_003020,765641571,22,Diourbel,particulier,2024-09-29
cli_003021,788732720,51,Dakar,particulier,2025-05-17
cli_003022,778896842,39,Dakar,particulier,2025-11-27
cli_003023,789771028,53,Kaolack,particulier,2025-03-08
cli_003024,772098134,32,Dakar,particulier,2024-10-07
cli_003025,786320706,27,Kaolack,particulier,2026-09-16
cli_003026,762028366,53,Thiès,particulier,2025-08-14
cli_003027,773060044,27,Kaolack,particulier,2025-11-16
cli_003028,763702876,32,Thiès,particulier,2025-03-22
cli_003029,776815298,41,Fatick,marchand,2026-02-11
cli_003030,704880934,20,Dakar,particulier,2026-01-29
cli_003031,768782626,41,Kolda,marchand,2025-03-14
cli_003032,783686879,40,Dakar,particulier,2024-12-13
cli_003033,766555065,47,Dakar,particulier,2026-06-11
cli_003034,777868682,43,Saint-Louis,particulier,2025-07-02
cli_003035,779822782,48,Dakar,particulier,2025-03-05
cli_003036,703207392,32,Diourbel,particulier,2026-05-27
cli_003037,707602430,24,Fatick,particulier,2025-05-29
cli_003038,771762972,57,Louga,particulier,2024-10-09
cli_003039,785890882,18,Kaolack,particulier,2025-01-17
cli_003040,774724197,18,Tambacounda,particulier,2026-05-05
cli_003041,789626948,40,Diourbel,particulier,2024-10-02
cli_003042,787960412,51,Dakar,particulier,2026-01-06
cli_003043,789345258,36,Fatick,particulier,2025-10-11
cli_003044,768655056,44,Dakar,particulier,2026-02-23
cli_003045,774696036,18,Dakar,particulier,2025-05-02
cli_003046,707600102,28,Dakar,marchand,2026-06-24
cli_003047,761274206,18,Thiès,particulier,2025-04-24
cli_003048,706020979,42,Thiès,particulier,2026-08-14
cli_003049,771425700,18,Dakar,particulier,2025-01-16
cli_003050,767517724,19,Saint-Louis,particulier,2026-01-29
cli_003051,709700501,39,Louga,particulier,2025-09-11
cli_003052,777132505,45,Tambacounda,particulier,2026-04-10
cli_003053,708559435,32,Dakar,particulier,2026-07-07
cli_003054,783109299,40,Dakar,particulier,2026-09-07
cli_003055,709945157,39,Saint-Louis,particulier,2024-10-10
cli_003056,785956829,31,Dakar,particulier,2026-06-16
cli_003057,707070060,21,Thiès,particulier,2026-08-13
cli_003058,777935483,40,Kaolack,particulier,2025-09-14
cli_003059,786756335,40,Louga,particulier,2024-10-22
cli_003060,783854085,43,Dakar,marchand,2026-07-25
cli_003061,776502871,37,Kaolack,particulier,2026-03-21
cli_003062,786885757,21,Kaolack,particulier,2025-08-14
cli_003063,788716043,41,Fatick,particulier,2025-09-29
cli_003064,775333323,33,Dakar,particulier,2026-06-09
cli_003065,765516196,28,Louga,particulier,2024-10-30
cli_003066,765528429,30,Louga,particulier,2026-01-05
cli_003067,702029786,26,Dakar,particulier,2025-05-18
cli_003068,761810495,43,Kaolack,particulier,2025-10-25
cli_003069,771183890,18,Kaolack,particulier,2025-07-24
cli_003070,776995953,23,Dakar,particulier,2024-12-03
cli_003071,784769736,30,Diourbel,particulier,2026-01-29
cli_003072,788791182,51,Thiès,particulier,2025-02-07
cli_003073,777320134,45,Louga,particulier,2026-02-22
cli_003074,702272881,18,Dakar,particulier,2026-02-04
cli_003075,761900659,48,Diourbel,particulier,2026-08-31
cli_003076,764294950,48,Dakar,particulier,2026-01-14
cli_003077,779288492,21,Kaolack,particulier,2025-07-23
cli_003078,701438007,18,Ziguinchor,particulier,2025-06-14
cli_003079,772686609,33,Diourbel,marchand,2025-11-14
cli_003080,781266686,46,Saint-Louis,particulier,2026-01-07
cli_003081,784722979,51,Dakar,particulier,2026-04-13
cli_003082,709906925,24,Dakar,particulier,2024-12-03
cli_003083,787153429,53,Louga,particulier,2025-12-17
cli_003084,775441243,18,Dakar,particulier,2026-02-12
cli_003085,782299580,29,Louga,particulier,2024-11-07
cli_003086,784199670,29,Kaolack,particulier,2025-06-16
cli_003087,775720883,46,Kolda,particulier,2025-01-13
cli_003088,773473893,48,Dakar,particulier,2025-12-14
cli_003089,777345535,44,Diourbel,particulier,2025-11-14
cli_003090,789820112,19,Dakar,particulier,2025-04-10
cli_003091,782853477,43,Kolda,particulier,2024-10-09
cli_003092,783270256,39,Kaolack,particulier,2025-02-26
cli_003093,762136101,18,Kaolack,particulier,2025-10-22
cli_003094,777531374,18,Ziguinchor,particulier,2025-07-15
cli_003095,705155484,45,Dakar,marchand,2026-01-12
cli_003096,703553822,32,Kaolack,particulier,2025-10-26
cli_003097,772972663,19,Fatick,particulier,2025-12-15
cli_003098,781634405,31,Dakar,particulier,2026-07-13
cli_003099,775285412,38,Tambacounda,particulier,2024-12-25
cli_003100,787149488,33,Kolda,particulier,2026-06-16
cli_003101,783115261,18,Tambacounda,particulier,2026-03-12
cli_003102,771014677,54,Fatick,marchand,2026-03-23
cli_003103,775259915,45,Dakar,particulier,2026-04-15
cli_003104,787081735,30,Saint-Louis,particulier,2025-09-26
cli_003105,764104973,30,Dakar,particulier,2024-10-23
cli_003106,783253389,37,Louga,particulier,2026-01-27
cli_003107,702388630,21,Dakar,particulier,2025-04-06
cli_003108,787714937,37,Kolda,particulier,2025-04-07
cli_003109,708754095,19,Dakar,particulier,2025-03-16
cli_003110,777927750,33,Dakar,particulier,2025-06-27
cli_003111,765663684,21,Dakar,particulier,2025-04-02
cli_003112,707516964,21,Ziguinchor,particulier,2025-03-17
cli_003113,774572253,52,Dakar,marchand,2025-05-14
cli_003114,701220350,34,Dakar,particulier,2025-08-12
cli_003115,784308189,36,Dakar,particulier,2026-07-19
cli_003116,787333628,18,Dakar,particulier,2025-09-18
cli_003117,766826068,27,Tambacounda,particulier,2025-03-23
cli_003118,769911309,39,Diourbel,particulier,2026-01-17
cli_003119,779977481,36,Dakar,particulier,2026-03-26
cli_003120,703183628,18,Dakar,particulier,2025-07-17
cli_003121,761086069,36,Dakar,particulier,2026-06-19
cli_003122,703468146,38,Thiès,particulier,2025-04-17
cli_003123,788885258,48,Dakar,particulier,2024-10-07
cli_003124,768321738,26,Dakar,marchand,2025-10-06
cli_003125,781888781,18,Dakar,particulier,2026-09-03
cli_003126,702443571,23,Dakar,particulier,2026-03-10
cli_003127,706071726,21,Louga,marchand,2026-08-31
cli_003128,706945252,42,Dakar,particulier,2025-10-24
cli_003129,769841012,18,Kaolack,particulier,2026-02-10
cli_003130,707795236,29,Kaolack,particulier,2025-03-09
cli_003131,782906697,49,Kolda,particulier,2025-01-16
cli_003132,781334445,34,Dakar,particulier,2025-11-10
cli_003133,706702540,43,Louga,particulier,2024-10-11
cli_003134,775983858,18,Kolda,particulier,2025-10-31
cli_003135,769295787,18,Tambacounda,particulier,2026-06-29
cli_003136,776182894,49,Fatick,particulier,2024-11-30
cli_003137,765511160,35,Dakar,particulier,2025-12-09
cli_003138,783730985,35,Tambacounda,marchand,2024-12-17
cli_003139,781776418,21,Fatick,particulier,2025-04-06
cli_003140,788887101,35,Dakar,particulier,2024-11-07
cli_003141,788434570,21,Dakar,particulier,2025-06-10
cli_003142,782464747,47,Tambacounda,particulier,2025-07-18
cli_003143,787335024,64,Dakar,particulier,2026-04-06
cli_003144,764277752,39,Louga,particulier,2026-03-04
cli_003145,704933318,27,Thiès,particulier,2026-01-27
cli_003146,768638017,18,Ziguinchor,particulier,2026-02-10
cli_003147,768578233,18,Dakar,particulier,2025-07-17
cli_003148,702715784,51,Ziguinchor,particulier,2024-12-28
cli_003149,703768488,22,Diourbel,particulier,2026-08-29
cli_003150,778392366,29,Kolda,particulier,2025-06-30
cli_003151,769252938,41,Dakar,particulier,2025-03-20
cli_003152,771711622,50,Dakar,particulier,2025-11-04
cli_003153,778502346,31,Dakar,particulier,2026-03-07
cli_003154,705403061,29,Dakar,particulier,2025-11-12
cli_003155,776312805,34,Tambacounda,particulier,2025-01-28
cli_003156,701677975,27,Dakar,particulier,2024-11-26
cli_003157,707123223,27,Dakar,particulier,2025-05-13
cli_003158,707101131,38,Fatick,particulier,2025-10-04
cli_003159,766964344,36,Dakar,marchand,2025-06-10
cli_003160,708115412,57,Dakar,particulier,2025-05-18
cli_003161,779514507,38,Kaolack,particulier,2025-03-13
cli_003162,708648726,46,Thiès,particulier,2026-06-10
cli_003163,777703052,22,Fatick,particulier,2026-07-31
cli_003164,789831359,39,Kaolack,marchand,2026-01-15
cli_003165,777070890,26,Dakar,particulier,2026-03-18
cli_003166,787048140,38,Saint-Louis,marchand,2025-07-02
cli_003167,765878513,41,Kolda,particulier,2025-09-08
cli_003168,787921556,34,Thiès,particulier,2024-11-23
cli_003169,701642382,60,Ziguinchor,particulier,2025-03-06
cli_003170,765551823,49,Thiès,particulier,2026-06-08
cli_003171,764827888,46,Saint-Louis,particulier,2025-01-13
cli_003172,709214631,42,Ziguinchor,particulier,2025-03-11
cli_003173,781653046,53,Dakar,particulier,2025-12-19
cli_003174,786793824,18,Diourbel,particulier,2026-08-12
cli_003175,702658969,49,Dakar,marchand,2025-02-22
cli_003176,768951961,23,Ziguinchor,particulier,2026-05-06
cli_003177,768666686,27,Kaolack,particulier,2026-04-16
cli_003178,783119067,40,Thiès,particulier,2025-10-16
cli_003179,778845352,47,Dakar,particulier,2026-07-25
cli_003180,775470639,21,Kolda,particulier,2025-12-06
cli_003181,779739393,28,Dakar,particulier,2026-03-28
cli_003182,777568369,35,Dakar,particulier,2026-08-16
cli_003183,761310173,31,Dakar,particulier,2024-12-04
cli_003184,772824495,43,Saint-Louis,particulier,2026-03-17
cli_003185,764632380,71,Dakar,particulier,2025-08-23
cli_003186,702902057,38,Fatick,particulier,2025-02-05
cli_003187,702191876,25,Ziguinchor,particulier,2025-10-08
cli_003188,789802383,19,Dakar,marchand,2026-02-22
cli_003189,778821563,30,Saint-Louis,marchand,2025-03-31
cli_003190,704911492,23,Dakar,marchand,2025-05-07
cli_003191,772935243,39,Dakar,marchand,2026-09-16
cli_003192,762636338,38,Kaolack,particulier,2025-02-03
cli_003193,769241948,28,Dakar,particulier,2026-06-29
cli_003194,773983174,55,Kolda,particulier,2025-04-04
cli_003195,761113378,25,Saint-Louis,particulier,2026-07-13
cli_003196,774576384,32,Dakar,particulier,2026-08-07
cli_003197,775089059,41,Tambacounda,particulier,2026-06-27
cli_003198,706607766,43,Saint-Louis,particulier,2025-04-02
cli_003199,704048187,48,Dakar,particulier,2025-10-28
cli_003200,789307131,38,Diourbel,particulier,2025-07-12
cli_003201,706791845,45,Tambacounda,particulier,2026-03-03
cli_003202,709879309,26,Thiès,particulier,2026-06-28
cli_003203,704303153,44,Thiès,marchand,2025-02-28
cli_003204,776865288,43,Diourbel,particulier,2025-01-24
cli_003205,784288063,50,Dakar,particulier,2025-01-20
cli_003206,767299300,18,Dakar,particulier,2026-08-07
cli_003207,707711159,24,Saint-Louis,particulier,2024-11-18
cli_003208,703896462,43,Kolda,particulier,2025-08-24
cli_003209,789439046,18,Ziguinchor,particulier,2026-05-04
cli_003210,778714426,39,Dakar,particulier,2026-05-02
cli_003211,709050479,45,Thiès,particulier,2025-09-22
cli_003212,782960184,27,Dakar,marchand,2025-07-10
cli_003213,787460658,29,Dakar,particulier,2026-08-19
cli_003214,701957425,22,Kaolack,particulier,2025-09-27
cli_003215,761949592,28,Dakar,particulier,2026-04-02
cli_003216,789759302,28,Fatick,particulier,2024-11-23
cli_003217,772376093,26,Diourbel,particulier,2025-07-02
cli_003218,788777247,25,Kaolack,particulier,2025-12-26
cli_003219,704877227,31,Kolda,particulier,2025-11-20
cli_003220,783732805,30,Ziguinchor,particulier,2025-01-21
cli_003221,761661481,54,Kolda,particulier,2025-05-08
cli_003222,787076535,29,Fatick,particulier,2025-12-15
cli_003223,707491981,37,Saint-Louis,particulier,2025-01-20
cli_003224,705203164,27,Dakar,particulier,2025-06-27
cli_003225,768289495,27,Dakar,marchand,2026-08-11
cli_003226,703908153,18,Kolda,particulier,2025-06-21
cli_003227,765965099,18,Dakar,particulier,2024-11-08
cli_003228,783580967,20,Tambacounda,particulier,2025-01-02
cli_003229,766240027,36,Thiès,particulier,2026-08-24
cli_003230,702224246,45,Ziguinchor,particulier,2024-12-20
cli_003231,705285502,18,Thiès,particulier,2024-10-08
cli_003232,775943862,27,Tambacounda,marchand,2026-05-28
cli_003233,766008883,18,Dakar,particulier,2025-06-16
cli_003234,775019369,31,Thiès,particulier,2025-03-22
cli_003235,766792142,45,Kolda,marchand,2026-08-23
cli_003236,765609677,29,Dakar,particulier,2025-01-28
cli_003237,783549133,33,Dakar,particulier,2025-12-11
cli_003238,702938214,50,Kolda,particulier,2026-02-17
cli_003239,706829498,39,Fatick,particulier,2026-03-19
cli_003240,779447495,25,Dakar,particulier,2025-09-20
cli_003241,777778720,35,Saint-Louis,particulier,2025-02-18
cli_003242,776747320,24,Dakar,particulier,2025-02-02
cli_003243,709293793,38,Dakar,particulier,2026-04-12
cli_003244,769096405,39,Kaolack,particulier,2025-01-29
cli_003245,765558237,18,Dakar,particulier,2025-01-29
cli_003246,701983440,35,Diourbel,particulier,2026-08-10
cli_003247,706708553,32,Dakar,particulier,2026-02-08
cli_003248,776605658,39,Fatick,particulier,2026-09-13
cli_003249,773496197,43,Saint-Louis,particulier,2024-10-02
cli_003250,788645155,39,Dakar,particulier,2025-10-14
cli_003251,788829561,30,Kolda,particulier,2026-03-10
cli_003252,763978286,44,Fatick,particulier,2024-12-11
cli_003253,775291722,24,Dakar,particulier,2025-05-12
cli_003254,782756288,19,Tambacounda,particulier,2024-11-07
cli_003255,772605165,18,Dakar,particulier,2025-02-17
cli_003256,773385191,33,Dakar,particulier,2024-10-27
cli_003257,774292086,24,Thiès,particulier,2026-04-19
cli_003258,773456403,38,Dakar,particulier,2026-04-28
cli_003259,762364712,18,Ziguinchor,particulier,2026-07-30
cli_003260,785024790,26,Saint-Louis,particulier,2026-01-17
cli_003261,786612075,39,Kolda,particulier,2025-08-18
cli_003262,783933672,22,Dakar,particulier,2025-08-08
cli_003263,765801942,38,Dakar,marchand,2025-05-18
cli_003264,703441466,27,Thiès,particulier,2025-04-07
cli_003265,767334744,33,Dakar,particulier,2025-02-05
cli_003266,766836610,40,Tambacounda,marchand,2025-09-09
cli_003267,769640546,44,Ziguinchor,particulier,2026-03-09
cli_003268,761477291,35,Louga,particulier,2025-11-07
cli_003269,778678259,25,Louga,particulier,2024-12-27
cli_003270,704063273,28,Dakar,marchand,2025-02-06
cli_003271,771594411,41,Dakar,particulier,2024-11-25
cli_003272,787207767,22,Thiès,particulier,2025-08-26
cli_003273,762545482,32,Fatick,particulier,2025-03-04
cli_003274,782582647,29,Thiès,particulier,2025-11-26
cli_003275,779816877,32,Dakar,marchand,2026-09-18
cli_003276,702988350,22,Kaolack,marchand,2025-03-30
cli_003277,775924469,18,Dakar,particulier,2026-07-22
cli_003278,772805999,39,Saint-Louis,particulier,2025-06-17
cli_003279,702115909,44,Dakar,particulier,2024-09-26
cli_003280,761008334,18,Diourbel,particulier,2026-09-05
cli_003281,771144443,38,Thiès,particulier,2025-04-06
cli_003282,705263909,45,Kolda,particulier,2024-12-30
cli_003283,704906001,40,Ziguinchor,particulier,2025-06-24
cli_003284,771350629,29,Dakar,marchand,2025-05-09
cli_003285,784146326,23,Louga,particulier,2024-12-05
cli_003286,783456458,34,Louga,particulier,2025-03-06
cli_003287,776141882,36,Kaolack,particulier,2026-08-26
cli_003288,779953229,35,Kolda,particulier,2025-03-08
cli_003289,777224763,32,Fatick,particulier,2025-03-20
cli_003290,779265564,22,Dakar,particulier,2026-04-10
cli_003291,782730030,38,Thiès,particulier,2025-06-03
cli_003292,782935682,39,Thiès,particulier,2025-01-18
cli_003293,777757272,36,Diourbel,particulier,2025-01-13
cli_003294,783790021,35,Tambacounda,particulier,2024-12-28
cli_003295,778638931,52,Kaolack,particulier,2025-03-05
cli_003296,705173340,27,Dakar,particulier,2026-06-26
cli_003297,772807389,48,Tambacounda,particulier,2025-10-05
cli_003298,708599721,25,Ziguinchor,particulier,2026-04-07
cli_003299,765954131,46,Dakar,particulier,2026-08-03
cli_003300,708223812,47,Kolda,particulier,2026-03-15
cli_003301,765070165,30,Thiès,particulier,2024-11-30
cli_003302,782136172,52,Diourbel,particulier,2025-07-15
cli_003303,767129325,39,Diourbel,particulier,2025-03-16
cli_003304,782120039,24,Kolda,particulier,2025-09-22
cli_003305,776969616,29,Dakar,particulier,2026-01-07
cli_003306,784750589,46,Thiès,particulier,2025-10-07
cli_003307,788123764,44,Kaolack,particulier,2024-10-06
cli_003308,778830857,22,Kolda,particulier,2026-02-26
cli_003309,774666351,32,Dakar,particulier,2026-02-09
cli_003310,708938764,36,Dakar,marchand,2025-01-14
cli_003311,761998093,28,Tambacounda,particulier,2025-12-27
cli_003312,781966292,59,Louga,particulier,2024-12-04
cli_003313,709941847,36,Thiès,marchand,2024-10-13
cli_003314,776168675,33,Thiès,particulier,2026-08-06
cli_003315,785056419,47,Diourbel,particulier,2025-05-24
cli_003316,702401076,29,Kaolack,particulier,2026-07-17
cli_003317,763600979,45,Saint-Louis,particulier,2024-12-22
cli_003318,787175163,18,Louga,particulier,2026-07-02
cli_003319,788395418,29,Dakar,marchand,2024-12-15
cli_003320,779247898,45,Fatick,particulier,2025-03-12
cli_003321,774669601,51,Dakar,particulier,2025-08-28
cli_003322,775092923,25,Kolda,particulier,2026-04-25
cli_003323,702469681,24,Dakar,particulier,2026-03-13
cli_003324,761747744,40,Dakar,particulier,2025-11-13
cli_003325,784940653,27,Dakar,particulier,2025-01-14
cli_003326,706213287,31,Dakar,particulier,2024-12-08
cli_003327,771938845,43,Thiès,particulier,2025-09-23
cli_003328,774676649,28,Kaolack,marchand,2026-04-07
cli_003329,786774067,18,Kolda,particulier,2025-08-08
cli_003330,708298087,19,Diourbel,particulier,2025-01-25
cli_003331,769446385,34,Saint-Louis,particulier,2025-08-25
cli_003332,704063099,18,Dakar,particulier,2024-12-13
cli_003333,774525542,30,Fatick,particulier,2026-09-17
cli_003334,708874073,18,Dakar,marchand,2025-09-23
cli_003335,777239429,52,Dakar,particulier,2026-08-21
cli_003336,773463303,57,Dakar,particulier,2025-07-05
cli_003337,767166279,22,Dakar,particulier,2025-07-01
cli_003338,772417658,36,Saint-Louis,particulier,2026-02-08
cli_003339,705041369,23,Dakar,particulier,2025-02-21
cli_003340,703758323,30,Dakar,particulier,2024-10-30
cli_003341,769933765,53,Fatick,particulier,2025-10-25
cli_003342,781314242,28,Dakar,particulier,2025-11-10
cli_003343,778710894,30,Kaolack,particulier,2026-05-08
cli_003344,763531213,23,Thiès,particulier,2026-09-03
cli_003345,761326013,46,Kolda,marchand,2025-12-01
cli_003346,706941058,18,Ziguinchor,particulier,2025-11-06
cli_003347,767102301,29,Dakar,particulier,2025-03-12
cli_003348,772280546,33,Kolda,marchand,2025-01-03
cli_003349,771344930,26,Thiès,marchand,2026-07-06
cli_003350,702002284,43,Dakar,particulier,2026-06-04
cli_003351,774679827,47,Kaolack,particulier,2025-08-11
cli_003352,702191467,18,Ziguinchor,particulier,2025-12-24
cli_003353,777327387,57,Dakar,particulier,2025-04-30
cli_003354,761697964,18,Thiès,particulier,2026-01-31
cli_003355,708100249,48,Dakar,particulier,2025-11-24
cli_003356,788871717,35,Saint-Louis,particulier,2025-11-04
cli_003357,777451661,28,Tambacounda,particulier,2025-07-12
cli_003358,709497035,29,Thiès,particulier,2026-08-04
cli_003359,779453077,33,Tambacounda,particulier,2024-12-18
cli_003360,761419050,36,Dakar,particulier,2026-01-19
cli_003361,704077658,23,Louga,particulier,2026-04-21
cli_003362,767840645,31,Kolda,particulier,2025-06-14
cli_003363,774056756,25,Ziguinchor,particulier,2026-06-17
cli_003364,707634364,20,Dakar,particulier,2025-07-20
cli_003365,777968709,25,Thiès,particulier,2026-08-10
cli_003366,769972183,21,Dakar,marchand,2026-03-15
cli_003367,763968804,29,Kaolack,particulier,2025-04-12
cli_003368,784130835,38,Tambacounda,marchand,2025-12-26
cli_003369,781218463,35,Thiès,particulier,2024-12-06
cli_003370,773569580,55,Dakar,particulier,2026-01-07
cli_003371,703524763,18,Dakar,particulier,2025-05-08
cli_003372,775077738,39,Saint-Louis,particulier,2026-09-02
cli_003373,784790619,34,Saint-Louis,particulier,2024-10-12
cli_003374,768709175,42,Dakar,particulier,2025-07-02
cli_003375,767964111,41,Louga,marchand,2025-04-25
cli_003376,767557342,32,Dakar,marchand,2026-01-29
cli_003377,761046914,35,Kaolack,marchand,2026-02-25
cli_003378,765244613,25,Thiès,particulier,2025-11-09
cli_003379,707566388,40,Dakar,marchand,2026-03-21
cli_003380,783201065,18,Kaolack,particulier,2026-09-08
cli_003381,704823663,42,Kaolack,particulier,2025-05-25
cli_003382,707543140,33,Thiès,particulier,2025-04-19
cli_003383,708150858,28,Louga,particulier,2025-05-19
cli_003384,708690740,31,Diourbel,particulier,2025-08-16
cli_003385,704868313,32,Dakar,particulier,2025-09-07
cli_003386,774599560,48,Tambacounda,marchand,2024-10-05
cli_003387,704444364,69,Tambacounda,particulier,2025-09-04
cli_003388,767017268,47,Dakar,particulier,2025-04-27
cli_003389,784775937,27,Tambacounda,particulier,2025-11-24
cli_003390,764601907,40,Louga,particulier,2026-08-30
cli_003391,782514490,41,Dakar,particulier,2026-01-11
cli_003392,765306440,23,Diourbel,particulier,2025-04-16
cli_003393,703135595,20,Dakar,particulier,2025-06-18
cli_003394,775724192,33,Saint-Louis,particulier,2025-05-06
cli_003395,788997956,42,Tambacounda,particulier,2025-03-28
cli_003396,707981531,18,Thiès,particulier,2026-04-17
cli_003397,785302488,26,Diourbel,particulier,2025-02-08
cli_003398,709797552,40,Dakar,particulier,2025-04-21
cli_003399,779822026,34,Saint-Louis,particulier,2026-02-11
cli_003400,764999295,49,Fatick,particulier,2025-09-21
cli_003401,707871527,18,Dakar,particulier,2025-01-06
cli_003402,704080834,59,Saint-Louis,marchand,2026-05-25
cli_003403,778907805,18,Thiès,particulier,2026-02-15
cli_003404,704362318,18,Louga,particulier,2026-05-06
cli_003405,783324525,33,Ziguinchor,particulier,2026-02-13
cli_003406,782205001,21,Ziguinchor,particulier,2026-04-27
cli_003407,788583737,33,Thiès,particulier,2025-02-13
cli_003408,763672448,33,Saint-Louis,marchand,2024-10-01
cli_003409,768319872,31,Kaolack,particulier,2024-10-17
cli_003410,781778026,24,Ziguinchor,particulier,2026-01-05
cli_003411,775507951,38,Saint-Louis,particulier,2024-11-13
cli_003412,704851047,30,Kolda,particulier,2026-07-26
cli_003413,774949374,46,Dakar,particulier,2026-07-05
cli_003414,772506215,32,Dakar,particulier,2026-01-29
cli_003415,761664788,23,Tambacounda,particulier,2026-02-25
cli_003416,784117660,18,Dakar,particulier,2024-11-24
cli_003417,765232097,32,Kolda,particulier,2025-03-19
cli_003418,708142198,20,Kaolack,particulier,2025-03-23
cli_003419,775162090,19,Kolda,particulier,2025-02-13
cli_003420,783213348,39,Saint-Louis,particulier,2025-04-13
cli_003421,763362409,18,Fatick,particulier,2025-09-21
cli_003422,706507050,49,Ziguinchor,particulier,2026-08-12
cli_003423,764920916,35,Diourbel,particulier,2026-09-12
cli_003424,789110631,33,Thiès,particulier,2024-10-12
cli_003425,764957941,22,Dakar,particulier,2025-09-23
cli_003426,706102362,42,Dakar,particulier,2024-10-29
cli_003427,781575140,33,Tambacounda,particulier,2026-09-01
cli_003428,702744133,26,Dakar,particulier,2025-06-17
cli_003429,708651499,36,Louga,particulier,2026-03-02
cli_003430,784102895,18,Diourbel,particulier,2026-01-01
cli_003431,774789107,18,Dakar,particulier,2025-06-02
cli_003432,706313322,21,Tambacounda,particulier,2025-09-27
cli_003433,771520706,37,Dakar,particulier,2026-06-17
cli_003434,785559499,33,Saint-Louis,particulier,2024-09-25
cli_003435,774115588,45,Diourbel,particulier,2025-04-22
cli_003436,762337578,23,Dakar,particulier,2026-01-04
cli_003437,784765033,40,Dakar,particulier,2025-06-28
cli_003438,765021166,32,Ziguinchor,marchand,2026-06-05
cli_003439,702676938,23,Dakar,particulier,2025-11-14
cli_003440,705887599,38,Fatick,particulier,2025-11-18
cli_003441,707715622,33,Kaolack,particulier,2025-12-26
cli_003442,773405994,27,Dakar,particulier,2025-10-06
cli_003443,789698774,34,Dakar,particulier,2024-11-26
cli_003444,776512009,32,Dakar,particulier,2026-09-18
cli_003445,707957745,32,Louga,particulier,2025-08-16
cli_003446,761631440,29,Saint-Louis,particulier,2024-11-07
cli_003447,787907223,19,Dakar,particulier,2024-12-14
cli_003448,764029462,34,Saint-Louis,particulier,2024-12-08
cli_003449,767391289,25,Diourbel,particulier,2025-11-27
cli_003450,788238490,22,Kaolack,particulier,2025-08-06
cli_003451,783253589,31,Dakar,particulier,2025-07-17
cli_003452,773333562,42,Dakar,particulier,2025-01-21
cli_003453,781535667,36,Thiès,particulier,2024-10-28
cli_003454,786446591,28,Ziguinchor,particulier,2026-03-22
cli_003455,707966295,27,Kaolack,marchand,2026-06-25
cli_003456,704690267,40,Dakar,particulier,2026-03-14
cli_003457,702448889,18,Dakar,particulier,2026-03-16
cli_003458,773848140,42,Ziguinchor,particulier,2026-02-17
cli_003459,704625597,18,Dakar,particulier,2024-11-24
cli_003460,789245184,18,Saint-Louis,particulier,2026-04-19
cli_003461,782116173,28,Thiès,particulier,2025-11-20
cli_003462,704089355,57,Dakar,particulier,2026-01-06
cli_003463,706742557,52,Diourbel,marchand,2026-03-09
cli_003464,773130082,41,Dakar,particulier,2026-05-03
cli_003465,788962618,37,Saint-Louis,particulier,2024-09-26
cli_003466,769183710,18,Dakar,particulier,2025-06-24
cli_003467,764420976,35,Thiès,particulier,2026-07-11
cli_003468,787713498,27,Diourbel,particulier,2025-06-03
cli_003469,767803287,25,Dakar,particulier,2025-07-05
cli_003470,707136196,35,Kaolack,particulier,2026-01-05
cli_003471,772678377,28,Louga,particulier,2025-02-26
cli_003472,761445814,43,Tambacounda,particulier,2025-02-16
cli_003473,764125000,18,Dakar,particulier,2025-02-27
cli_003474,702180844,34,Dakar,particulier,2025-06-15
cli_003475,783630929,24,Dakar,particulier,2025-11-05
cli_003476,776745059,29,Kolda,particulier,2026-04-26
cli_003477,766299218,37,Thiès,particulier,2026-08-22
cli_003478,762884895,21,Dakar,particulier,2024-11-23
cli_003479,781159394,35,Louga,marchand,2025-01-18
cli_003480,703030741,31,Dakar,marchand,2026-04-30
cli_003481,705093221,26,Saint-Louis,particulier,2025-02-15
cli_003482,778012245,28,Diourbel,particulier,2026-08-20
cli_003483,704286280,32,Kaolack,particulier,2026-04-03
cli_003484,773573324,25,Ziguinchor,particulier,2026-06-06
cli_003485,785962147,34,Thiès,particulier,2026-01-18
cli_003486,771644285,30,Kaolack,particulier,2026-02-02
cli_003487,783029041,27,Diourbel,particulier,2025-09-15
cli_003488,701327887,51,Dakar,particulier,2025-10-24
cli_003489,785730548,38,Kolda,particulier,2026-07-02
cli_003490,764988601,29,Louga,particulier,2026-06-06
cli_003491,776242953,35,Kolda,particulier,2025-02-02
cli_003492,766554156,22,Ziguinchor,particulier,2025-08-20
cli_003493,784556087,29,Dakar,particulier,2024-11-20
cli_003494,768819966,30,Thiès,marchand,2026-06-20
cli_003495,709264255,20,Thiès,particulier,2026-02-11
cli_003496,761997239,38,Dakar,particulier,2026-05-31
cli_003497,779281097,28,Thiès,particulier,2024-11-19
cli_003498,782770055,30,Thiès,particulier,2026-05-31
cli_003499,773235686,27,Dakar,particulier,2025-02-17
cli_003500,785768204,66,Fatick,particulier,2026-05-06
cli_003501,771264640,26,Dakar,particulier,2025-04-11
cli_003502,764276974,18,Diourbel,particulier,2025-10-27
cli_003503,782751346,18,Louga,particulier,2024-10-17
cli_003504,775342836,42,Kaolack,particulier,2026-08-04
cli_003505,778332167,48,Dakar,particulier,2026-01-30
cli_003506,709317120,26,Kaolack,particulier,2025-04-14
cli_003507,702909653,48,Louga,particulier,2024-11-25
cli_003508,705904024,42,Fatick,particulier,2025-08-27
cli_003509,775269752,31,Dakar,particulier,2026-07-14
cli_003510,784736085,31,Dakar,particulier,2025-06-22
cli_003511,706694257,35,Kaolack,particulier,2025-10-10
cli_003512,769904958,43,Dakar,particulier,2025-03-08
cli_003513,774647164,38,Louga,particulier,2025-08-17
cli_003514,771586940,26,Kaolack,particulier,2024-12-08
cli_003515,789243713,32,Louga,particulier,2026-06-26
cli_003516,709389020,55,Tambacounda,particulier,2025-06-26
cli_003517,773901301,36,Saint-Louis,marchand,2025-04-04
cli_003518,705514956,43,Kolda,particulier,2025-12-02
cli_003519,768763293,39,Kaolack,particulier,2025-10-12
cli_003520,705533806,37,Dakar,particulier,2025-05-05
cli_003521,705330784,35,Louga,particulier,2025-10-26
cli_003522,789297678,43,Ziguinchor,particulier,2025-12-11
cli_003523,708459245,41,Tambacounda,particulier,2025-07-27
cli_003524,775565915,36,Dakar,particulier,2025-02-15
cli_003525,782453505,26,Thiès,particulier,2026-06-17
cli_003526,774945663,38,Fatick,particulier,2024-12-25
cli_003527,777088080,33,Dakar,particulier,2026-05-01
cli_003528,773452397,30,Kaolack,particulier,2026-07-14
cli_003529,775835525,63,Saint-Louis,particulier,2026-05-15
cli_003530,776929350,18,Dakar,particulier,2026-07-30
cli_003531,781765186,44,Dakar,particulier,2024-10-30
cli_003532,776126805,24,Fatick,particulier,2026-02-23
cli_003533,777638024,35,Dakar,particulier,2025-03-09
cli_003534,702929108,62,Louga,particulier,2026-05-14
cli_003535,775935743,23,Ziguinchor,particulier,2025-09-03
cli_003536,777384715,26,Kaolack,particulier,2025-11-17
cli_003537,771398601,33,Thiès,particulier,2025-05-31
cli_003538,776796781,24,Dakar,particulier,2024-10-03
cli_003539,763337695,43,Fatick,particulier,2025-06-07
cli_003540,704576004,28,Dakar,particulier,2025-04-30
cli_003541,766832000,41,Dakar,marchand,2026-03-16
cli_003542,761039608,19,Tambacounda,particulier,2026-06-27
cli_003543,771151118,18,Dakar,particulier,2026-07-22
cli_003544,705019229,31,Dakar,marchand,2026-02-17
cli_003545,779547918,18,Tambacounda,particulier,2025-08-15
cli_003546,761054523,50,Dakar,particulier,2026-08-10
cli_003547,788099041,18,Dakar,particulier,2026-03-16
cli_003548,701674986,22,Thiès,particulier,2025-06-20
cli_003549,785400388,38,Louga,particulier,2024-12-26
cli_003550,764875488,27,Kolda,particulier,2024-10-02
cli_003551,785212814,18,Louga,particulier,2026-04-04
cli_003552,761737278,56,Tambacounda,particulier,2026-07-11
cli_003553,707781793,22,Dakar,particulier,2025-08-02
cli_003554,763480988,31,Kaolack,particulier,2024-11-09
cli_003555,787939467,31,Dakar,particulier,2025-11-21
cli_003556,786899421,41,Kolda,particulier,2024-12-03
cli_003557,765961610,39,Tambacounda,particulier,2025-03-31
cli_003558,783777537,24,Dakar,particulier,2024-12-07
cli_003559,776870385,30,Fatick,particulier,2024-10-30
cli_003560,789978836,31,Kaolack,particulier,2026-07-07
cli_003561,779308143,42,Dakar,particulier,2025-11-27
cli_003562,779246717,21,Kaolack,particulier,2026-08-18
cli_003563,782977345,56,Tambacounda,particulier,2026-08-22
cli_003564,706267788,25,Dakar,particulier,2025-10-12
cli_003565,704580239,33,Dakar,particulier,2025-05-29
cli_003566,789702523,21,Tambacounda,particulier,2024-12-17
cli_003567,789550766,19,Thiès,particulier,2026-06-21
cli_003568,778812154,24,Thiès,particulier,2026-08-30
cli_003569,702464587,23,Ziguinchor,particulier,2026-07-09
cli_003570,773870086,29,Kaolack,particulier,2024-11-17
cli_003571,707401477,23,Dakar,particulier,2025-05-29
cli_003572,707746365,41,Dakar,particulier,2025-10-08
cli_003573,764152611,25,Fatick,particulier,2026-07-11
cli_003574,782231485,24,Diourbel,particulier,2025-12-27
cli_003575,702232192,29,Kaolack,particulier,2026-06-22
cli_003576,767160962,44,Kolda,marchand,2026-09-02
cli_003577,765087525,36,Dakar,particulier,2025-11-07
cli_003578,705419735,32,Fatick,particulier,2025-09-22
cli_003579,708338286,18,Louga,marchand,2025-10-29
cli_003580,771151433,21,Tambacounda,particulier,2024-12-27
cli_003581,707790777,19,Dakar,particulier,2024-11-26
cli_003582,703468068,48,Thiès,particulier,2026-06-27
cli_003583,779380885,39,Kaolack,marchand,2026-03-06
cli_003584,789598438,24,Kolda,particulier,2025-09-23
cli_003585,705519225,27,Tambacounda,particulier,2025-12-05
cli_003586,773842483,24,Thiès,particulier,2025-11-10
cli_003587,783098633,24,Saint-Louis,particulier,2025-04-26
cli_003588,762633089,39,Dakar,marchand,2026-05-15
cli_003589,769992856,30,Ziguinchor,particulier,2025-01-29
cli_003590,702687782,56,Fatick,particulier,2026-03-14
cli_003591,775019078,47,Louga,particulier,2026-01-12
cli_003592,785312918,48,Thiès,particulier,2026-04-15
cli_003593,707112626,41,Tambacounda,particulier,2025-06-20
cli_003594,768583842,29,Dakar,particulier,2025-05-04
cli_003595,776021966,40,Diourbel,marchand,2025-06-25
cli_003596,787822015,30,Saint-Louis,particulier,2025-09-29
cli_003597,786100175,51,Saint-Louis,particulier,2026-02-14
cli_003598,764931667,38,Louga,particulier,2025-05-10
cli_003599,782419749,36,Kaolack,particulier,2026-06-29
cli_003600,762878541,35,Dakar,particulier,2026-02-08
cli_003601,784891761,53,Dakar,marchand,2025-05-14
cli_003602,761414584,18,Saint-Louis,particulier,2025-05-07
cli_003603,773847255,54,Ziguinchor,particulier,2026-03-12
cli_003604,765163672,31,Diourbel,particulier,2026-01-18
cli_003605,705253719,18,Thiès,particulier,2026-02-03
cli_003606,778332977,25,Dakar,marchand,2024-12-16
cli_003607,789708934,18,Louga,particulier,2025-08-02
cli_003608,767567137,41,Diourbel,marchand,2026-06-29
cli_003609,761715823,22,Saint-Louis,particulier,2026-05-29
cli_003610,764677406,35,Diourbel,particulier,2026-08-04
cli_003611,767569197,46,Dakar,marchand,2026-03-31
cli_003612,766352323,26,Dakar,marchand,2026-04-14
cli_003613,765120056,31,Dakar,particulier,2025-11-02
cli_003614,774926218,19,Ziguinchor,particulier,2025-03-28
cli_003615,704653631,29,Dakar,particulier,2024-12-22
cli_003616,786211144,62,Dakar,particulier,2025-08-12
cli_003617,772609029,42,Tambacounda,marchand,2025-03-10
cli_003618,785657546,31,Thiès,particulier,2025-06-03
cli_003619,782852809,27,Diourbel,particulier,2026-02-04
cli_003620,777128698,33,Thiès,particulier,2025-07-04
cli_003621,708782736,35,Dakar,particulier,2026-02-15
cli_003622,775569379,29,Dakar,particulier,2026-02-10
cli_003623,784488218,39,Fatick,particulier,2024-10-04
cli_003624,789465498,23,Diourbel,marchand,2024-11-29
cli_003625,706937229,23,Ziguinchor,particulier,2025-06-04
cli_003626,764852253,38,Tambacounda,marchand,2025-07-18
cli_003627,701259057,21,Dakar,particulier,2025-05-12
cli_003628,771143246,42,Kaolack,particulier,2025-03-24
cli_003629,702993379,33,Dakar,particulier,2026-08-14
cli_003630,703127361,18,Diourbel,particulier,2026-01-05
cli_003631,787492597,35,Fatick,particulier,2026-07-09
cli_003632,765505461,18,Dakar,particulier,2025-09-03
cli_003633,779999632,41,Tambacounda,particulier,2026-02-21
cli_003634,705865146,31,Saint-Louis,particulier,2026-01-26
cli_003635,709128082,54,Thiès,particulier,2025-01-18
cli_003636,785971462,45,Dakar,particulier,2026-04-28
cli_003637,764223630,22,Saint-Louis,particulier,2024-11-29
cli_003638,787430968,18,Diourbel,particulier,2025-11-21
cli_003639,775044837,25,Dakar,particulier,2026-05-07
cli_003640,763471833,20,Diourbel,particulier,2026-06-11
cli_003641,765259027,54,Dakar,particulier,2025-04-21
cli_003642,706984132,33,Tambacounda,particulier,2024-12-04
cli_003643,704380031,44,Thiès,particulier,2024-12-25
cli_003644,787336289,30,Diourbel,particulier,2026-05-22
cli_003645,709826438,32,Louga,marchand,2024-12-22
cli_003646,764701526,33,Ziguinchor,particulier,2026-04-12
cli_003647,763657113,46,Kolda,particulier,2025-10-24
cli_003648,764619521,37,Tambacounda,particulier,2026-09-19
cli_003649,708544355,22,Dakar,marchand,2026-03-19
cli_003650,762610322,51,Thiès,particulier,2026-02-02
cli_003651,779763094,30,Ziguinchor,particulier,2024-10-26
cli_003652,774725885,28,Dakar,particulier,2026-03-05
cli_003653,788574529,18,Ziguinchor,particulier,2026-03-06
cli_003654,768081345,40,Dakar,particulier,2026-03-08
cli_003655,768052201,35,Kolda,particulier,2026-03-23
cli_003656,789180756,35,Ziguinchor,particulier,2025-08-26
cli_003657,762663673,29,Saint-Louis,particulier,2026-04-27
cli_003658,706342518,27,Thiès,particulier,2026-02-24
cli_003659,781891039,29,Tambacounda,particulier,2025-08-31
cli_003660,783694332,39,Ziguinchor,particulier,2025-03-21
cli_003661,761365289,41,Fatick,particulier,2026-07-07
cli_003662,787140606,31,Fatick,particulier,2026-01-12
cli_003663,706469550,44,Dakar,particulier,2025-08-03
cli_003664,707661315,33,Dakar,particulier,2024-11-24
cli_003665,762586049,28,Dakar,particulier,2024-11-05
cli_003666,783989914,36,Kaolack,particulier,2024-12-27
cli_003667,767087069,19,Kaolack,particulier,2025-09-20
cli_003668,778438929,36,Thiès,particulier,2026-07-14
cli_003669,788971086,18,Tambacounda,particulier,2024-10-20
cli_003670,771663262,22,Dakar,particulier,2025-06-27
cli_003671,774622764,18,Louga,particulier,2024-12-02
cli_003672,771096783,32,Diourbel,particulier,2024-11-21
cli_003673,768366659,51,Thiès,particulier,2025-02-23
cli_003674,772106736,32,Dakar,particulier,2025-11-21
cli_003675,768399325,41,Ziguinchor,marchand,2025-07-07
cli_003676,782404074,59,Louga,particulier,2025-05-08
cli_003677,781138328,38,Dakar,particulier,2024-12-20
cli_003678,708910360,25,Diourbel,particulier,2026-04-12
cli_003679,764949308,27,Kaolack,particulier,2025-08-15
cli_003680,764824834,34,Thiès,particulier,2025-07-16
cli_003681,766820619,27,Kaolack,particulier,2026-04-25
cli_003682,773474384,27,Thiès,particulier,2025-12-05
cli_003683,777217166,44,Kolda,particulier,2024-11-18
cli_003684,764861675,45,Ziguinchor,particulier,2026-09-12
cli_003685,703453947,18,Dakar,particulier,2025-09-22
cli_003686,774553567,25,Louga,particulier,2025-07-06
cli_003687,771055291,28,Thiès,marchand,2024-12-01
cli_003688,703713154,40,Tambacounda,particulier,2026-03-01
cli_003689,706323033,46,Kaolack,particulier,2025-12-11
cli_003690,772241096,63,Dakar,particulier,2026-07-27
cli_003691,782066940,28,Ziguinchor,particulier,2026-01-22
cli_003692,766903238,29,Dakar,particulier,2024-09-26
cli_003693,774854082,40,Kolda,particulier,2025-03-14
cli_003694,782229439,26,Tambacounda,particulier,2025-11-15
cli_003695,787730525,32,Ziguinchor,marchand,2025-06-18
cli_003696,767978819,29,Saint-Louis,particulier,2024-10-20
cli_003697,781312860,18,Kaolack,marchand,2025-11-07
cli_003698,782815191,35,Thiès,particulier,2026-02-21
cli_003699,784333108,31,Dakar,particulier,2024-12-22
cli_003700,707582341,47,Kolda,particulier,2025-01-11
cli_003701,771666273,34,Thiès,particulier,2025-09-12
cli_003702,778250274,20,Dakar,particulier,2026-09-15
cli_003703,773874980,31,Dakar,particulier,2026-09-14
cli_003704,702127933,18,Tambacounda,particulier,2026-06-30
cli_003705,708770343,20,Tambacounda,particulier,2025-05-06
cli_003706,761780711,40,Thiès,marchand,2026-05-19
cli_003707,772166201,31,Dakar,particulier,2026-08-08
cli_003708,709546153,44,Fatick,particulier,2025-05-14
cli_003709,785676096,18,Thiès,particulier,2025-10-08
cli_003710,705167420,31,Tambacounda,particulier,2025-09-02
cli_003711,787186218,28,Kolda,particulier,2026-05-06
cli_003712,706672118,44,Louga,marchand,2026-04-20
cli_003713,706522032,41,Dakar,particulier,2026-03-31
cli_003714,771209343,41,Ziguinchor,particulier,2025-06-11
cli_003715,765965614,50,Tambacounda,marchand,2024-10-09
cli_003716,783508391,29,Thiès,particulier,2024-11-25
cli_003717,788269023,48,Kolda,particulier,2026-07-03
cli_003718,785548578,22,Thiès,particulier,2025-05-16
cli_003719,762113919,22,Tambacounda,particulier,2025-03-20
cli_003720,788975963,42,Kaolack,particulier,2026-08-25
cli_003721,763558559,18,Dakar,particulier,2025-06-16
cli_003722,763442954,40,Diourbel,particulier,2025-11-03
cli_003723,709426486,35,Dakar,particulier,2026-05-04
cli_003724,707976721,45,Thiès,particulier,2025-02-25
cli_003725,778735668,33,Kolda,particulier,2024-11-11
cli_003726,706959915,34,Dakar,particulier,2025-07-14
cli_003727,779194361,39,Tambacounda,marchand,2026-04-30
cli_003728,762037436,26,Dakar,particulier,2025-11-15
cli_003729,786399771,26,Kaolack,particulier,2025-09-13
cli_003730,763640376,39,Tambacounda,particulier,2024-12-05
cli_003731,764585820,33,Kaolack,marchand,2025-02-24
cli_003732,703140776,29,Kolda,particulier,2025-05-23
cli_003733,782845337,33,Tambacounda,particulier,2025-03-16
cli_003734,704982747,51,Kaolack,particulier,2025-05-06
cli_003735,789264608,29,Louga,particulier,2026-02-02
cli_003736,776718007,28,Dakar,particulier,2026-06-18
cli_003737,784144167,18,Thiès,particulier,2025-01-20
cli_003738,764900777,33,Dakar,particulier,2025-08-16
cli_003739,765768503,41,Fatick,particulier,2024-10-22
cli_003740,703200828,43,Kaolack,particulier,2025-05-15
cli_003741,775690864,35,Kaolack,particulier,2025-10-13
cli_003742,787262908,44,Tambacounda,marchand,2025-06-09
cli_003743,703188510,42,Dakar,particulier,2025-06-05
cli_003744,786260239,46,Tambacounda,particulier,2024-10-08
cli_003745,777375320,44,Dakar,particulier,2026-01-01
cli_003746,705673824,51,Thiès,particulier,2025-12-20
cli_003747,783627659,32,Kaolack,particulier,2026-01-08
cli_003748,705989775,19,Thiès,particulier,2026-07-07
cli_003749,708139123,41,Ziguinchor,particulier,2025-10-16
cli_003750,702997105,42,Louga,marchand,2025-11-03
cli_003751,766172099,51,Fatick,particulier,2026-05-03
cli_003752,707123878,48,Dakar,particulier,2025-02-06
cli_003753,703893461,55,Dakar,marchand,2025-05-09
cli_003754,784487504,40,Dakar,marchand,2026-03-31
cli_003755,778999722,36,Diourbel,particulier,2026-05-26
cli_003756,784271210,18,Dakar,particulier,2025-06-30
cli_003757,766384090,37,Dakar,particulier,2026-09-20
cli_003758,762347607,27,Fatick,particulier,2026-06-05
cli_003759,779333803,36,Tambacounda,marchand,2025-11-07
cli_003760,766371535,34,Fatick,particulier,2024-10-01
cli_003761,777843269,39,Dakar,particulier,2026-07-30
cli_003762,766423979,32,Saint-Louis,particulier,2025-09-03
cli_003763,764199398,44,Dakar,particulier,2025-08-09
cli_003764,764062705,18,Thiès,particulier,2026-03-24
cli_003765,787310882,36,Thiès,particulier,2025-09-09
cli_003766,788738649,47,Tambacounda,particulier,2025-06-18
cli_003767,762148805,54,Kaolack,particulier,2026-06-15
cli_003768,768609120,42,Dakar,particulier,2024-10-28
cli_003769,708470030,52,Kaolack,marchand,2026-03-28
cli_003770,781981488,35,Tambacounda,particulier,2025-12-29
cli_003771,781973474,34,Dakar,particulier,2026-09-06
cli_003772,787255344,39,Fatick,particulier,2025-07-18
cli_003773,768585242,33,Dakar,particulier,2025-07-18
cli_003774,774544512,25,Dakar,particulier,2026-07-01
cli_003775,786765719,28,Kolda,marchand,2026-02-22
cli_003776,779997432,21,Dakar,particulier,2025-03-14
cli_003777,763905173,39,Louga,particulier,2025-04-22
cli_003778,703025212,34,Dakar,particulier,2026-02-11
cli_003779,709924566,30,Kaolack,marchand,2025-06-21
cli_003780,783524717,27,Kaolack,particulier,2025-03-28
cli_003781,775253333,39,Kolda,particulier,2025-12-25
cli_003782,774978956,42,Fatick,particulier,2026-05-18
cli_003783,775709034,21,Ziguinchor,particulier,2026-09-08
cli_003784,703418436,19,Thiès,particulier,2024-10-27
cli_003785,707111220,44,Dakar,particulier,2026-02-02
cli_003786,767227939,18,Kaolack,particulier,2025-02-13
cli_003787,772805027,40,Diourbel,particulier,2026-01-30
cli_003788,775328172,51,Dakar,particulier,2025-04-22
cli_003789,701516244,51,Tambacounda,particulier,2026-01-24
cli_003790,782987909,42,Dakar,particulier,2025-07-08
cli_003791,779884964,41,Dakar,particulier,2024-10-28
cli_003792,775557366,58,Kolda,particulier,2025-03-23
cli_003793,786604562,18,Saint-Louis,particulier,2026-05-27
cli_003794,768999089,28,Ziguinchor,particulier,2025-09-07
cli_003795,707423681,43,Dakar,particulier,2026-03-11
cli_003796,788131560,30,Thiès,particulier,2026-04-17
cli_003797,767408467,47,Kaolack,particulier,2025-01-25
cli_003798,775489459,33,Dakar,particulier,2024-10-07
cli_003799,776693152,35,Ziguinchor,particulier,2024-11-18
cli_003800,773596433,30,Dakar,particulier,2025-01-20
cli_003801,709013738,28,Dakar,particulier,2025-10-17
cli_003802,762618978,27,Dakar,marchand,2025-09-05
cli_003803,708956905,36,Dakar,particulier,2025-08-26
cli_003804,778905445,25,Dakar,particulier,2025-04-05
cli_003805,772280508,44,Louga,particulier,2026-08-16
cli_003806,707391501,41,Saint-Louis,particulier,2025-01-29
cli_003807,779907013,46,Dakar,particulier,2025-02-11
cli_003808,776149469,21,Saint-Louis,marchand,2024-09-28
cli_003809,764063101,18,Dakar,particulier,2025-07-17
cli_003810,768914910,33,Thiès,particulier,2025-10-25
cli_003811,775613004,65,Kolda,particulier,2025-10-09
cli_003812,782095212,47,Ziguinchor,particulier,2025-06-28
cli_003813,763243467,27,Kaolack,particulier,2026-02-15
cli_003814,787142402,38,Dakar,particulier,2025-03-06
cli_003815,785098295,42,Dakar,particulier,2025-11-04
cli_003816,772950410,18,Louga,particulier,2026-03-02
cli_003817,788191300,49,Saint-Louis,marchand,2025-04-05
cli_003818,702085196,32,Kaolack,particulier,2026-01-21
cli_003819,762971601,33,Tambacounda,particulier,2026-07-27
cli_003820,705190476,34,Thiès,particulier,2025-09-08
cli_003821,771355719,46,Fatick,particulier,2025-09-19
cli_003822,774486535,25,Saint-Louis,particulier,2026-02-23
cli_003823,769189568,18,Dakar,particulier,2026-08-29
cli_003824,779470561,37,Dakar,particulier,2025-10-12
cli_003825,768847590,18,Kaolack,particulier,2025-03-10
cli_003826,703915815,30,Dakar,particulier,2025-02-16
cli_003827,781583835,47,Ziguinchor,particulier,2026-04-23
cli_003828,768334119,40,Ziguinchor,particulier,2025-11-14
cli_003829,764359855,45,Diourbel,particulier,2024-12-04
cli_003830,777739442,40,Saint-Louis,particulier,2026-01-15
cli_003831,702072503,60,Kaolack,particulier,2025-10-11
cli_003832,777011314,27,Diourbel,particulier,2025-05-16
cli_003833,706277495,38,Kolda,particulier,2025-10-25
cli_003834,769283603,29,Dakar,particulier,2025-01-18
cli_003835,771917368,44,Tambacounda,particulier,2026-01-04
cli_003836,764671320,33,Dakar,particulier,2025-09-30
cli_003837,779909475,52,Dakar,particulier,2025-09-12
cli_003838,764507040,28,Ziguinchor,marchand,2025-03-30
cli_003839,706922380,49,Dakar,particulier,2026-01-20
cli_003840,702448526,40,Dakar,particulier,2026-03-07
cli_003841,707555645,33,Dakar,particulier,2026-01-04
cli_003842,783481858,39,Ziguinchor,particulier,2026-04-07
cli_003843,766149989,36,Saint-Louis,particulier,2026-05-04
cli_003844,788917987,37,Dakar,particulier,2025-02-03
cli_003845,706949456,31,Diourbel,particulier,2026-01-15
cli_003846,785269438,26,Dakar,particulier,2026-03-11
cli_003847,702710476,30,Tambacounda,particulier,2025-02-09
cli_003848,784072179,18,Dakar,particulier,2025-02-26
cli_003849,768643482,43,Saint-Louis,particulier,2026-03-28
cli_003850,772945008,20,Diourbel,marchand,2026-02-13
cli_003851,766906722,31,Saint-Louis,particulier,2025-02-02
cli_003852,775364641,41,Tambacounda,particulier,2026-03-05
cli_003853,773887884,43,Thiès,particulier,2025-01-04
cli_003854,787449987,18,Louga,particulier,2025-06-30
cli_003855,784259246,32,Thiès,particulier,2025-05-26
cli_003856,763580227,39,Kaolack,particulier,2025-08-30
cli_003857,785763277,34,Thiès,particulier,2026-09-01
cli_003858,777819447,48,Dakar,particulier,2025-01-30
cli_003859,788777259,24,Dakar,particulier,2025-08-11
cli_003860,786668089,18,Dakar,particulier,2026-05-20
cli_003861,766957860,42,Tambacounda,particulier,2025-01-24
cli_003862,768088062,28,Louga,particulier,2026-02-22
cli_003863,773423211,18,Dakar,marchand,2025-12-31
cli_003864,763258186,32,Diourbel,particulier,2025-06-15
cli_003865,765355861,47,Ziguinchor,marchand,2026-03-01
cli_003866,706679252,20,Thiès,particulier,2026-09-19
cli_003867,766813963,59,Thiès,particulier,2026-02-01
cli_003868,702383617,24,Ziguinchor,particulier,2025-05-13
cli_003869,778025492,34,Dakar,particulier,2025-11-19
cli_003870,764274172,20,Diourbel,particulier,2025-04-22
cli_003871,778895610,34,Dakar,particulier,2026-08-03
cli_003872,777519240,32,Dakar,particulier,2026-03-20
cli_003873,709846486,18,Ziguinchor,particulier,2026-04-03
cli_003874,786685014,65,Ziguinchor,particulier,2026-08-08
cli_003875,765747459,28,Tambacounda,particulier,2025-06-09
cli_003876,762690746,28,Dakar,particulier,2026-04-23
cli_003877,764587982,44,Ziguinchor,particulier,2025-10-14
cli_003878,778725083,53,Tambacounda,marchand,2024-10-01
cli_003879,774438266,46,Kaolack,marchand,2026-03-27
cli_003880,771480158,20,Tambacounda,particulier,2026-05-05
cli_003881,703206193,36,Tambacounda,particulier,2024-11-14
cli_003882,776356940,18,Fatick,particulier,2026-01-06
cli_003883,766661987,43,Tambacounda,particulier,2026-02-20
cli_003884,789854383,18,Kaolack,particulier,2025-04-17
cli_003885,779404696,25,Diourbel,particulier,2026-06-21
cli_003886,785783542,33,Kolda,particulier,2025-12-22
cli_003887,775990611,38,Fatick,particulier,2026-05-01
cli_003888,778206045,31,Dakar,particulier,2024-12-12
cli_003889,771437820,50,Dakar,particulier,2026-02-19
cli_003890,706356628,41,Dakar,particulier,2025-08-06
cli_003891,765266017,41,Fatick,particulier,2025-09-08
cli_003892,708047794,20,Dakar,particulier,2025-09-29
cli_003893,788203204,52,Dakar,marchand,2026-08-06
cli_003894,776900346,25,Diourbel,particulier,2026-03-16
cli_003895,766915542,53,Dakar,marchand,2025-01-08
cli_003896,707220187,56,Tambacounda,particulier,2025-08-20
cli_003897,766221213,39,Diourbel,particulier,2024-12-23
cli_003898,773050300,45,Dakar,particulier,2025-08-12
cli_003899,783560716,18,Dakar,particulier,2026-02-03
cli_003900,707676387,31,Louga,particulier,2026-01-15
cli_003901,766565307,46,Kaolack,particulier,2025-03-07
cli_003902,703141188,44,Diourbel,particulier,2026-04-03
cli_003903,768900722,20,Thiès,particulier,2025-07-13
cli_003904,779825761,30,Kolda,particulier,2024-11-10
cli_003905,706634729,18,Louga,marchand,2025-01-15
cli_003906,703050084,38,Ziguinchor,particulier,2025-12-15
cli_003907,769444521,18,Thiès,particulier,2026-03-06
cli_003908,703130155,46,Tambacounda,particulier,2025-06-27
cli_003909,774892177,47,Ziguinchor,particulier,2025-07-06
cli_003910,708728057,28,Thiès,marchand,2025-04-15
cli_003911,775686109,39,Tambacounda,particulier,2026-08-02
cli_003912,703186872,31,Kolda,marchand,2025-08-26
cli_003913,771720918,36,Ziguinchor,particulier,2026-09-17
cli_003914,764248124,21,Louga,particulier,2024-10-01
cli_003915,707048805,40,Thiès,particulier,2024-12-25
cli_003916,777431760,18,Diourbel,particulier,2025-04-02
cli_003917,773006472,18,Dakar,particulier,2026-02-21
cli_003918,702428737,32,Saint-Louis,particulier,2025-03-28
cli_003919,777313071,31,Thiès,particulier,2025-11-03
cli_003920,762431645,36,Thiès,particulier,2025-06-07
cli_003921,701578287,26,Tambacounda,particulier,2026-04-08
cli_003922,765377225,54,Dakar,marchand,2025-10-12
cli_003923,786138205,35,Fatick,particulier,2024-12-23
cli_003924,783193270,36,Dakar,particulier,2026-05-08
cli_003925,762900982,36,Dakar,particulier,2025-12-17
cli_003926,763120921,45,Dakar,particulier,2026-02-23
cli_003927,764085435,40,Thiès,particulier,2026-05-16
cli_003928,771083150,38,Diourbel,particulier,2025-12-08
cli_003929,761105804,42,Thiès,particulier,2025-07-07
cli_003930,764334045,18,Kaolack,particulier,2026-08-15
cli_003931,761179133,18,Diourbel,particulier,2026-04-27
cli_003932,773864254,33,Dakar,particulier,2025-02-05
cli_003933,766228208,31,Thiès,particulier,2026-03-17
cli_003934,761280402,40,Dakar,marchand,2026-01-22
cli_003935,776560423,34,Dakar,particulier,2025-05-21
cli_003936,706591097,40,Dakar,particulier,2025-03-28
cli_003937,766160001,20,Ziguinchor,particulier,2024-10-24
cli_003938,786639896,33,Ziguinchor,particulier,2026-05-31
cli_003939,768283127,19,Kolda,particulier,2025-03-22
cli_003940,761637204,38,Louga,particulier,2025-04-14
cli_003941,762519448,18,Saint-Louis,particulier,2026-06-25
cli_003942,783853373,37,Dakar,particulier,2024-12-23
cli_003943,707193036,18,Dakar,particulier,2026-02-08
cli_003944,708855248,29,Kaolack,particulier,2025-11-19
cli_003945,779267980,43,Dakar,particulier,2025-02-20
cli_003946,766239503,36,Dakar,particulier,2025-09-07
cli_003947,774691025,18,Tambacounda,marchand,2026-03-07
cli_003948,784707772,26,Dakar,particulier,2026-02-01
cli_003949,701538412,18,Dakar,particulier,2025-04-02
cli_003950,775185916,18,Tambacounda,particulier,2026-05-13
cli_003951,785615609,35,Dakar,particulier,2025-10-15
cli_003952,772874519,40,Thiès,particulier,2025-03-28
cli_003953,767911566,38,Dakar,marchand,2024-12-18
cli_003954,788306932,40,Thiès,marchand,2025-01-29
cli_003955,763718168,33,Tambacounda,particulier,2026-01-05
cli_003956,709226041,30,Ziguinchor,particulier,2026-05-02
cli_003957,761963899,22,Diourbel,particulier,2024-11-11
cli_003958,769195975,29,Dakar,marchand,2025-07-15
cli_003959,777912730,19,Thiès,particulier,2025-11-30
cli_003960,773015409,24,Kaolack,particulier,2024-12-05
cli_003961,706851488,34,Dakar,particulier,2025-04-12
cli_003962,703796662,32,Dakar,particulier,2025-10-11
cli_003963,768197598,67,Ziguinchor,particulier,2026-05-04
cli_003964,782445604,19,Kolda,particulier,2026-07-26
cli_003965,773204199,32,Kolda,particulier,2025-09-02
cli_003966,703764809,18,Fatick,particulier,2026-07-02
cli_003967,702797109,29,Saint-Louis,particulier,2026-02-09
cli_003968,773995248,30,Louga,particulier,2025-05-15
cli_003969,766423258,43,Kolda,particulier,2026-09-14
cli_003970,766697950,29,Dakar,particulier,2024-10-02
cli_003971,785985399,31,Thiès,particulier,2025-11-09
cli_003972,702706817,29,Dakar,particulier,2024-12-28
cli_003973,772821998,18,Tambacounda,marchand,2026-05-21
cli_003974,789274571,26,Kolda,particulier,2025-10-23
cli_003975,773262032,29,Fatick,particulier,2024-10-25
cli_003976,761927895,34,Dakar,particulier,2025-06-20
cli_003977,765085891,40,Tambacounda,marchand,2025-02-11
cli_003978,701061902,31,Dakar,particulier,2025-05-12
cli_003979,764083880,31,Dakar,particulier,2025-04-02
cli_003980,778694505,18,Kaolack,particulier,2026-01-01
cli_003981,783406514,39,Louga,particulier,2025-10-28
cli_003982,777333927,26,Kolda,particulier,2026-08-18
cli_003983,765408320,42,Dakar,particulier,2026-03-19
cli_003984,764198238,48,Thiès,particulier,2026-08-07
cli_003985,706954176,31,Diourbel,particulier,2026-01-30
cli_003986,786359496,22,Dakar,marchand,2025-04-12
cli_003987,783864102,33,Kolda,particulier,2026-04-28
cli_003988,773011896,37,Thiès,particulier,2025-10-10
cli_003989,789251384,30,Dakar,particulier,2025-08-17
cli_003990,782515506,27,Thiès,particulier,2026-05-27
cli_003991,709635490,40,Ziguinchor,particulier,2025-02-09
cli_003992,705240341,39,Kolda,marchand,2025-03-10
cli_003993,779970692,30,Dakar,particulier,2026-05-10
cli_003994,784178690,18,Dakar,particulier,2026-08-28
cli_003995,766089562,39,Tambacounda,particulier,2026-09-20
cli_003996,786537069,25,Saint-Louis,particulier,2026-02-22
cli_003997,774048289,36,Thiès,particulier,2026-06-24
cli_003998,702963342,35,Dakar,marchand,2026-09-11
cli_003999,765683046,18,Tambacounda,particulier,2025-10-22
cli_004000,766966348,34,Ziguinchor,marchand,2025-09-06
cli_004001,783352807,39,Dakar,particulier,2026-09-10
cli_004002,707901752,41,Dakar,particulier,2025-07-14
cli_004003,776749887,35,Dakar,particulier,2025-12-04
cli_004004,782499725,18,Dakar,particulier,2026-04-30
cli_004005,709447834,48,Dakar,particulier,2026-07-04
cli_004006,701394724,38,Dakar,particulier,2025-03-19
cli_004007,786883553,20,Dakar,particulier,2026-07-07
cli_004008,764956285,25,Thiès,particulier,2026-04-30
cli_004009,776884282,36,Diourbel,particulier,2025-04-22
cli_004010,777966215,41,Diourbel,particulier,2025-06-21
cli_004011,787184803,28,Fatick,particulier,2024-09-25
cli_004012,706857017,43,Dakar,particulier,2026-08-25
cli_004013,768567969,18,Kolda,particulier,2026-05-05
cli_004014,787316934,22,Kolda,particulier,2025-05-29
cli_004015,788323680,18,Tambacounda,particulier,2026-04-09
cli_004016,774625553,24,Dakar,particulier,2025-12-20
cli_004017,782825408,50,Dakar,particulier,2026-02-19
cli_004018,773114509,56,Kaolack,particulier,2025-02-11
cli_004019,776508964,36,Dakar,particulier,2025-02-28
cli_004020,765786009,26,Dakar,particulier,2025-02-13
cli_004021,771694371,31,Dakar,particulier,2025-09-20
cli_004022,772839291,39,Kaolack,particulier,2025-10-03
cli_004023,769707961,18,Fatick,marchand,2025-08-03
cli_004024,787536057,27,Dakar,marchand,2026-08-05
cli_004025,787794804,49,Tambacounda,particulier,2025-08-21
cli_004026,772772697,22,Louga,marchand,2026-03-06
cli_004027,771577997,25,Dakar,particulier,2024-11-09
cli_004028,783621369,34,Thiès,marchand,2026-05-12
cli_004029,768711903,37,Dakar,particulier,2026-08-29
cli_004030,785558902,27,Kolda,particulier,2024-10-21
cli_004031,768061622,34,Louga,particulier,2026-05-31
cli_004032,765380388,40,Ziguinchor,particulier,2025-09-11
cli_004033,785411670,55,Ziguinchor,particulier,2025-12-19
cli_004034,786407643,32,Dakar,particulier,2026-03-11
cli_004035,789630357,33,Tambacounda,particulier,2025-10-03
cli_004036,774937000,50,Kolda,marchand,2025-04-08
cli_004037,766361847,27,Ziguinchor,particulier,2026-07-02
cli_004038,769275258,19,Diourbel,particulier,2025-05-29
cli_004039,784350762,36,Dakar,particulier,2024-12-11
cli_004040,788559406,45,Dakar,marchand,2026-02-24
cli_004041,785815477,37,Dakar,particulier,2025-05-17
cli_004042,768912020,32,Saint-Louis,particulier,2024-11-22
cli_004043,705210317,18,Louga,particulier,2024-11-13
cli_004044,776665648,33,Tambacounda,particulier,2025-06-08
cli_004045,783909549,47,Dakar,particulier,2024-11-07
cli_004046,776715070,20,Dakar,particulier,2025-03-06
cli_004047,783936226,31,Dakar,particulier,2025-09-15
cli_004048,776482787,29,Tambacounda,particulier,2026-06-24
cli_004049,788098916,26,Louga,particulier,2025-01-10
cli_004050,784913956,36,Diourbel,particulier,2026-02-27
cli_004051,784863106,38,Saint-Louis,marchand,2025-04-04
cli_004052,783898953,38,Saint-Louis,particulier,2025-06-10
cli_004053,707574201,23,Dakar,particulier,2026-01-04
cli_004054,706328025,18,Dakar,particulier,2025-03-08
cli_004055,775647982,36,Dakar,particulier,2025-06-01
cli_004056,781229786,28,Dakar,particulier,2025-03-29
cli_004057,701990910,54,Saint-Louis,marchand,2024-10-29
cli_004058,761067107,54,Dakar,particulier,2026-03-07
cli_004059,778652233,55,Ziguinchor,particulier,2025-03-16
cli_004060,768664775,23,Saint-Louis,particulier,2026-08-26
cli_004061,771611344,40,Saint-Louis,particulier,2025-04-24
cli_004062,771417816,43,Tambacounda,particulier,2026-06-02
cli_004063,768032908,42,Thiès,particulier,2026-04-15
cli_004064,765723155,30,Kaolack,particulier,2026-05-04
cli_004065,703780335,48,Dakar,particulier,2025-01-26
cli_004066,786534889,34,Ziguinchor,particulier,2025-12-25
cli_004067,703128207,35,Diourbel,particulier,2025-12-13
cli_004068,782783540,18,Dakar,particulier,2026-01-03
cli_004069,764307298,41,Dakar,particulier,2025-06-26
cli_004070,779061576,31,Ziguinchor,particulier,2024-11-25
cli_004071,777904362,39,Kaolack,particulier,2025-05-17
cli_004072,702710861,36,Kaolack,particulier,2026-07-12
cli_004073,706055489,35,Thiès,particulier,2025-09-13
cli_004074,708960634,33,Kaolack,particulier,2026-07-07
cli_004075,789564559,42,Saint-Louis,particulier,2026-05-26
cli_004076,777866911,31,Dakar,particulier,2026-05-03
cli_004077,702159748,18,Diourbel,particulier,2025-05-03
cli_004078,763166686,40,Diourbel,particulier,2024-12-24
cli_004079,772967473,25,Fatick,particulier,2026-03-27
cli_004080,702356697,19,Thiès,particulier,2024-11-06
cli_004081,702577936,22,Thiès,particulier,2026-03-14
cli_004082,783846094,37,Tambacounda,particulier,2026-02-12
cli_004083,705999595,32,Kolda,particulier,2026-06-23
cli_004084,704581554,18,Dakar,particulier,2026-08-20
cli_004085,764787343,29,Kolda,marchand,2025-06-29
cli_004086,763212061,46,Dakar,particulier,2025-11-30
cli_004087,782359338,29,Fatick,particulier,2026-06-30
cli_004088,709990022,32,Dakar,particulier,2025-08-08
cli_004089,706390967,45,Thiès,particulier,2026-01-15
cli_004090,703066870,42,Tambacounda,particulier,2025-12-11
cli_004091,768289900,45,Dakar,particulier,2024-12-14
cli_004092,778475712,18,Fatick,particulier,2025-12-03
cli_004093,789701017,53,Diourbel,particulier,2025-10-28
cli_004094,782432059,41,Dakar,particulier,2025-05-10
cli_004095,706759725,61,Tambacounda,particulier,2024-12-10
cli_004096,769822200,25,Saint-Louis,particulier,2025-04-03
cli_004097,768260030,18,Kolda,particulier,2025-09-29
cli_004098,773029710,34,Kolda,particulier,2026-02-13
cli_004099,709037298,30,Dakar,particulier,2026-05-16
cli_004100,784795196,41,Dakar,particulier,2026-06-25
cli_004101,775400272,45,Thiès,particulier,2025-03-19
cli_004102,706027076,33,Saint-Louis,particulier,2025-04-04
cli_004103,777942532,31,Dakar,particulier,2026-01-09
cli_004104,772082571,39,Thiès,marchand,2024-11-08
cli_004105,775853278,31,Fatick,particulier,2024-10-19
cli_004106,788351379,30,Dakar,particulier,2025-06-28
cli_004107,775936530,45,Ziguinchor,particulier,2026-03-16
cli_004108,703472169,47,Diourbel,particulier,2025-09-19
cli_004109,761506559,45,Dakar,particulier,2025-02-01
cli_004110,785943428,32,Dakar,particulier,2025-09-19
cli_004111,777330157,18,Dakar,particulier,2025-09-28
cli_004112,785946703,32,Kaolack,particulier,2025-08-31
cli_004113,779814179,25,Dakar,particulier,2025-01-18
cli_004114,706423765,32,Fatick,particulier,2025-11-28
cli_004115,785574056,26,Fatick,particulier,2026-05-13
cli_004116,781499373,33,Dakar,particulier,2025-09-14
cli_004117,776027375,22,Kolda,marchand,2025-06-19
cli_004118,772517568,19,Tambacounda,particulier,2024-11-11
cli_004119,777522630,47,Dakar,particulier,2026-07-03
cli_004120,772450730,23,Tambacounda,particulier,2024-11-05
cli_004121,769160265,34,Dakar,marchand,2025-02-13
cli_004122,703718461,44,Kaolack,particulier,2025-04-24
cli_004123,704905855,44,Dakar,particulier,2026-04-05
cli_004124,782304227,42,Fatick,particulier,2026-04-26
cli_004125,702896298,37,Fatick,particulier,2025-11-16
cli_004126,769297290,41,Tambacounda,particulier,2026-05-13
cli_004127,773553184,49,Tambacounda,particulier,2025-06-02
cli_004128,775616589,38,Dakar,particulier,2025-03-24
cli_004129,769832594,18,Kaolack,particulier,2025-10-10
cli_004130,786612175,28,Dakar,particulier,2025-05-07
cli_004131,771374768,41,Dakar,marchand,2025-03-05
cli_004132,704217393,27,Dakar,particulier,2024-11-27
cli_004133,764481683,51,Tambacounda,particulier,2025-05-10
cli_004134,763486214,33,Ziguinchor,particulier,2026-04-06
cli_004135,703170617,34,Dakar,marchand,2026-06-20
cli_004136,705528594,46,Tambacounda,particulier,2024-11-07
cli_004137,704393373,31,Fatick,marchand,2025-03-09
cli_004138,783648906,35,Dakar,particulier,2025-01-12
cli_004139,704716842,43,Diourbel,particulier,2025-11-19
cli_004140,764092812,18,Ziguinchor,particulier,2026-06-01
cli_004141,763058653,30,Kaolack,particulier,2025-07-15
cli_004142,705074757,43,Diourbel,particulier,2025-06-14
cli_004143,779480711,34,Diourbel,particulier,2026-04-19
cli_004144,785551602,50,Dakar,particulier,2025-10-16
cli_004145,776378008,18,Diourbel,particulier,2025-11-19
cli_004146,789858825,18,Thiès,particulier,2026-03-18
cli_004147,786522500,42,Dakar,particulier,2025-02-05
cli_004148,703009903,43,Dakar,particulier,2025-10-04
cli_004149,704586261,31,Kaolack,particulier,2024-11-17
cli_004150,785391784,38,Thiès,particulier,2026-09-23
cli_004151,785273042,42,Thiès,particulier,2024-11-08
cli_004152,762345605,25,Dakar,particulier,2025-05-29
cli_004153,701952524,26,Tambacounda,particulier,2025-05-01
cli_004154,704149992,36,Dakar,particulier,2026-02-26
cli_004155,779228356,43,Thiès,particulier,2026-07-28
cli_004156,777455795,21,Dakar,particulier,2026-04-08
cli_004157,768575464,31,Ziguinchor,particulier,2025-11-05
cli_004158,782570159,31,Thiès,particulier,2026-01-20
cli_004159,774728459,38,Thiès,particulier,2026-05-06
cli_004160,776232161,33,Kolda,particulier,2026-09-14
cli_004161,784908845,27,Louga,particulier,2025-05-03
cli_004162,784750308,47,Diourbel,particulier,2025-05-25
cli_004163,764238123,28,Diourbel,marchand,2026-05-29
cli_004164,771464215,30,Tambacounda,marchand,2025-03-02
cli_004165,768715000,18,Tambacounda,particulier,2024-10-11
cli_004166,769397676,26,Ziguinchor,particulier,2024-09-25
cli_004167,781727621,39,Louga,marchand,2026-05-05
cli_004168,774722427,37,Kolda,particulier,2025-11-16
cli_004169,765660503,40,Tambacounda,particulier,2026-08-16
cli_004170,768055338,40,Dakar,particulier,2026-09-15
cli_004171,789880720,56,Tambacounda,particulier,2025-01-17
cli_004172,784746820,25,Ziguinchor,particulier,2024-10-18
cli_004173,767740307,18,Saint-Louis,particulier,2026-04-29
cli_004174,789436241,22,Thiès,particulier,2025-10-20
cli_004175,788472679,26,Thiès,particulier,2026-09-06
cli_004176,783614232,23,Fatick,particulier,2025-02-06
cli_004177,788357414,35,Kaolack,particulier,2025-08-20
cli_004178,764710075,47,Dakar,particulier,2026-02-23
cli_004179,781157693,50,Kaolack,particulier,2024-10-17
cli_004180,787829777,39,Dakar,particulier,2026-06-16
cli_004181,768518616,57,Diourbel,marchand,2026-03-12
cli_004182,784093005,30,Saint-Louis,particulier,2025-03-27
cli_004183,775058409,18,Kaolack,particulier,2025-11-30
cli_004184,704279213,45,Dakar,particulier,2025-05-01
cli_004185,772053237,18,Dakar,particulier,2026-04-04
cli_004186,769953407,25,Dakar,particulier,2025-06-01
cli_004187,781203522,39,Kaolack,particulier,2025-08-13
cli_004188,776000530,32,Tambacounda,particulier,2026-08-20
cli_004189,771134366,31,Louga,particulier,2026-01-31
cli_004190,707204423,21,Louga,particulier,2026-02-19
cli_004191,789107635,33,Thiès,particulier,2025-07-19
cli_004192,786791159,45,Dakar,particulier,2025-11-08
cli_004193,766455522,34,Kolda,particulier,2025-10-10
cli_004194,778451316,24,Diourbel,particulier,2026-05-23
cli_004195,769768109,20,Dakar,particulier,2024-11-15
cli_004196,788756425,25,Saint-Louis,particulier,2025-03-26
cli_004197,763082813,38,Kaolack,marchand,2025-05-23
cli_004198,776069304,37,Dakar,particulier,2026-03-07
cli_004199,708369288,25,Dakar,particulier,2025-05-14
cli_004200,773651004,18,Kaolack,particulier,2026-04-05
cli_004201,767076775,38,Dakar,particulier,2025-10-04
cli_004202,761205202,24,Thiès,particulier,2026-03-12
cli_004203,788895993,41,Fatick,marchand,2026-02-15
cli_004204,776529628,25,Tambacounda,particulier,2025-06-07
cli_004205,787688017,23,Thiès,particulier,2026-02-07
cli_004206,708429218,35,Dakar,particulier,2025-04-09
cli_004207,702969003,59,Diourbel,particulier,2025-09-21
cli_004208,705054857,42,Dakar,particulier,2024-10-08
cli_004209,778727791,35,Kolda,marchand,2026-05-07
cli_004210,762482355,37,Ziguinchor,particulier,2024-11-04
cli_004211,778402180,18,Thiès,particulier,2026-06-19
cli_004212,763592738,21,Louga,particulier,2025-08-19
cli_004213,786179571,18,Thiès,particulier,2025-12-26
cli_004214,765589899,53,Diourbel,particulier,2025-03-24
cli_004215,767178434,50,Kolda,particulier,2026-06-20
cli_004216,708530130,38,Dakar,particulier,2026-03-22
cli_004217,784140798,35,Dakar,particulier,2026-04-08
cli_004218,782545778,18,Kolda,particulier,2024-11-21
cli_004219,764805454,31,Diourbel,particulier,2025-08-29
cli_004220,776509348,53,Dakar,particulier,2026-05-27
cli_004221,777753979,35,Dakar,particulier,2025-02-25
cli_004222,767780316,27,Thiès,particulier,2026-02-27
cli_004223,704059645,18,Diourbel,particulier,2026-04-13
cli_004224,769424426,49,Thiès,particulier,2025-09-28
cli_004225,701748519,33,Dakar,marchand,2025-02-23
cli_004226,772050333,18,Thiès,particulier,2025-01-19
cli_004227,781222933,23,Kaolack,particulier,2026-09-12
cli_004228,769337523,19,Kolda,particulier,2024-12-08
cli_004229,782621072,32,Kaolack,particulier,2024-09-27
cli_004230,776413207,36,Kaolack,particulier,2026-02-02
cli_004231,778316577,28,Fatick,particulier,2025-09-12
cli_004232,707900313,42,Dakar,particulier,2025-12-23
cli_004233,769539598,34,Dakar,particulier,2025-10-12
cli_004234,781483972,45,Dakar,particulier,2025-06-05
cli_004235,784663666,30,Thiès,particulier,2025-06-06
cli_004236,775555332,67,Tambacounda,particulier,2025-10-12
cli_004237,707265333,27,Thiès,particulier,2025-10-12
cli_004238,776603666,24,Fatick,particulier,2025-10-02
cli_004239,706039546,22,Dakar,particulier,2025-11-30
cli_004240,773761504,31,Diourbel,marchand,2026-06-26
cli_004241,781958272,18,Thiès,particulier,2025-12-27
cli_004242,784884851,37,Dakar,particulier,2025-04-20
cli_004243,703336917,18,Thiès,particulier,2024-10-11
cli_004244,775988682,35,Kaolack,particulier,2025-02-08
cli_004245,788174139,19,Diourbel,particulier,2025-01-03
cli_004246,785972930,29,Fatick,particulier,2025-03-02
cli_004247,786247386,40,Kolda,particulier,2025-09-22
cli_004248,771376753,59,Diourbel,particulier,2025-05-14
cli_004249,706801839,22,Tambacounda,particulier,2025-01-22
cli_004250,784955335,32,Dakar,particulier,2026-04-14
cli_004251,782113276,26,Dakar,particulier,2026-06-07
cli_004252,782924363,24,Thiès,particulier,2026-03-13
cli_004253,708026691,26,Saint-Louis,particulier,2025-09-03
cli_004254,789250254,43,Saint-Louis,particulier,2025-02-27
cli_004255,785569507,28,Saint-Louis,particulier,2025-10-30
cli_004256,789789218,58,Kolda,particulier,2024-10-07
cli_004257,782620348,38,Dakar,particulier,2026-01-30
cli_004258,773696821,22,Fatick,particulier,2025-10-22
cli_004259,769370593,29,Saint-Louis,particulier,2024-11-23
cli_004260,772576668,25,Diourbel,particulier,2026-05-22
cli_004261,776934431,42,Dakar,particulier,2025-01-25
cli_004262,772975537,18,Dakar,particulier,2026-06-05
cli_004263,783980597,19,Thiès,particulier,2024-12-01
cli_004264,705299769,27,Louga,particulier,2026-01-31
cli_004265,764239890,41,Diourbel,particulier,2025-06-17
cli_004266,708870549,47,Dakar,particulier,2025-04-23
cli_004267,789755100,49,Louga,particulier,2025-12-23
cli_004268,705500325,39,Kaolack,particulier,2025-08-18
cli_004269,775726953,33,Tambacounda,particulier,2025-03-21
cli_004270,761498528,42,Diourbel,particulier,2024-12-24
cli_004271,703107825,21,Kaolack,particulier,2026-07-06
cli_004272,761358970,18,Diourbel,particulier,2025-09-27
cli_004273,708709841,38,Ziguinchor,particulier,2025-01-10
cli_004274,783046518,22,Thiès,particulier,2025-08-14
cli_004275,774065707,33,Dakar,particulier,2026-09-03
cli_004276,708584940,35,Tambacounda,particulier,2026-06-24
cli_004277,777419610,36,Ziguinchor,particulier,2025-02-04
cli_004278,706593324,44,Kaolack,particulier,2025-11-19
cli_004279,761346246,43,Diourbel,particulier,2025-04-28
cli_004280,706066620,36,Ziguinchor,particulier,2024-12-12
cli_004281,786048030,29,Dakar,particulier,2026-07-21
cli_004282,703870726,35,Thiès,particulier,2025-10-27
cli_004283,777704353,27,Dakar,marchand,2026-06-08
cli_004284,789364827,31,Dakar,particulier,2025-01-18
cli_004285,773331322,62,Dakar,particulier,2025-10-29
cli_004286,703980603,36,Louga,particulier,2024-12-23
cli_004287,763901014,38,Dakar,particulier,2026-02-17
cli_004288,708514498,26,Fatick,marchand,2026-06-10
cli_004289,701699933,45,Kolda,particulier,2024-12-30
cli_004290,789063130,42,Dakar,particulier,2025-07-03
cli_004291,777975314,42,Ziguinchor,particulier,2026-05-06
cli_004292,705350014,36,Diourbel,particulier,2025-05-05
cli_004293,786251683,45,Kolda,particulier,2025-11-23
cli_004294,779048602,47,Diourbel,particulier,2026-08-21
cli_004295,707928530,37,Thiès,particulier,2026-03-18
cli_004296,703491229,32,Dakar,particulier,2025-03-26
cli_004297,781453601,43,Kolda,marchand,2026-06-23
cli_004298,706925900,24,Dakar,particulier,2026-01-20
cli_004299,772312269,26,Fatick,particulier,2026-03-18
cli_004300,771791673,33,Dakar,particulier,2025-04-07
cli_004301,789840647,18,Kaolack,particulier,2025-01-05
cli_004302,765265407,43,Diourbel,particulier,2025-02-26
cli_004303,776857617,23,Dakar,particulier,2025-04-20
cli_004304,772955986,28,Dakar,particulier,2026-07-20
cli_004305,761915283,31,Dakar,particulier,2024-11-26
cli_004306,701564869,34,Louga,particulier,2026-05-29
cli_004307,764189286,30,Ziguinchor,particulier,2025-12-02
cli_004308,701033529,33,Dakar,particulier,2025-01-28
cli_004309,704780502,33,Diourbel,particulier,2026-04-01
cli_004310,763922768,29,Dakar,particulier,2026-04-18
cli_004311,765741495,25,Ziguinchor,particulier,2026-09-04
cli_004312,706305774,45,Louga,particulier,2026-01-05
cli_004313,783775883,18,Kolda,particulier,2025-09-28
cli_004314,775097072,31,Kolda,particulier,2025-10-18
cli_004315,701702875,28,Thiès,marchand,2026-08-26
cli_004316,783715923,38,Dakar,particulier,2026-04-27
cli_004317,709803729,18,Kolda,particulier,2026-09-20
cli_004318,789920799,28,Dakar,particulier,2026-04-12
cli_004319,705372280,32,Dakar,particulier,2025-07-10
cli_004320,779455724,45,Dakar,particulier,2026-09-17
cli_004321,765511719,37,Louga,particulier,2026-05-26
cli_004322,782130879,20,Ziguinchor,particulier,2025-08-23
cli_004323,788811131,28,Tambacounda,particulier,2025-08-11
cli_004324,784735966,43,Thiès,particulier,2024-12-09
cli_004325,706511862,20,Dakar,particulier,2025-08-01
cli_004326,786839621,33,Thiès,particulier,2024-11-18
cli_004327,703772323,33,Louga,particulier,2025-04-14
cli_004328,787601416,29,Dakar,particulier,2025-08-18
cli_004329,775511766,63,Tambacounda,particulier,2025-12-18
cli_004330,704297349,29,Diourbel,particulier,2026-07-04
cli_004331,773681231,38,Louga,particulier,2025-04-27
cli_004332,787716535,25,Fatick,particulier,2024-11-09
cli_004333,703244070,39,Diourbel,particulier,2025-12-31
cli_004334,702117349,43,Louga,particulier,2026-01-07
cli_004335,708935709,27,Thiès,particulier,2026-07-14
cli_004336,783986313,33,Fatick,marchand,2025-07-15
cli_004337,706769293,24,Fatick,particulier,2026-02-10
cli_004338,787447897,21,Saint-Louis,particulier,2026-09-16
cli_004339,768545048,45,Dakar,particulier,2026-09-18
cli_004340,766631144,27,Tambacounda,particulier,2026-01-22
cli_004341,777371471,18,Tambacounda,particulier,2025-10-21
cli_004342,788534891,53,Kaolack,particulier,2025-10-25
cli_004343,789490258,25,Tambacounda,particulier,2025-04-02
cli_004344,781421713,31,Diourbel,particulier,2025-09-04
cli_004345,787689283,52,Thiès,particulier,2025-02-28
cli_004346,762569525,32,Diourbel,particulier,2026-02-19
cli_004347,779021497,32,Dakar,particulier,2026-04-07
cli_004348,771436451,20,Saint-Louis,particulier,2025-08-26
cli_004349,703220955,18,Kaolack,particulier,2026-07-08
cli_004350,782729027,32,Dakar,marchand,2025-03-15
cli_004351,766430754,37,Dakar,particulier,2026-05-11
cli_004352,761038545,37,Ziguinchor,particulier,2024-11-25
cli_004353,761153224,28,Louga,particulier,2024-10-06
cli_004354,785537892,34,Tambacounda,particulier,2025-08-28
cli_004355,789744981,18,Dakar,particulier,2026-02-08
cli_004356,705754829,39,Fatick,particulier,2026-01-20
cli_004357,705013359,35,Dakar,particulier,2025-11-15
cli_004358,786921025,55,Dakar,particulier,2025-10-09
cli_004359,765966276,34,Ziguinchor,particulier,2026-07-30
cli_004360,704464211,23,Thiès,particulier,2026-05-02
cli_004361,776296942,33,Louga,particulier,2025-02-25
cli_004362,701028869,30,Dakar,particulier,2026-08-16
cli_004363,783200390,38,Dakar,particulier,2025-11-01
cli_004364,707065019,34,Saint-Louis,particulier,2024-12-25
cli_004365,764073958,20,Dakar,particulier,2026-07-22
cli_004366,701488619,18,Dakar,particulier,2024-11-18
cli_004367,772119968,36,Dakar,marchand,2025-10-14
cli_004368,778795533,49,Thiès,particulier,2025-11-19
cli_004369,703966194,34,Louga,particulier,2025-04-22
cli_004370,761203885,42,Dakar,particulier,2025-03-06
cli_004371,767559249,45,Kaolack,particulier,2025-10-14
cli_004372,775774275,36,Saint-Louis,particulier,2026-07-25
cli_004373,775062475,25,Saint-Louis,particulier,2024-10-17
cli_004374,709054260,36,Diourbel,particulier,2026-09-17
cli_004375,783823519,47,Kaolack,particulier,2024-12-27
cli_004376,766152405,39,Fatick,particulier,2025-11-11
cli_004377,787704104,42,Dakar,marchand,2025-09-13
cli_004378,786475750,28,Fatick,particulier,2025-03-15
cli_004379,772871762,31,Dakar,particulier,2024-11-07
cli_004380,707134496,32,Diourbel,particulier,2026-06-06
cli_004381,707690598,33,Diourbel,particulier,2025-02-09
cli_004382,772101679,46,Dakar,particulier,2025-05-30
cli_004383,782489036,18,Dakar,particulier,2025-12-29
cli_004384,767074343,34,Dakar,particulier,2025-11-17
cli_004385,782070822,33,Dakar,particulier,2025-03-10
cli_004386,768923193,18,Saint-Louis,particulier,2026-06-13
cli_004387,781986106,41,Dakar,particulier,2025-09-20
cli_004388,779767986,26,Fatick,particulier,2025-04-15
cli_004389,787043625,30,Kolda,particulier,2025-08-26
cli_004390,764987467,54,Dakar,particulier,2025-11-01
cli_004391,773415553,45,Dakar,particulier,2025-09-09
cli_004392,704100543,40,Thiès,particulier,2025-09-16
cli_004393,777736621,38,Kolda,particulier,2025-02-15
cli_004394,777779785,32,Thiès,particulier,2025-02-02
cli_004395,762877927,55,Dakar,marchand,2024-11-23
cli_004396,765885868,42,Tambacounda,particulier,2026-08-02
cli_004397,789936428,25,Diourbel,particulier,2026-02-03
cli_004398,783315741,18,Thiès,particulier,2024-12-23
cli_004399,777240639,40,Kolda,particulier,2025-06-13
cli_004400,762549420,33,Kolda,particulier,2025-12-23
cli_004401,788506754,18,Diourbel,particulier,2025-06-22
cli_004402,772532072,38,Dakar,particulier,2025-10-21
cli_004403,783678564,31,Diourbel,particulier,2024-12-16
cli_004404,705132592,39,Dakar,particulier,2025-08-13
cli_004405,784335907,38,Diourbel,particulier,2025-11-01
cli_004406,702531119,27,Dakar,particulier,2025-06-26
cli_004407,786768880,40,Kaolack,particulier,2026-05-08
cli_004408,771177470,28,Louga,particulier,2025-03-11
cli_004409,789851699,29,Tambacounda,particulier,2026-04-28
cli_004410,781468798,28,Fatick,particulier,2026-09-06
cli_004411,774004760,46,Dakar,particulier,2026-08-17
cli_004412,769368959,30,Dakar,particulier,2026-08-06
cli_004413,782395739,49,Saint-Louis,marchand,2026-07-12
cli_004414,761656651,53,Dakar,particulier,2026-08-18
cli_004415,787695250,25,Dakar,marchand,2026-02-16
cli_004416,781658626,18,Louga,particulier,2024-10-23
cli_004417,789096391,45,Thiès,particulier,2026-07-11
cli_004418,775060695,30,Dakar,particulier,2025-05-19
cli_004419,768823985,24,Diourbel,particulier,2024-12-27
cli_004420,773205902,27,Tambacounda,particulier,2025-02-11
cli_004421,762270226,29,Kaolack,particulier,2026-01-03
cli_004422,709664243,48,Dakar,particulier,2026-08-16
cli_004423,707859569,35,Diourbel,particulier,2025-12-29
cli_004424,789198871,48,Kolda,marchand,2025-07-12
cli_004425,783878990,39,Dakar,particulier,2025-03-20
cli_004426,704642688,30,Kaolack,particulier,2026-06-12
cli_004427,786195001,29,Ziguinchor,particulier,2026-02-16
cli_004428,785038583,40,Ziguinchor,particulier,2025-07-12
cli_004429,703183976,43,Dakar,particulier,2025-04-20
cli_004430,704376022,44,Kolda,particulier,2026-02-09
cli_004431,706478813,31,Thiès,particulier,2025-02-01
cli_004432,771340795,35,Dakar,particulier,2025-02-16
cli_004433,704023486,40,Dakar,particulier,2026-01-04
cli_004434,773635621,29,Diourbel,particulier,2025-08-29
cli_004435,761632896,21,Dakar,particulier,2025-10-10
cli_004436,702104061,25,Louga,particulier,2025-05-24
cli_004437,765461115,31,Kolda,particulier,2026-02-01
cli_004438,701921332,41,Dakar,marchand,2026-01-26
cli_004439,784104140,47,Fatick,particulier,2025-11-19
cli_004440,786047753,19,Tambacounda,particulier,2026-04-19
cli_004441,788864589,27,Dakar,particulier,2025-07-27
cli_004442,781888883,30,Ziguinchor,particulier,2024-10-25
cli_004443,764911793,42,Tambacounda,particulier,2026-01-12
cli_004444,781926381,28,Louga,particulier,2025-01-04
cli_004445,764857155,29,Diourbel,particulier,2025-10-20
cli_004446,785324622,18,Kolda,particulier,2026-05-26
cli_004447,788193382,39,Ziguinchor,particulier,2025-09-27
cli_004448,774980540,32,Dakar,particulier,2025-09-24
cli_004449,769419624,26,Dakar,particulier,2026-09-06
cli_004450,702238712,31,Diourbel,particulier,2025-10-09
cli_004451,701478434,46,Thiès,particulier,2026-05-27
cli_004452,781040041,22,Thiès,particulier,2025-02-21
cli_004453,784210714,24,Dakar,marchand,2025-08-25
cli_004454,762736769,47,Fatick,particulier,2026-02-14
cli_004455,761824257,34,Ziguinchor,particulier,2026-09-22
cli_004456,773123030,41,Thiès,particulier,2025-08-03
cli_004457,769774879,38,Dakar,particulier,2025-04-28
cli_004458,778202235,33,Dakar,particulier,2025-11-18
cli_004459,771167157,30,Dakar,particulier,2024-12-02
cli_004460,769238944,43,Kaolack,particulier,2026-05-03
cli_004461,772847293,46,Dakar,particulier,2025-03-22
cli_004462,784653499,45,Tambacounda,particulier,2025-09-27
cli_004463,763948726,20,Dakar,marchand,2026-02-06
cli_004464,764645240,48,Dakar,particulier,2026-02-25
cli_004465,787846515,30,Fatick,particulier,2025-10-31
cli_004466,777412330,25,Thiès,particulier,2026-07-27
cli_004467,706346339,32,Thiès,particulier,2025-06-06
cli_004468,706642297,43,Dakar,particulier,2025-11-29
cli_004469,707547739,39,Kaolack,particulier,2025-05-15
cli_004470,762657261,31,Thiès,particulier,2025-09-13
cli_004471,784561022,43,Fatick,particulier,2024-10-11
cli_004472,701969201,35,Kaolack,particulier,2026-07-25
cli_004473,787337543,27,Kolda,particulier,2025-09-29
cli_004474,774938506,26,Kaolack,particulier,2025-08-29
cli_004475,706735502,38,Louga,particulier,2026-03-26
cli_004476,786083454,33,Ziguinchor,particulier,2025-05-21
cli_004477,703462692,18,Diourbel,particulier,2026-01-02
cli_004478,782248368,43,Ziguinchor,particulier,2025-03-16
cli_004479,709756469,28,Kaolack,particulier,2024-11-20
cli_004480,763639461,51,Dakar,particulier,2025-01-09
cli_004481,781986075,18,Ziguinchor,particulier,2025-06-19
cli_004482,783753486,32,Dakar,particulier,2025-04-18
cli_004483,709121762,26,Saint-Louis,particulier,2025-01-01
cli_004484,773351683,23,Dakar,particulier,2024-10-09
cli_004485,789881109,28,Dakar,particulier,2025-04-14
cli_004486,785146850,53,Dakar,particulier,2024-11-27
cli_004487,768756340,35,Dakar,particulier,2024-10-20
cli_004488,786877571,25,Dakar,particulier,2026-05-18
cli_004489,761395404,18,Dakar,particulier,2025-09-23
cli_004490,785584508,18,Saint-Louis,particulier,2026-01-06
cli_004491,774752385,28,Thiès,particulier,2024-10-31
cli_004492,772813108,27,Tambacounda,particulier,2025-03-30
cli_004493,765949885,31,Fatick,particulier,2024-12-17
cli_004494,781926451,18,Dakar,particulier,2026-01-12
cli_004495,787284697,32,Thiès,particulier,2025-01-17
cli_004496,768396833,45,Thiès,particulier,2026-07-26
cli_004497,781832916,51,Thiès,particulier,2024-11-08
cli_004498,785313741,18,Diourbel,particulier,2026-04-09
cli_004499,776896121,25,Kaolack,marchand,2025-09-05
cli_004500,781559252,24,Kaolack,particulier,2025-04-19
cli_004501,764503945,35,Thiès,marchand,2025-03-31
cli_004502,763323093,20,Ziguinchor,particulier,2026-04-22
cli_004503,701353313,52,Dakar,particulier,2025-08-15
cli_004504,708236303,34,Fatick,particulier,2025-09-02
cli_004505,775002047,32,Tambacounda,particulier,2025-03-07
cli_004506,787765536,51,Dakar,particulier,2026-02-02
cli_004507,786283676,33,Louga,particulier,2025-03-16
cli_004508,768882348,38,Fatick,particulier,2025-07-01
cli_004509,789973054,25,Diourbel,particulier,2025-03-20
cli_004510,706418789,18,Dakar,particulier,2024-12-24
cli_004511,784169521,27,Louga,particulier,2025-11-15
cli_004512,764806152,58,Thiès,particulier,2025-11-12
cli_004513,778428650,40,Dakar,particulier,2025-02-20
cli_004514,704839714,37,Kaolack,particulier,2025-03-03
cli_004515,705677646,23,Thiès,particulier,2024-12-24
cli_004516,702746000,44,Dakar,particulier,2025-08-18
cli_004517,789910585,19,Tambacounda,particulier,2025-06-17
cli_004518,776857190,18,Dakar,particulier,2026-08-11
cli_004519,763971879,27,Diourbel,particulier,2025-10-27
cli_004520,786265618,55,Kaolack,particulier,2026-03-28
cli_004521,704610249,54,Dakar,particulier,2025-01-09
cli_004522,762393779,29,Ziguinchor,particulier,2026-06-26
cli_004523,768872733,26,Kaolack,particulier,2025-03-05
cli_004524,708970965,18,Diourbel,particulier,2025-01-21
cli_004525,708514041,34,Diourbel,particulier,2025-10-16
cli_004526,784316213,35,Tambacounda,particulier,2025-05-24
cli_004527,773307616,42,Kolda,particulier,2025-07-28
cli_004528,771447648,44,Dakar,particulier,2025-05-09
cli_004529,787583844,31,Thiès,particulier,2025-05-12
cli_004530,763950927,40,Diourbel,particulier,2026-03-23
cli_004531,779029981,26,Kolda,particulier,2025-05-10
cli_004532,778828709,39,Fatick,particulier,2024-12-05
cli_004533,762153624,28,Thiès,particulier,2026-02-09
cli_004534,709252608,39,Kolda,particulier,2026-02-12
cli_004535,772262593,38,Thiès,particulier,2026-02-22
cli_004536,765413585,34,Dakar,particulier,2024-11-28
cli_004537,775265369,42,Kaolack,particulier,2024-12-16
cli_004538,769607058,18,Thiès,particulier,2026-01-13
cli_004539,706915776,22,Kaolack,particulier,2024-11-09
cli_004540,708877175,31,Thiès,particulier,2025-03-17
cli_004541,766362211,18,Louga,particulier,2025-12-04
cli_004542,768427075,29,Tambacounda,particulier,2025-01-30
cli_004543,708669075,29,Dakar,marchand,2024-11-27
cli_004544,768737389,48,Diourbel,particulier,2024-12-29
cli_004545,784704555,35,Ziguinchor,particulier,2025-10-15
cli_004546,704436878,45,Dakar,particulier,2026-04-19
cli_004547,769863392,37,Louga,particulier,2026-05-25
cli_004548,707808219,28,Saint-Louis,particulier,2025-01-28
cli_004549,769255741,35,Dakar,particulier,2025-04-07
cli_004550,706196050,42,Kolda,particulier,2025-04-25
cli_004551,779361219,47,Thiès,particulier,2026-08-21
cli_004552,777477155,32,Dakar,particulier,2024-10-20
cli_004553,777683085,18,Dakar,particulier,2026-07-02
cli_004554,762600074,18,Louga,particulier,2025-07-27
cli_004555,766101968,30,Tambacounda,marchand,2024-11-07
cli_004556,777582544,18,Thiès,particulier,2026-03-31
cli_004557,777848998,53,Dakar,particulier,2025-09-11
cli_004558,709618330,40,Dakar,particulier,2025-01-19
cli_004559,703942504,27,Kaolack,particulier,2026-03-13
cli_004560,763723969,21,Thiès,particulier,2026-07-11
cli_004561,789725318,45,Thiès,marchand,2025-10-08
cli_004562,789875450,21,Thiès,particulier,2025-02-21
cli_004563,772618926,22,Diourbel,particulier,2025-07-29
cli_004564,774405383,25,Kaolack,particulier,2025-11-05
cli_004565,709532808,35,Saint-Louis,particulier,2025-06-15
cli_004566,782797511,40,Dakar,particulier,2026-08-17
cli_004567,768048480,47,Diourbel,marchand,2026-01-13
cli_004568,762010575,45,Diourbel,particulier,2024-12-22
cli_004569,782604804,34,Saint-Louis,particulier,2025-12-15
cli_004570,778064656,45,Dakar,particulier,2024-10-20
cli_004571,766467205,26,Dakar,particulier,2025-08-19
cli_004572,775993428,18,Saint-Louis,particulier,2024-11-12
cli_004573,788709276,26,Dakar,particulier,2025-06-24
cli_004574,703764181,25,Kaolack,particulier,2025-11-22
cli_004575,765529671,27,Thiès,particulier,2024-11-21
cli_004576,706476052,23,Dakar,particulier,2026-03-11
cli_004577,777658814,28,Kaolack,particulier,2025-12-12
cli_004578,773988910,40,Thiès,particulier,2025-04-15
cli_004579,786702714,52,Dakar,particulier,2024-12-25
cli_004580,785035219,18,Fatick,marchand,2026-05-06
cli_004581,775877621,19,Thiès,particulier,2024-09-29
cli_004582,708763976,25,Kolda,particulier,2025-11-14
cli_004583,774542883,42,Dakar,marchand,2026-01-19
cli_004584,767013497,31,Kolda,particulier,2026-06-22
cli_004585,769477924,26,Fatick,particulier,2026-09-04
cli_004586,767861615,41,Dakar,particulier,2025-08-13
cli_004587,779898508,44,Saint-Louis,particulier,2025-07-10
cli_004588,786251441,33,Kaolack,particulier,2026-07-17
cli_004589,763537563,25,Diourbel,particulier,2024-12-04
cli_004590,789922581,36,Thiès,marchand,2025-08-23
cli_004591,766801187,31,Tambacounda,particulier,2026-08-16
cli_004592,773172690,31,Ziguinchor,particulier,2025-01-18
cli_004593,773854703,28,Tambacounda,particulier,2026-05-03
cli_004594,763360620,44,Fatick,particulier,2025-05-21
cli_004595,768502465,36,Fatick,particulier,2025-05-19
cli_004596,771833030,45,Ziguinchor,particulier,2025-02-10
cli_004597,707659152,48,Kaolack,particulier,2025-02-10
cli_004598,775986174,39,Kolda,marchand,2024-10-05
cli_004599,701661253,28,Kaolack,particulier,2026-07-22
cli_004600,766520232,45,Dakar,marchand,2025-12-31
cli_004601,707778361,39,Saint-Louis,particulier,2026-01-01
cli_004602,707533653,62,Dakar,particulier,2025-12-23
cli_004603,785756626,37,Tambacounda,particulier,2026-04-02
cli_004604,704019012,41,Kaolack,particulier,2026-04-06
cli_004605,772474595,37,Saint-Louis,particulier,2024-10-20
cli_004606,781110311,32,Dakar,particulier,2024-12-07
cli_004607,774235980,31,Diourbel,particulier,2025-05-14
cli_004608,786690065,37,Thiès,particulier,2025-08-15
cli_004609,701338907,39,Kaolack,particulier,2025-10-12
cli_004610,789988258,46,Kaolack,particulier,2025-05-14
cli_004611,776273561,37,Diourbel,particulier,2025-01-03
cli_004612,783650943,28,Dakar,particulier,2025-11-17
cli_004613,709658958,30,Diourbel,particulier,2025-08-28
cli_004614,762655409,19,Diourbel,particulier,2024-11-28
cli_004615,769618384,52,Fatick,particulier,2024-11-28
cli_004616,783535902,28,Kolda,particulier,2026-04-09
cli_004617,784417578,44,Louga,marchand,2026-04-02
cli_004618,764828738,37,Dakar,particulier,2026-04-28
cli_004619,769953532,37,Dakar,particulier,2026-09-04
cli_004620,703258216,32,Kolda,particulier,2025-05-05
cli_004621,769755840,25,Tambacounda,particulier,2025-11-15
cli_004622,704122639,23,Dakar,particulier,2026-08-31
cli_004623,703566656,53,Ziguinchor,marchand,2026-04-28
cli_004624,776743860,35,Thiès,particulier,2025-09-01
cli_004625,787243739,46,Dakar,particulier,2025-01-22
cli_004626,784105251,49,Tambacounda,particulier,2025-05-28
cli_004627,772206602,29,Tambacounda,particulier,2025-08-31
cli_004628,774564530,38,Tambacounda,particulier,2026-05-11
cli_004629,705863782,34,Dakar,particulier,2026-02-25
cli_004630,781360281,21,Diourbel,particulier,2025-03-02
cli_004631,771707874,31,Kolda,particulier,2025-03-09
cli_004632,789261481,40,Kaolack,particulier,2024-12-30
cli_004633,781322773,28,Thiès,particulier,2025-09-04
cli_004634,774661973,30,Diourbel,particulier,2026-03-08
cli_004635,777875039,32,Dakar,particulier,2025-09-22
cli_004636,703953291,57,Kaolack,particulier,2024-12-09
cli_004637,705452954,18,Fatick,particulier,2026-05-15
cli_004638,781778357,39,Dakar,marchand,2025-01-14
cli_004639,768149939,31,Dakar,particulier,2024-09-28
cli_004640,706707648,26,Diourbel,particulier,2025-02-03
cli_004641,708664887,30,Saint-Louis,particulier,2025-05-31
cli_004642,778774423,41,Thiès,particulier,2025-11-29
cli_004643,704157243,41,Dakar,particulier,2025-01-08
cli_004644,771370378,36,Louga,particulier,2026-05-29
cli_004645,774117147,46,Dakar,particulier,2025-03-19
cli_004646,782307452,47,Kaolack,particulier,2025-12-05
cli_004647,765799668,42,Saint-Louis,marchand,2025-09-22
cli_004648,772317508,27,Thiès,particulier,2025-10-21
cli_004649,789297111,39,Saint-Louis,particulier,2026-09-16
cli_004650,786420473,39,Ziguinchor,particulier,2024-10-04
cli_004651,783277302,25,Saint-Louis,particulier,2025-05-25
cli_004652,709291073,18,Saint-Louis,marchand,2025-07-13
cli_004653,787927188,18,Thiès,particulier,2026-07-12
cli_004654,774939914,34,Thiès,particulier,2025-03-05
cli_004655,772318564,37,Diourbel,particulier,2024-10-23
cli_004656,774094257,21,Diourbel,particulier,2025-02-07
cli_004657,776256068,45,Thiès,particulier,2026-03-26
cli_004658,767892565,35,Dakar,particulier,2026-05-14
cli_004659,783357344,48,Ziguinchor,marchand,2025-12-30
cli_004660,787683120,38,Dakar,particulier,2026-09-07
cli_004661,703545529,22,Kolda,particulier,2025-08-17
cli_004662,763220805,39,Kaolack,marchand,2025-10-24
cli_004663,775023162,41,Dakar,marchand,2025-09-22
cli_004664,782447437,27,Kaolack,particulier,2024-10-02
cli_004665,784641899,18,Thiès,particulier,2025-06-03
cli_004666,704220289,35,Kolda,marchand,2025-11-24
cli_004667,783520375,22,Tambacounda,particulier,2025-03-01
cli_004668,777980429,46,Fatick,particulier,2025-12-28
cli_004669,763985552,29,Saint-Louis,particulier,2025-03-20
cli_004670,787255569,52,Kolda,marchand,2024-11-13
cli_004671,777482599,18,Kaolack,particulier,2024-12-01
cli_004672,766992682,35,Kolda,particulier,2025-09-10
cli_004673,773423964,49,Dakar,particulier,2025-10-16
cli_004674,708464856,24,Kolda,particulier,2025-12-08
cli_004675,703128963,32,Kaolack,particulier,2025-08-30
cli_004676,783494172,29,Dakar,particulier,2024-11-10
cli_004677,768874895,26,Tambacounda,particulier,2024-12-25
cli_004678,764057153,36,Ziguinchor,particulier,2025-07-08
cli_004679,767273163,19,Kolda,marchand,2026-03-02
cli_004680,771381055,32,Dakar,particulier,2025-12-23
cli_004681,786528916,39,Saint-Louis,particulier,2026-03-28
cli_004682,778818711,31,Ziguinchor,particulier,2026-05-11
cli_004683,767378335,22,Dakar,particulier,2026-09-17
cli_004684,776241867,45,Louga,particulier,2025-03-08
cli_004685,768641264,42,Kaolack,particulier,2025-04-03
cli_004686,763683100,22,Dakar,particulier,2026-05-16
cli_004687,704391026,19,Ziguinchor,particulier,2025-05-10
cli_004688,781624748,23,Dakar,particulier,2026-05-26
cli_004689,777285359,39,Fatick,particulier,2026-03-06
cli_004690,767510684,37,Kolda,marchand,2026-03-19
cli_004691,777762403,42,Diourbel,particulier,2026-06-21
cli_004692,777738636,30,Diourbel,marchand,2025-04-10
cli_004693,702146452,23,Thiès,particulier,2026-08-23
cli_004694,706995607,44,Thiès,particulier,2025-12-02
cli_004695,767869965,27,Kolda,particulier,2025-10-03
cli_004696,702834028,36,Dakar,particulier,2025-07-30
cli_004697,775288325,18,Thiès,particulier,2026-05-05
cli_004698,779218943,27,Dakar,particulier,2025-10-15
cli_004699,784733289,45,Kaolack,particulier,2025-02-22
cli_004700,777778421,26,Fatick,particulier,2025-12-25
cli_004701,705773114,42,Dakar,particulier,2024-10-31
cli_004702,776919806,18,Dakar,particulier,2025-11-14
cli_004703,766638553,27,Dakar,particulier,2025-03-06
cli_004704,706858494,32,Dakar,particulier,2026-07-02
cli_004705,768014376,53,Thiès,particulier,2025-01-11
cli_004706,779139218,21,Louga,particulier,2025-10-09
cli_004707,783660994,41,Saint-Louis,particulier,2024-10-01
cli_004708,769354763,45,Dakar,particulier,2025-05-01
cli_004709,706650759,26,Kaolack,particulier,2025-04-01
cli_004710,786360736,29,Louga,particulier,2026-06-07
cli_004711,783949566,35,Thiès,particulier,2025-08-06
cli_004712,704750024,18,Dakar,particulier,2025-04-03
cli_004713,706864627,28,Louga,particulier,2025-02-10
cli_004714,784273605,48,Dakar,particulier,2025-12-23
cli_004715,773585559,39,Fatick,particulier,2025-08-08
cli_004716,768371708,32,Fatick,marchand,2026-05-20
cli_004717,704738859,35,Kolda,marchand,2025-11-12
cli_004718,706801447,40,Dakar,particulier,2025-10-12
cli_004719,781280703,42,Dakar,particulier,2026-08-31
cli_004720,771695394,27,Kolda,particulier,2024-11-24
cli_004721,768633550,50,Diourbel,particulier,2025-06-12
cli_004722,702279673,48,Thiès,particulier,2026-05-13
cli_004723,708162218,41,Saint-Louis,particulier,2024-12-08
cli_004724,779101672,24,Dakar,particulier,2025-05-07
cli_004725,785332564,22,Kaolack,particulier,2025-05-06
cli_004726,788960482,30,Tambacounda,marchand,2024-11-12
cli_004727,774845041,34,Kaolack,particulier,2025-12-03
cli_004728,709566491,18,Diourbel,marchand,2026-01-08
cli_004729,773134037,39,Tambacounda,particulier,2025-07-01
cli_004730,764850658,48,Ziguinchor,particulier,2024-12-15
cli_004731,704500224,40,Dakar,particulier,2025-02-08
cli_004732,768056547,26,Kaolack,particulier,2025-02-27
cli_004733,701393464,25,Dakar,particulier,2025-03-15
cli_004734,788454024,37,Dakar,marchand,2026-08-29
cli_004735,701210881,32,Kaolack,particulier,2025-09-30
cli_004736,783841271,38,Dakar,particulier,2026-01-07
cli_004737,776364613,40,Dakar,marchand,2026-01-03
cli_004738,782308039,46,Kaolack,particulier,2025-01-07
cli_004739,785411051,21,Dakar,particulier,2025-12-08
cli_004740,769973236,36,Saint-Louis,particulier,2025-01-21
cli_004741,788408878,30,Dakar,particulier,2024-12-01
cli_004742,781271972,32,Ziguinchor,particulier,2025-10-27
cli_004743,786325860,43,Kolda,particulier,2026-05-23
cli_004744,786376022,44,Dakar,particulier,2025-05-02
cli_004745,761614024,49,Louga,particulier,2025-01-02
cli_004746,786851909,38,Dakar,particulier,2025-12-01
cli_004747,705689002,32,Thiès,particulier,2026-05-04
cli_004748,787136103,31,Thiès,particulier,2025-09-09
cli_004749,703677517,18,Dakar,particulier,2024-10-08
cli_004750,783300649,48,Dakar,particulier,2025-09-12
cli_004751,777623626,30,Louga,particulier,2025-11-01
cli_004752,777494212,39,Louga,particulier,2025-11-07
cli_004753,702455464,41,Tambacounda,particulier,2025-04-07
cli_004754,702947595,20,Tambacounda,particulier,2026-01-18
cli_004755,776277240,23,Thiès,particulier,2025-04-10
cli_004756,768461343,51,Dakar,particulier,2024-10-04
cli_004757,762816167,37,Dakar,particulier,2025-03-09
cli_004758,772972049,27,Saint-Louis,particulier,2024-11-16
cli_004759,788270003,32,Kolda,particulier,2025-02-25
cli_004760,767270353,45,Dakar,particulier,2025-01-16
cli_004761,709120570,44,Dakar,particulier,2026-08-26
cli_004762,708050720,18,Thiès,particulier,2026-01-09
cli_004763,779579500,51,Kolda,particulier,2026-03-08
cli_004764,772700511,44,Diourbel,particulier,2025-01-02
cli_004765,783447440,32,Ziguinchor,particulier,2026-04-09
cli_004766,773141878,20,Diourbel,particulier,2024-10-18
cli_004767,761498911,45,Thiès,particulier,2025-05-02
cli_004768,778011932,39,Thiès,particulier,2026-06-25
cli_004769,776955787,18,Louga,marchand,2025-05-13
cli_004770,771773990,31,Louga,particulier,2026-01-17
cli_004771,782783198,68,Thiès,particulier,2026-02-19
cli_004772,702716848,34,Dakar,marchand,2024-09-29
cli_004773,774626370,25,Dakar,particulier,2025-02-22
cli_004774,705099777,22,Dakar,particulier,2025-03-16
cli_004775,783600929,53,Dakar,particulier,2026-02-08
cli_004776,779371636,43,Dakar,marchand,2025-05-28
cli_004777,782914909,49,Ziguinchor,particulier,2026-01-17
cli_004778,766056899,36,Fatick,particulier,2025-07-11
cli_004779,774941826,47,Ziguinchor,particulier,2025-12-07
cli_004780,774489100,24,Ziguinchor,particulier,2025-07-06
cli_004781,708432108,35,Tambacounda,particulier,2025-03-30
cli_004782,769805331,37,Tambacounda,particulier,2026-02-06
cli_004783,781052881,49,Dakar,particulier,2026-09-15
cli_004784,705173401,37,Dakar,particulier,2026-07-15
cli_004785,702072403,27,Dakar,particulier,2024-12-02
cli_004786,784903614,34,Kolda,particulier,2024-10-24
cli_004787,766553299,18,Dakar,particulier,2025-05-07
cli_004788,774704798,18,Thiès,particulier,2026-07-07
cli_004789,783781861,43,Saint-Louis,particulier,2025-07-23
cli_004790,763809620,29,Kaolack,particulier,2025-11-12
cli_004791,773698804,31,Saint-Louis,particulier,2026-04-03
cli_004792,703931252,43,Louga,particulier,2025-12-21
cli_004793,704365877,49,Saint-Louis,particulier,2025-02-28
cli_004794,787190532,39,Fatick,particulier,2024-09-27
cli_004795,781864037,55,Dakar,particulier,2024-12-26
cli_004796,771367520,39,Fatick,particulier,2026-04-28
cli_004797,765650698,37,Saint-Louis,particulier,2025-09-23
cli_004798,777136349,36,Dakar,particulier,2025-09-03
cli_004799,783328455,19,Tambacounda,particulier,2026-02-22
cli_004800,762810840,44,Tambacounda,particulier,2025-11-10
cli_004801,766622842,18,Fatick,particulier,2025-12-20
cli_004802,764457871,27,Kolda,particulier,2026-08-04
cli_004803,777624608,34,Thiès,particulier,2025-11-24
cli_004804,702318850,25,Dakar,particulier,2026-01-01
cli_004805,762090012,29,Dakar,particulier,2026-02-12
cli_004806,705974758,54,Kolda,particulier,2025-07-03
cli_004807,784532394,46,Fatick,particulier,2025-04-22
cli_004808,707564153,26,Tambacounda,particulier,2026-08-20
cli_004809,785555144,28,Fatick,particulier,2026-01-17
cli_004810,704191899,19,Kaolack,particulier,2026-09-01
cli_004811,772437099,41,Dakar,particulier,2025-02-02
cli_004812,772470749,31,Dakar,particulier,2024-11-17
cli_004813,767802627,18,Diourbel,particulier,2025-10-20
cli_004814,763038550,35,Louga,particulier,2024-11-04
cli_004815,765522021,38,Dakar,marchand,2025-06-22
cli_004816,788363015,44,Kolda,particulier,2024-12-29
cli_004817,709080514,33,Ziguinchor,particulier,2024-11-01
cli_004818,783408838,29,Dakar,particulier,2025-07-23
cli_004819,761986569,55,Kolda,particulier,2025-11-02
cli_004820,707972322,34,Saint-Louis,particulier,2025-04-01
cli_004821,767185488,41,Ziguinchor,particulier,2026-05-22
cli_004822,763980794,28,Thiès,particulier,2026-02-19
cli_004823,706342103,41,Thiès,particulier,2025-08-19
cli_004824,702698592,18,Dakar,particulier,2026-04-30
cli_004825,787306138,28,Saint-Louis,particulier,2025-09-26
cli_004826,787545776,20,Louga,particulier,2025-01-08
cli_004827,773694319,27,Tambacounda,particulier,2025-03-02
cli_004828,765216904,47,Kolda,particulier,2024-12-13
cli_004829,704006612,27,Dakar,particulier,2025-01-04
cli_004830,781281495,41,Tambacounda,marchand,2026-01-24
cli_004831,782145790,50,Dakar,particulier,2025-04-22
cli_004832,779639480,33,Dakar,particulier,2025-12-26
cli_004833,785104304,44,Louga,particulier,2024-10-15
cli_004834,772329780,39,Kolda,particulier,2026-05-18
cli_004835,701398428,35,Tambacounda,particulier,2026-03-11
cli_004836,764180662,42,Fatick,marchand,2024-11-06
cli_004837,779845380,54,Dakar,particulier,2026-04-02
cli_004838,774463151,26,Dakar,particulier,2025-06-29
cli_004839,709995140,23,Dakar,particulier,2026-02-23
cli_004840,705404868,22,Saint-Louis,marchand,2026-02-28
cli_004841,707875610,44,Diourbel,marchand,2025-05-22
cli_004842,778068995,46,Dakar,particulier,2025-02-21
cli_004843,771253467,28,Diourbel,particulier,2026-04-07
cli_004844,771054812,18,Saint-Louis,particulier,2024-10-07
cli_004845,709302264,26,Ziguinchor,particulier,2026-07-21
cli_004846,709392247,40,Thiès,particulier,2026-07-13
cli_004847,702193641,33,Dakar,particulier,2024-10-11
cli_004848,776813904,35,Kaolack,particulier,2026-08-14
cli_004849,779313611,28,Ziguinchor,particulier,2026-02-06
cli_004850,709555838,45,Dakar,particulier,2026-06-27
cli_004851,703667376,37,Dakar,particulier,2026-04-14
cli_004852,768356505,40,Tambacounda,particulier,2026-08-01
cli_004853,776816993,35,Louga,particulier,2026-01-05
cli_004854,779350543,39,Dakar,particulier,2026-02-20
cli_004855,772320477,39,Saint-Louis,particulier,2026-05-31
cli_004856,766409004,23,Saint-Louis,particulier,2025-04-18
cli_004857,701220409,38,Dakar,particulier,2026-08-28
cli_004858,764215780,42,Dakar,particulier,2025-10-13
cli_004859,781102673,46,Tambacounda,particulier,2026-02-13
cli_004860,704986226,38,Diourbel,particulier,2025-06-06
cli_004861,778299776,23,Dakar,marchand,2026-01-20
cli_004862,706922290,25,Louga,particulier,2025-10-14
cli_004863,703851856,29,Diourbel,particulier,2025-02-09
cli_004864,764842386,36,Kaolack,particulier,2026-06-10
cli_004865,704306999,32,Dakar,marchand,2025-11-10
cli_004866,767585054,21,Dakar,particulier,2025-08-10
cli_004867,783395883,21,Dakar,particulier,2025-04-04
cli_004868,781826632,18,Tambacounda,particulier,2025-08-28
cli_004869,705560561,18,Kaolack,particulier,2025-04-05
cli_004870,768469879,32,Fatick,particulier,2025-02-20
cli_004871,775294234,59,Dakar,particulier,2025-02-25
cli_004872,702837697,53,Louga,particulier,2025-07-02
cli_004873,771414553,23,Diourbel,particulier,2024-11-23
cli_004874,769495527,35,Kaolack,particulier,2026-09-07
cli_004875,777846523,18,Thiès,particulier,2025-09-25
cli_004876,762399912,19,Kaolack,particulier,2025-02-16
cli_004877,781665366,20,Dakar,particulier,2026-07-10
cli_004878,782162477,31,Dakar,particulier,2025-02-04
cli_004879,764388786,31,Louga,particulier,2026-08-26
cli_004880,708306884,36,Dakar,particulier,2025-02-27
cli_004881,782438861,41,Dakar,particulier,2026-05-10
cli_004882,708368315,30,Kolda,particulier,2025-05-25
cli_004883,781017005,34,Dakar,particulier,2025-01-27
cli_004884,777648834,21,Saint-Louis,particulier,2025-02-07
cli_004885,773541736,19,Fatick,particulier,2025-08-01
cli_004886,779644773,18,Louga,marchand,2024-11-30
cli_004887,765282608,41,Dakar,particulier,2026-06-13
cli_004888,763434856,30,Saint-Louis,particulier,2026-04-04
cli_004889,783186327,18,Saint-Louis,particulier,2026-06-19
cli_004890,788439837,33,Thiès,particulier,2025-04-17
cli_004891,704626983,20,Louga,particulier,2024-12-13
cli_004892,764168364,52,Tambacounda,marchand,2024-11-14
cli_004893,777621012,27,Dakar,particulier,2025-09-09
cli_004894,775836587,41,Dakar,particulier,2026-06-19
cli_004895,786974520,45,Ziguinchor,particulier,2026-05-21
cli_004896,785010399,23,Diourbel,particulier,2025-06-24
cli_004897,701576015,34,Louga,particulier,2024-12-09
cli_004898,761052650,40,Dakar,particulier,2024-10-03
cli_004899,701351945,35,Dakar,particulier,2025-04-16
cli_004900,766170159,37,Ziguinchor,particulier,2024-12-20
cli_004901,785622622,19,Tambacounda,marchand,2025-10-10
cli_004902,767727552,40,Dakar,particulier,2026-05-04
cli_004903,769051740,28,Kolda,particulier,2025-10-19
cli_004904,762570971,37,Thiès,particulier,2026-07-13
cli_004905,779615596,44,Dakar,particulier,2025-05-21
cli_004906,769384901,41,Diourbel,particulier,2026-01-26
cli_004907,786543433,37,Dakar,marchand,2026-01-20
cli_004908,705773595,41,Ziguinchor,particulier,2026-09-21
cli_004909,702589939,41,Dakar,particulier,2024-09-25
cli_004910,762604213,50,Diourbel,particulier,2025-11-16
cli_004911,701167966,33,Dakar,particulier,2025-03-01
cli_004912,766813527,35,Fatick,particulier,2025-09-10
cli_004913,774898289,44,Kolda,particulier,2025-06-13
cli_004914,762727304,28,Thiès,particulier,2025-10-17
cli_004915,702204628,19,Thiès,particulier,2025-05-10
cli_004916,771571800,39,Tambacounda,particulier,2026-05-01
cli_004917,776768619,31,Dakar,particulier,2024-09-27
cli_004918,787167836,20,Fatick,particulier,2025-11-16
cli_004919,706684719,39,Saint-Louis,particulier,2026-09-16
cli_004920,761996253,49,Kolda,particulier,2024-10-29
cli_004921,701372223,18,Dakar,particulier,2026-09-07
cli_004922,701955956,45,Dakar,particulier,2025-10-14
cli_004923,767764382,18,Thiès,particulier,2025-02-28
cli_004924,767659491,29,Dakar,particulier,2025-12-27
cli_004925,783653479,54,Dakar,particulier,2026-04-24
cli_004926,771496820,30,Tambacounda,particulier,2026-04-01
cli_004927,783877605,34,Dakar,marchand,2025-05-12
cli_004928,768287921,42,Dakar,particulier,2025-08-01
cli_004929,772290751,18,Dakar,particulier,2025-09-22
cli_004930,778165338,34,Thiès,particulier,2025-09-14
cli_004931,775170001,34,Saint-Louis,marchand,2026-02-03
cli_004932,762272540,54,Dakar,particulier,2024-11-11
cli_004933,709405034,20,Louga,marchand,2026-04-08
cli_004934,705665425,29,Fatick,particulier,2025-01-21
cli_004935,787043960,23,Dakar,particulier,2025-03-06
cli_004936,761869629,22,Louga,particulier,2026-09-19
cli_004937,704344789,46,Thiès,particulier,2026-05-22
cli_004938,766693140,34,Thiès,particulier,2025-08-17
cli_004939,786808181,27,Tambacounda,particulier,2026-05-31
cli_004940,781566370,28,Kolda,particulier,2025-01-10
cli_004941,766438469,27,Thiès,particulier,2025-11-05
cli_004942,789500326,28,Diourbel,marchand,2025-01-21
cli_004943,708077454,20,Dakar,particulier,2026-06-29
cli_004944,702869576,31,Diourbel,particulier,2026-09-06
cli_004945,779213423,30,Ziguinchor,particulier,2025-06-13
cli_004946,767146051,25,Dakar,particulier,2025-02-16
cli_004947,781512507,35,Kolda,particulier,2024-09-30
cli_004948,762154622,36,Ziguinchor,particulier,2025-02-26
cli_004949,789291333,27,Dakar,particulier,2025-03-27
cli_004950,782886367,32,Kolda,particulier,2026-08-12
cli_004951,781870838,57,Louga,particulier,2025-07-11
cli_004952,775058546,57,Dakar,particulier,2025-04-21
cli_004953,705730454,22,Diourbel,particulier,2025-12-10
cli_004954,776157864,23,Kolda,particulier,2024-09-25
cli_004955,786929782,22,Tambacounda,particulier,2024-10-03
cli_004956,779989768,45,Dakar,particulier,2025-01-07
cli_004957,777833174,29,Kaolack,particulier,2024-12-21
cli_004958,781233336,36,Kolda,particulier,2025-08-05
cli_004959,701797164,55,Tambacounda,particulier,2025-02-02
cli_004960,701002829,33,Dakar,particulier,2026-08-03
cli_004961,784557123,41,Diourbel,particulier,2026-04-09
cli_004962,764153303,39,Kolda,particulier,2025-05-27
cli_004963,709401870,27,Dakar,particulier,2026-06-25
cli_004964,774295406,45,Thiès,particulier,2025-02-08
cli_004965,701275885,24,Saint-Louis,particulier,2026-05-17
cli_004966,778954534,48,Diourbel,particulier,2026-01-12
cli_004967,773342450,27,Ziguinchor,particulier,2026-03-19
cli_004968,789213242,28,Dakar,particulier,2025-08-25
cli_004969,777970029,22,Louga,particulier,2026-07-26
cli_004970,708924723,23,Dakar,particulier,2025-02-08
cli_004971,708377476,29,Fatick,marchand,2024-12-15
cli_004972,782288608,18,Thiès,particulier,2025-03-28
cli_004973,706635625,31,Dakar,particulier,2026-05-11
cli_004974,704708943,28,Tambacounda,particulier,2026-02-24
cli_004975,706658994,42,Louga,particulier,2026-04-11
cli_004976,707712965,38,Thiès,marchand,2025-07-12
cli_004977,765508604,26,Dakar,particulier,2024-12-15
cli_004978,773813499,28,Saint-Louis,particulier,2024-12-22
cli_004979,709246997,31,Tambacounda,particulier,2024-10-25
cli_004980,766969141,50,Dakar,particulier,2025-05-09
cli_004981,708969882,24,Tambacounda,particulier,2026-04-15
cli_004982,703134285,26,Thiès,particulier,2025-12-07
cli_004983,778544327,21,Ziguinchor,particulier,2026-02-21
cli_004984,783910772,18,Thiès,particulier,2026-08-08
cli_004985,775144376,37,Dakar,particulier,2025-02-17
cli_004986,778743865,36,Tambacounda,particulier,2025-07-29
cli_004987,704192461,48,Dakar,particulier,2024-10-16
cli_004988,703254581,45,Tambacounda,particulier,2025-01-18
cli_004989,709239939,60,Dakar,particulier,2025-06-07
cli_004990,709678915,33,Dakar,particulier,2026-08-23
cli_004991,763799691,31,Kolda,particulier,2025-11-05
cli_004992,763756335,19,Kaolack,particulier,2025-10-12
cli_004993,703049054,41,Dakar,particulier,2025-05-20
cli_004994,761211752,35,Saint-Louis,particulier,2025-08-06
cli_004995,765975940,41,Dakar,particulier,2025-03-04
cli_004996,773294107,21,Kolda,particulier,2026-09-07
cli_004997,768641742,37,Dakar,particulier,2026-07-03
cli_004998,702540844,36,Diourbel,particulier,2024-10-29
cli_004999,766717458,35,Dakar,particulier,2025-11-10
cli_005000,785561442,26,Ziguinchor,particulier,2025-02-01
cli_005001,776507329,47,Tambacounda,particulier,2025-01-07
cli_005002,772014444,56,Fatick,particulier,2026-06-28
cli_005003,765198979,21,Thiès,particulier,2025-04-27
cli_005004,766634439,41,Dakar,particulier,2026-05-20
cli_005005,704068472,18,Dakar,particulier,2026-06-03
cli_005006,708874090,41,Kolda,particulier,2026-03-29
cli_005007,785765808,18,Dakar,marchand,2025-03-22
cli_005008,704262669,28,Kaolack,particulier,2026-07-18
cli_005009,761277380,19,Thiès,particulier,2025-05-25
cli_005010,782516434,31,Tambacounda,particulier,2025-12-20
cli_005011,705289324,43,Diourbel,particulier,2026-03-15
cli_005012,774600224,18,Saint-Louis,particulier,2026-04-02
cli_005013,768843629,30,Kolda,particulier,2026-01-16
cli_005014,708073700,28,Tambacounda,particulier,2026-01-12
cli_005015,762430731,51,Saint-Louis,particulier,2026-02-06
cli_005016,706323388,38,Louga,particulier,2025-09-11
cli_005017,775089662,21,Kaolack,particulier,2024-09-29
cli_005018,761910288,28,Thiès,particulier,2025-10-29
cli_005019,706993218,51,Dakar,particulier,2026-05-13
cli_005020,765834683,41,Ziguinchor,particulier,2025-07-05
cli_005021,701787119,23,Ziguinchor,particulier,2025-01-27
cli_005022,785212767,31,Dakar,particulier,2025-07-13
cli_005023,767585007,31,Dakar,particulier,2025-09-02
cli_005024,783944009,28,Ziguinchor,particulier,2025-05-24
cli_005025,704212013,18,Dakar,particulier,2024-12-21
cli_005026,771991445,26,Ziguinchor,particulier,2026-07-30
cli_005027,782839045,49,Ziguinchor,particulier,2024-10-08
cli_005028,779830006,29,Thiès,particulier,2024-12-11
cli_005029,766587191,32,Dakar,particulier,2024-10-23
cli_005030,772584389,35,Thiès,particulier,2025-09-25
cli_005031,785344764,58,Thiès,marchand,2025-01-09
cli_005032,702734685,34,Kaolack,particulier,2026-07-26
cli_005033,784984664,46,Louga,particulier,2025-11-26
cli_005034,772310244,27,Kolda,marchand,2024-12-21
cli_005035,776569215,31,Dakar,particulier,2026-03-10
cli_005036,776131736,34,Ziguinchor,particulier,2025-03-16
cli_005037,706700911,25,Dakar,particulier,2026-02-03
cli_005038,764993025,31,Fatick,particulier,2025-07-21
cli_005039,703573794,43,Dakar,particulier,2025-06-04
cli_005040,773246014,25,Saint-Louis,particulier,2024-12-23
cli_005041,782936306,34,Saint-Louis,particulier,2026-01-17
cli_005042,774864810,41,Thiès,particulier,2025-02-26
cli_005043,785063153,24,Tambacounda,particulier,2025-11-10
cli_005044,767061695,46,Dakar,particulier,2025-12-11
cli_005045,701471911,34,Dakar,marchand,2026-07-27
cli_005046,783535304,32,Kaolack,particulier,2026-07-30
cli_005047,708673621,18,Diourbel,particulier,2025-03-10
cli_005048,769237211,29,Dakar,particulier,2026-07-09
cli_005049,789378152,38,Dakar,particulier,2026-07-04
cli_005050,703757115,53,Dakar,particulier,2026-05-11
cli_005051,782234178,40,Kolda,particulier,2026-01-21
cli_005052,772783611,46,Saint-Louis,particulier,2026-05-28
cli_005053,702186869,20,Dakar,particulier,2025-07-20
cli_005054,709591109,32,Thiès,particulier,2025-02-01
cli_005055,778950486,47,Kolda,particulier,2025-09-01
cli_005056,708295044,24,Kolda,particulier,2025-05-27
cli_005057,707568215,44,Dakar,particulier,2024-12-11
cli_005058,704088238,42,Kaolack,particulier,2024-12-10
cli_005059,785281190,37,Dakar,particulier,2025-05-31
cli_005060,768572885,30,Dakar,particulier,2026-08-05
cli_005061,768329304,23,Kolda,particulier,2025-02-25
cli_005062,765669327,53,Kolda,particulier,2025-03-20
cli_005063,768538054,40,Dakar,particulier,2026-02-14
cli_005064,764120772,37,Kolda,marchand,2026-05-28
cli_005065,764721513,29,Ziguinchor,particulier,2026-06-19
cli_005066,768556503,34,Louga,particulier,2026-03-06
cli_005067,764387822,35,Louga,particulier,2025-03-31
cli_005068,777769484,38,Diourbel,particulier,2024-11-03
cli_005069,775079570,42,Tambacounda,particulier,2026-06-04
cli_005070,703680873,25,Dakar,particulier,2025-11-25
cli_005071,702969509,18,Diourbel,particulier,2025-01-23
cli_005072,766460106,34,Dakar,particulier,2026-07-23
cli_005073,775316935,18,Fatick,marchand,2024-11-05
cli_005074,704324511,30,Dakar,marchand,2026-09-10
cli_005075,777688408,28,Thiès,particulier,2026-03-01
cli_005076,781009467,39,Louga,particulier,2026-08-31
cli_005077,781829741,55,Dakar,marchand,2025-03-18
cli_005078,779656340,18,Dakar,particulier,2025-11-16
cli_005079,706971768,59,Dakar,particulier,2025-11-09
cli_005080,765946661,31,Ziguinchor,particulier,2025-08-21
cli_005081,781132607,37,Dakar,particulier,2026-02-18
cli_005082,766385892,18,Thiès,particulier,2025-03-21
cli_005083,774913166,44,Saint-Louis,particulier,2025-11-13
cli_005084,786399022,34,Tambacounda,marchand,2025-02-20
cli_005085,761369003,33,Louga,particulier,2025-06-09
cli_005086,785955772,18,Dakar,particulier,2025-05-19
cli_005087,706200817,34,Kolda,particulier,2024-10-03
cli_005088,773610430,43,Fatick,marchand,2025-09-19
cli_005089,771490612,31,Louga,particulier,2026-02-17
cli_005090,769744184,46,Diourbel,particulier,2025-04-11
cli_005091,707384476,46,Dakar,particulier,2025-04-27
cli_005092,786595015,26,Ziguinchor,particulier,2025-10-06
cli_005093,777903802,51,Diourbel,particulier,2026-01-22
cli_005094,707038291,34,Dakar,marchand,2024-11-14
cli_005095,782209544,34,Dakar,particulier,2026-03-24
cli_005096,775093134,35,Dakar,marchand,2026-07-28
cli_005097,768998027,34,Kaolack,particulier,2025-06-20
cli_005098,783590752,18,Dakar,particulier,2026-07-26
cli_005099,709749876,31,Kaolack,particulier,2025-03-18
cli_005100,781579140,18,Fatick,particulier,2025-01-18
cli_005101,763976507,51,Dakar,marchand,2025-04-19
cli_005102,764152071,51,Dakar,particulier,2026-04-04
cli_005103,776556757,43,Dakar,particulier,2024-11-05
cli_005104,782584876,31,Thiès,particulier,2026-07-21
cli_005105,773062267,22,Fatick,particulier,2026-07-07
cli_005106,766958793,26,Kaolack,particulier,2026-02-14
cli_005107,703561682,55,Kolda,marchand,2025-08-25
cli_005108,708911034,26,Tambacounda,particulier,2025-04-24
cli_005109,788831733,18,Dakar,particulier,2026-02-23
cli_005110,783724793,45,Ziguinchor,particulier,2024-11-25
cli_005111,766039537,50,Diourbel,particulier,2025-02-05
cli_005112,763995943,52,Diourbel,particulier,2026-04-08
cli_005113,704103849,45,Thiès,particulier,2026-08-09
cli_005114,777033279,47,Thiès,particulier,2025-04-30
cli_005115,773638125,34,Kaolack,particulier,2026-05-18
cli_005116,782343442,18,Kaolack,particulier,2026-03-02
cli_005117,783332042,34,Dakar,particulier,2025-03-10
cli_005118,789364935,40,Dakar,particulier,2026-05-09
cli_005119,703333908,32,Saint-Louis,particulier,2026-01-08
cli_005120,774274620,32,Ziguinchor,particulier,2024-11-16
cli_005121,706659358,23,Saint-Louis,particulier,2025-05-14
cli_005122,761910794,22,Dakar,particulier,2025-06-29
cli_005123,763416127,54,Dakar,particulier,2024-09-26
cli_005124,762572155,54,Louga,particulier,2025-03-11
cli_005125,779319264,33,Louga,marchand,2025-10-23
cli_005126,769394713,37,Dakar,particulier,2025-05-27
cli_005127,777801606,23,Diourbel,particulier,2025-08-31
cli_005128,763224073,41,Thiès,particulier,2026-01-02
cli_005129,766547734,53,Kaolack,particulier,2024-10-12
cli_005130,766960418,18,Dakar,particulier,2025-07-18
cli_005131,788824406,39,Kaolack,particulier,2025-03-28
cli_005132,782405486,39,Tambacounda,particulier,2025-11-29
cli_005133,787626285,39,Thiès,particulier,2026-05-03
cli_005134,772746915,52,Thiès,particulier,2026-06-26
cli_005135,766118237,56,Dakar,particulier,2025-02-14
cli_005136,778913143,31,Dakar,particulier,2025-09-09
cli_005137,781558658,41,Tambacounda,particulier,2025-09-12
cli_005138,762332298,34,Tambacounda,particulier,2026-06-27
cli_005139,778318173,27,Dakar,particulier,2025-02-27
cli_005140,701168755,36,Kolda,particulier,2026-03-15
cli_005141,787166137,41,Dakar,particulier,2025-07-14
cli_005142,775511098,36,Saint-Louis,particulier,2026-01-11
cli_005143,764119432,24,Kaolack,particulier,2026-04-11
cli_005144,768764540,28,Thiès,particulier,2026-05-28
cli_005145,768640631,28,Diourbel,particulier,2025-02-07
cli_005146,703933919,24,Kaolack,particulier,2026-07-16
cli_005147,781039847,37,Dakar,particulier,2026-09-22
cli_005148,702153460,38,Tambacounda,particulier,2026-02-12
cli_005149,781966280,44,Dakar,particulier,2024-12-15
cli_005150,769840076,24,Dakar,particulier,2025-04-30
cli_005151,776372022,27,Tambacounda,particulier,2025-02-04
cli_005152,767090646,51,Thiès,particulier,2026-04-27
cli_005153,783078142,32,Thiès,particulier,2024-10-16
cli_005154,768656214,34,Dakar,particulier,2026-06-30
cli_005155,707504024,32,Dakar,marchand,2026-08-29
cli_005156,707769243,46,Dakar,particulier,2025-10-11
cli_005157,705214189,46,Thiès,marchand,2025-11-08
cli_005158,777284179,46,Diourbel,particulier,2026-02-23
cli_005159,775896462,34,Diourbel,particulier,2026-05-23
cli_005160,704461076,24,Kolda,particulier,2026-02-01
cli_005161,786350442,55,Kolda,particulier,2025-12-25
cli_005162,773919059,43,Dakar,particulier,2025-07-12
cli_005163,789575617,28,Tambacounda,particulier,2026-01-04
cli_005164,707452626,49,Kolda,marchand,2026-03-29
cli_005165,787650856,28,Kolda,particulier,2025-07-15
cli_005166,777450416,49,Ziguinchor,particulier,2025-07-26
cli_005167,765035095,50,Dakar,particulier,2025-11-09
cli_005168,779555294,23,Dakar,particulier,2026-07-05
cli_005169,782870754,40,Kolda,particulier,2024-10-20
cli_005170,776117937,42,Diourbel,particulier,2025-09-10
cli_005171,761624727,62,Kolda,particulier,2026-03-05
cli_005172,783651589,25,Ziguinchor,particulier,2025-04-12
cli_005173,706170928,49,Dakar,particulier,2025-11-22
cli_005174,785405758,34,Thiès,particulier,2026-05-27
cli_005175,779470448,20,Tambacounda,particulier,2025-05-01
cli_005176,776523423,32,Dakar,particulier,2026-07-18
cli_005177,774703264,34,Ziguinchor,particulier,2026-03-06
cli_005178,784840567,22,Tambacounda,particulier,2025-05-28
cli_005179,776504340,37,Dakar,particulier,2025-04-14
cli_005180,788120197,44,Dakar,particulier,2024-10-01
cli_005181,703488777,36,Saint-Louis,particulier,2025-04-25
cli_005182,706261518,28,Fatick,marchand,2026-04-08
cli_005183,766172507,32,Diourbel,particulier,2025-04-22
cli_005184,701084921,33,Dakar,particulier,2025-03-25
cli_005185,709214945,36,Dakar,particulier,2025-05-19
cli_005186,766128558,46,Thiès,particulier,2025-03-29
cli_005187,703178696,36,Thiès,marchand,2025-02-05
cli_005188,776702433,18,Dakar,particulier,2025-08-05
cli_005189,707100321,27,Fatick,particulier,2024-09-28
cli_005190,789237350,35,Dakar,particulier,2025-06-11
cli_005191,761306669,46,Fatick,particulier,2026-08-14
cli_005192,704723494,48,Kolda,particulier,2026-05-21
cli_005193,782621399,53,Kaolack,particulier,2025-09-26
cli_005194,776170208,35,Kaolack,particulier,2025-11-10
cli_005195,785514470,42,Dakar,particulier,2025-02-08
cli_005196,785274976,18,Saint-Louis,particulier,2025-05-21
cli_005197,709838235,38,Thiès,particulier,2026-09-23
cli_005198,705784907,22,Dakar,particulier,2025-10-26
cli_005199,764699115,33,Saint-Louis,particulier,2025-08-22
cli_005200,701605736,67,Dakar,particulier,2024-10-09
cli_005201,783606474,37,Dakar,marchand,2025-05-31
cli_005202,789075552,24,Kaolack,particulier,2026-05-15
cli_005203,705065034,38,Diourbel,marchand,2026-05-07
cli_005204,769193710,28,Dakar,particulier,2026-02-05
cli_005205,765793646,23,Dakar,particulier,2025-12-05
cli_005206,785932535,57,Dakar,particulier,2026-07-06
cli_005207,764868874,45,Saint-Louis,particulier,2025-02-25
cli_005208,706008999,37,Saint-Louis,particulier,2026-08-05
cli_005209,781600167,29,Dakar,particulier,2026-08-06
cli_005210,771518004,30,Kaolack,particulier,2026-06-23
cli_005211,775281968,50,Tambacounda,particulier,2026-06-17
cli_005212,776381554,37,Saint-Louis,particulier,2025-08-08
cli_005213,785957803,18,Diourbel,particulier,2025-02-04
cli_005214,764862365,60,Kaolack,particulier,2024-11-05
cli_005215,703646227,36,Kolda,particulier,2025-02-11
cli_005216,777381391,37,Tambacounda,particulier,2025-05-12
cli_005217,706442402,45,Dakar,marchand,2025-07-20
cli_005218,761424124,39,Dakar,particulier,2026-02-10
cli_005219,775071444,42,Dakar,marchand,2025-11-24
cli_005220,787397988,29,Louga,particulier,2024-12-26
cli_005221,788057563,20,Dakar,particulier,2026-07-08
cli_005222,703582044,37,Kolda,marchand,2025-01-30
cli_005223,709324745,49,Dakar,particulier,2025-02-09
cli_005224,706865347,26,Kaolack,marchand,2026-08-13
cli_005225,764939046,25,Dakar,particulier,2026-03-31
cli_005226,786644133,47,Diourbel,particulier,2026-02-10
cli_005227,788843727,28,Thiès,particulier,2024-11-27
cli_005228,703041573,29,Louga,particulier,2025-11-08
cli_005229,772353310,29,Diourbel,particulier,2025-03-07
cli_005230,784964070,33,Thiès,particulier,2025-07-13
cli_005231,771755323,18,Ziguinchor,particulier,2026-07-26
cli_005232,788520698,28,Kolda,particulier,2025-05-25
cli_005233,789733976,36,Louga,particulier,2025-06-17
cli_005234,776450324,36,Ziguinchor,particulier,2024-12-28
cli_005235,789818645,46,Diourbel,particulier,2024-11-21
cli_005236,701618644,54,Kolda,particulier,2025-07-22
cli_005237,766692896,50,Diourbel,particulier,2024-12-22
cli_005238,704986179,44,Tambacounda,particulier,2026-06-14
cli_005239,703496292,32,Fatick,particulier,2025-07-03
cli_005240,703805942,27,Dakar,marchand,2025-07-29
cli_005241,785906614,34,Dakar,particulier,2026-05-21
cli_005242,706774810,40,Louga,particulier,2025-08-27
cli_005243,702476084,43,Ziguinchor,particulier,2025-05-16
cli_005244,706531074,40,Kaolack,particulier,2025-11-25
cli_005245,789338876,32,Tambacounda,particulier,2025-05-26
cli_005246,771093582,42,Saint-Louis,particulier,2025-03-29
cli_005247,768905228,47,Thiès,particulier,2025-07-21
cli_005248,706469258,43,Saint-Louis,particulier,2025-12-07
cli_005249,704079974,33,Dakar,particulier,2026-03-14
cli_005250,767613646,24,Saint-Louis,particulier,2025-05-30
cli_005251,776560082,24,Kolda,particulier,2024-12-06
cli_005252,787918569,26,Dakar,particulier,2025-10-22
cli_005253,761731597,36,Fatick,particulier,2025-09-22
cli_005254,761530781,39,Fatick,particulier,2024-11-28
cli_005255,786778129,18,Dakar,particulier,2026-02-19
cli_005256,783732925,28,Fatick,particulier,2025-02-12
cli_005257,773144438,36,Louga,marchand,2026-03-21
cli_005258,784791461,24,Diourbel,particulier,2026-03-19
cli_005259,767526930,38,Dakar,marchand,2026-03-03
cli_005260,772617945,30,Dakar,particulier,2026-08-16
cli_005261,709758753,26,Kaolack,particulier,2025-10-22
cli_005262,774786604,34,Dakar,particulier,2026-01-09
cli_005263,762355217,38,Thiès,particulier,2026-04-08
cli_005264,781640165,24,Tambacounda,particulier,2025-03-21
cli_005265,708715368,31,Ziguinchor,marchand,2025-09-11
cli_005266,702018955,39,Ziguinchor,particulier,2026-05-04
cli_005267,764770666,25,Tambacounda,particulier,2026-05-07
cli_005268,767018252,18,Dakar,particulier,2025-02-10
cli_005269,765617865,18,Dakar,particulier,2026-03-10
cli_005270,763363151,29,Kaolack,particulier,2025-12-10
cli_005271,771971352,19,Thiès,particulier,2026-06-28
cli_005272,787402651,30,Dakar,particulier,2025-02-14
cli_005273,775412599,52,Louga,particulier,2026-01-06
cli_005274,781432976,18,Dakar,particulier,2025-04-28
cli_005275,762630783,30,Saint-Louis,particulier,2025-12-02
cli_005276,776064326,57,Saint-Louis,particulier,2025-02-16
cli_005277,772515465,38,Kaolack,particulier,2025-12-03
cli_005278,704523037,29,Dakar,particulier,2024-12-10
cli_005279,782120699,32,Dakar,particulier,2025-04-13
cli_005280,778172741,38,Kolda,marchand,2025-10-08
cli_005281,766673684,52,Kolda,particulier,2025-10-06
cli_005282,768055563,28,Diourbel,particulier,2025-06-28
cli_005283,701472057,25,Dakar,particulier,2025-05-06
cli_005284,704380036,18,Saint-Louis,particulier,2025-04-26
cli_005285,703408546,35,Dakar,particulier,2026-08-30
cli_005286,766604425,18,Dakar,particulier,2026-03-14
cli_005287,788393459,28,Dakar,particulier,2025-11-09
cli_005288,703047939,24,Dakar,marchand,2025-08-28
cli_005289,787927609,45,Thiès,particulier,2026-07-20
cli_005290,786223660,28,Dakar,particulier,2026-05-01
cli_005291,708416525,38,Fatick,particulier,2025-10-22
cli_005292,701731382,18,Diourbel,particulier,2025-11-02
cli_005293,789918301,35,Thiès,particulier,2025-07-02
cli_005294,764911438,20,Dakar,particulier,2026-08-04
cli_005295,703520737,29,Kolda,particulier,2025-02-20
cli_005296,702644548,58,Dakar,particulier,2026-02-16
cli_005297,779864198,44,Dakar,particulier,2025-08-18
cli_005298,768950429,32,Kaolack,marchand,2024-11-02
cli_005299,772180725,69,Ziguinchor,particulier,2025-12-21
cli_005300,705004106,23,Fatick,particulier,2026-02-07
cli_005301,777601832,46,Thiès,particulier,2026-03-15
cli_005302,706316963,18,Thiès,particulier,2025-06-05
cli_005303,772701311,31,Dakar,particulier,2024-10-26
cli_005304,784243436,19,Saint-Louis,particulier,2025-08-11
cli_005305,774313235,36,Thiès,particulier,2026-05-02
cli_005306,703598669,34,Thiès,particulier,2024-11-03
cli_005307,789646313,30,Dakar,particulier,2026-08-24
cli_005308,762826277,46,Tambacounda,particulier,2025-11-28
cli_005309,777359490,27,Dakar,particulier,2026-06-24
cli_005310,789206843,37,Dakar,particulier,2026-08-30
cli_005311,708153320,43,Kolda,particulier,2024-09-26
cli_005312,708195191,18,Ziguinchor,particulier,2026-07-24
cli_005313,772429295,25,Saint-Louis,particulier,2024-12-02
cli_005314,782199350,34,Kaolack,particulier,2025-08-22
cli_005315,788046276,40,Dakar,marchand,2026-02-02
cli_005316,767720523,49,Fatick,particulier,2025-01-02
cli_005317,767677041,31,Dakar,marchand,2026-09-21
cli_005318,774766776,30,Tambacounda,particulier,2025-05-08
cli_005319,705710993,24,Dakar,particulier,2025-03-13
cli_005320,771138569,37,Kaolack,particulier,2026-01-01
cli_005321,783619253,30,Saint-Louis,particulier,2026-02-16
cli_005322,705755305,30,Dakar,particulier,2026-09-17
cli_005323,762131513,32,Thiès,particulier,2026-09-07
cli_005324,782170417,40,Louga,particulier,2026-08-22
cli_005325,701406926,27,Dakar,particulier,2025-10-26
cli_005326,782889408,25,Tambacounda,particulier,2025-09-02
cli_005327,769935894,38,Dakar,particulier,2025-11-18
cli_005328,777264367,18,Kaolack,marchand,2025-04-29
cli_005329,779534290,27,Kaolack,marchand,2026-01-03
cli_005330,783314278,21,Diourbel,particulier,2025-02-24
cli_005331,766389646,47,Kaolack,particulier,2025-06-04
cli_005332,709026992,29,Louga,particulier,2024-11-09
cli_005333,784168274,27,Kaolack,particulier,2025-04-12
cli_005334,706914527,33,Saint-Louis,particulier,2026-06-22
cli_005335,767235509,27,Kaolack,particulier,2025-08-12
cli_005336,778490550,29,Thiès,particulier,2025-06-01
cli_005337,769725311,35,Dakar,marchand,2026-09-13
cli_005338,766536705,29,Dakar,marchand,2026-08-22
cli_005339,786242802,29,Kaolack,particulier,2026-09-07
cli_005340,788819645,22,Kolda,particulier,2026-05-22
cli_005341,787160708,21,Dakar,particulier,2024-12-20
cli_005342,764255161,34,Saint-Louis,particulier,2026-04-01
cli_005343,766671249,37,Dakar,particulier,2026-05-11
cli_005344,785942264,18,Saint-Louis,particulier,2025-11-02
cli_005345,783058809,42,Louga,particulier,2025-12-07
cli_005346,785643013,42,Ziguinchor,marchand,2024-09-29
cli_005347,786612098,44,Ziguinchor,particulier,2026-07-10
cli_005348,789134115,37,Louga,particulier,2025-01-19
cli_005349,786224249,41,Dakar,marchand,2026-04-09
cli_005350,762484238,58,Diourbel,particulier,2026-02-10
cli_005351,779888805,30,Dakar,particulier,2025-10-05
cli_005352,766202546,22,Kolda,particulier,2024-10-12
cli_005353,773583944,18,Louga,particulier,2026-04-05
cli_005354,787789879,53,Dakar,particulier,2026-01-16
cli_005355,704462324,53,Dakar,particulier,2025-05-31
cli_005356,704330447,23,Diourbel,particulier,2025-05-23
cli_005357,768554939,25,Tambacounda,particulier,2025-12-30
cli_005358,768808232,30,Dakar,particulier,2026-06-20
cli_005359,775715330,47,Saint-Louis,particulier,2025-02-26
cli_005360,784357132,19,Thiès,marchand,2024-12-06
cli_005361,768769483,18,Kaolack,particulier,2025-07-12
cli_005362,702559778,57,Kaolack,particulier,2024-12-26
cli_005363,767724769,37,Dakar,particulier,2026-03-22
cli_005364,706256434,38,Louga,particulier,2025-01-02
cli_005365,788686511,31,Dakar,particulier,2025-02-11
cli_005366,774785111,39,Fatick,marchand,2024-12-05
cli_005367,778488237,18,Dakar,particulier,2024-11-13
cli_005368,761136710,24,Saint-Louis,particulier,2026-01-15
cli_005369,767824407,35,Thiès,particulier,2026-06-28
cli_005370,781628547,18,Kaolack,particulier,2025-03-26
cli_005371,706781623,30,Dakar,particulier,2025-05-23
cli_005372,762757494,29,Saint-Louis,particulier,2025-06-08
cli_005373,789671214,30,Dakar,particulier,2025-06-21
cli_005374,777923968,27,Thiès,particulier,2026-08-25
cli_005375,761941550,23,Fatick,particulier,2025-05-23
cli_005376,769028354,18,Diourbel,particulier,2025-10-06
cli_005377,773267477,35,Diourbel,particulier,2026-09-01
cli_005378,785910767,30,Kaolack,particulier,2025-01-08
cli_005379,781767467,18,Thiès,particulier,2026-09-03
cli_005380,761950089,34,Kolda,marchand,2026-04-06
cli_005381,773171830,30,Thiès,particulier,2026-02-21
cli_005382,705809770,28,Tambacounda,particulier,2025-03-02
cli_005383,785886058,18,Kolda,particulier,2026-07-27
cli_005384,788700448,41,Thiès,particulier,2025-12-17
cli_005385,772486259,20,Thiès,particulier,2025-12-31
cli_005386,707745297,34,Kaolack,particulier,2025-11-25
cli_005387,771052921,25,Louga,marchand,2024-12-27
cli_005388,703619883,29,Dakar,particulier,2026-01-29
cli_005389,782575098,46,Dakar,particulier,2026-01-08
cli_005390,702115015,39,Dakar,marchand,2025-11-29
cli_005391,776260721,46,Louga,particulier,2025-12-11
cli_005392,779106134,37,Ziguinchor,particulier,2024-10-28
cli_005393,707002789,38,Dakar,particulier,2026-03-12
cli_005394,708686797,18,Saint-Louis,marchand,2026-07-03
cli_005395,766322988,30,Louga,particulier,2025-11-20
cli_005396,771483438,31,Tambacounda,marchand,2026-07-25
cli_005397,704113894,47,Dakar,particulier,2025-02-19
cli_005398,788413069,28,Dakar,particulier,2024-12-12
cli_005399,701397883,36,Thiès,particulier,2025-01-26
cli_005400,701874913,36,Kaolack,particulier,2025-02-14
cli_005401,708504221,46,Dakar,particulier,2025-11-21
cli_005402,761569552,32,Dakar,particulier,2025-05-02
cli_005403,769634997,43,Louga,particulier,2025-12-08
cli_005404,767827407,18,Saint-Louis,particulier,2025-01-09
cli_005405,776986037,18,Dakar,particulier,2026-05-04
cli_005406,785826795,18,Thiès,particulier,2026-06-13
cli_005407,761804059,42,Dakar,marchand,2024-10-12
cli_005408,704730931,41,Thiès,particulier,2026-01-04
cli_005409,768269812,43,Thiès,particulier,2026-02-09
cli_005410,769134758,26,Dakar,particulier,2025-05-24
cli_005411,775022833,27,Dakar,marchand,2026-01-17
cli_005412,788553731,32,Kolda,particulier,2025-03-28
cli_005413,767989354,49,Kolda,particulier,2025-11-14
cli_005414,701518611,52,Dakar,particulier,2025-03-01
cli_005415,786581575,42,Kaolack,particulier,2026-07-27
cli_005416,776544784,37,Dakar,particulier,2025-04-11
cli_005417,785885910,48,Fatick,particulier,2026-01-27
cli_005418,777950405,31,Kolda,particulier,2025-11-19
cli_005419,769005486,29,Kaolack,particulier,2024-11-14
cli_005420,765954414,32,Kaolack,particulier,2025-10-07
cli_005421,703883485,23,Thiès,particulier,2026-07-31
cli_005422,709847048,32,Dakar,particulier,2025-10-24
cli_005423,779672653,21,Diourbel,particulier,2026-04-01
cli_005424,777174426,45,Dakar,particulier,2025-10-12
cli_005425,786765728,39,Kaolack,particulier,2026-04-18
cli_005426,771937287,49,Diourbel,marchand,2025-06-12
cli_005427,704614543,18,Dakar,particulier,2026-04-05
cli_005428,772784681,54,Saint-Louis,particulier,2025-10-19
cli_005429,775634044,18,Louga,particulier,2024-10-28
cli_005430,708436209,20,Saint-Louis,particulier,2025-06-16
cli_005431,703020772,27,Diourbel,particulier,2025-04-25
cli_005432,779970809,48,Fatick,particulier,2025-03-09
cli_005433,782165770,36,Dakar,particulier,2024-11-22
cli_005434,761885053,31,Kaolack,particulier,2024-12-17
cli_005435,769770248,25,Thiès,particulier,2025-01-06
cli_005436,701902963,18,Dakar,particulier,2026-01-18
cli_005437,787616652,46,Tambacounda,particulier,2025-06-25
cli_005438,777870482,42,Thiès,particulier,2025-02-04
cli_005439,783970977,48,Thiès,particulier,2025-08-11
cli_005440,761579188,38,Dakar,particulier,2026-06-23
cli_005441,763776357,18,Tambacounda,particulier,2025-09-17
cli_005442,761617040,20,Fatick,particulier,2026-04-19
cli_005443,707050163,39,Dakar,particulier,2025-05-09
cli_005444,708999347,29,Saint-Louis,particulier,2025-01-05
cli_005445,789973762,27,Dakar,particulier,2025-04-30
cli_005446,788204047,21,Ziguinchor,particulier,2025-08-18
cli_005447,767971702,44,Diourbel,particulier,2025-07-13
cli_005448,788934067,39,Dakar,particulier,2025-08-27
cli_005449,787928862,39,Saint-Louis,particulier,2025-10-31
cli_005450,776854619,27,Kolda,particulier,2026-04-11
cli_005451,789966287,35,Thiès,particulier,2025-05-19
cli_005452,763902827,19,Dakar,particulier,2026-01-12
cli_005453,704714853,32,Tambacounda,particulier,2026-06-01
cli_005454,709156817,18,Dakar,particulier,2025-02-17
cli_005455,783799213,18,Diourbel,particulier,2025-08-17
cli_005456,773688511,30,Saint-Louis,marchand,2025-09-09
cli_005457,772368762,60,Dakar,particulier,2025-09-10
cli_005458,783479597,18,Dakar,particulier,2026-07-29
cli_005459,766342789,20,Dakar,particulier,2025-08-30
cli_005460,708977602,36,Dakar,particulier,2025-08-23
cli_005461,702226369,53,Diourbel,particulier,2025-09-16
cli_005462,777127402,36,Fatick,particulier,2026-09-18
cli_005463,767897056,41,Dakar,particulier,2025-03-26
cli_005464,789061047,30,Ziguinchor,particulier,2025-07-03
cli_005465,777750431,28,Thiès,particulier,2025-03-20
cli_005466,762403111,34,Dakar,marchand,2025-09-21
cli_005467,775400216,26,Saint-Louis,particulier,2026-01-26
cli_005468,789570670,41,Dakar,marchand,2025-01-24
cli_005469,769175708,18,Kaolack,particulier,2026-01-11
cli_005470,786514678,43,Thiès,particulier,2025-10-28
cli_005471,769668707,34,Kaolack,particulier,2026-09-11
cli_005472,787012314,31,Kolda,particulier,2026-05-28
cli_005473,701584016,18,Dakar,particulier,2026-07-03
cli_005474,779226544,23,Tambacounda,particulier,2025-11-19
cli_005475,772513313,47,Dakar,particulier,2026-03-16
cli_005476,764426776,31,Dakar,particulier,2026-01-24
cli_005477,783142915,37,Dakar,particulier,2025-03-14
cli_005478,767476174,24,Fatick,particulier,2025-05-14
cli_005479,771269872,33,Kaolack,particulier,2025-02-19
cli_005480,766763064,18,Tambacounda,particulier,2025-02-06
cli_005481,708779432,35,Ziguinchor,marchand,2026-03-27
cli_005482,778089773,38,Thiès,particulier,2025-07-02
cli_005483,783762917,37,Kolda,particulier,2024-12-28
cli_005484,709072484,24,Tambacounda,particulier,2026-02-13
cli_005485,764258367,30,Louga,particulier,2025-12-24
cli_005486,777120547,39,Saint-Louis,particulier,2025-09-01
cli_005487,775560041,31,Fatick,particulier,2025-02-19
cli_005488,701608755,30,Dakar,marchand,2026-06-08
cli_005489,701026420,54,Kolda,particulier,2025-10-18
cli_005490,782648262,23,Tambacounda,particulier,2026-03-31
cli_005491,789411879,45,Kaolack,particulier,2025-04-22
cli_005492,709585802,21,Dakar,particulier,2026-03-31
cli_005493,774690948,41,Dakar,particulier,2026-01-07
cli_005494,779717853,41,Tambacounda,particulier,2026-01-14
cli_005495,709706718,28,Kolda,particulier,2026-08-03
cli_005496,773078245,20,Louga,particulier,2025-05-24
cli_005497,701331194,18,Tambacounda,marchand,2026-03-22
cli_005498,787820805,27,Diourbel,marchand,2025-10-01
cli_005499,704442033,39,Kolda,particulier,2025-05-03
cli_005500,773630987,22,Dakar,particulier,2025-02-27
cli_005501,707837053,35,Dakar,particulier,2024-11-23
cli_005502,773997548,18,Diourbel,particulier,2026-06-24
cli_005503,777775971,31,Thiès,marchand,2025-06-22
cli_005504,762757201,21,Thiès,particulier,2026-01-27
cli_005505,761773180,33,Louga,particulier,2025-03-12
cli_005506,703924289,28,Dakar,particulier,2025-12-14
cli_005507,776485399,20,Ziguinchor,particulier,2026-09-13
cli_005508,773024801,26,Dakar,particulier,2025-01-07
cli_005509,762285826,23,Fatick,particulier,2025-03-18
cli_005510,707742351,19,Dakar,particulier,2026-01-26
cli_005511,785438883,45,Ziguinchor,particulier,2025-01-22
cli_005512,704883110,30,Saint-Louis,particulier,2025-11-28
cli_005513,703157171,18,Thiès,particulier,2025-11-27
cli_005514,701159257,27,Dakar,particulier,2026-02-17
cli_005515,761478450,44,Dakar,particulier,2025-09-28
cli_005516,767133460,25,Thiès,marchand,2024-09-29
cli_005517,761720174,50,Dakar,particulier,2026-08-16
cli_005518,763222350,24,Dakar,particulier,2025-07-18
cli_005519,769198035,39,Ziguinchor,particulier,2026-05-19
cli_005520,764095782,45,Dakar,particulier,2026-06-25
cli_005521,787701812,38,Dakar,particulier,2026-08-13
cli_005522,764089902,18,Thiès,particulier,2026-03-08
cli_005523,709386414,23,Diourbel,particulier,2025-04-08
cli_005524,708396758,46,Diourbel,particulier,2025-04-05
cli_005525,765229908,25,Kaolack,particulier,2025-02-17
cli_005526,777159677,44,Saint-Louis,particulier,2026-06-10
cli_005527,764719632,29,Diourbel,particulier,2026-07-06
cli_005528,789499658,35,Thiès,particulier,2024-10-08
cli_005529,774225665,18,Dakar,marchand,2024-11-21
cli_005530,778528118,27,Ziguinchor,particulier,2025-05-01
cli_005531,766546763,24,Dakar,particulier,2025-01-19
cli_005532,706793176,36,Fatick,particulier,2025-02-14
cli_005533,764164034,35,Saint-Louis,particulier,2025-07-30
cli_005534,788495854,39,Kaolack,particulier,2025-10-12
cli_005535,777716458,28,Diourbel,particulier,2024-10-10
cli_005536,768337625,23,Kolda,marchand,2025-05-18
cli_005537,778211855,36,Thiès,particulier,2024-12-19
cli_005538,702418472,22,Thiès,particulier,2026-04-25
cli_005539,708882600,45,Kolda,particulier,2026-04-14
cli_005540,708576590,32,Kaolack,particulier,2025-06-21
cli_005541,783185208,30,Thiès,particulier,2024-10-28
cli_005542,779834869,39,Dakar,marchand,2025-06-28
cli_005543,785743197,33,Dakar,particulier,2025-11-05
cli_005544,703897213,18,Fatick,marchand,2026-09-05
cli_005545,773011001,22,Dakar,particulier,2026-06-03
cli_005546,704282447,45,Dakar,particulier,2026-04-08
cli_005547,771338002,34,Dakar,particulier,2026-05-01
cli_005548,777216348,18,Tambacounda,particulier,2025-04-30
cli_005549,777370427,37,Saint-Louis,particulier,2025-05-13
cli_005550,707010001,27,Diourbel,particulier,2025-12-21
cli_005551,765940830,24,Kolda,particulier,2024-10-04
cli_005552,784264695,21,Thiès,particulier,2025-12-11
cli_005553,767515344,44,Louga,particulier,2025-11-03
cli_005554,768842441,18,Ziguinchor,particulier,2025-09-05
cli_005555,761788606,24,Diourbel,particulier,2025-08-02
cli_005556,764445926,35,Louga,particulier,2026-05-07
cli_005557,779959734,51,Tambacounda,particulier,2026-02-17
cli_005558,788757721,40,Dakar,particulier,2025-05-10
cli_005559,769949136,24,Dakar,particulier,2025-01-15
cli_005560,772649645,50,Fatick,particulier,2025-11-19
cli_005561,785184997,19,Thiès,particulier,2026-07-02
cli_005562,772173191,36,Saint-Louis,particulier,2025-01-11
cli_005563,708794527,39,Dakar,particulier,2025-07-26
cli_005564,775669357,24,Fatick,particulier,2025-11-09
cli_005565,773192116,41,Ziguinchor,particulier,2025-07-23
cli_005566,761812916,28,Tambacounda,particulier,2025-02-01
cli_005567,777638094,41,Diourbel,particulier,2026-09-23
cli_005568,788306594,18,Tambacounda,particulier,2026-01-04
cli_005569,788913031,37,Diourbel,marchand,2024-11-07
cli_005570,779742399,29,Kaolack,particulier,2026-02-16
cli_005571,708331995,46,Kaolack,particulier,2024-10-13
cli_005572,768076847,33,Diourbel,particulier,2026-03-02
cli_005573,778305965,47,Saint-Louis,marchand,2025-10-18
cli_005574,769988297,39,Dakar,particulier,2026-08-03
cli_005575,765167239,32,Thiès,particulier,2025-04-13
cli_005576,767827191,42,Ziguinchor,particulier,2026-04-02
cli_005577,768379908,42,Dakar,marchand,2025-01-13
cli_005578,702046528,39,Ziguinchor,particulier,2026-06-21
cli_005579,787216342,18,Dakar,particulier,2026-06-30
cli_005580,784049499,23,Dakar,marchand,2025-10-16
cli_005581,762192062,49,Ziguinchor,particulier,2026-07-24
cli_005582,702533274,20,Dakar,particulier,2026-01-27
cli_005583,762027659,43,Tambacounda,particulier,2025-05-09
cli_005584,779079705,41,Tambacounda,particulier,2025-09-21
cli_005585,787947298,26,Diourbel,particulier,2025-08-12
cli_005586,761919340,18,Thiès,particulier,2026-07-19
cli_005587,776629176,27,Dakar,particulier,2025-05-16
cli_005588,706943864,56,Louga,particulier,2026-07-19
cli_005589,705674384,24,Dakar,particulier,2025-08-03
cli_005590,706454984,25,Tambacounda,particulier,2025-02-24
cli_005591,779165355,23,Tambacounda,particulier,2025-04-12
cli_005592,765669676,47,Dakar,marchand,2026-01-09
cli_005593,766936312,31,Ziguinchor,particulier,2026-06-03
cli_005594,766139884,27,Diourbel,particulier,2025-01-26
cli_005595,704565320,49,Saint-Louis,particulier,2026-04-19
cli_005596,789017693,40,Dakar,particulier,2025-09-27
cli_005597,764725385,23,Ziguinchor,particulier,2026-04-04
cli_005598,768199560,20,Dakar,particulier,2026-09-02
cli_005599,706447198,46,Kolda,particulier,2025-11-24
cli_005600,707164606,34,Diourbel,particulier,2025-08-18
cli_005601,787842476,18,Kaolack,particulier,2025-03-19
cli_005602,707623440,18,Kolda,particulier,2025-04-12
cli_005603,776079179,21,Ziguinchor,particulier,2025-01-25
cli_005604,786539363,20,Saint-Louis,particulier,2025-02-07
cli_005605,765578847,18,Thiès,particulier,2025-12-05
cli_005606,774052184,21,Diourbel,marchand,2026-01-18
cli_005607,787542105,23,Thiès,particulier,2025-07-12
cli_005608,768909927,28,Tambacounda,marchand,2025-10-09
cli_005609,767347380,52,Dakar,particulier,2026-02-20
cli_005610,777949522,31,Thiès,particulier,2026-08-31
cli_005611,788473120,32,Louga,particulier,2025-10-12
cli_005612,774306249,39,Thiès,particulier,2025-10-16
cli_005613,761562966,31,Kolda,particulier,2024-11-07
cli_005614,784038144,38,Dakar,particulier,2025-02-08
cli_005615,767794568,37,Dakar,particulier,2026-03-11
cli_005616,768341487,35,Kaolack,particulier,2026-07-05
cli_005617,705623843,64,Diourbel,particulier,2025-02-26
cli_005618,778007307,44,Tambacounda,particulier,2025-10-03
cli_005619,701672238,22,Thiès,particulier,2026-08-24
cli_005620,776797136,38,Dakar,particulier,2025-03-23
cli_005621,777111089,25,Thiès,particulier,2026-01-15
cli_005622,775570559,38,Thiès,particulier,2026-05-22
cli_005623,777448861,18,Saint-Louis,particulier,2025-05-31
cli_005624,705423205,21,Dakar,particulier,2025-02-28
cli_005625,775712644,37,Saint-Louis,marchand,2025-03-07
cli_005626,766435696,44,Kolda,particulier,2026-03-08
cli_005627,788144190,39,Thiès,particulier,2025-07-19
cli_005628,773238348,43,Kaolack,particulier,2025-10-19
cli_005629,783702232,38,Dakar,particulier,2024-12-29
cli_005630,774769589,35,Fatick,particulier,2026-05-08
cli_005631,782817164,28,Dakar,particulier,2025-02-02
cli_005632,764008012,42,Saint-Louis,particulier,2026-01-14
cli_005633,764156605,45,Dakar,particulier,2025-06-30
cli_005634,783828133,33,Dakar,particulier,2025-09-22
cli_005635,704690454,32,Dakar,particulier,2026-01-13
cli_005636,765543042,51,Dakar,particulier,2026-04-08
cli_005637,787263401,33,Kolda,particulier,2026-01-01
cli_005638,783726458,34,Dakar,particulier,2025-07-08
cli_005639,778609678,39,Tambacounda,marchand,2025-07-02
cli_005640,705314846,32,Diourbel,particulier,2025-06-26
cli_005641,707488262,24,Dakar,particulier,2025-06-02
cli_005642,782033260,38,Thiès,particulier,2026-08-17
cli_005643,762565887,33,Dakar,marchand,2025-12-10
cli_005644,765082077,54,Fatick,particulier,2026-02-06
cli_005645,764295953,42,Dakar,particulier,2025-12-08
cli_005646,775465097,27,Kolda,particulier,2025-12-19
cli_005647,702425723,42,Dakar,particulier,2026-05-18
cli_005648,705262475,37,Dakar,particulier,2024-10-20
cli_005649,707180517,48,Dakar,particulier,2026-09-23
cli_005650,707556095,28,Ziguinchor,particulier,2025-07-16
cli_005651,703233546,36,Diourbel,particulier,2025-10-22
cli_005652,764099871,32,Tambacounda,particulier,2025-04-29
cli_005653,775728481,34,Thiès,particulier,2025-01-26
cli_005654,785661798,24,Dakar,particulier,2025-06-07
cli_005655,778126467,40,Louga,particulier,2025-03-14
cli_005656,774512608,38,Saint-Louis,particulier,2026-03-08
cli_005657,707038452,48,Fatick,particulier,2024-09-29
cli_005658,708953787,33,Thiès,particulier,2026-07-22
cli_005659,763685365,29,Ziguinchor,particulier,2025-05-24
cli_005660,768406749,42,Dakar,particulier,2026-06-09
cli_005661,773995800,25,Tambacounda,particulier,2026-04-06
cli_005662,774009532,45,Dakar,particulier,2025-01-30
cli_005663,706880277,45,Fatick,particulier,2025-05-18
cli_005664,786596074,47,Dakar,particulier,2025-06-19
cli_005665,765945209,38,Louga,marchand,2025-01-28
cli_005666,783081038,28,Kolda,particulier,2026-03-05
cli_005667,771867541,35,Kolda,particulier,2025-06-13
cli_005668,709180505,38,Diourbel,particulier,2026-04-29
cli_005669,708865923,27,Thiès,particulier,2025-10-07
cli_005670,768980037,48,Fatick,particulier,2025-12-02
cli_005671,785613518,40,Saint-Louis,particulier,2025-06-30
cli_005672,768960842,24,Kaolack,particulier,2026-08-07
cli_005673,705260248,54,Dakar,particulier,2026-09-05
cli_005674,761679513,35,Thiès,particulier,2026-08-31
cli_005675,782785953,21,Thiès,particulier,2026-03-14
cli_005676,783453420,24,Kaolack,particulier,2025-07-31
cli_005677,764392943,50,Dakar,particulier,2026-06-01
cli_005678,789451482,54,Thiès,particulier,2024-10-01
cli_005679,763995423,45,Fatick,particulier,2025-11-26
cli_005680,776513553,48,Saint-Louis,marchand,2026-02-14
cli_005681,773436620,47,Kolda,particulier,2024-12-11
cli_005682,706789462,40,Dakar,particulier,2026-05-19
cli_005683,786106658,37,Thiès,particulier,2026-05-09
cli_005684,782353862,39,Diourbel,particulier,2025-12-20
cli_005685,765160477,42,Thiès,particulier,2026-08-03
cli_005686,781948561,25,Ziguinchor,particulier,2025-05-15
cli_005687,709002778,42,Dakar,particulier,2025-03-06
cli_005688,777337179,50,Diourbel,particulier,2026-01-09
cli_005689,709472094,31,Dakar,particulier,2024-12-30
cli_005690,778880590,30,Kaolack,particulier,2026-09-18
cli_005691,782975260,39,Fatick,particulier,2025-09-01
cli_005692,767365040,26,Dakar,particulier,2025-04-09
cli_005693,701900948,19,Diourbel,particulier,2025-12-23
cli_005694,779645398,46,Diourbel,particulier,2024-11-02
cli_005695,768068037,29,Ziguinchor,particulier,2025-11-14
cli_005696,777124331,34,Dakar,particulier,2024-11-23
cli_005697,779953751,27,Thiès,particulier,2025-05-31
cli_005698,708622170,48,Louga,particulier,2026-04-08
cli_005699,768772399,43,Saint-Louis,marchand,2025-01-26
cli_005700,781901142,31,Louga,particulier,2026-09-01
cli_005701,761213276,21,Thiès,particulier,2026-05-08
cli_005702,789649984,30,Kolda,particulier,2025-03-04
cli_005703,783261371,40,Dakar,particulier,2024-12-05
cli_005704,784837604,36,Dakar,particulier,2025-12-15
cli_005705,781390080,35,Diourbel,particulier,2025-06-01
cli_005706,706607575,36,Diourbel,particulier,2025-05-03
cli_005707,788387013,42,Kaolack,particulier,2025-04-03
cli_005708,788575711,33,Dakar,particulier,2024-12-02
cli_005709,766232662,38,Dakar,particulier,2026-07-22
cli_005710,706951936,23,Louga,particulier,2026-05-06
cli_005711,785623466,62,Dakar,particulier,2024-11-23
cli_005712,705015305,30,Ziguinchor,particulier,2025-08-23
cli_005713,785990048,36,Kaolack,particulier,2025-09-03
cli_005714,769423051,40,Dakar,particulier,2025-12-04
cli_005715,703272061,29,Ziguinchor,marchand,2026-01-03
cli_005716,785231726,34,Kolda,particulier,2026-03-29
cli_005717,776414744,33,Fatick,particulier,2025-12-07
cli_005718,766131306,23,Dakar,particulier,2026-08-01
cli_005719,771276002,38,Saint-Louis,particulier,2026-02-22
cli_005720,783586018,18,Kolda,marchand,2024-09-29
cli_005721,706814104,53,Saint-Louis,particulier,2026-05-28
cli_005722,787246865,42,Dakar,particulier,2025-04-08
cli_005723,767609903,41,Dakar,particulier,2026-08-29
cli_005724,769922324,18,Ziguinchor,particulier,2025-04-07
cli_005725,777057235,25,Louga,particulier,2026-03-15
cli_005726,786217005,49,Kolda,particulier,2025-04-29
cli_005727,763989057,75,Kolda,particulier,2025-09-26
cli_005728,774333776,47,Thiès,marchand,2025-03-07
cli_005729,788436365,45,Kaolack,particulier,2025-05-25
cli_005730,785218335,39,Dakar,particulier,2025-08-13
cli_005731,707439895,24,Dakar,particulier,2025-04-07
cli_005732,772117120,44,Dakar,particulier,2024-10-19
cli_005733,702154675,21,Kolda,particulier,2025-07-16
cli_005734,782939273,20,Dakar,particulier,2026-05-20
cli_005735,762756297,19,Diourbel,marchand,2026-07-01
cli_005736,766462913,44,Thiès,particulier,2025-08-20
cli_005737,786733975,33,Thiès,particulier,2025-11-13
cli_005738,706021107,35,Saint-Louis,particulier,2025-07-07
cli_005739,773604744,33,Dakar,particulier,2025-05-25
cli_005740,776190039,21,Thiès,particulier,2026-05-10
cli_005741,702074896,26,Diourbel,particulier,2025-03-31
cli_005742,765255518,27,Fatick,particulier,2024-10-01
cli_005743,702394720,18,Ziguinchor,particulier,2026-01-30
cli_005744,781690737,28,Fatick,particulier,2024-11-15
cli_005745,772490554,22,Thiès,particulier,2024-11-16
cli_005746,772000216,40,Dakar,particulier,2025-11-22
cli_005747,785300117,41,Thiès,particulier,2025-02-21
cli_005748,775912398,19,Tambacounda,particulier,2024-11-13
cli_005749,706466468,30,Dakar,particulier,2025-01-11
cli_005750,774957438,54,Dakar,particulier,2025-12-14
cli_005751,702587620,23,Tambacounda,particulier,2025-05-26
cli_005752,771188007,38,Tambacounda,marchand,2025-07-19
cli_005753,777412468,35,Dakar,marchand,2025-11-26
cli_005754,789844743,46,Louga,particulier,2025-06-14
cli_005755,773529113,37,Thiès,particulier,2024-11-11
cli_005756,782842334,29,Diourbel,particulier,2026-09-05
cli_005757,783804022,34,Diourbel,particulier,2024-12-05
cli_005758,762929495,34,Tambacounda,particulier,2025-12-29
cli_005759,763011487,32,Dakar,marchand,2025-01-28
cli_005760,775450820,19,Louga,marchand,2026-07-07
cli_005761,778066854,47,Dakar,particulier,2024-12-13
cli_005762,777410652,45,Kaolack,particulier,2025-11-01
cli_005763,779638323,22,Kaolack,particulier,2024-11-24
cli_005764,774216214,30,Louga,particulier,2025-11-16
cli_005765,785432498,31,Kolda,particulier,2025-03-28
cli_005766,764422782,21,Louga,marchand,2025-07-16
cli_005767,781378275,18,Ziguinchor,marchand,2026-04-30
cli_005768,784496450,26,Dakar,particulier,2026-03-26
cli_005769,783345123,30,Tambacounda,particulier,2025-08-27
cli_005770,765308507,18,Diourbel,particulier,2025-10-04
cli_005771,782422452,35,Thiès,marchand,2025-07-01
cli_005772,777674878,46,Diourbel,particulier,2025-02-12
cli_005773,788584859,43,Thiès,particulier,2025-03-09
cli_005774,779647301,32,Saint-Louis,particulier,2026-08-12
cli_005775,781763685,18,Thiès,particulier,2025-09-28
cli_005776,702058698,41,Dakar,particulier,2026-06-07
cli_005777,789698285,35,Kolda,particulier,2025-09-15
cli_005778,778633963,38,Kolda,particulier,2025-08-29
cli_005779,766296623,55,Diourbel,particulier,2024-09-28
cli_005780,773893812,24,Tambacounda,particulier,2025-12-14
cli_005781,775659657,18,Thiès,particulier,2025-10-29
cli_005782,775820865,22,Thiès,particulier,2025-09-16
cli_005783,708626154,39,Kolda,marchand,2026-06-21
cli_005784,705764580,34,Kaolack,particulier,2026-08-11
cli_005785,761247928,20,Louga,particulier,2025-04-24
cli_005786,767296307,18,Thiès,particulier,2026-02-16
cli_005787,767994373,30,Thiès,particulier,2026-01-02
cli_005788,763682651,20,Dakar,particulier,2024-09-30
cli_005789,762049436,39,Tambacounda,particulier,2026-03-26
cli_005790,702279875,29,Dakar,particulier,2024-12-03
cli_005791,768567002,27,Diourbel,particulier,2025-06-22
cli_005792,775027885,25,Dakar,particulier,2026-03-14
cli_005793,785762585,36,Kaolack,particulier,2024-10-28
cli_005794,709645575,34,Thiès,particulier,2025-06-27
cli_005795,781550164,36,Louga,particulier,2026-02-07
cli_005796,772853456,35,Diourbel,particulier,2025-10-29
cli_005797,708499204,33,Dakar,particulier,2025-12-26
cli_005798,765861272,22,Dakar,particulier,2025-01-15
cli_005799,761245827,25,Dakar,particulier,2025-10-19
cli_005800,787325980,29,Ziguinchor,particulier,2026-08-28
cli_005801,772245336,56,Fatick,particulier,2025-05-10
cli_005802,788039298,19,Thiès,particulier,2025-03-21
cli_005803,788180419,29,Saint-Louis,particulier,2025-12-09
cli_005804,708419665,35,Dakar,particulier,2024-11-20
cli_005805,785183839,30,Kolda,particulier,2025-11-18
cli_005806,773410413,45,Tambacounda,particulier,2026-03-15
cli_005807,788932497,30,Louga,particulier,2025-05-01
cli_005808,706028900,31,Dakar,particulier,2026-06-22
cli_005809,786718862,42,Thiès,marchand,2024-10-05
cli_005810,782228674,53,Tambacounda,particulier,2025-05-13
cli_005811,766611758,49,Dakar,particulier,2026-02-05
cli_005812,766220836,32,Kaolack,particulier,2026-07-26
cli_005813,783630115,33,Tambacounda,particulier,2025-07-24
cli_005814,707901683,34,Louga,particulier,2025-07-23
cli_005815,762203124,35,Kaolack,particulier,2025-02-21
cli_005816,777474420,24,Diourbel,particulier,2026-03-01
cli_005817,789650550,44,Kolda,particulier,2026-04-22
cli_005818,706105309,36,Thiès,particulier,2025-11-27
cli_005819,781943179,33,Kolda,particulier,2025-02-04
cli_005820,765979774,20,Thiès,particulier,2024-12-01
cli_005821,765761094,34,Louga,particulier,2026-01-08
cli_005822,765969677,18,Kolda,particulier,2026-08-20
cli_005823,703453117,27,Saint-Louis,particulier,2026-07-05
cli_005824,776634776,27,Dakar,particulier,2025-08-23
cli_005825,763377265,37,Dakar,particulier,2026-09-05
cli_005826,766020794,54,Fatick,marchand,2025-04-14
cli_005827,776351275,40,Kaolack,particulier,2026-08-30
cli_005828,766812862,49,Dakar,particulier,2025-11-19
cli_005829,778181406,41,Kolda,particulier,2025-02-19
cli_005830,788942818,46,Kolda,particulier,2025-10-17
cli_005831,787994614,54,Kolda,particulier,2025-05-19
cli_005832,778162823,25,Kaolack,marchand,2026-01-23
cli_005833,708819214,25,Tambacounda,particulier,2025-02-22
cli_005834,773182285,41,Kolda,particulier,2025-11-16
cli_005835,783636124,33,Dakar,particulier,2025-03-24
cli_005836,705797491,36,Tambacounda,particulier,2024-10-29
cli_005837,705191761,31,Saint-Louis,particulier,2025-12-20
cli_005838,777319124,27,Kolda,particulier,2026-04-07
cli_005839,781084011,51,Louga,marchand,2024-11-12
cli_005840,762250847,21,Kaolack,particulier,2025-05-15
cli_005841,707721717,41,Thiès,particulier,2024-12-22
cli_005842,708397697,39,Dakar,particulier,2025-12-22
cli_005843,763721087,18,Dakar,particulier,2026-01-13
cli_005844,773798450,24,Ziguinchor,particulier,2026-06-25
cli_005845,706053441,26,Kolda,particulier,2025-03-09
cli_005846,775294058,40,Dakar,particulier,2025-01-16
cli_005847,772523702,29,Dakar,particulier,2025-02-03
cli_005848,765504140,33,Kaolack,particulier,2026-02-23
cli_005849,768374594,18,Dakar,particulier,2025-10-02
cli_005850,777565893,59,Dakar,marchand,2025-09-29
cli_005851,778355449,34,Dakar,particulier,2026-06-28
cli_005852,766794377,39,Kaolack,particulier,2026-09-23
cli_005853,788897075,28,Saint-Louis,particulier,2026-01-23
cli_005854,763248391,26,Fatick,particulier,2025-09-16
cli_005855,781413432,55,Dakar,particulier,2024-10-03
cli_005856,762026356,18,Dakar,particulier,2024-12-26
cli_005857,789932127,37,Louga,particulier,2025-04-20
cli_005858,786764666,20,Tambacounda,particulier,2024-10-22
cli_005859,783230014,29,Thiès,particulier,2025-03-08
cli_005860,768686877,26,Kolda,particulier,2025-09-05
cli_005861,763784902,23,Louga,particulier,2024-11-28
cli_005862,766375508,34,Kolda,particulier,2024-11-22
cli_005863,763244021,18,Thiès,particulier,2026-04-29
cli_005864,771854006,30,Dakar,particulier,2026-03-01
cli_005865,703407794,33,Dakar,particulier,2024-10-18
cli_005866,763053553,19,Louga,marchand,2026-09-19
cli_005867,765973951,50,Kolda,particulier,2025-09-11
cli_005868,701186233,27,Diourbel,marchand,2025-12-18
cli_005869,703158294,31,Dakar,particulier,2025-03-30
cli_005870,766109936,27,Dakar,particulier,2024-10-25
cli_005871,704543941,33,Saint-Louis,marchand,2026-02-04
cli_005872,786723442,48,Kolda,particulier,2026-04-16
cli_005873,766900458,61,Thiès,particulier,2026-01-26
cli_005874,789688377,42,Kaolack,particulier,2025-04-20
cli_005875,768524234,45,Saint-Louis,particulier,2026-01-04
cli_005876,773054008,52,Kolda,marchand,2025-06-12
cli_005877,707234672,36,Fatick,particulier,2026-01-13
cli_005878,776645136,51,Dakar,particulier,2025-04-02
cli_005879,766348905,42,Kaolack,particulier,2026-08-09
cli_005880,778190826,35,Fatick,particulier,2026-01-17
cli_005881,772329556,37,Tambacounda,particulier,2026-02-10
cli_005882,704376585,18,Saint-Louis,particulier,2025-07-15
cli_005883,708345039,37,Dakar,particulier,2025-06-09
cli_005884,779029478,18,Saint-Louis,particulier,2025-04-11
cli_005885,771335473,18,Kaolack,particulier,2024-12-05
cli_005886,705243213,36,Dakar,particulier,2025-02-20
cli_005887,703377724,21,Tambacounda,particulier,2026-08-24
cli_005888,772511586,33,Dakar,particulier,2025-05-18
cli_005889,761513530,35,Kolda,particulier,2026-09-11
cli_005890,785842444,36,Thiès,particulier,2025-11-26
cli_005891,767006860,24,Dakar,particulier,2025-07-19
cli_005892,785781336,43,Saint-Louis,particulier,2026-02-03
cli_005893,774315339,33,Kaolack,particulier,2025-05-01
cli_005894,787941772,38,Kolda,particulier,2025-02-20
cli_005895,766868435,20,Saint-Louis,particulier,2025-07-07
cli_005896,709175846,32,Dakar,particulier,2025-09-06
cli_005897,774123278,46,Kolda,particulier,2024-10-14
cli_005898,703150708,44,Saint-Louis,particulier,2025-06-05
cli_005899,765101666,25,Dakar,particulier,2026-04-10
cli_005900,705561832,27,Kolda,marchand,2025-06-02
cli_005901,705121648,23,Dakar,particulier,2025-10-08
cli_005902,778491660,26,Dakar,marchand,2026-09-06
cli_005903,771410225,18,Saint-Louis,particulier,2024-11-25
cli_005904,705749911,32,Kaolack,particulier,2025-02-20
cli_005905,774872038,40,Diourbel,particulier,2025-06-30
cli_005906,772897777,25,Kolda,particulier,2025-05-21
cli_005907,786769578,33,Dakar,marchand,2025-07-30
cli_005908,708211992,31,Tambacounda,particulier,2026-01-16
cli_005909,705914469,45,Dakar,particulier,2024-11-12
cli_005910,761764563,27,Dakar,marchand,2025-08-16
cli_005911,771677553,27,Dakar,particulier,2026-01-19
cli_005912,784794674,24,Dakar,particulier,2025-05-12
cli_005913,767012503,21,Thiès,particulier,2026-06-01
cli_005914,773821583,39,Kolda,particulier,2026-02-03
cli_005915,763779764,32,Fatick,marchand,2026-06-21
cli_005916,778740989,34,Louga,particulier,2026-07-23
cli_005917,781129913,48,Dakar,particulier,2025-02-01
cli_005918,771717609,48,Kolda,particulier,2025-11-09
cli_005919,762400359,18,Thiès,particulier,2025-01-07
cli_005920,709852312,41,Ziguinchor,particulier,2025-06-16
cli_005921,775478036,36,Ziguinchor,particulier,2026-04-06
cli_005922,702424591,28,Dakar,particulier,2026-04-22
cli_005923,763793614,37,Diourbel,particulier,2025-10-25
cli_005924,709724770,18,Kolda,particulier,2026-07-16
cli_005925,707249446,50,Dakar,particulier,2025-07-24
cli_005926,773013240,39,Ziguinchor,particulier,2025-10-24
cli_005927,763165881,24,Tambacounda,particulier,2026-06-14
cli_005928,761674600,27,Thiès,particulier,2025-09-06
cli_005929,777955164,18,Thiès,particulier,2025-01-13
cli_005930,782236634,30,Diourbel,particulier,2024-11-30
cli_005931,703578294,28,Fatick,particulier,2025-11-22
cli_005932,764135353,19,Thiès,particulier,2026-08-01
cli_005933,786587772,42,Diourbel,particulier,2025-01-02
cli_005934,786456872,48,Dakar,particulier,2025-08-18
cli_005935,708192946,33,Tambacounda,particulier,2025-03-18
cli_005936,783675433,30,Kolda,particulier,2026-08-22
cli_005937,774470004,38,Kaolack,marchand,2026-02-20
cli_005938,764497656,33,Tambacounda,particulier,2026-02-27
cli_005939,701421244,22,Ziguinchor,particulier,2025-04-19
cli_005940,777638157,26,Tambacounda,particulier,2025-05-15
cli_005941,785819009,30,Dakar,particulier,2025-04-02
cli_005942,785281121,36,Dakar,particulier,2025-12-08
cli_005943,779958680,34,Kolda,particulier,2026-02-09
cli_005944,762609615,36,Thiès,particulier,2026-05-09
cli_005945,789720925,18,Thiès,particulier,2026-03-23
cli_005946,777123349,41,Louga,particulier,2026-05-27
cli_005947,782989199,34,Kaolack,particulier,2025-01-31
cli_005948,707106677,62,Thiès,particulier,2025-05-18
cli_005949,707801267,29,Thiès,particulier,2025-05-17
cli_005950,764262281,37,Thiès,particulier,2024-12-17
cli_005951,784104566,65,Dakar,marchand,2025-04-02
cli_005952,708516675,36,Dakar,marchand,2026-02-02
cli_005953,772442452,33,Saint-Louis,particulier,2026-02-07
cli_005954,761120060,23,Louga,particulier,2026-06-23
cli_005955,766993231,50,Thiès,marchand,2025-04-15
cli_005956,769158882,21,Thiès,particulier,2024-12-25
cli_005957,775507818,38,Kaolack,particulier,2025-04-21
cli_005958,762214789,28,Dakar,particulier,2025-10-15
cli_005959,765853074,31,Thiès,particulier,2026-01-24
cli_005960,703266950,18,Dakar,particulier,2025-11-08
cli_005961,778446533,48,Kaolack,particulier,2026-03-10
cli_005962,766508953,30,Dakar,particulier,2026-05-26
cli_005963,704028892,20,Thiès,particulier,2025-11-13
cli_005964,786621005,47,Saint-Louis,particulier,2026-04-04
cli_005965,767003852,28,Fatick,particulier,2025-04-03
cli_005966,777108661,37,Ziguinchor,particulier,2024-12-02
cli_005967,764295722,43,Tambacounda,particulier,2026-05-05
cli_005968,766135667,39,Kaolack,particulier,2026-09-19
cli_005969,771384515,18,Thiès,particulier,2024-12-25
cli_005970,774631934,41,Dakar,particulier,2026-02-21
cli_005971,764402135,32,Dakar,particulier,2026-03-21
cli_005972,775812066,30,Dakar,particulier,2025-01-08
cli_005973,789550309,32,Dakar,particulier,2025-01-19
cli_005974,779581833,18,Thiès,particulier,2025-07-27
cli_005975,705349361,36,Ziguinchor,particulier,2026-06-02
cli_005976,766815282,18,Ziguinchor,particulier,2025-04-27
cli_005977,701974073,30,Dakar,particulier,2025-04-02
cli_005978,775340359,35,Diourbel,particulier,2025-11-04
cli_005979,777190440,45,Dakar,marchand,2025-08-10
cli_005980,767145160,24,Diourbel,particulier,2025-08-28
cli_005981,769670413,49,Diourbel,particulier,2025-05-29
cli_005982,705196174,44,Dakar,particulier,2025-09-13
cli_005983,709171506,29,Dakar,particulier,2024-10-13
cli_005984,709808444,21,Tambacounda,particulier,2026-08-29
cli_005985,776147646,18,Saint-Louis,particulier,2026-08-16
cli_005986,781823305,36,Saint-Louis,marchand,2026-06-05
cli_005987,704386526,25,Dakar,particulier,2026-06-07
cli_005988,767882451,47,Dakar,marchand,2025-09-25
cli_005989,706226098,26,Thiès,particulier,2026-07-28
cli_005990,769426866,24,Tambacounda,particulier,2026-05-07
cli_005991,778343378,36,Dakar,particulier,2025-09-10
cli_005992,781569052,26,Dakar,particulier,2024-12-07
cli_005993,708751135,34,Tambacounda,particulier,2025-02-15
cli_005994,764216347,44,Diourbel,particulier,2026-04-18
cli_005995,778369594,35,Dakar,particulier,2026-08-15
cli_005996,775570047,35,Kaolack,particulier,2025-04-03
cli_005997,705099286,36,Diourbel,marchand,2025-03-04
cli_005998,701652023,18,Tambacounda,particulier,2024-11-15
cli_005999,702069721,38,Dakar,particulier,2025-11-12
cli_006000,776357668,35,Louga,particulier,2026-08-12
