id_compte,id_client,date_creation_compte,anciennete_jours,zone_habituelle,statut_compte
cpt_000001,cli_000001,2025-08-05,415,Saint-Louis,actif
cpt_000002,cli_000002,2026-01-14,253,Thiès,actif
cpt_000003,cli_000003,2025-05-07,505,Pikine,actif
cpt_000004,cli_000004,2025-07-07,444,Touba,actif
cpt_000005,cli_000005,2026-02-07,229,Dakar-Plateau,actif
cpt_000006,cli_000006,2026-04-04,173,Touba,actif
cpt_000007,cli_000007,2025-08-21,399,Thiès,actif
cpt_000008,cli_000008,2026-01-31,236,Dakar-Plateau,actif
cpt_000009,cli_000009,2026-04-04,173,Dakar-Plateau,actif
cpt_000010,cli_000010,2026-04-15,162,Touba,actif
cpt_000011,cli_000011,2025-05-30,482,Pikine,actif
cpt_000012,cli_000012,2025-11-29,299,Kaolack,actif
cpt_000013,cli_000013,2026-01-20,247,Touba,actif
cpt_000014,cli_000014,2026-07-05,81,Mbour,actif
cpt_000015,cli_000015,2026-08-17,38,Pikine,suspendu
cpt_000016,cli_000016,2025-05-08,504,Mbour,actif
cpt_000017,cli_000017,2024-10-20,704,Ziguinchor,actif
cpt_000018,cli_000018,2026-01-30,237,Dakar-Plateau,actif
cpt_000019,cli_000019,2025-01-20,612,Guédiawaye,actif
cpt_000020,cli_000020,2025-07-14,437,Pikine,actif
cpt_000021,cli_000021,2026-02-16,220,Guédiawaye,actif
cpt_000022,cli_000022,2025-08-07,413,Touba,fermé
cpt_000023,cli_000023,2026-06-21,95,Parcelles Assainies,actif
cpt_000024,cli_000024,2026-01-24,243,Thiès,actif
cpt_000025,cli_000025,2025-04-09,533,Pikine,actif
cpt_000026,cli_000026,2025-01-14,618,Dakar-Plateau,actif
cpt_000027,cli_000027,2026-04-18,159,Pikine,actif
cpt_000028,cli_000028,2024-12-03,660,Kaolack,actif
cpt_000029,cli_000029,2025-07-11,440,Thiès,actif
cpt_000030,cli_000030,2026-04-11,166,Guédiawaye,actif
cpt_000031,cli_000031,2025-03-07,566,Touba,actif
cpt_000032,cli_000032,2024-12-21,642,Dakar-Plateau,actif
cpt_000033,cli_000033,2026-03-09,199,Pikine,actif
cpt_000034,cli_000034,2026-07-10,76,Pikine,actif
cpt_000035,cli_000035,2026-03-04,204,Diourbel,actif
cpt_000036,cli_000036,2025-03-21,552,Mbour,actif
cpt_000037,cli_000037,2026-08-14,41,Thiès,actif
cpt_000038,cli_000038,2026-03-01,207,Dakar-Plateau,actif
cpt_000039,cli_000039,2026-02-03,233,Dakar-Plateau,actif
cpt_000040,cli_000040,2026-09-14,10,Thiès,actif
cpt_000041,cli_000041,2025-07-15,436,Guédiawaye,actif
cpt_000042,cli_000042,2025-02-16,585,Ziguinchor,actif
cpt_000043,cli_000043,2026-06-05,111,Touba,actif
cpt_000044,cli_000044,2024-12-17,646,Parcelles Assainies,actif
cpt_000045,cli_000045,2024-10-29,695,Touba,actif
cpt_000046,cli_000046,2025-01-01,631,Diourbel,actif
cpt_000047,cli_000047,2025-04-17,525,Parcelles Assainies,actif
cpt_000048,cli_000048,2025-11-05,323,Thiès,actif
cpt_000049,cli_000049,2026-05-01,146,Ziguinchor,fermé
cpt_000050,cli_000050,2024-11-30,663,Pikine,actif
cpt_000051,cli_000051,2025-09-05,384,Kaolack,actif
cpt_000052,cli_000052,2025-10-29,330,Dakar-Plateau,actif
cpt_000053,cli_000053,2025-12-13,285,Thiès,actif
cpt_000054,cli_000054,2026-04-19,158,Touba,actif
cpt_000055,cli_000055,2025-12-21,277,Thiès,actif
cpt_000056,cli_000056,2025-02-19,582,Rufisque,actif
cpt_000057,cli_000057,2025-08-13,407,Thiès,actif
cpt_000058,cli_000058,2025-12-09,289,Dakar-Plateau,fermé
cpt_000059,cli_000059,2026-07-10,76,Dakar-Plateau,actif
cpt_000060,cli_000060,2025-11-28,300,Pikine,actif
cpt_000061,cli_000061,2026-04-24,153,Thiès,actif
cpt_000062,cli_000062,2025-12-11,287,Parcelles Assainies,actif
cpt_000063,cli_000063,2026-06-07,109,Pikine,actif
cpt_000064,cli_000064,2024-11-06,687,Kaolack,actif
cpt_000065,cli_000065,2026-05-22,125,Guédiawaye,actif
cpt_000066,cli_000066,2026-06-26,90,Parcelles Assainies,actif
cpt_000067,cli_000067,2025-06-07,474,Parcelles Assainies,actif
cpt_000068,cli_000068,2026-01-17,250,Dakar-Plateau,actif
cpt_000069,cli_000069,2024-09-27,727,Touba,actif
cpt_000070,cli_000070,2025-12-05,293,Parcelles Assainies,actif
cpt_000071,cli_000071,2025-06-09,472,Dakar-Plateau,actif
cpt_000072,cli_000072,2025-01-23,609,Diourbel,actif
cpt_000073,cli_000073,2024-10-08,716,Saint-Louis,actif
cpt_000074,cli_000074,2025-02-10,591,Touba,actif
cpt_000075,cli_000075,2025-08-02,418,Kaolack,actif
cpt_000076,cli_000076,2025-02-09,592,Kaolack,actif
cpt_000077,cli_000077,2026-03-02,206,Guédiawaye,actif
cpt_000078,cli_000078,2024-12-29,634,Thiès,actif
cpt_000079,cli_000079,2024-12-29,634,Thiès,actif
cpt_000080,cli_000080,2025-12-21,277,Pikine,actif
cpt_000081,cli_000081,2026-08-10,45,Pikine,actif
cpt_000082,cli_000082,2025-05-14,498,Dakar-Plateau,actif
cpt_000083,cli_000083,2026-07-11,75,Mbour,actif
cpt_000084,cli_000084,2026-09-15,9,Touba,actif
cpt_000085,cli_000085,2024-11-05,688,Touba,actif
cpt_000086,cli_000086,2025-08-09,411,Pikine,actif
cpt_000087,cli_000087,2025-06-07,474,Dakar-Plateau,actif
cpt_000088,cli_000088,2024-12-22,641,Parcelles Assainies,actif
cpt_000089,cli_000089,2024-11-18,675,Rufisque,actif
cpt_000090,cli_000090,2024-10-30,694,Ziguinchor,actif
cpt_000091,cli_000091,2026-06-21,95,Kaolack,actif
cpt_000092,cli_000092,2026-02-03,233,Ziguinchor,actif
cpt_000093,cli_000093,2025-03-16,557,Kaolack,actif
cpt_000094,cli_000094,2026-09-04,20,Diourbel,actif
cpt_000095,cli_000095,2026-04-09,168,Parcelles Assainies,actif
cpt_000096,cli_000096,2025-09-14,375,Dakar-Plateau,actif
cpt_000097,cli_000097,2026-01-17,250,Dakar-Plateau,actif
cpt_000098,cli_000098,2026-05-24,123,Guédiawaye,actif
cpt_000099,cli_000099,2024-12-10,653,Pikine,actif
cpt_000100,cli_000100,2025-11-01,327,Dakar-Plateau,suspendu
cpt_000101,cli_000101,2025-12-02,296,Ziguinchor,actif
cpt_000102,cli_000102,2025-06-01,480,Dakar-Plateau,actif
cpt_000103,cli_000103,2025-05-27,485,Ziguinchor,actif
cpt_000104,cli_000104,2025-09-29,360,Touba,actif
cpt_000105,cli_000105,2024-12-19,644,Thiès,actif
cpt_000106,cli_000106,2026-02-23,213,Mbour,actif
cpt_000107,cli_000107,2024-12-31,632,Guédiawaye,actif
cpt_000108,cli_000108,2025-01-01,631,Thiès,actif
cpt_000109,cli_000109,2026-09-19,5,Dakar-Plateau,actif
cpt_000110,cli_000110,2025-03-25,548,Ziguinchor,actif
cpt_000111,cli_000111,2026-06-01,115,Pikine,suspendu
cpt_000112,cli_000112,2025-10-08,351,Pikine,actif
cpt_000113,cli_000113,2024-11-25,668,Touba,actif
cpt_000114,cli_000114,2026-05-06,141,Mbour,actif
cpt_000115,cli_000115,2025-08-11,409,Parcelles Assainies,actif
cpt_000116,cli_000116,2025-03-08,565,Thiès,actif
cpt_000117,cli_000117,2025-10-08,351,Dakar-Plateau,actif
cpt_000118,cli_000118,2026-07-29,57,Mbour,actif
cpt_000119,cli_000119,2026-08-08,47,Pikine,actif
cpt_000120,cli_000120,2025-09-11,378,Pikine,actif
cpt_000121,cli_000121,2026-09-07,17,Dakar-Plateau,actif
cpt_000122,cli_000122,2026-09-15,9,Guédiawaye,actif
cpt_000123,cli_000123,2024-10-31,693,Guédiawaye,actif
cpt_000124,cli_000124,2025-09-02,387,Parcelles Assainies,actif
cpt_000125,cli_000125,2025-10-17,342,Dakar-Plateau,actif
cpt_000126,cli_000126,2026-07-14,72,Dakar-Plateau,actif
cpt_000127,cli_000127,2025-02-27,574,Rufisque,actif
cpt_000128,cli_000128,2025-09-19,370,Dakar-Plateau,actif
cpt_000129,cli_000129,2026-04-18,159,Mbour,actif
cpt_000130,cli_000130,2025-03-27,546,Ziguinchor,actif
cpt_000131,cli_000131,2026-04-06,171,Parcelles Assainies,actif
cpt_000132,cli_000132,2025-09-24,365,Kaolack,actif
cpt_000133,cli_000133,2025-08-11,409,Dakar-Plateau,actif
cpt_000134,cli_000134,2026-03-06,202,Dakar-Plateau,actif
cpt_000135,cli_000135,2024-12-27,636,Touba,actif
cpt_000136,cli_000136,2025-04-30,512,Touba,actif
cpt_000137,cli_000137,2026-02-28,208,Saint-Louis,actif
cpt_000138,cli_000138,2026-06-01,115,Dakar-Plateau,actif
cpt_000139,cli_000139,2026-01-28,239,Touba,actif
cpt_000140,cli_000140,2025-10-21,338,Guédiawaye,actif
cpt_000141,cli_000141,2025-08-22,398,Pikine,actif
cpt_000142,cli_000142,2025-12-07,291,Dakar-Plateau,actif
cpt_000143,cli_000143,2026-08-26,29,Diourbel,actif
cpt_000144,cli_000144,2025-05-21,491,Dakar-Plateau,actif
cpt_000145,cli_000145,2025-12-25,273,Saint-Louis,actif
cpt_000146,cli_000146,2026-01-26,241,Thiès,actif
cpt_000147,cli_000147,2025-08-14,406,Touba,actif
cpt_000148,cli_000148,2025-01-24,608,Touba,actif
cpt_000149,cli_000149,2026-09-24,0,Kaolack,actif
cpt_000150,cli_000150,2024-10-23,701,Dakar-Plateau,actif
cpt_000151,cli_000151,2025-06-19,462,Dakar-Plateau,actif
cpt_000152,cli_000152,2025-08-22,398,Thiès,actif
cpt_000153,cli_000153,2026-08-21,34,Guédiawaye,actif
cpt_000154,cli_000154,2025-04-24,518,Dakar-Plateau,suspendu
cpt_000155,cli_000155,2025-04-19,523,Dakar-Plateau,actif
cpt_000156,cli_000156,2025-08-14,406,Guédiawaye,actif
cpt_000157,cli_000157,2025-02-16,585,Dakar-Plateau,actif
cpt_000158,cli_000158,2025-01-22,610,Dakar-Plateau,actif
cpt_000159,cli_000159,2025-01-22,610,Ziguinchor,actif
cpt_000160,cli_000160,2026-01-31,236,Pikine,actif
cpt_000161,cli_000161,2025-05-25,487,Diourbel,actif
cpt_000162,cli_000162,2026-08-16,39,Diourbel,actif
cpt_000163,cli_000163,2025-08-12,408,Dakar-Plateau,actif
cpt_000164,cli_000164,2026-06-11,105,Touba,actif
cpt_000165,cli_000165,2026-02-13,223,Thiès,actif
cpt_000166,cli_000166,2025-05-22,490,Mbour,actif
cpt_000167,cli_000167,2025-11-19,309,Dakar-Plateau,actif
cpt_000168,cli_000168,2025-01-02,630,Dakar-Plateau,actif
cpt_000169,cli_000169,2026-07-23,63,Dakar-Plateau,actif
cpt_000170,cli_000170,2024-10-15,709,Thiès,actif
cpt_000171,cli_000171,2025-04-26,516,Diourbel,actif
cpt_000172,cli_000172,2025-11-14,314,Mbour,actif
cpt_000173,cli_000173,2026-09-09,15,Touba,actif
cpt_000174,cli_000174,2026-08-27,28,Diourbel,actif
cpt_000175,cli_000175,2025-11-29,299,Mbour,actif
cpt_000176,cli_000176,2025-08-04,416,Dakar-Plateau,fermé
cpt_000177,cli_000177,2025-09-22,367,Kaolack,actif
cpt_000178,cli_000178,2026-02-19,217,Guédiawaye,actif
cpt_000179,cli_000179,2025-06-11,470,Dakar-Plateau,actif
cpt_000180,cli_000180,2025-07-05,446,Rufisque,actif
cpt_000181,cli_000181,2026-01-20,247,Ziguinchor,actif
cpt_000182,cli_000182,2026-01-29,238,Pikine,actif
cpt_000183,cli_000183,2025-11-07,321,Rufisque,actif
cpt_000184,cli_000184,2025-04-03,539,Dakar-Plateau,suspendu
cpt_000185,cli_000185,2025-07-24,427,Dakar-Plateau,actif
cpt_000186,cli_000186,2026-06-25,91,Dakar-Plateau,suspendu
cpt_000187,cli_000187,2024-11-20,673,Touba,actif
cpt_000188,cli_000188,2026-04-30,147,Kaolack,actif
cpt_000189,cli_000189,2025-05-23,489,Dakar-Plateau,actif
cpt_000190,cli_000190,2026-09-12,12,Pikine,actif
cpt_000191,cli_000191,2026-03-25,183,Dakar-Plateau,actif
cpt_000192,cli_000192,2025-08-11,409,Dakar-Plateau,actif
cpt_000193,cli_000193,2025-01-17,615,Rufisque,actif
cpt_000194,cli_000194,2025-08-10,410,Mbour,actif
cpt_000195,cli_000195,2026-08-18,37,Thiès,actif
cpt_000196,cli_000196,2024-10-27,697,Guédiawaye,actif
cpt_000197,cli_000197,2026-03-10,198,Rufisque,actif
cpt_000198,cli_000198,2026-01-01,266,Dakar-Plateau,actif
cpt_000199,cli_000199,2026-07-08,78,Dakar-Plateau,actif
cpt_000200,cli_000200,2025-05-08,504,Ziguinchor,actif
cpt_000201,cli_000201,2025-11-03,325,Touba,actif
cpt_000202,cli_000202,2026-04-20,157,Ziguinchor,actif
cpt_000203,cli_000203,2025-06-18,463,Ziguinchor,actif
cpt_000204,cli_000204,2026-05-07,140,Thiès,actif
cpt_000205,cli_000205,2025-09-03,386,Ziguinchor,actif
cpt_000206,cli_000206,2025-05-29,483,Parcelles Assainies,actif
cpt_000207,cli_000207,2025-02-12,589,Dakar-Plateau,actif
cpt_000208,cli_000208,2025-05-09,503,Dakar-Plateau,actif
cpt_000209,cli_000209,2025-08-07,413,Dakar-Plateau,actif
cpt_000210,cli_000210,2026-09-02,22,Dakar-Plateau,actif
cpt_000211,cli_000211,2026-04-08,169,Guédiawaye,actif
cpt_000212,cli_000212,2025-08-01,419,Mbour,actif
cpt_000213,cli_000213,2025-08-31,389,Saint-Louis,actif
cpt_000214,cli_000214,2025-09-01,388,Thiès,actif
cpt_000215,cli_000215,2025-04-08,534,Dakar-Plateau,actif
cpt_000216,cli_000216,2024-12-04,659,Touba,actif
cpt_000217,cli_000217,2025-09-22,367,Guédiawaye,suspendu
cpt_000218,cli_000218,2026-06-17,99,Dakar-Plateau,fermé
cpt_000219,cli_000219,2025-11-07,321,Pikine,actif
cpt_000220,cli_000220,2026-03-27,181,Guédiawaye,actif
cpt_000221,cli_000221,2025-09-03,386,Pikine,suspendu
cpt_000222,cli_000222,2025-07-23,428,Saint-Louis,actif
cpt_000223,cli_000223,2025-08-23,397,Touba,actif
cpt_000224,cli_000224,2025-07-27,424,Mbour,actif
cpt_000225,cli_000225,2026-02-12,224,Dakar-Plateau,actif
cpt_000226,cli_000226,2026-05-19,128,Saint-Louis,actif
cpt_000227,cli_000227,2025-01-13,619,Mbour,fermé
cpt_000228,cli_000228,2025-12-07,291,Dakar-Plateau,actif
cpt_000229,cli_000229,2026-04-27,150,Thiès,actif
cpt_000230,cli_000230,2024-09-28,726,Parcelles Assainies,actif
cpt_000231,cli_000231,2026-09-02,22,Parcelles Assainies,actif
cpt_000232,cli_000232,2026-01-18,249,Dakar-Plateau,actif
cpt_000233,cli_000233,2025-04-01,541,Rufisque,actif
cpt_000234,cli_000234,2025-12-01,297,Dakar-Plateau,actif
cpt_000235,cli_000235,2025-01-19,613,Dakar-Plateau,actif
cpt_000236,cli_000236,2026-01-08,259,Dakar-Plateau,actif
cpt_000237,cli_000237,2025-06-15,466,Ziguinchor,actif
cpt_000238,cli_000238,2025-11-18,310,Pikine,actif
cpt_000239,cli_000239,2025-10-18,341,Guédiawaye,actif
cpt_000240,cli_000240,2025-09-29,360,Guédiawaye,actif
cpt_000241,cli_000241,2024-10-13,711,Kaolack,actif
cpt_000242,cli_000242,2025-03-21,552,Thiès,actif
cpt_000243,cli_000243,2025-12-27,271,Ziguinchor,actif
cpt_000244,cli_000244,2025-11-27,301,Pikine,actif
cpt_000245,cli_000245,2025-12-05,293,Dakar-Plateau,actif
cpt_000246,cli_000246,2025-04-05,537,Rufisque,actif
cpt_000247,cli_000247,2025-07-23,428,Guédiawaye,actif
cpt_000248,cli_000248,2025-09-01,388,Saint-Louis,actif
cpt_000249,cli_000249,2025-11-17,311,Kaolack,actif
cpt_000250,cli_000250,2025-12-07,291,Parcelles Assainies,actif
cpt_000251,cli_000251,2025-08-15,405,Diourbel,actif
cpt_000252,cli_000252,2025-01-28,604,Rufisque,actif
cpt_000253,cli_000253,2024-10-19,705,Pikine,actif
cpt_000254,cli_000254,2026-08-11,44,Parcelles Assainies,actif
cpt_000255,cli_000255,2026-04-06,171,Dakar-Plateau,actif
cpt_000256,cli_000256,2025-05-12,500,Saint-Louis,actif
cpt_000257,cli_000257,2026-06-10,106,Dakar-Plateau,actif
cpt_000258,cli_000258,2025-07-05,446,Pikine,actif
cpt_000259,cli_000259,2025-11-19,309,Thiès,actif
cpt_000260,cli_000260,2026-05-09,138,Dakar-Plateau,actif
cpt_000261,cli_000261,2025-09-24,365,Dakar-Plateau,suspendu
cpt_000262,cli_000262,2025-09-17,372,Mbour,actif
cpt_000263,cli_000263,2025-04-23,519,Dakar-Plateau,actif
cpt_000264,cli_000264,2025-02-02,599,Parcelles Assainies,actif
cpt_000265,cli_000265,2024-10-31,693,Guédiawaye,actif
cpt_000266,cli_000266,2025-11-09,319,Pikine,actif
cpt_000267,cli_000267,2025-05-11,501,Dakar-Plateau,actif
cpt_000268,cli_000268,2025-02-28,573,Touba,actif
cpt_000269,cli_000269,2024-10-07,717,Ziguinchor,actif
cpt_000270,cli_000270,2025-06-08,473,Dakar-Plateau,actif
cpt_000271,cli_000271,2026-03-29,179,Ziguinchor,actif
cpt_000272,cli_000272,2026-01-17,250,Thiès,actif
cpt_000273,cli_000273,2026-04-24,153,Thiès,actif
cpt_000274,cli_000274,2026-05-06,141,Mbour,actif
cpt_000275,cli_000275,2026-02-14,222,Mbour,actif
cpt_000276,cli_000276,2025-09-27,362,Saint-Louis,actif
cpt_000277,cli_000277,2025-03-01,572,Parcelles Assainies,actif
cpt_000278,cli_000278,2026-02-26,210,Rufisque,actif
cpt_000279,cli_000279,2026-05-11,136,Guédiawaye,actif
cpt_000280,cli_000280,2026-06-23,93,Dakar-Plateau,actif
cpt_000281,cli_000281,2026-05-04,143,Mbour,actif
cpt_000282,cli_000282,2025-11-14,314,Dakar-Plateau,fermé
cpt_000283,cli_000283,2025-11-30,298,Pikine,actif
cpt_000284,cli_000284,2025-12-09,289,Dakar-Plateau,actif
cpt_000285,cli_000285,2026-02-06,230,Dakar-Plateau,actif
cpt_000286,cli_000286,2025-11-01,327,Thiès,actif
cpt_000287,cli_000287,2025-06-09,472,Thiès,actif
cpt_000288,cli_000288,2026-08-24,31,Parcelles Assainies,actif
cpt_000289,cli_000289,2024-12-16,647,Dakar-Plateau,actif
cpt_000290,cli_000290,2026-02-15,221,Parcelles Assainies,actif
cpt_000291,cli_000291,2026-06-18,98,Guédiawaye,actif
cpt_000292,cli_000292,2026-05-20,127,Touba,actif
cpt_000293,cli_000293,2025-08-25,395,Thiès,actif
cpt_000294,cli_000294,2025-09-10,379,Rufisque,actif
cpt_000295,cli_000295,2026-07-23,63,Parcelles Assainies,actif
cpt_000296,cli_000296,2025-09-27,362,Diourbel,actif
cpt_000297,cli_000297,2026-04-19,158,Touba,actif
cpt_000298,cli_000298,2024-11-30,663,Rufisque,actif
cpt_000299,cli_000299,2026-02-11,225,Parcelles Assainies,actif
cpt_000300,cli_000300,2024-09-25,729,Dakar-Plateau,actif
cpt_000301,cli_000301,2025-07-29,422,Ziguinchor,actif
cpt_000302,cli_000302,2024-10-24,700,Pikine,actif
cpt_000303,cli_000303,2025-08-15,405,Pikine,actif
cpt_000304,cli_000304,2026-06-28,88,Diourbel,actif
cpt_000305,cli_000305,2025-06-14,467,Touba,actif
cpt_000306,cli_000306,2025-10-10,349,Dakar-Plateau,actif
cpt_000307,cli_000307,2025-02-05,596,Dakar-Plateau,actif
cpt_000308,cli_000308,2025-12-14,284,Dakar-Plateau,actif
cpt_000309,cli_000309,2026-05-11,136,Thiès,actif
cpt_000310,cli_000310,2026-07-03,83,Dakar-Plateau,actif
cpt_000311,cli_000311,2025-04-03,539,Ziguinchor,actif
cpt_000312,cli_000312,2026-04-10,167,Ziguinchor,actif
cpt_000313,cli_000313,2025-05-25,487,Rufisque,actif
cpt_000314,cli_000314,2026-06-18,98,Thiès,actif
cpt_000315,cli_000315,2026-07-28,58,Pikine,actif
cpt_000316,cli_000316,2025-04-27,515,Dakar-Plateau,actif
cpt_000317,cli_000317,2026-01-18,249,Touba,actif
cpt_000318,cli_000318,2025-08-09,411,Dakar-Plateau,actif
cpt_000319,cli_000319,2026-09-07,17,Dakar-Plateau,actif
cpt_000320,cli_000320,2026-05-12,135,Pikine,actif
cpt_000321,cli_000321,2026-07-21,65,Dakar-Plateau,actif
cpt_000322,cli_000322,2026-03-03,205,Parcelles Assainies,actif
cpt_000323,cli_000323,2026-03-04,204,Mbour,actif
cpt_000324,cli_000324,2025-12-28,270,Saint-Louis,actif
cpt_000325,cli_000325,2026-04-03,174,Thiès,actif
cpt_000326,cli_000326,2025-10-27,332,Saint-Louis,actif
cpt_000327,cli_000327,2024-12-07,656,Parcelles Assainies,actif
cpt_000328,cli_000328,2026-07-23,63,Saint-Louis,actif
cpt_000329,cli_000329,2024-12-11,652,Rufisque,actif
cpt_000330,cli_000330,2025-11-29,299,Pikine,actif
cpt_000331,cli_000331,2025-07-31,420,Ziguinchor,actif
cpt_000332,cli_000332,2025-05-23,489,Pikine,actif
cpt_000333,cli_000333,2025-04-07,535,Dakar-Plateau,actif
cpt_000334,cli_000334,2024-11-08,685,Pikine,actif
cpt_000335,cli_000335,2024-09-27,727,Guédiawaye,actif
cpt_000336,cli_000336,2026-07-18,68,Guédiawaye,actif
cpt_000337,cli_000337,2025-12-02,296,Rufisque,actif
cpt_000338,cli_000338,2025-08-28,392,Kaolack,actif
cpt_000339,cli_000339,2025-09-09,380,Pikine,actif
cpt_000340,cli_000340,2024-10-05,719,Rufisque,actif
cpt_000341,cli_000341,2025-06-09,472,Guédiawaye,actif
cpt_000342,cli_000342,2025-12-05,293,Saint-Louis,actif
cpt_000343,cli_000343,2024-11-24,669,Dakar-Plateau,actif
cpt_000344,cli_000344,2025-04-11,531,Dakar-Plateau,actif
cpt_000345,cli_000345,2025-02-23,578,Rufisque,actif
cpt_000346,cli_000346,2025-06-24,457,Mbour,actif
cpt_000347,cli_000347,2026-08-12,43,Saint-Louis,actif
cpt_000348,cli_000348,2024-10-20,704,Thiès,actif
cpt_000349,cli_000349,2025-04-22,520,Touba,actif
cpt_000350,cli_000350,2026-06-07,109,Guédiawaye,actif
cpt_000351,cli_000351,2026-03-26,182,Dakar-Plateau,actif
cpt_000352,cli_000352,2026-01-18,249,Dakar-Plateau,actif
cpt_000353,cli_000353,2026-03-23,185,Dakar-Plateau,actif
cpt_000354,cli_000354,2025-06-30,451,Guédiawaye,actif
cpt_000355,cli_000355,2025-08-25,395,Rufisque,actif
cpt_000356,cli_000356,2026-04-26,151,Guédiawaye,actif
cpt_000357,cli_000357,2025-05-04,508,Thiès,suspendu
cpt_000358,cli_000358,2026-03-02,206,Parcelles Assainies,actif
cpt_000359,cli_000359,2026-05-30,117,Mbour,actif
cpt_000360,cli_000360,2024-10-29,695,Mbour,actif
cpt_000361,cli_000361,2026-02-10,226,Pikine,actif
cpt_000362,cli_000362,2026-04-11,166,Guédiawaye,actif
cpt_000363,cli_000363,2025-04-20,522,Thiès,actif
cpt_000364,cli_000364,2025-03-20,553,Thiès,actif
cpt_000365,cli_000365,2026-06-05,111,Pikine,actif
cpt_000366,cli_000366,2026-08-16,39,Guédiawaye,actif
cpt_000367,cli_000367,2025-01-14,618,Mbour,actif
cpt_000368,cli_000368,2025-09-22,367,Thiès,actif
cpt_000369,cli_000369,2025-10-26,333,Dakar-Plateau,actif
cpt_000370,cli_000370,2025-11-24,304,Parcelles Assainies,actif
cpt_000371,cli_000371,2025-07-24,427,Kaolack,actif
cpt_000372,cli_000372,2025-05-23,489,Dakar-Plateau,actif
cpt_000373,cli_000373,2026-07-29,57,Kaolack,actif
cpt_000374,cli_000374,2026-03-15,193,Dakar-Plateau,actif
cpt_000375,cli_000375,2024-11-01,692,Rufisque,actif
cpt_000376,cli_000376,2026-05-25,122,Parcelles Assainies,actif
cpt_000377,cli_000377,2024-12-04,659,Dakar-Plateau,fermé
cpt_000378,cli_000378,2025-12-08,290,Ziguinchor,actif
cpt_000379,cli_000379,2026-05-09,138,Parcelles Assainies,actif
cpt_000380,cli_000380,2025-07-18,433,Ziguinchor,actif
cpt_000381,cli_000381,2025-05-28,484,Pikine,actif
cpt_000382,cli_000382,2026-01-15,252,Kaolack,actif
cpt_000383,cli_000383,2025-02-26,575,Ziguinchor,actif
cpt_000384,cli_000384,2026-08-09,46,Rufisque,actif
cpt_000385,cli_000385,2026-06-27,89,Dakar-Plateau,actif
cpt_000386,cli_000386,2025-06-27,454,Mbour,actif
cpt_000387,cli_000387,2025-07-30,421,Rufisque,actif
cpt_000388,cli_000388,2025-05-06,506,Ziguinchor,actif
cpt_000389,cli_000389,2025-01-16,616,Parcelles Assainies,actif
cpt_000390,cli_000390,2024-11-15,678,Pikine,actif
cpt_000391,cli_000391,2025-09-22,367,Dakar-Plateau,actif
cpt_000392,cli_000392,2025-09-23,366,Mbour,actif
cpt_000393,cli_000393,2024-11-20,673,Diourbel,actif
cpt_000394,cli_000394,2024-10-25,699,Dakar-Plateau,actif
cpt_000395,cli_000395,2026-08-23,32,Touba,actif
cpt_000396,cli_000396,2025-09-24,365,Ziguinchor,actif
cpt_000397,cli_000397,2024-11-22,671,Dakar-Plateau,actif
cpt_000398,cli_000398,2026-08-17,38,Dakar-Plateau,actif
cpt_000399,cli_000399,2024-10-12,712,Mbour,actif
cpt_000400,cli_000400,2025-03-27,546,Thiès,actif
cpt_000401,cli_000401,2026-06-06,110,Dakar-Plateau,actif
cpt_000402,cli_000402,2025-06-16,465,Saint-Louis,actif
cpt_000403,cli_000403,2025-11-14,314,Rufisque,actif
cpt_000404,cli_000404,2026-01-27,240,Kaolack,actif
cpt_000405,cli_000405,2025-06-30,451,Kaolack,actif
cpt_000406,cli_000406,2025-04-08,534,Saint-Louis,actif
cpt_000407,cli_000407,2024-12-13,650,Rufisque,actif
cpt_000408,cli_000408,2025-11-23,305,Pikine,actif
cpt_000409,cli_000409,2026-06-03,113,Rufisque,actif
cpt_000410,cli_000410,2025-01-02,630,Dakar-Plateau,actif
cpt_000411,cli_000411,2026-01-23,244,Mbour,actif
cpt_000412,cli_000412,2025-03-20,553,Dakar-Plateau,actif
cpt_000413,cli_000413,2025-02-20,581,Rufisque,actif
cpt_000414,cli_000414,2026-08-12,43,Dakar-Plateau,actif
cpt_000415,cli_000415,2025-11-29,299,Pikine,actif
cpt_000416,cli_000416,2026-07-27,59,Pikine,actif
cpt_000417,cli_000417,2025-07-13,438,Thiès,actif
cpt_000418,cli_000418,2025-02-21,580,Touba,actif
cpt_000419,cli_000419,2025-08-12,408,Dakar-Plateau,actif
cpt_000420,cli_000420,2026-02-01,235,Kaolack,suspendu
cpt_000421,cli_000421,2024-10-18,706,Kaolack,actif
cpt_000422,cli_000422,2026-07-26,60,Guédiawaye,actif
cpt_000423,cli_000423,2026-06-15,101,Mbour,actif
cpt_000424,cli_000424,2026-01-02,265,Parcelles Assainies,actif
cpt_000425,cli_000425,2024-11-03,690,Dakar-Plateau,actif
cpt_000426,cli_000426,2024-12-10,653,Rufisque,actif
cpt_000427,cli_000427,2025-08-12,408,Dakar-Plateau,actif
cpt_000428,cli_000428,2024-11-02,691,Kaolack,actif
cpt_000429,cli_000429,2024-12-03,660,Ziguinchor,actif
cpt_000430,cli_000430,2025-07-26,425,Saint-Louis,actif
cpt_000431,cli_000431,2026-06-30,86,Thiès,actif
cpt_000432,cli_000432,2024-12-10,653,Rufisque,actif
cpt_000433,cli_000433,2025-06-17,464,Diourbel,actif
cpt_000434,cli_000434,2026-06-13,103,Pikine,actif
cpt_000435,cli_000435,2025-01-21,611,Dakar-Plateau,actif
cpt_000436,cli_000436,2025-12-07,291,Thiès,actif
cpt_000437,cli_000437,2025-03-01,572,Guédiawaye,actif
cpt_000438,cli_000438,2026-03-21,187,Guédiawaye,actif
cpt_000439,cli_000439,2026-09-16,8,Dakar-Plateau,actif
cpt_000440,cli_000440,2025-10-29,330,Thiès,actif
cpt_000441,cli_000441,2025-11-02,326,Pikine,actif
cpt_000442,cli_000442,2025-01-03,629,Dakar-Plateau,actif
cpt_000443,cli_000443,2026-07-01,85,Dakar-Plateau,actif
cpt_000444,cli_000444,2024-11-29,664,Guédiawaye,actif
cpt_000445,cli_000445,2026-06-06,110,Kaolack,actif
cpt_000446,cli_000446,2024-11-14,679,Guédiawaye,actif
cpt_000447,cli_000447,2025-04-28,514,Mbour,actif
cpt_000448,cli_000448,2026-01-08,259,Touba,actif
cpt_000449,cli_000449,2024-10-28,696,Guédiawaye,actif
cpt_000450,cli_000450,2026-01-06,261,Saint-Louis,actif
cpt_000451,cli_000451,2025-06-22,459,Mbour,actif
cpt_000452,cli_000452,2026-09-16,8,Rufisque,actif
cpt_000453,cli_000453,2026-07-13,73,Dakar-Plateau,actif
cpt_000454,cli_000454,2026-01-09,258,Dakar-Plateau,actif
cpt_000455,cli_000455,2026-04-01,176,Diourbel,actif
cpt_000456,cli_000456,2026-04-13,164,Touba,actif
cpt_000457,cli_000457,2025-12-21,277,Ziguinchor,actif
cpt_000458,cli_000458,2025-07-10,441,Kaolack,actif
cpt_000459,cli_000459,2026-06-28,88,Dakar-Plateau,actif
cpt_000460,cli_000460,2025-03-24,549,Saint-Louis,suspendu
cpt_000461,cli_000461,2025-01-16,616,Parcelles Assainies,actif
cpt_000462,cli_000462,2025-01-22,610,Touba,actif
cpt_000463,cli_000463,2026-05-08,139,Dakar-Plateau,actif
cpt_000464,cli_000464,2024-12-23,640,Pikine,actif
cpt_000465,cli_000465,2026-06-21,95,Touba,suspendu
cpt_000466,cli_000466,2026-07-12,74,Saint-Louis,actif
cpt_000467,cli_000467,2025-04-12,530,Thiès,actif
cpt_000468,cli_000468,2025-03-20,553,Pikine,actif
cpt_000469,cli_000469,2026-06-23,93,Pikine,actif
cpt_000470,cli_000470,2025-11-28,300,Diourbel,actif
cpt_000471,cli_000471,2025-12-01,297,Parcelles Assainies,actif
cpt_000472,cli_000472,2025-04-19,523,Parcelles Assainies,actif
cpt_000473,cli_000473,2025-09-15,374,Rufisque,actif
cpt_000474,cli_000474,2025-07-15,436,Parcelles Assainies,actif
cpt_000475,cli_000475,2026-07-30,56,Rufisque,actif
cpt_000476,cli_000476,2024-10-14,710,Parcelles Assainies,suspendu
cpt_000477,cli_000477,2025-08-18,402,Saint-Louis,actif
cpt_000478,cli_000478,2025-05-24,488,Kaolack,actif
cpt_000479,cli_000479,2025-10-11,348,Ziguinchor,actif
cpt_000480,cli_000480,2026-03-28,180,Thiès,actif
cpt_000481,cli_000481,2025-05-25,487,Parcelles Assainies,actif
cpt_000482,cli_000482,2026-03-01,207,Mbour,actif
cpt_000483,cli_000483,2026-04-18,159,Saint-Louis,fermé
cpt_000484,cli_000484,2025-08-20,400,Thiès,actif
cpt_000485,cli_000485,2026-01-09,258,Mbour,actif
cpt_000486,cli_000486,2024-12-11,652,Touba,actif
cpt_000487,cli_000487,2025-06-01,480,Mbour,actif
cpt_000488,cli_000488,2025-12-27,271,Touba,actif
cpt_000489,cli_000489,2026-09-01,23,Dakar-Plateau,actif
cpt_000490,cli_000490,2026-01-21,246,Rufisque,actif
cpt_000491,cli_000491,2026-07-05,81,Thiès,actif
cpt_000492,cli_000492,2026-04-21,156,Dakar-Plateau,actif
cpt_000493,cli_000493,2026-03-04,204,Kaolack,actif
cpt_000494,cli_000494,2025-06-08,473,Thiès,actif
cpt_000495,cli_000495,2026-07-09,77,Dakar-Plateau,actif
cpt_000496,cli_000496,2026-05-30,117,Saint-Louis,actif
cpt_000497,cli_000497,2026-08-26,29,Touba,actif
cpt_000498,cli_000498,2024-11-25,668,Touba,actif
cpt_000499,cli_000499,2024-10-08,716,Guédiawaye,suspendu
cpt_000500,cli_000500,2026-02-20,216,Kaolack,actif
cpt_000501,cli_000501,2025-10-26,333,Parcelles Assainies,actif
cpt_000502,cli_000502,2026-02-19,217,Thiès,actif
cpt_000503,cli_000503,2025-09-03,386,Dakar-Plateau,actif
cpt_000504,cli_000504,2025-08-22,398,Thiès,actif
cpt_000505,cli_000505,2026-03-23,185,Touba,actif
cpt_000506,cli_000506,2025-06-12,469,Thiès,actif
cpt_000507,cli_000507,2026-09-20,4,Rufisque,actif
cpt_000508,cli_000508,2025-06-12,469,Saint-Louis,actif
cpt_000509,cli_000509,2025-03-26,547,Mbour,actif
cpt_000510,cli_000510,2026-08-17,38,Pikine,actif
cpt_000511,cli_000511,2025-04-18,524,Ziguinchor,actif
cpt_000512,cli_000512,2025-04-07,535,Mbour,actif
cpt_000513,cli_000513,2024-10-19,705,Diourbel,actif
cpt_000514,cli_000514,2025-02-17,584,Diourbel,actif
cpt_000515,cli_000515,2026-09-12,12,Ziguinchor,actif
cpt_000516,cli_000516,2026-07-26,60,Touba,actif
cpt_000517,cli_000517,2026-06-20,96,Thiès,actif
cpt_000518,cli_000518,2025-07-26,425,Dakar-Plateau,actif
cpt_000519,cli_000519,2025-04-24,518,Rufisque,actif
cpt_000520,cli_000520,2025-06-03,478,Touba,actif
cpt_000521,cli_000521,2026-01-27,240,Rufisque,actif
cpt_000522,cli_000522,2026-04-30,147,Kaolack,actif
cpt_000523,cli_000523,2026-08-08,47,Dakar-Plateau,actif
cpt_000524,cli_000524,2025-12-29,269,Guédiawaye,actif
cpt_000525,cli_000525,2026-02-17,219,Rufisque,actif
cpt_000526,cli_000526,2026-02-15,221,Parcelles Assainies,actif
cpt_000527,cli_000527,2026-07-26,60,Dakar-Plateau,actif
cpt_000528,cli_000528,2026-02-23,213,Dakar-Plateau,actif
cpt_000529,cli_000529,2025-01-25,607,Saint-Louis,actif
cpt_000530,cli_000530,2026-04-05,172,Parcelles Assainies,actif
cpt_000531,cli_000531,2024-12-25,638,Dakar-Plateau,actif
cpt_000532,cli_000532,2026-07-22,64,Dakar-Plateau,actif
cpt_000533,cli_000533,2025-06-16,465,Parcelles Assainies,actif
cpt_000534,cli_000534,2026-07-08,78,Dakar-Plateau,actif
cpt_000535,cli_000535,2025-12-18,280,Mbour,actif
cpt_000536,cli_000536,2024-10-28,696,Saint-Louis,actif
cpt_000537,cli_000537,2025-03-14,559,Pikine,actif
cpt_000538,cli_000538,2025-09-14,375,Thiès,actif
cpt_000539,cli_000539,2025-06-22,459,Dakar-Plateau,actif
cpt_000540,cli_000540,2025-05-30,482,Pikine,actif
cpt_000541,cli_000541,2025-02-26,575,Kaolack,suspendu
cpt_000542,cli_000542,2025-07-18,433,Rufisque,actif
cpt_000543,cli_000543,2025-09-16,373,Kaolack,actif
cpt_000544,cli_000544,2026-07-30,56,Pikine,actif
cpt_000545,cli_000545,2024-10-29,695,Guédiawaye,actif
cpt_000546,cli_000546,2025-08-07,413,Parcelles Assainies,actif
cpt_000547,cli_000547,2026-02-26,210,Parcelles Assainies,actif
cpt_000548,cli_000548,2026-06-19,97,Diourbel,actif
cpt_000549,cli_000549,2025-07-12,439,Dakar-Plateau,actif
cpt_000550,cli_000550,2025-03-05,568,Kaolack,actif
cpt_000551,cli_000551,2025-02-15,586,Kaolack,actif
cpt_000552,cli_000552,2024-12-18,645,Rufisque,actif
cpt_000553,cli_000553,2024-12-15,648,Guédiawaye,actif
cpt_000554,cli_000554,2025-06-27,454,Rufisque,actif
cpt_000555,cli_000555,2024-11-06,687,Pikine,actif
cpt_000556,cli_000556,2026-08-02,53,Saint-Louis,actif
cpt_000557,cli_000557,2025-12-13,285,Rufisque,actif
cpt_000558,cli_000558,2025-10-10,349,Ziguinchor,actif
cpt_000559,cli_000559,2025-05-05,507,Thiès,actif
cpt_000560,cli_000560,2026-02-21,215,Rufisque,actif
cpt_000561,cli_000561,2026-02-26,210,Touba,actif
cpt_000562,cli_000562,2024-12-04,659,Rufisque,actif
cpt_000563,cli_000563,2025-06-09,472,Kaolack,actif
cpt_000564,cli_000564,2025-06-18,463,Dakar-Plateau,actif
cpt_000565,cli_000565,2026-05-16,131,Diourbel,actif
cpt_000566,cli_000566,2025-09-25,364,Saint-Louis,actif
cpt_000567,cli_000567,2025-11-21,307,Kaolack,actif
cpt_000568,cli_000568,2025-06-29,452,Parcelles Assainies,actif
cpt_000569,cli_000569,2024-11-25,668,Saint-Louis,actif
cpt_000570,cli_000570,2026-03-07,201,Pikine,actif
cpt_000571,cli_000571,2025-02-13,588,Touba,actif
cpt_000572,cli_000572,2025-06-21,460,Dakar-Plateau,actif
cpt_000573,cli_000573,2025-09-28,361,Pikine,actif
cpt_000574,cli_000574,2024-10-31,693,Parcelles Assainies,actif
cpt_000575,cli_000575,2026-06-08,108,Guédiawaye,actif
cpt_000576,cli_000576,2025-05-18,494,Guédiawaye,actif
cpt_000577,cli_000577,2025-12-11,287,Saint-Louis,actif
cpt_000578,cli_000578,2025-05-16,496,Pikine,actif
cpt_000579,cli_000579,2026-06-18,98,Touba,actif
cpt_000580,cli_000580,2025-04-05,537,Dakar-Plateau,actif
cpt_000581,cli_000581,2026-08-05,50,Touba,actif
cpt_000582,cli_000582,2026-01-16,251,Saint-Louis,actif
cpt_000583,cli_000583,2024-12-02,661,Parcelles Assainies,actif
cpt_000584,cli_000584,2025-06-19,462,Touba,actif
cpt_000585,cli_000585,2025-10-02,357,Ziguinchor,actif
cpt_000586,cli_000586,2026-01-29,238,Saint-Louis,actif
cpt_000587,cli_000587,2026-07-23,63,Guédiawaye,actif
cpt_000588,cli_000588,2026-07-04,82,Parcelles Assainies,actif
cpt_000589,cli_000589,2025-04-23,519,Touba,actif
cpt_000590,cli_000590,2026-03-12,196,Pikine,actif
cpt_000591,cli_000591,2026-08-04,51,Saint-Louis,actif
cpt_000592,cli_000592,2025-11-12,316,Guédiawaye,actif
cpt_000593,cli_000593,2025-12-10,288,Saint-Louis,actif
cpt_000594,cli_000594,2024-10-29,695,Dakar-Plateau,actif
cpt_000595,cli_000595,2026-04-10,167,Dakar-Plateau,actif
cpt_000596,cli_000596,2026-03-16,192,Diourbel,actif
cpt_000597,cli_000597,2026-05-28,119,Kaolack,actif
cpt_000598,cli_000598,2026-05-12,135,Kaolack,actif
cpt_000599,cli_000599,2025-09-03,386,Ziguinchor,actif
cpt_000600,cli_000600,2026-04-17,160,Parcelles Assainies,actif
cpt_000601,cli_000601,2025-04-20,522,Pikine,actif
cpt_000602,cli_000602,2025-02-08,593,Dakar-Plateau,actif
cpt_000603,cli_000603,2025-10-06,353,Rufisque,actif
cpt_000604,cli_000604,2026-04-02,175,Pikine,actif
cpt_000605,cli_000605,2025-02-06,595,Ziguinchor,actif
cpt_000606,cli_000606,2024-10-21,703,Dakar-Plateau,actif
cpt_000607,cli_000607,2024-11-25,668,Dakar-Plateau,actif
cpt_000608,cli_000608,2024-11-24,669,Pikine,actif
cpt_000609,cli_000609,2025-02-16,585,Dakar-Plateau,suspendu
cpt_000610,cli_000610,2025-04-07,535,Pikine,actif
cpt_000611,cli_000611,2024-10-30,694,Mbour,actif
cpt_000612,cli_000612,2026-01-21,246,Guédiawaye,actif
cpt_000613,cli_000613,2024-11-18,675,Thiès,actif
cpt_000614,cli_000614,2026-09-10,14,Kaolack,actif
cpt_000615,cli_000615,2025-01-28,604,Thiès,actif
cpt_000616,cli_000616,2026-01-26,241,Mbour,actif
cpt_000617,cli_000617,2026-02-23,213,Guédiawaye,actif
cpt_000618,cli_000618,2025-05-20,492,Dakar-Plateau,actif
cpt_000619,cli_000619,2026-05-19,128,Guédiawaye,actif
cpt_000620,cli_000620,2024-09-29,725,Diourbel,actif
cpt_000621,cli_000621,2025-04-14,528,Thiès,actif
cpt_000622,cli_000622,2026-09-12,12,Pikine,actif
cpt_000623,cli_000623,2025-01-15,617,Parcelles Assainies,actif
cpt_000624,cli_000624,2026-07-09,77,Saint-Louis,actif
cpt_000625,cli_000625,2025-02-03,598,Mbour,actif
cpt_000626,cli_000626,2025-02-09,592,Thiès,actif
cpt_000627,cli_000627,2025-06-12,469,Kaolack,actif
cpt_000628,cli_000628,2025-07-14,437,Mbour,actif
cpt_000629,cli_000629,2025-01-29,603,Thiès,actif
cpt_000630,cli_000630,2025-01-13,619,Dakar-Plateau,actif
cpt_000631,cli_000631,2025-04-29,513,Dakar-Plateau,actif
cpt_000632,cli_000632,2026-05-23,124,Diourbel,actif
cpt_000633,cli_000633,2025-05-28,484,Thiès,actif
cpt_000634,cli_000634,2026-05-01,146,Parcelles Assainies,actif
cpt_000635,cli_000635,2026-08-21,34,Thiès,actif
cpt_000636,cli_000636,2026-06-08,108,Dakar-Plateau,actif
cpt_000637,cli_000637,2025-10-24,335,Saint-Louis,actif
cpt_000638,cli_000638,2024-10-22,702,Dakar-Plateau,actif
cpt_000639,cli_000639,2026-09-02,22,Saint-Louis,actif
cpt_000640,cli_000640,2026-08-04,51,Rufisque,actif
cpt_000641,cli_000641,2026-07-21,65,Pikine,actif
cpt_000642,cli_000642,2026-05-12,135,Dakar-Plateau,actif
cpt_000643,cli_000643,2025-08-29,391,Saint-Louis,actif
cpt_000644,cli_000644,2025-02-04,597,Dakar-Plateau,actif
cpt_000645,cli_000645,2026-08-23,32,Dakar-Plateau,actif
cpt_000646,cli_000646,2025-02-15,586,Touba,actif
cpt_000647,cli_000647,2024-11-29,664,Guédiawaye,actif
cpt_000648,cli_000648,2026-07-30,56,Guédiawaye,actif
cpt_000649,cli_000649,2025-11-03,325,Pikine,actif
cpt_000650,cli_000650,2025-02-11,590,Kaolack,actif
cpt_000651,cli_000651,2025-05-03,509,Pikine,actif
cpt_000652,cli_000652,2026-05-15,132,Dakar-Plateau,actif
cpt_000653,cli_000653,2026-06-09,107,Pikine,actif
cpt_000654,cli_000654,2025-11-07,321,Dakar-Plateau,actif
cpt_000655,cli_000655,2025-01-16,616,Pikine,actif
cpt_000656,cli_000656,2024-11-03,690,Dakar-Plateau,actif
cpt_000657,cli_000657,2025-10-13,346,Dakar-Plateau,actif
cpt_000658,cli_000658,2025-09-05,384,Parcelles Assainies,actif
cpt_000659,cli_000659,2025-08-12,408,Kaolack,actif
cpt_000660,cli_000660,2025-10-02,357,Dakar-Plateau,actif
cpt_000661,cli_000661,2025-06-08,473,Dakar-Plateau,actif
cpt_000662,cli_000662,2026-03-11,197,Kaolack,actif
cpt_000663,cli_000663,2025-08-26,394,Kaolack,actif
cpt_000664,cli_000664,2025-07-05,446,Mbour,actif
cpt_000665,cli_000665,2025-08-11,409,Pikine,actif
cpt_000666,cli_000666,2024-10-16,708,Parcelles Assainies,actif
cpt_000667,cli_000667,2025-04-01,541,Dakar-Plateau,actif
cpt_000668,cli_000668,2025-04-10,532,Dakar-Plateau,fermé
cpt_000669,cli_000669,2025-02-17,584,Guédiawaye,actif
cpt_000670,cli_000670,2025-09-04,385,Thiès,actif
cpt_000671,cli_000671,2026-02-16,220,Guédiawaye,actif
cpt_000672,cli_000672,2025-09-01,388,Thiès,actif
cpt_000673,cli_000673,2024-11-23,670,Pikine,actif
cpt_000674,cli_000674,2024-12-22,641,Guédiawaye,actif
cpt_000675,cli_000675,2026-01-12,255,Saint-Louis,actif
cpt_000676,cli_000676,2025-10-09,350,Kaolack,actif
cpt_000677,cli_000677,2026-03-11,197,Guédiawaye,actif
cpt_000678,cli_000678,2026-09-15,9,Thiès,actif
cpt_000679,cli_000679,2026-02-10,226,Pikine,actif
cpt_000680,cli_000680,2026-07-16,70,Dakar-Plateau,actif
cpt_000681,cli_000681,2026-01-08,259,Touba,actif
cpt_000682,cli_000682,2026-08-15,40,Dakar-Plateau,actif
cpt_000683,cli_000683,2026-02-08,228,Parcelles Assainies,actif
cpt_000684,cli_000684,2025-04-25,517,Parcelles Assainies,actif
cpt_000685,cli_000685,2025-01-16,616,Dakar-Plateau,actif
cpt_000686,cli_000686,2024-12-20,643,Dakar-Plateau,actif
cpt_000687,cli_000687,2025-08-12,408,Guédiawaye,actif
cpt_000688,cli_000688,2025-08-23,397,Ziguinchor,actif
cpt_000689,cli_000689,2024-10-20,704,Thiès,actif
cpt_000690,cli_000690,2025-08-17,403,Guédiawaye,actif
cpt_000691,cli_000691,2026-07-28,58,Dakar-Plateau,actif
cpt_000692,cli_000692,2024-11-13,680,Thiès,actif
cpt_000693,cli_000693,2025-07-07,444,Dakar-Plateau,actif
cpt_000694,cli_000694,2025-05-30,482,Rufisque,actif
cpt_000695,cli_000695,2026-07-15,71,Touba,actif
cpt_000696,cli_000696,2025-10-17,342,Parcelles Assainies,actif
cpt_000697,cli_000697,2025-10-27,332,Pikine,actif
cpt_000698,cli_000698,2025-02-09,592,Dakar-Plateau,actif
cpt_000699,cli_000699,2025-12-18,280,Dakar-Plateau,actif
cpt_000700,cli_000700,2026-01-16,251,Parcelles Assainies,actif
cpt_000701,cli_000701,2025-05-17,495,Kaolack,actif
cpt_000702,cli_000702,2026-09-15,9,Pikine,actif
cpt_000703,cli_000703,2025-03-29,544,Thiès,suspendu
cpt_000704,cli_000704,2026-09-18,6,Mbour,actif
cpt_000705,cli_000705,2026-04-03,174,Dakar-Plateau,actif
cpt_000706,cli_000706,2025-09-28,361,Dakar-Plateau,actif
cpt_000707,cli_000707,2026-05-05,142,Guédiawaye,actif
cpt_000708,cli_000708,2026-08-31,24,Mbour,actif
cpt_000709,cli_000709,2025-11-24,304,Parcelles Assainies,actif
cpt_000710,cli_000710,2025-04-28,514,Touba,actif
cpt_000711,cli_000711,2026-04-03,174,Kaolack,actif
cpt_000712,cli_000712,2026-03-10,198,Touba,actif
cpt_000713,cli_000713,2025-05-21,491,Diourbel,actif
cpt_000714,cli_000714,2024-11-05,688,Touba,actif
cpt_000715,cli_000715,2025-09-15,374,Kaolack,actif
cpt_000716,cli_000716,2025-08-15,405,Saint-Louis,actif
cpt_000717,cli_000717,2025-01-31,601,Touba,actif
cpt_000718,cli_000718,2026-08-08,47,Saint-Louis,actif
cpt_000719,cli_000719,2024-10-09,715,Ziguinchor,actif
cpt_000720,cli_000720,2025-10-14,345,Parcelles Assainies,actif
cpt_000721,cli_000721,2025-12-22,276,Thiès,actif
cpt_000722,cli_000722,2025-07-04,447,Rufisque,suspendu
cpt_000723,cli_000723,2024-12-02,661,Kaolack,actif
cpt_000724,cli_000724,2024-11-09,684,Parcelles Assainies,actif
cpt_000725,cli_000725,2025-03-09,564,Saint-Louis,actif
cpt_000726,cli_000726,2025-10-06,353,Saint-Louis,actif
cpt_000727,cli_000727,2026-06-10,106,Diourbel,actif
cpt_000728,cli_000728,2026-05-08,139,Pikine,actif
cpt_000729,cli_000729,2025-01-24,608,Mbour,actif
cpt_000730,cli_000730,2026-06-27,89,Touba,actif
cpt_000731,cli_000731,2025-10-10,349,Ziguinchor,actif
cpt_000732,cli_000732,2025-12-02,296,Kaolack,actif
cpt_000733,cli_000733,2025-04-29,513,Thiès,fermé
cpt_000734,cli_000734,2026-01-19,248,Thiès,actif
cpt_000735,cli_000735,2025-04-30,512,Dakar-Plateau,actif
cpt_000736,cli_000736,2025-09-21,368,Diourbel,actif
cpt_000737,cli_000737,2024-12-20,643,Pikine,actif
cpt_000738,cli_000738,2026-05-11,136,Touba,actif
cpt_000739,cli_000739,2025-03-21,552,Saint-Louis,actif
cpt_000740,cli_000740,2025-04-19,523,Parcelles Assainies,actif
cpt_000741,cli_000741,2025-02-03,598,Dakar-Plateau,actif
cpt_000742,cli_000742,2025-10-04,355,Dakar-Plateau,actif
cpt_000743,cli_000743,2026-02-05,231,Kaolack,actif
cpt_000744,cli_000744,2025-09-13,376,Rufisque,actif
cpt_000745,cli_000745,2024-10-17,707,Dakar-Plateau,actif
cpt_000746,cli_000746,2026-05-05,142,Touba,actif
cpt_000747,cli_000747,2025-05-31,481,Pikine,actif
cpt_000748,cli_000748,2026-04-14,163,Kaolack,actif
cpt_000749,cli_000749,2025-03-09,564,Pikine,actif
cpt_000750,cli_000750,2025-11-19,309,Dakar-Plateau,actif
cpt_000751,cli_000751,2025-01-09,623,Dakar-Plateau,actif
cpt_000752,cli_000752,2026-05-27,120,Rufisque,actif
cpt_000753,cli_000753,2026-06-25,91,Parcelles Assainies,actif
cpt_000754,cli_000754,2024-11-03,690,Touba,actif
cpt_000755,cli_000755,2026-01-23,244,Parcelles Assainies,actif
cpt_000756,cli_000756,2026-07-26,60,Guédiawaye,actif
cpt_000757,cli_000757,2025-01-25,607,Pikine,actif
cpt_000758,cli_000758,2025-11-27,301,Pikine,actif
cpt_000759,cli_000759,2024-11-20,673,Ziguinchor,actif
cpt_000760,cli_000760,2025-11-11,317,Dakar-Plateau,actif
cpt_000761,cli_000761,2025-03-21,552,Diourbel,actif
cpt_000762,cli_000762,2025-07-31,420,Guédiawaye,actif
cpt_000763,cli_000763,2025-10-11,348,Dakar-Plateau,actif
cpt_000764,cli_000764,2025-10-08,351,Pikine,actif
cpt_000765,cli_000765,2026-03-25,183,Dakar-Plateau,actif
cpt_000766,cli_000766,2025-04-08,534,Saint-Louis,actif
cpt_000767,cli_000767,2025-09-09,380,Rufisque,actif
cpt_000768,cli_000768,2026-09-24,0,Guédiawaye,actif
cpt_000769,cli_000769,2025-12-08,290,Mbour,actif
cpt_000770,cli_000770,2025-12-03,295,Thiès,actif
cpt_000771,cli_000771,2024-12-20,643,Ziguinchor,actif
cpt_000772,cli_000772,2025-11-20,308,Diourbel,actif
cpt_000773,cli_000773,2025-08-06,414,Mbour,actif
cpt_000774,cli_000774,2026-07-28,58,Saint-Louis,actif
cpt_000775,cli_000775,2025-12-16,282,Saint-Louis,actif
cpt_000776,cli_000776,2026-03-04,204,Rufisque,actif
cpt_000777,cli_000777,2025-09-27,362,Mbour,actif
cpt_000778,cli_000778,2024-12-07,656,Dakar-Plateau,actif
cpt_000779,cli_000779,2024-11-13,680,Touba,actif
cpt_000780,cli_000780,2026-03-02,206,Diourbel,actif
cpt_000781,cli_000781,2025-07-07,444,Dakar-Plateau,actif
cpt_000782,cli_000782,2024-10-31,693,Saint-Louis,actif
cpt_000783,cli_000783,2026-04-10,167,Ziguinchor,actif
cpt_000784,cli_000784,2025-11-08,320,Pikine,actif
cpt_000785,cli_000785,2025-09-26,363,Rufisque,actif
cpt_000786,cli_000786,2026-09-23,1,Ziguinchor,actif
cpt_000787,cli_000787,2025-10-19,340,Diourbel,actif
cpt_000788,cli_000788,2026-06-30,86,Dakar-Plateau,actif
cpt_000789,cli_000789,2026-02-11,225,Guédiawaye,actif
cpt_000790,cli_000790,2026-07-01,85,Mbour,actif
cpt_000791,cli_000791,2025-04-05,537,Pikine,actif
cpt_000792,cli_000792,2025-01-25,607,Guédiawaye,actif
cpt_000793,cli_000793,2026-03-15,193,Dakar-Plateau,actif
cpt_000794,cli_000794,2026-08-29,26,Dakar-Plateau,actif
cpt_000795,cli_000795,2025-10-01,358,Thiès,actif
cpt_000796,cli_000796,2026-07-03,83,Mbour,actif
cpt_000797,cli_000797,2025-11-10,318,Thiès,actif
cpt_000798,cli_000798,2025-08-25,395,Touba,actif
cpt_000799,cli_000799,2025-10-19,340,Parcelles Assainies,actif
cpt_000800,cli_000800,2025-09-10,379,Pikine,actif
cpt_000801,cli_000801,2025-08-06,414,Dakar-Plateau,actif
cpt_000802,cli_000802,2026-05-28,119,Dakar-Plateau,actif
cpt_000803,cli_000803,2025-05-15,497,Pikine,actif
cpt_000804,cli_000804,2025-05-28,484,Dakar-Plateau,actif
cpt_000805,cli_000805,2026-06-14,102,Dakar-Plateau,actif
cpt_000806,cli_000806,2025-11-14,314,Dakar-Plateau,actif
cpt_000807,cli_000807,2026-02-27,209,Mbour,actif
cpt_000808,cli_000808,2025-12-08,290,Thiès,actif
cpt_000809,cli_000809,2025-03-10,563,Ziguinchor,actif
cpt_000810,cli_000810,2025-07-20,431,Saint-Louis,actif
cpt_000811,cli_000811,2024-12-01,662,Thiès,actif
cpt_000812,cli_000812,2025-08-09,411,Dakar-Plateau,actif
cpt_000813,cli_000813,2026-08-25,30,Thiès,actif
cpt_000814,cli_000814,2025-04-24,518,Dakar-Plateau,actif
cpt_000815,cli_000815,2026-08-04,51,Parcelles Assainies,actif
cpt_000816,cli_000816,2026-01-21,246,Guédiawaye,actif
cpt_000817,cli_000817,2024-11-12,681,Parcelles Assainies,actif
cpt_000818,cli_000818,2024-10-02,722,Pikine,actif
cpt_000819,cli_000819,2026-06-11,105,Mbour,actif
cpt_000820,cli_000820,2024-10-09,715,Saint-Louis,actif
cpt_000821,cli_000821,2024-10-10,714,Touba,actif
cpt_000822,cli_000822,2024-12-25,638,Thiès,actif
cpt_000823,cli_000823,2025-01-28,604,Rufisque,actif
cpt_000824,cli_000824,2026-08-03,52,Dakar-Plateau,actif
cpt_000825,cli_000825,2026-07-01,85,Touba,actif
cpt_000826,cli_000826,2025-07-03,448,Rufisque,actif
cpt_000827,cli_000827,2026-07-14,72,Pikine,actif
cpt_000828,cli_000828,2026-03-29,179,Guédiawaye,actif
cpt_000829,cli_000829,2024-10-15,709,Ziguinchor,actif
cpt_000830,cli_000830,2024-11-29,664,Thiès,actif
cpt_000831,cli_000831,2026-03-23,185,Parcelles Assainies,actif
cpt_000832,cli_000832,2025-08-28,392,Thiès,actif
cpt_000833,cli_000833,2025-08-29,391,Parcelles Assainies,actif
cpt_000834,cli_000834,2026-03-16,192,Parcelles Assainies,actif
cpt_000835,cli_000835,2026-04-08,169,Pikine,actif
cpt_000836,cli_000836,2025-11-12,316,Parcelles Assainies,actif
cpt_000837,cli_000837,2025-07-17,434,Mbour,actif
cpt_000838,cli_000838,2025-02-14,587,Dakar-Plateau,actif
cpt_000839,cli_000839,2025-01-19,613,Saint-Louis,actif
cpt_000840,cli_000840,2026-09-13,11,Pikine,actif
cpt_000841,cli_000841,2025-06-03,478,Mbour,actif
cpt_000842,cli_000842,2025-07-04,447,Thiès,actif
cpt_000843,cli_000843,2026-08-25,30,Mbour,actif
cpt_000844,cli_000844,2025-01-23,609,Thiès,actif
cpt_000845,cli_000845,2025-07-17,434,Ziguinchor,actif
cpt_000846,cli_000846,2025-04-17,525,Rufisque,actif
cpt_000847,cli_000847,2025-05-30,482,Touba,actif
cpt_000848,cli_000848,2026-01-23,244,Mbour,actif
cpt_000849,cli_000849,2026-05-04,143,Pikine,actif
cpt_000850,cli_000850,2025-12-25,273,Pikine,actif
cpt_000851,cli_000851,2025-03-21,552,Parcelles Assainies,actif
cpt_000852,cli_000852,2025-06-20,461,Pikine,actif
cpt_000853,cli_000853,2025-06-27,454,Guédiawaye,actif
cpt_000854,cli_000854,2026-06-21,95,Guédiawaye,actif
cpt_000855,cli_000855,2026-09-18,6,Thiès,actif
cpt_000856,cli_000856,2025-05-29,483,Dakar-Plateau,actif
cpt_000857,cli_000857,2024-11-01,692,Saint-Louis,actif
cpt_000858,cli_000858,2026-01-05,262,Parcelles Assainies,actif
cpt_000859,cli_000859,2025-11-06,322,Mbour,actif
cpt_000860,cli_000860,2024-10-29,695,Dakar-Plateau,actif
cpt_000861,cli_000861,2026-04-11,166,Parcelles Assainies,actif
cpt_000862,cli_000862,2025-09-12,377,Dakar-Plateau,actif
cpt_000863,cli_000863,2026-07-23,63,Mbour,actif
cpt_000864,cli_000864,2026-03-18,190,Guédiawaye,actif
cpt_000865,cli_000865,2025-12-29,269,Ziguinchor,actif
cpt_000866,cli_000866,2025-05-15,497,Guédiawaye,actif
cpt_000867,cli_000867,2026-02-15,221,Thiès,actif
cpt_000868,cli_000868,2025-10-27,332,Pikine,actif
cpt_000869,cli_000869,2026-02-20,216,Thiès,actif
cpt_000870,cli_000870,2026-06-13,103,Parcelles Assainies,actif
cpt_000871,cli_000871,2025-02-24,577,Guédiawaye,actif
cpt_000872,cli_000872,2025-05-22,490,Dakar-Plateau,actif
cpt_000873,cli_000873,2025-06-10,471,Dakar-Plateau,actif
cpt_000874,cli_000874,2025-07-25,426,Dakar-Plateau,actif
cpt_000875,cli_000875,2026-06-22,94,Diourbel,actif
cpt_000876,cli_000876,2025-09-15,374,Parcelles Assainies,actif
cpt_000877,cli_000877,2025-04-27,515,Dakar-Plateau,actif
cpt_000878,cli_000878,2025-10-01,358,Ziguinchor,actif
cpt_000879,cli_000879,2025-04-16,526,Dakar-Plateau,actif
cpt_000880,cli_000880,2026-01-30,237,Parcelles Assainies,actif
cpt_000881,cli_000881,2025-09-14,375,Touba,actif
cpt_000882,cli_000882,2025-12-24,274,Ziguinchor,actif
cpt_000883,cli_000883,2024-09-30,724,Touba,actif
cpt_000884,cli_000884,2026-05-16,131,Parcelles Assainies,actif
cpt_000885,cli_000885,2026-03-05,203,Diourbel,actif
cpt_000886,cli_000886,2025-05-18,494,Dakar-Plateau,actif
cpt_000887,cli_000887,2026-08-12,43,Diourbel,actif
cpt_000888,cli_000888,2025-09-15,374,Saint-Louis,actif
cpt_000889,cli_000889,2026-09-03,21,Ziguinchor,actif
cpt_000890,cli_000890,2025-09-05,384,Pikine,actif
cpt_000891,cli_000891,2026-02-02,234,Dakar-Plateau,actif
cpt_000892,cli_000892,2026-05-11,136,Mbour,actif
cpt_000893,cli_000893,2025-09-28,361,Rufisque,actif
cpt_000894,cli_000894,2026-01-29,238,Rufisque,actif
cpt_000895,cli_000895,2026-07-31,55,Ziguinchor,actif
cpt_000896,cli_000896,2025-09-03,386,Thiès,actif
cpt_000897,cli_000897,2025-08-09,411,Pikine,actif
cpt_000898,cli_000898,2025-05-29,483,Parcelles Assainies,actif
cpt_000899,cli_000899,2024-12-06,657,Dakar-Plateau,actif
cpt_000900,cli_000900,2025-05-02,510,Dakar-Plateau,actif
cpt_000901,cli_000901,2025-02-20,581,Dakar-Plateau,actif
cpt_000902,cli_000902,2025-06-08,473,Saint-Louis,actif
cpt_000903,cli_000903,2025-05-22,490,Mbour,actif
cpt_000904,cli_000904,2025-02-26,575,Rufisque,actif
cpt_000905,cli_000905,2025-05-31,481,Guédiawaye,actif
cpt_000906,cli_000906,2025-09-25,364,Mbour,actif
cpt_000907,cli_000907,2025-04-11,531,Saint-Louis,actif
cpt_000908,cli_000908,2024-10-20,704,Kaolack,actif
cpt_000909,cli_000909,2025-09-29,360,Rufisque,actif
cpt_000910,cli_000910,2026-04-12,165,Saint-Louis,actif
cpt_000911,cli_000911,2025-12-08,290,Rufisque,actif
cpt_000912,cli_000912,2026-09-13,11,Parcelles Assainies,actif
cpt_000913,cli_000913,2026-02-13,223,Kaolack,actif
cpt_000914,cli_000914,2024-12-20,643,Guédiawaye,actif
cpt_000915,cli_000915,2026-07-15,71,Guédiawaye,actif
cpt_000916,cli_000916,2024-12-17,646,Pikine,actif
cpt_000917,cli_000917,2025-08-12,408,Rufisque,actif
cpt_000918,cli_000918,2026-02-06,230,Rufisque,actif
cpt_000919,cli_000919,2025-10-15,344,Mbour,actif
cpt_000920,cli_000920,2024-12-25,638,Parcelles Assainies,actif
cpt_000921,cli_000921,2026-07-03,83,Dakar-Plateau,actif
cpt_000922,cli_000922,2025-08-09,411,Kaolack,actif
cpt_000923,cli_000923,2026-03-14,194,Guédiawaye,actif
cpt_000924,cli_000924,2025-08-25,395,Ziguinchor,actif
cpt_000925,cli_000925,2025-02-28,573,Dakar-Plateau,actif
cpt_000926,cli_000926,2024-11-25,668,Thiès,suspendu
cpt_000927,cli_000927,2026-03-23,185,Rufisque,actif
cpt_000928,cli_000928,2025-05-29,483,Saint-Louis,actif
cpt_000929,cli_000929,2025-11-19,309,Dakar-Plateau,actif
cpt_000930,cli_000930,2025-09-24,365,Kaolack,actif
cpt_000931,cli_000931,2026-05-31,116,Rufisque,actif
cpt_000932,cli_000932,2025-01-10,622,Thiès,actif
cpt_000933,cli_000933,2026-05-24,123,Rufisque,actif
cpt_000934,cli_000934,2026-08-28,27,Dakar-Plateau,actif
cpt_000935,cli_000935,2025-03-23,550,Rufisque,actif
cpt_000936,cli_000936,2025-12-06,292,Pikine,actif
cpt_000937,cli_000937,2026-08-06,49,Guédiawaye,actif
cpt_000938,cli_000938,2025-05-15,497,Thiès,actif
cpt_000939,cli_000939,2026-03-02,206,Rufisque,actif
cpt_000940,cli_000940,2024-10-14,710,Dakar-Plateau,actif
cpt_000941,cli_000941,2024-10-11,713,Dakar-Plateau,actif
cpt_000942,cli_000942,2025-08-20,400,Dakar-Plateau,actif
cpt_000943,cli_000943,2025-10-16,343,Dakar-Plateau,actif
cpt_000944,cli_000944,2025-11-05,323,Thiès,actif
cpt_000945,cli_000945,2025-07-09,442,Dakar-Plateau,actif
cpt_000946,cli_000946,2024-11-30,663,Kaolack,actif
cpt_000947,cli_000947,2025-06-17,464,Dakar-Plateau,actif
cpt_000948,cli_000948,2026-07-13,73,Dakar-Plateau,actif
cpt_000949,cli_000949,2026-05-08,139,Kaolack,actif
cpt_000950,cli_000950,2025-06-23,458,Pikine,actif
cpt_000951,cli_000951,2025-12-28,270,Parcelles Assainies,actif
cpt_000952,cli_000952,2025-10-10,349,Ziguinchor,fermé
cpt_000953,cli_000953,2025-12-08,290,Ziguinchor,actif
cpt_000954,cli_000954,2025-07-18,433,Touba,actif
cpt_000955,cli_000955,2026-04-11,166,Dakar-Plateau,actif
cpt_000956,cli_000956,2026-08-04,51,Thiès,actif
cpt_000957,cli_000957,2026-04-08,169,Diourbel,actif
cpt_000958,cli_000958,2025-05-28,484,Ziguinchor,actif
cpt_000959,cli_000959,2025-07-11,440,Dakar-Plateau,actif
cpt_000960,cli_000960,2025-02-13,588,Guédiawaye,actif
cpt_000961,cli_000961,2026-07-06,80,Pikine,actif
cpt_000962,cli_000962,2026-06-14,102,Dakar-Plateau,actif
cpt_000963,cli_000963,2026-06-25,91,Mbour,actif
cpt_000964,cli_000964,2025-08-10,410,Pikine,suspendu
cpt_000965,cli_000965,2025-08-06,414,Guédiawaye,actif
cpt_000966,cli_000966,2026-06-01,115,Dakar-Plateau,actif
cpt_000967,cli_000967,2025-11-03,325,Rufisque,actif
cpt_000968,cli_000968,2026-08-18,37,Dakar-Plateau,actif
cpt_000969,cli_000969,2025-07-08,443,Parcelles Assainies,actif
cpt_000970,cli_000970,2025-08-04,416,Dakar-Plateau,actif
cpt_000971,cli_000971,2026-09-05,19,Ziguinchor,actif
cpt_000972,cli_000972,2026-07-23,63,Dakar-Plateau,actif
cpt_000973,cli_000973,2025-04-30,512,Rufisque,suspendu
cpt_000974,cli_000974,2024-12-09,654,Dakar-Plateau,actif
cpt_000975,cli_000975,2025-01-12,620,Dakar-Plateau,actif
cpt_000976,cli_000976,2025-08-07,413,Dakar-Plateau,actif
cpt_000977,cli_000977,2025-09-06,383,Dakar-Plateau,actif
cpt_000978,cli_000978,2025-02-13,588,Dakar-Plateau,actif
cpt_000979,cli_000979,2025-01-20,612,Rufisque,actif
cpt_000980,cli_000980,2024-12-04,659,Mbour,actif
cpt_000981,cli_000981,2025-12-08,290,Dakar-Plateau,actif
cpt_000982,cli_000982,2025-10-14,345,Parcelles Assainies,actif
cpt_000983,cli_000983,2026-07-30,56,Thiès,suspendu
cpt_000984,cli_000984,2026-05-22,125,Pikine,actif
cpt_000985,cli_000985,2025-12-24,274,Guédiawaye,actif
cpt_000986,cli_000986,2025-02-13,588,Dakar-Plateau,actif
cpt_000987,cli_000987,2025-11-05,323,Pikine,actif
cpt_000988,cli_000988,2025-07-23,428,Parcelles Assainies,actif
cpt_000989,cli_000989,2025-01-02,630,Diourbel,actif
cpt_000990,cli_000990,2025-10-15,344,Diourbel,actif
cpt_000991,cli_000991,2026-01-23,244,Diourbel,actif
cpt_000992,cli_000992,2025-04-11,531,Parcelles Assainies,actif
cpt_000993,cli_000993,2026-02-06,230,Dakar-Plateau,actif
cpt_000994,cli_000994,2025-12-16,282,Guédiawaye,actif
cpt_000995,cli_000995,2024-12-17,646,Pikine,actif
cpt_000996,cli_000996,2025-11-12,316,Dakar-Plateau,actif
cpt_000997,cli_000997,2026-03-27,181,Dakar-Plateau,actif
cpt_000998,cli_000998,2025-01-24,608,Parcelles Assainies,actif
cpt_000999,cli_000999,2025-06-16,465,Guédiawaye,actif
cpt_001000,cli_001000,2025-03-15,558,Dakar-Plateau,actif
cpt_001001,cli_001001,2026-02-01,235,Touba,actif
cpt_001002,cli_001002,2025-03-05,568,Guédiawaye,actif
cpt_001003,cli_001003,2024-11-01,692,Kaolack,actif
cpt_001004,cli_001004,2026-05-31,116,Pikine,actif
cpt_001005,cli_001005,2026-05-08,139,Rufisque,actif
cpt_001006,cli_001006,2025-08-12,408,Dakar-Plateau,actif
cpt_001007,cli_001007,2025-04-18,524,Rufisque,actif
cpt_001008,cli_001008,2026-09-25,-1,Dakar-Plateau,suspendu
cpt_001009,cli_001009,2025-08-22,398,Dakar-Plateau,actif
cpt_001010,cli_001010,2026-06-25,91,Thiès,actif
cpt_001011,cli_001011,2024-10-11,713,Pikine,actif
cpt_001012,cli_001012,2025-04-15,527,Dakar-Plateau,actif
cpt_001013,cli_001013,2024-09-30,724,Ziguinchor,actif
cpt_001014,cli_001014,2026-04-19,158,Dakar-Plateau,actif
cpt_001015,cli_001015,2025-02-24,577,Thiès,actif
cpt_001016,cli_001016,2025-12-23,275,Rufisque,actif
cpt_001017,cli_001017,2026-07-11,75,Pikine,actif
cpt_001018,cli_001018,2025-10-10,349,Parcelles Assainies,actif
cpt_001019,cli_001019,2025-10-17,342,Dakar-Plateau,actif
cpt_001020,cli_001020,2025-09-24,365,Touba,actif
cpt_001021,cli_001021,2025-01-09,623,Pikine,actif
cpt_001022,cli_001022,2026-03-04,204,Dakar-Plateau,actif
cpt_001023,cli_001023,2025-06-19,462,Pikine,actif
cpt_001024,cli_001024,2026-05-05,142,Kaolack,fermé
cpt_001025,cli_001025,2024-12-26,637,Saint-Louis,actif
cpt_001026,cli_001026,2025-10-25,334,Ziguinchor,actif
cpt_001027,cli_001027,2025-02-18,583,Mbour,actif
cpt_001028,cli_001028,2026-03-12,196,Mbour,actif
cpt_001029,cli_001029,2026-02-09,227,Parcelles Assainies,actif
cpt_001030,cli_001030,2024-10-08,716,Kaolack,actif
cpt_001031,cli_001031,2026-05-06,141,Rufisque,actif
cpt_001032,cli_001032,2025-08-10,410,Guédiawaye,actif
cpt_001033,cli_001033,2026-02-03,233,Thiès,actif
cpt_001034,cli_001034,2025-12-14,284,Rufisque,actif
cpt_001035,cli_001035,2025-05-04,508,Dakar-Plateau,fermé
cpt_001036,cli_001036,2025-03-05,568,Guédiawaye,actif
cpt_001037,cli_001037,2025-10-12,347,Pikine,actif
cpt_001038,cli_001038,2025-06-15,466,Saint-Louis,actif
cpt_001039,cli_001039,2026-08-25,30,Guédiawaye,actif
cpt_001040,cli_001040,2026-04-10,167,Saint-Louis,actif
cpt_001041,cli_001041,2025-04-03,539,Parcelles Assainies,actif
cpt_001042,cli_001042,2025-05-30,482,Touba,actif
cpt_001043,cli_001043,2026-08-24,31,Dakar-Plateau,actif
cpt_001044,cli_001044,2024-12-14,649,Ziguinchor,actif
cpt_001045,cli_001045,2025-12-02,296,Parcelles Assainies,actif
cpt_001046,cli_001046,2026-02-14,222,Pikine,actif
cpt_001047,cli_001047,2025-10-22,337,Pikine,actif
cpt_001048,cli_001048,2025-12-13,285,Pikine,actif
cpt_001049,cli_001049,2025-09-25,364,Guédiawaye,actif
cpt_001050,cli_001050,2026-05-27,120,Touba,actif
cpt_001051,cli_001051,2026-06-16,100,Ziguinchor,actif
cpt_001052,cli_001052,2024-10-03,721,Mbour,actif
cpt_001053,cli_001053,2025-03-29,544,Rufisque,actif
cpt_001054,cli_001054,2026-01-07,260,Parcelles Assainies,actif
cpt_001055,cli_001055,2025-01-12,620,Saint-Louis,actif
cpt_001056,cli_001056,2025-02-25,576,Saint-Louis,actif
cpt_001057,cli_001057,2025-05-05,507,Pikine,actif
cpt_001058,cli_001058,2025-04-19,523,Ziguinchor,actif
cpt_001059,cli_001059,2024-11-01,692,Guédiawaye,actif
cpt_001060,cli_001060,2025-01-24,608,Saint-Louis,suspendu
cpt_001061,cli_001061,2026-03-23,185,Diourbel,actif
cpt_001062,cli_001062,2025-04-15,527,Mbour,actif
cpt_001063,cli_001063,2026-05-29,118,Dakar-Plateau,actif
cpt_001064,cli_001064,2025-09-25,364,Thiès,actif
cpt_001065,cli_001065,2026-08-08,47,Dakar-Plateau,actif
cpt_001066,cli_001066,2026-05-24,123,Touba,actif
cpt_001067,cli_001067,2025-04-20,522,Pikine,actif
cpt_001068,cli_001068,2025-12-30,268,Mbour,actif
cpt_001069,cli_001069,2026-05-29,118,Ziguinchor,actif
cpt_001070,cli_001070,2024-10-10,714,Dakar-Plateau,actif
cpt_001071,cli_001071,2024-11-12,681,Guédiawaye,actif
cpt_001072,cli_001072,2026-04-10,167,Thiès,actif
cpt_001073,cli_001073,2025-07-17,434,Parcelles Assainies,actif
cpt_001074,cli_001074,2026-02-23,213,Dakar-Plateau,actif
cpt_001075,cli_001075,2025-02-16,585,Dakar-Plateau,actif
cpt_001076,cli_001076,2025-05-10,502,Parcelles Assainies,actif
cpt_001077,cli_001077,2025-11-14,314,Thiès,actif
cpt_001078,cli_001078,2024-11-14,679,Thiès,actif
cpt_001079,cli_001079,2025-04-08,534,Dakar-Plateau,actif
cpt_001080,cli_001080,2026-06-09,107,Parcelles Assainies,actif
cpt_001081,cli_001081,2025-11-08,320,Guédiawaye,actif
cpt_001082,cli_001082,2025-01-31,601,Pikine,actif
cpt_001083,cli_001083,2025-08-31,389,Touba,actif
cpt_001084,cli_001084,2026-07-15,71,Pikine,actif
cpt_001085,cli_001085,2025-03-10,563,Rufisque,actif
cpt_001086,cli_001086,2025-10-12,347,Ziguinchor,actif
cpt_001087,cli_001087,2026-04-07,170,Rufisque,actif
cpt_001088,cli_001088,2025-02-10,591,Thiès,actif
cpt_001089,cli_001089,2024-12-21,642,Dakar-Plateau,actif
cpt_001090,cli_001090,2025-07-22,429,Dakar-Plateau,actif
cpt_001091,cli_001091,2025-04-21,521,Dakar-Plateau,actif
cpt_001092,cli_001092,2026-04-03,174,Touba,actif
cpt_001093,cli_001093,2025-04-01,541,Saint-Louis,actif
cpt_001094,cli_001094,2024-12-04,659,Dakar-Plateau,actif
cpt_001095,cli_001095,2026-04-04,173,Dakar-Plateau,actif
cpt_001096,cli_001096,2024-11-05,688,Guédiawaye,actif
cpt_001097,cli_001097,2026-07-24,62,Thiès,actif
cpt_001098,cli_001098,2025-11-05,323,Thiès,suspendu
cpt_001099,cli_001099,2026-08-01,54,Mbour,actif
cpt_001100,cli_001100,2025-11-03,325,Kaolack,actif
cpt_001101,cli_001101,2025-06-11,470,Pikine,suspendu
cpt_001102,cli_001102,2024-12-30,633,Mbour,actif
cpt_001103,cli_001103,2026-06-10,106,Rufisque,actif
cpt_001104,cli_001104,2024-12-16,647,Pikine,actif
cpt_001105,cli_001105,2024-09-26,728,Kaolack,actif
cpt_001106,cli_001106,2026-08-06,49,Dakar-Plateau,actif
cpt_001107,cli_001107,2024-10-24,700,Touba,actif
cpt_001108,cli_001108,2024-12-06,657,Touba,actif
cpt_001109,cli_001109,2026-09-06,18,Ziguinchor,actif
cpt_001110,cli_001110,2026-08-08,47,Rufisque,actif
cpt_001111,cli_001111,2025-04-16,526,Guédiawaye,actif
cpt_001112,cli_001112,2025-11-22,306,Saint-Louis,actif
cpt_001113,cli_001113,2026-03-17,191,Touba,actif
cpt_001114,cli_001114,2025-12-04,294,Rufisque,actif
cpt_001115,cli_001115,2026-01-18,249,Touba,actif
cpt_001116,cli_001116,2024-10-15,709,Pikine,actif
cpt_001117,cli_001117,2026-04-05,172,Thiès,actif
cpt_001118,cli_001118,2026-07-23,63,Kaolack,actif
cpt_001119,cli_001119,2025-01-29,603,Pikine,actif
cpt_001120,cli_001120,2025-01-21,611,Parcelles Assainies,actif
cpt_001121,cli_001121,2024-12-11,652,Ziguinchor,actif
cpt_001122,cli_001122,2024-10-15,709,Saint-Louis,actif
cpt_001123,cli_001123,2026-08-26,29,Kaolack,actif
cpt_001124,cli_001124,2025-03-13,560,Guédiawaye,actif
cpt_001125,cli_001125,2026-03-15,193,Diourbel,actif
cpt_001126,cli_001126,2025-11-24,304,Dakar-Plateau,actif
cpt_001127,cli_001127,2025-11-04,324,Rufisque,actif
cpt_001128,cli_001128,2024-10-08,716,Parcelles Assainies,actif
cpt_001129,cli_001129,2025-09-10,379,Saint-Louis,actif
cpt_001130,cli_001130,2026-04-17,160,Kaolack,actif
cpt_001131,cli_001131,2026-07-24,62,Touba,actif
cpt_001132,cli_001132,2025-07-24,427,Thiès,actif
cpt_001133,cli_001133,2025-01-29,603,Parcelles Assainies,actif
cpt_001134,cli_001134,2025-04-27,515,Rufisque,actif
cpt_001135,cli_001135,2024-11-15,678,Rufisque,actif
cpt_001136,cli_001136,2026-08-24,31,Dakar-Plateau,actif
cpt_001137,cli_001137,2025-12-07,291,Rufisque,actif
cpt_001138,cli_001138,2025-07-06,445,Kaolack,actif
cpt_001139,cli_001139,2025-01-10,622,Mbour,actif
cpt_001140,cli_001140,2026-02-10,226,Saint-Louis,actif
cpt_001141,cli_001141,2025-05-22,490,Guédiawaye,actif
cpt_001142,cli_001142,2026-04-26,151,Rufisque,actif
cpt_001143,cli_001143,2025-07-23,428,Dakar-Plateau,actif
cpt_001144,cli_001144,2025-03-11,562,Guédiawaye,actif
cpt_001145,cli_001145,2025-02-04,597,Parcelles Assainies,actif
cpt_001146,cli_001146,2025-10-31,328,Pikine,actif
cpt_001147,cli_001147,2025-10-16,343,Dakar-Plateau,actif
cpt_001148,cli_001148,2024-12-23,640,Mbour,actif
cpt_001149,cli_001149,2025-08-23,397,Parcelles Assainies,actif
cpt_001150,cli_001150,2026-01-15,252,Parcelles Assainies,actif
cpt_001151,cli_001151,2026-03-08,200,Pikine,actif
cpt_001152,cli_001152,2025-04-25,517,Rufisque,actif
cpt_001153,cli_001153,2025-04-24,518,Parcelles Assainies,actif
cpt_001154,cli_001154,2025-08-31,389,Parcelles Assainies,actif
cpt_001155,cli_001155,2026-06-01,115,Thiès,actif
cpt_001156,cli_001156,2026-05-31,116,Dakar-Plateau,actif
cpt_001157,cli_001157,2026-03-30,178,Kaolack,actif
cpt_001158,cli_001158,2026-09-19,5,Dakar-Plateau,actif
cpt_001159,cli_001159,2025-10-10,349,Parcelles Assainies,actif
cpt_001160,cli_001160,2025-11-26,302,Dakar-Plateau,actif
cpt_001161,cli_001161,2025-12-19,279,Rufisque,actif
cpt_001162,cli_001162,2024-11-13,680,Pikine,actif
cpt_001163,cli_001163,2026-04-06,171,Kaolack,actif
cpt_001164,cli_001164,2025-02-13,588,Guédiawaye,actif
cpt_001165,cli_001165,2026-05-09,138,Thiès,actif
cpt_001166,cli_001166,2025-07-05,446,Pikine,actif
cpt_001167,cli_001167,2025-01-04,628,Dakar-Plateau,actif
cpt_001168,cli_001168,2025-01-22,610,Parcelles Assainies,actif
cpt_001169,cli_001169,2025-07-24,427,Rufisque,actif
cpt_001170,cli_001170,2026-04-29,148,Parcelles Assainies,actif
cpt_001171,cli_001171,2025-12-25,273,Diourbel,actif
cpt_001172,cli_001172,2025-11-21,307,Mbour,actif
cpt_001173,cli_001173,2025-01-16,616,Diourbel,actif
cpt_001174,cli_001174,2025-12-22,276,Pikine,actif
cpt_001175,cli_001175,2025-01-30,602,Touba,actif
cpt_001176,cli_001176,2024-10-31,693,Rufisque,actif
cpt_001177,cli_001177,2026-07-06,80,Thiès,actif
cpt_001178,cli_001178,2024-11-10,683,Diourbel,actif
cpt_001179,cli_001179,2025-08-07,413,Mbour,actif
cpt_001180,cli_001180,2025-07-12,439,Kaolack,actif
cpt_001181,cli_001181,2026-02-16,220,Touba,actif
cpt_001182,cli_001182,2026-01-27,240,Dakar-Plateau,actif
cpt_001183,cli_001183,2025-08-28,392,Mbour,actif
cpt_001184,cli_001184,2026-05-03,144,Parcelles Assainies,actif
cpt_001185,cli_001185,2025-04-20,522,Ziguinchor,actif
cpt_001186,cli_001186,2025-05-26,486,Saint-Louis,actif
cpt_001187,cli_001187,2026-09-17,7,Dakar-Plateau,actif
cpt_001188,cli_001188,2026-04-25,152,Dakar-Plateau,actif
cpt_001189,cli_001189,2025-09-16,373,Dakar-Plateau,actif
cpt_001190,cli_001190,2025-03-31,542,Rufisque,actif
cpt_001191,cli_001191,2026-02-25,211,Dakar-Plateau,actif
cpt_001192,cli_001192,2024-12-17,646,Touba,actif
cpt_001193,cli_001193,2025-08-30,390,Rufisque,actif
cpt_001194,cli_001194,2025-08-30,390,Saint-Louis,actif
cpt_001195,cli_001195,2026-07-07,79,Pikine,actif
cpt_001196,cli_001196,2025-06-26,455,Rufisque,actif
cpt_001197,cli_001197,2025-02-07,594,Dakar-Plateau,actif
cpt_001198,cli_001198,2026-04-26,151,Kaolack,actif
cpt_001199,cli_001199,2025-08-27,393,Dakar-Plateau,actif
cpt_001200,cli_001200,2026-09-22,2,Dakar-Plateau,actif
cpt_001201,cli_001201,2026-04-27,150,Dakar-Plateau,actif
cpt_001202,cli_001202,2026-08-05,50,Saint-Louis,actif
cpt_001203,cli_001203,2025-03-15,558,Dakar-Plateau,actif
cpt_001204,cli_001204,2024-10-01,723,Thiès,actif
cpt_001205,cli_001205,2026-08-30,25,Touba,actif
cpt_001206,cli_001206,2025-05-04,508,Touba,actif
cpt_001207,cli_001207,2025-07-20,431,Dakar-Plateau,actif
cpt_001208,cli_001208,2025-05-03,509,Dakar-Plateau,actif
cpt_001209,cli_001209,2025-09-24,365,Parcelles Assainies,actif
cpt_001210,cli_001210,2024-10-05,719,Dakar-Plateau,actif
cpt_001211,cli_001211,2026-08-29,26,Mbour,actif
cpt_001212,cli_001212,2026-06-10,106,Guédiawaye,actif
cpt_001213,cli_001213,2026-03-27,181,Parcelles Assainies,actif
cpt_001214,cli_001214,2025-03-06,567,Dakar-Plateau,actif
cpt_001215,cli_001215,2026-07-29,57,Thiès,actif
cpt_001216,cli_001216,2026-06-25,91,Dakar-Plateau,actif
cpt_001217,cli_001217,2025-04-10,532,Mbour,actif
cpt_001218,cli_001218,2025-11-25,303,Dakar-Plateau,actif
cpt_001219,cli_001219,2025-05-01,511,Diourbel,actif
cpt_001220,cli_001220,2026-01-01,266,Mbour,actif
cpt_001221,cli_001221,2026-07-23,63,Dakar-Plateau,actif
cpt_001222,cli_001222,2025-07-17,434,Dakar-Plateau,actif
cpt_001223,cli_001223,2026-07-10,76,Guédiawaye,actif
cpt_001224,cli_001224,2025-10-12,347,Dakar-Plateau,actif
cpt_001225,cli_001225,2024-12-23,640,Dakar-Plateau,actif
cpt_001226,cli_001226,2026-05-17,130,Kaolack,actif
cpt_001227,cli_001227,2026-04-30,147,Thiès,actif
cpt_001228,cli_001228,2024-11-05,688,Dakar-Plateau,actif
cpt_001229,cli_001229,2026-02-14,222,Rufisque,actif
cpt_001230,cli_001230,2025-12-27,271,Pikine,actif
cpt_001231,cli_001231,2025-05-17,495,Diourbel,actif
cpt_001232,cli_001232,2026-06-25,91,Dakar-Plateau,actif
cpt_001233,cli_001233,2026-08-14,41,Touba,actif
cpt_001234,cli_001234,2025-01-20,612,Touba,actif
cpt_001235,cli_001235,2024-11-05,688,Dakar-Plateau,actif
cpt_001236,cli_001236,2024-10-05,719,Dakar-Plateau,actif
cpt_001237,cli_001237,2026-09-07,17,Guédiawaye,actif
cpt_001238,cli_001238,2025-09-02,387,Kaolack,actif
cpt_001239,cli_001239,2025-01-13,619,Rufisque,actif
cpt_001240,cli_001240,2025-01-16,616,Mbour,actif
cpt_001241,cli_001241,2026-01-05,262,Touba,actif
cpt_001242,cli_001242,2025-10-04,355,Saint-Louis,actif
cpt_001243,cli_001243,2026-06-10,106,Parcelles Assainies,actif
cpt_001244,cli_001244,2026-06-16,100,Rufisque,actif
cpt_001245,cli_001245,2025-12-26,272,Touba,actif
cpt_001246,cli_001246,2026-04-13,164,Pikine,actif
cpt_001247,cli_001247,2024-10-18,706,Kaolack,actif
cpt_001248,cli_001248,2026-07-29,57,Dakar-Plateau,actif
cpt_001249,cli_001249,2025-09-04,385,Dakar-Plateau,actif
cpt_001250,cli_001250,2025-08-18,402,Saint-Louis,actif
cpt_001251,cli_001251,2026-08-12,43,Guédiawaye,actif
cpt_001252,cli_001252,2025-11-08,320,Dakar-Plateau,suspendu
cpt_001253,cli_001253,2024-11-06,687,Dakar-Plateau,actif
cpt_001254,cli_001254,2026-07-09,77,Rufisque,actif
cpt_001255,cli_001255,2026-06-14,102,Saint-Louis,actif
cpt_001256,cli_001256,2026-05-26,121,Dakar-Plateau,actif
cpt_001257,cli_001257,2026-08-16,39,Dakar-Plateau,actif
cpt_001258,cli_001258,2024-12-19,644,Parcelles Assainies,actif
cpt_001259,cli_001259,2026-08-23,32,Ziguinchor,actif
cpt_001260,cli_001260,2026-03-07,201,Pikine,actif
cpt_001261,cli_001261,2025-01-30,602,Ziguinchor,actif
cpt_001262,cli_001262,2024-10-02,722,Kaolack,actif
cpt_001263,cli_001263,2026-06-06,110,Pikine,actif
cpt_001264,cli_001264,2026-01-08,259,Saint-Louis,actif
cpt_001265,cli_001265,2026-05-17,130,Mbour,actif
cpt_001266,cli_001266,2026-05-06,141,Rufisque,actif
cpt_001267,cli_001267,2024-11-04,689,Parcelles Assainies,actif
cpt_001268,cli_001268,2026-01-21,246,Saint-Louis,actif
cpt_001269,cli_001269,2025-07-09,442,Saint-Louis,actif
cpt_001270,cli_001270,2026-06-01,115,Touba,actif
cpt_001271,cli_001271,2026-02-28,208,Diourbel,actif
cpt_001272,cli_001272,2026-01-03,264,Parcelles Assainies,actif
cpt_001273,cli_001273,2025-07-27,424,Saint-Louis,actif
cpt_001274,cli_001274,2024-12-09,654,Kaolack,actif
cpt_001275,cli_001275,2026-04-02,175,Dakar-Plateau,actif
cpt_001276,cli_001276,2025-06-13,468,Dakar-Plateau,actif
cpt_001277,cli_001277,2025-10-01,358,Parcelles Assainies,actif
cpt_001278,cli_001278,2025-02-24,577,Kaolack,actif
cpt_001279,cli_001279,2026-01-23,244,Pikine,actif
cpt_001280,cli_001280,2025-11-23,305,Mbour,suspendu
cpt_001281,cli_001281,2025-06-30,451,Dakar-Plateau,actif
cpt_001282,cli_001282,2025-11-08,320,Guédiawaye,actif
cpt_001283,cli_001283,2025-03-20,553,Thiès,actif
cpt_001284,cli_001284,2026-09-17,7,Dakar-Plateau,actif
cpt_001285,cli_001285,2026-01-13,254,Kaolack,actif
cpt_001286,cli_001286,2026-05-19,128,Dakar-Plateau,actif
cpt_001287,cli_001287,2026-06-15,101,Kaolack,actif
cpt_001288,cli_001288,2026-08-17,38,Dakar-Plateau,actif
cpt_001289,cli_001289,2026-01-07,260,Diourbel,actif
cpt_001290,cli_001290,2026-04-21,156,Thiès,actif
cpt_001291,cli_001291,2025-03-21,552,Dakar-Plateau,actif
cpt_001292,cli_001292,2025-09-27,362,Dakar-Plateau,actif
cpt_001293,cli_001293,2025-03-01,572,Dakar-Plateau,actif
cpt_001294,cli_001294,2024-12-17,646,Thiès,actif
cpt_001295,cli_001295,2025-03-04,569,Saint-Louis,actif
cpt_001296,cli_001296,2025-11-23,305,Parcelles Assainies,actif
cpt_001297,cli_001297,2024-10-14,710,Parcelles Assainies,actif
cpt_001298,cli_001298,2025-12-20,278,Thiès,actif
cpt_001299,cli_001299,2025-02-01,600,Rufisque,actif
cpt_001300,cli_001300,2026-05-21,126,Mbour,suspendu
cpt_001301,cli_001301,2024-10-20,704,Parcelles Assainies,actif
cpt_001302,cli_001302,2026-02-16,220,Touba,actif
cpt_001303,cli_001303,2025-06-27,454,Diourbel,actif
cpt_001304,cli_001304,2026-01-12,255,Guédiawaye,actif
cpt_001305,cli_001305,2026-04-12,165,Dakar-Plateau,actif
cpt_001306,cli_001306,2026-01-29,238,Dakar-Plateau,actif
cpt_001307,cli_001307,2025-07-08,443,Rufisque,actif
cpt_001308,cli_001308,2026-07-05,81,Guédiawaye,actif
cpt_001309,cli_001309,2026-05-04,143,Ziguinchor,actif
cpt_001310,cli_001310,2024-11-26,667,Thiès,actif
cpt_001311,cli_001311,2026-07-25,61,Rufisque,actif
cpt_001312,cli_001312,2025-04-16,526,Saint-Louis,actif
cpt_001313,cli_001313,2026-02-19,217,Pikine,actif
cpt_001314,cli_001314,2026-02-07,229,Saint-Louis,fermé
cpt_001315,cli_001315,2026-01-06,261,Dakar-Plateau,actif
cpt_001316,cli_001316,2025-12-20,278,Thiès,actif
cpt_001317,cli_001317,2025-04-28,514,Ziguinchor,actif
cpt_001318,cli_001318,2025-02-16,585,Touba,actif
cpt_001319,cli_001319,2026-01-04,263,Kaolack,suspendu
cpt_001320,cli_001320,2026-05-22,125,Guédiawaye,actif
cpt_001321,cli_001321,2026-09-21,3,Saint-Louis,actif
cpt_001322,cli_001322,2025-04-14,528,Rufisque,actif
cpt_001323,cli_001323,2024-11-26,667,Thiès,actif
cpt_001324,cli_001324,2026-09-03,21,Dakar-Plateau,actif
cpt_001325,cli_001325,2025-07-25,426,Dakar-Plateau,actif
cpt_001326,cli_001326,2026-04-17,160,Rufisque,actif
cpt_001327,cli_001327,2026-04-26,151,Dakar-Plateau,actif
cpt_001328,cli_001328,2025-01-28,604,Touba,actif
cpt_001329,cli_001329,2026-03-27,181,Saint-Louis,actif
cpt_001330,cli_001330,2026-02-15,221,Ziguinchor,actif
cpt_001331,cli_001331,2026-06-27,89,Dakar-Plateau,actif
cpt_001332,cli_001332,2024-12-06,657,Ziguinchor,actif
cpt_001333,cli_001333,2024-12-04,659,Dakar-Plateau,actif
cpt_001334,cli_001334,2024-12-01,662,Parcelles Assainies,actif
cpt_001335,cli_001335,2026-04-11,166,Saint-Louis,actif
cpt_001336,cli_001336,2026-05-14,133,Dakar-Plateau,actif
cpt_001337,cli_001337,2024-11-10,683,Dakar-Plateau,actif
cpt_001338,cli_001338,2025-07-05,446,Dakar-Plateau,actif
cpt_001339,cli_001339,2026-03-18,190,Rufisque,actif
cpt_001340,cli_001340,2026-08-22,33,Saint-Louis,actif
cpt_001341,cli_001341,2025-02-20,581,Dakar-Plateau,actif
cpt_001342,cli_001342,2025-02-16,585,Dakar-Plateau,suspendu
cpt_001343,cli_001343,2026-09-16,8,Thiès,actif
cpt_001344,cli_001344,2025-10-12,347,Pikine,actif
cpt_001345,cli_001345,2025-10-06,353,Touba,actif
cpt_001346,cli_001346,2025-10-24,335,Ziguinchor,actif
cpt_001347,cli_001347,2026-01-01,266,Touba,actif
cpt_001348,cli_001348,2026-01-30,237,Kaolack,actif
cpt_001349,cli_001349,2026-01-26,241,Rufisque,actif
cpt_001350,cli_001350,2024-11-24,669,Saint-Louis,actif
cpt_001351,cli_001351,2024-09-30,724,Dakar-Plateau,actif
cpt_001352,cli_001352,2026-07-05,81,Dakar-Plateau,actif
cpt_001353,cli_001353,2025-04-18,524,Mbour,actif
cpt_001354,cli_001354,2025-08-05,415,Dakar-Plateau,actif
cpt_001355,cli_001355,2026-03-22,186,Kaolack,actif
cpt_001356,cli_001356,2026-05-13,134,Mbour,actif
cpt_001357,cli_001357,2025-03-25,548,Ziguinchor,actif
cpt_001358,cli_001358,2026-01-01,266,Pikine,actif
cpt_001359,cli_001359,2026-06-21,95,Parcelles Assainies,actif
cpt_001360,cli_001360,2024-10-18,706,Touba,actif
cpt_001361,cli_001361,2024-11-17,676,Pikine,actif
cpt_001362,cli_001362,2025-11-22,306,Rufisque,actif
cpt_001363,cli_001363,2025-11-18,310,Mbour,actif
cpt_001364,cli_001364,2025-11-22,306,Diourbel,actif
cpt_001365,cli_001365,2026-05-10,137,Touba,actif
cpt_001366,cli_001366,2026-07-09,77,Dakar-Plateau,actif
cpt_001367,cli_001367,2026-03-10,198,Parcelles Assainies,actif
cpt_001368,cli_001368,2025-12-17,281,Thiès,actif
cpt_001369,cli_001369,2026-06-06,110,Dakar-Plateau,actif
cpt_001370,cli_001370,2026-09-01,23,Parcelles Assainies,suspendu
cpt_001371,cli_001371,2024-11-18,675,Pikine,actif
cpt_001372,cli_001372,2024-12-24,639,Dakar-Plateau,actif
cpt_001373,cli_001373,2026-02-15,221,Rufisque,actif
cpt_001374,cli_001374,2025-07-05,446,Dakar-Plateau,actif
cpt_001375,cli_001375,2026-06-15,101,Thiès,actif
cpt_001376,cli_001376,2024-11-21,672,Dakar-Plateau,actif
cpt_001377,cli_001377,2025-02-12,589,Touba,actif
cpt_001378,cli_001378,2026-05-21,126,Dakar-Plateau,actif
cpt_001379,cli_001379,2026-04-23,154,Kaolack,actif
cpt_001380,cli_001380,2026-01-26,241,Dakar-Plateau,actif
cpt_001381,cli_001381,2026-07-21,65,Rufisque,actif
cpt_001382,cli_001382,2026-01-15,252,Guédiawaye,actif
cpt_001383,cli_001383,2025-05-25,487,Pikine,actif
cpt_001384,cli_001384,2025-04-16,526,Parcelles Assainies,actif
cpt_001385,cli_001385,2026-09-19,5,Saint-Louis,actif
cpt_001386,cli_001386,2026-01-11,256,Ziguinchor,actif
cpt_001387,cli_001387,2025-01-27,605,Pikine,actif
cpt_001388,cli_001388,2024-12-29,634,Dakar-Plateau,actif
cpt_001389,cli_001389,2025-08-13,407,Touba,actif
cpt_001390,cli_001390,2025-04-09,533,Thiès,actif
cpt_001391,cli_001391,2026-03-29,179,Dakar-Plateau,actif
cpt_001392,cli_001392,2024-12-31,632,Touba,actif
cpt_001393,cli_001393,2025-10-17,342,Rufisque,actif
cpt_001394,cli_001394,2025-05-10,502,Mbour,actif
cpt_001395,cli_001395,2026-03-17,191,Guédiawaye,actif
cpt_001396,cli_001396,2026-05-22,125,Parcelles Assainies,actif
cpt_001397,cli_001397,2025-09-03,386,Dakar-Plateau,actif
cpt_001398,cli_001398,2025-09-11,378,Touba,actif
cpt_001399,cli_001399,2025-08-03,417,Dakar-Plateau,actif
cpt_001400,cli_001400,2025-02-12,589,Touba,actif
cpt_001401,cli_001401,2025-03-14,559,Saint-Louis,actif
cpt_001402,cli_001402,2026-02-16,220,Touba,actif
cpt_001403,cli_001403,2025-10-20,339,Dakar-Plateau,actif
cpt_001404,cli_001404,2026-07-24,62,Pikine,actif
cpt_001405,cli_001405,2025-02-27,574,Parcelles Assainies,actif
cpt_001406,cli_001406,2026-06-17,99,Thiès,actif
cpt_001407,cli_001407,2026-08-05,50,Ziguinchor,actif
cpt_001408,cli_001408,2025-09-13,376,Guédiawaye,actif
cpt_001409,cli_001409,2024-11-21,672,Kaolack,actif
cpt_001410,cli_001410,2025-12-24,274,Dakar-Plateau,actif
cpt_001411,cli_001411,2026-05-11,136,Guédiawaye,actif
cpt_001412,cli_001412,2026-05-14,133,Dakar-Plateau,actif
cpt_001413,cli_001413,2025-01-23,609,Touba,actif
cpt_001414,cli_001414,2025-06-02,479,Dakar-Plateau,actif
cpt_001415,cli_001415,2025-09-30,359,Pikine,actif
cpt_001416,cli_001416,2024-11-19,674,Touba,actif
cpt_001417,cli_001417,2026-07-12,74,Rufisque,actif
cpt_001418,cli_001418,2025-07-03,448,Dakar-Plateau,actif
cpt_001419,cli_001419,2026-01-08,259,Dakar-Plateau,actif
cpt_001420,cli_001420,2026-04-08,169,Rufisque,actif
cpt_001421,cli_001421,2024-11-27,666,Pikine,actif
cpt_001422,cli_001422,2024-10-30,694,Dakar-Plateau,actif
cpt_001423,cli_001423,2025-01-25,607,Thiès,actif
cpt_001424,cli_001424,2026-06-10,106,Pikine,actif
cpt_001425,cli_001425,2025-04-16,526,Thiès,actif
cpt_001426,cli_001426,2026-01-09,258,Guédiawaye,actif
cpt_001427,cli_001427,2025-12-24,274,Dakar-Plateau,actif
cpt_001428,cli_001428,2026-05-09,138,Dakar-Plateau,actif
cpt_001429,cli_001429,2025-07-22,429,Pikine,actif
cpt_001430,cli_001430,2025-01-10,622,Dakar-Plateau,actif
cpt_001431,cli_001431,2026-04-09,168,Pikine,actif
cpt_001432,cli_001432,2025-08-28,392,Kaolack,actif
cpt_001433,cli_001433,2025-06-08,473,Saint-Louis,actif
cpt_001434,cli_001434,2025-06-23,458,Guédiawaye,actif
cpt_001435,cli_001435,2026-03-18,190,Thiès,actif
cpt_001436,cli_001436,2026-09-02,22,Thiès,fermé
cpt_001437,cli_001437,2025-01-29,603,Saint-Louis,actif
cpt_001438,cli_001438,2025-07-19,432,Pikine,actif
cpt_001439,cli_001439,2025-04-29,513,Pikine,actif
cpt_001440,cli_001440,2025-09-05,384,Pikine,actif
cpt_001441,cli_001441,2025-12-19,279,Dakar-Plateau,actif
cpt_001442,cli_001442,2026-03-26,182,Pikine,actif
cpt_001443,cli_001443,2025-06-04,477,Kaolack,suspendu
cpt_001444,cli_001444,2025-01-27,605,Ziguinchor,actif
cpt_001445,cli_001445,2026-01-29,238,Dakar-Plateau,actif
cpt_001446,cli_001446,2026-09-06,18,Parcelles Assainies,actif
cpt_001447,cli_001447,2026-06-06,110,Guédiawaye,actif
cpt_001448,cli_001448,2025-08-01,419,Parcelles Assainies,actif
cpt_001449,cli_001449,2026-04-08,169,Rufisque,actif
cpt_001450,cli_001450,2025-02-07,594,Dakar-Plateau,actif
cpt_001451,cli_001451,2026-03-10,198,Saint-Louis,actif
cpt_001452,cli_001452,2025-09-29,360,Diourbel,actif
cpt_001453,cli_001453,2026-04-11,166,Mbour,actif
cpt_001454,cli_001454,2025-10-28,331,Mbour,actif
cpt_001455,cli_001455,2025-05-19,493,Rufisque,actif
cpt_001456,cli_001456,2025-02-20,581,Guédiawaye,actif
cpt_001457,cli_001457,2025-04-06,536,Dakar-Plateau,actif
cpt_001458,cli_001458,2025-09-21,368,Thiès,actif
cpt_001459,cli_001459,2025-10-26,333,Dakar-Plateau,actif
cpt_001460,cli_001460,2026-01-31,236,Saint-Louis,actif
cpt_001461,cli_001461,2024-10-06,718,Parcelles Assainies,suspendu
cpt_001462,cli_001462,2025-04-08,534,Parcelles Assainies,actif
cpt_001463,cli_001463,2024-12-13,650,Guédiawaye,actif
cpt_001464,cli_001464,2025-04-02,540,Diourbel,actif
cpt_001465,cli_001465,2026-07-26,60,Dakar-Plateau,actif
cpt_001466,cli_001466,2026-03-14,194,Dakar-Plateau,actif
cpt_001467,cli_001467,2025-10-26,333,Dakar-Plateau,actif
cpt_001468,cli_001468,2026-02-07,229,Mbour,actif
cpt_001469,cli_001469,2024-12-03,660,Diourbel,actif
cpt_001470,cli_001470,2025-09-30,359,Pikine,actif
cpt_001471,cli_001471,2026-04-20,157,Kaolack,actif
cpt_001472,cli_001472,2025-07-18,433,Pikine,actif
cpt_001473,cli_001473,2025-12-24,274,Thiès,actif
cpt_001474,cli_001474,2026-06-23,93,Dakar-Plateau,actif
cpt_001475,cli_001475,2024-11-06,687,Rufisque,actif
cpt_001476,cli_001476,2024-11-04,689,Mbour,actif
cpt_001477,cli_001477,2025-03-09,564,Rufisque,actif
cpt_001478,cli_001478,2026-02-07,229,Pikine,actif
cpt_001479,cli_001479,2025-01-26,606,Saint-Louis,actif
cpt_001480,cli_001480,2026-02-27,209,Diourbel,actif
cpt_001481,cli_001481,2024-12-21,642,Parcelles Assainies,suspendu
cpt_001482,cli_001482,2024-12-18,645,Thiès,actif
cpt_001483,cli_001483,2026-05-23,124,Saint-Louis,actif
cpt_001484,cli_001484,2026-02-06,230,Pikine,actif
cpt_001485,cli_001485,2025-05-04,508,Kaolack,actif
cpt_001486,cli_001486,2026-04-10,167,Pikine,actif
cpt_001487,cli_001487,2025-02-15,586,Touba,actif
cpt_001488,cli_001488,2025-05-17,495,Dakar-Plateau,actif
cpt_001489,cli_001489,2026-04-11,166,Pikine,fermé
cpt_001490,cli_001490,2025-03-09,564,Rufisque,actif
cpt_001491,cli_001491,2026-08-24,31,Rufisque,actif
cpt_001492,cli_001492,2025-12-20,278,Kaolack,actif
cpt_001493,cli_001493,2026-05-16,131,Diourbel,actif
cpt_001494,cli_001494,2026-09-24,0,Dakar-Plateau,actif
cpt_001495,cli_001495,2025-04-03,539,Pikine,actif
cpt_001496,cli_001496,2026-06-06,110,Guédiawaye,actif
cpt_001497,cli_001497,2025-05-07,505,Parcelles Assainies,actif
cpt_001498,cli_001498,2026-08-03,52,Rufisque,actif
cpt_001499,cli_001499,2024-12-14,649,Kaolack,actif
cpt_001500,cli_001500,2024-10-15,709,Touba,actif
cpt_001501,cli_001501,2026-02-06,230,Dakar-Plateau,actif
cpt_001502,cli_001502,2025-10-05,354,Parcelles Assainies,actif
cpt_001503,cli_001503,2025-06-28,453,Thiès,actif
cpt_001504,cli_001504,2025-07-22,429,Parcelles Assainies,actif
cpt_001505,cli_001505,2026-09-06,18,Dakar-Plateau,actif
cpt_001506,cli_001506,2024-10-11,713,Guédiawaye,actif
cpt_001507,cli_001507,2024-11-15,678,Parcelles Assainies,actif
cpt_001508,cli_001508,2025-10-06,353,Dakar-Plateau,actif
cpt_001509,cli_001509,2025-08-19,401,Touba,actif
cpt_001510,cli_001510,2026-05-26,121,Guédiawaye,actif
cpt_001511,cli_001511,2025-03-28,545,Thiès,actif
cpt_001512,cli_001512,2025-09-14,375,Rufisque,actif
cpt_001513,cli_001513,2026-03-04,204,Kaolack,actif
cpt_001514,cli_001514,2026-02-13,223,Dakar-Plateau,actif
cpt_001515,cli_001515,2026-07-27,59,Dakar-Plateau,actif
cpt_001516,cli_001516,2025-03-01,572,Pikine,actif
cpt_001517,cli_001517,2026-08-11,44,Parcelles Assainies,actif
cpt_001518,cli_001518,2025-08-09,411,Pikine,actif
cpt_001519,cli_001519,2025-02-09,592,Touba,actif
cpt_001520,cli_001520,2026-08-18,37,Pikine,actif
cpt_001521,cli_001521,2026-06-09,107,Dakar-Plateau,actif
cpt_001522,cli_001522,2025-03-20,553,Parcelles Assainies,actif
cpt_001523,cli_001523,2025-01-31,601,Touba,actif
cpt_001524,cli_001524,2026-07-26,60,Kaolack,actif
cpt_001525,cli_001525,2026-03-17,191,Touba,actif
cpt_001526,cli_001526,2025-07-08,443,Rufisque,actif
cpt_001527,cli_001527,2025-08-26,394,Touba,actif
cpt_001528,cli_001528,2025-09-12,377,Mbour,actif
cpt_001529,cli_001529,2026-03-17,191,Pikine,actif
cpt_001530,cli_001530,2025-08-31,389,Rufisque,actif
cpt_001531,cli_001531,2026-08-18,37,Touba,actif
cpt_001532,cli_001532,2024-12-26,637,Pikine,actif
cpt_001533,cli_001533,2025-08-28,392,Mbour,actif
cpt_001534,cli_001534,2025-12-26,272,Parcelles Assainies,actif
cpt_001535,cli_001535,2026-01-03,264,Rufisque,actif
cpt_001536,cli_001536,2025-12-28,270,Dakar-Plateau,actif
cpt_001537,cli_001537,2025-11-10,318,Mbour,actif
cpt_001538,cli_001538,2026-05-06,141,Kaolack,actif
cpt_001539,cli_001539,2025-07-15,436,Dakar-Plateau,actif
cpt_001540,cli_001540,2026-05-16,131,Guédiawaye,actif
cpt_001541,cli_001541,2026-02-09,227,Dakar-Plateau,actif
cpt_001542,cli_001542,2024-12-29,634,Dakar-Plateau,actif
cpt_001543,cli_001543,2025-08-08,412,Diourbel,actif
cpt_001544,cli_001544,2024-12-06,657,Rufisque,actif
cpt_001545,cli_001545,2025-06-02,479,Guédiawaye,actif
cpt_001546,cli_001546,2025-03-03,570,Pikine,actif
cpt_001547,cli_001547,2026-07-23,63,Diourbel,actif
cpt_001548,cli_001548,2025-09-25,364,Pikine,actif
cpt_001549,cli_001549,2026-01-13,254,Touba,actif
cpt_001550,cli_001550,2026-09-11,13,Pikine,actif
cpt_001551,cli_001551,2026-07-21,65,Dakar-Plateau,actif
cpt_001552,cli_001552,2026-05-12,135,Mbour,actif
cpt_001553,cli_001553,2026-09-20,4,Dakar-Plateau,actif
cpt_001554,cli_001554,2025-11-12,316,Mbour,actif
cpt_001555,cli_001555,2026-08-19,36,Pikine,actif
cpt_001556,cli_001556,2025-01-30,602,Touba,actif
cpt_001557,cli_001557,2025-07-23,428,Touba,actif
cpt_001558,cli_001558,2024-10-24,700,Touba,actif
cpt_001559,cli_001559,2026-07-28,58,Dakar-Plateau,actif
cpt_001560,cli_001560,2026-07-31,55,Mbour,actif
cpt_001561,cli_001561,2024-12-30,633,Diourbel,actif
cpt_001562,cli_001562,2025-12-13,285,Pikine,actif
cpt_001563,cli_001563,2025-03-20,553,Pikine,actif
cpt_001564,cli_001564,2026-05-12,135,Saint-Louis,actif
cpt_001565,cli_001565,2026-09-19,5,Dakar-Plateau,actif
cpt_001566,cli_001566,2025-09-28,361,Mbour,actif
cpt_001567,cli_001567,2025-08-06,414,Touba,actif
cpt_001568,cli_001568,2026-07-07,79,Dakar-Plateau,actif
cpt_001569,cli_001569,2026-09-20,4,Rufisque,actif
cpt_001570,cli_001570,2026-04-26,151,Thiès,actif
cpt_001571,cli_001571,2026-07-06,80,Pikine,actif
cpt_001572,cli_001572,2024-09-28,726,Kaolack,actif
cpt_001573,cli_001573,2024-10-06,718,Dakar-Plateau,actif
cpt_001574,cli_001574,2026-09-16,8,Guédiawaye,actif
cpt_001575,cli_001575,2025-10-25,334,Saint-Louis,actif
cpt_001576,cli_001576,2025-12-18,280,Dakar-Plateau,actif
cpt_001577,cli_001577,2026-09-06,18,Saint-Louis,actif
cpt_001578,cli_001578,2025-05-29,483,Dakar-Plateau,actif
cpt_001579,cli_001579,2025-01-12,620,Parcelles Assainies,actif
cpt_001580,cli_001580,2025-07-08,443,Dakar-Plateau,actif
cpt_001581,cli_001581,2024-11-25,668,Mbour,actif
cpt_001582,cli_001582,2025-06-17,464,Saint-Louis,actif
cpt_001583,cli_001583,2025-08-22,398,Saint-Louis,actif
cpt_001584,cli_001584,2024-11-04,689,Diourbel,actif
cpt_001585,cli_001585,2025-04-30,512,Mbour,actif
cpt_001586,cli_001586,2025-03-16,557,Touba,actif
cpt_001587,cli_001587,2025-03-08,565,Rufisque,actif
cpt_001588,cli_001588,2026-08-31,24,Ziguinchor,suspendu
cpt_001589,cli_001589,2025-04-10,532,Thiès,actif
cpt_001590,cli_001590,2025-03-27,546,Kaolack,actif
cpt_001591,cli_001591,2025-10-01,358,Pikine,actif
cpt_001592,cli_001592,2025-08-09,411,Rufisque,actif
cpt_001593,cli_001593,2025-01-25,607,Touba,actif
cpt_001594,cli_001594,2026-06-12,104,Dakar-Plateau,actif
cpt_001595,cli_001595,2025-09-07,382,Dakar-Plateau,actif
cpt_001596,cli_001596,2025-03-11,562,Diourbel,actif
cpt_001597,cli_001597,2026-03-21,187,Parcelles Assainies,actif
cpt_001598,cli_001598,2026-03-18,190,Dakar-Plateau,actif
cpt_001599,cli_001599,2026-09-25,-1,Guédiawaye,actif
cpt_001600,cli_001600,2026-02-11,225,Guédiawaye,actif
cpt_001601,cli_001601,2026-01-06,261,Thiès,actif
cpt_001602,cli_001602,2024-11-01,692,Ziguinchor,actif
cpt_001603,cli_001603,2026-07-29,57,Diourbel,actif
cpt_001604,cli_001604,2025-06-10,471,Mbour,actif
cpt_001605,cli_001605,2026-08-08,47,Mbour,actif
cpt_001606,cli_001606,2025-02-22,579,Guédiawaye,actif
cpt_001607,cli_001607,2025-10-16,343,Kaolack,actif
cpt_001608,cli_001608,2025-11-19,309,Dakar-Plateau,actif
cpt_001609,cli_001609,2024-11-06,687,Dakar-Plateau,actif
cpt_001610,cli_001610,2025-03-26,547,Diourbel,actif
cpt_001611,cli_001611,2026-07-12,74,Kaolack,actif
cpt_001612,cli_001612,2026-03-13,195,Pikine,actif
cpt_001613,cli_001613,2026-03-11,197,Mbour,actif
cpt_001614,cli_001614,2025-07-09,442,Parcelles Assainies,actif
cpt_001615,cli_001615,2025-01-26,606,Guédiawaye,actif
cpt_001616,cli_001616,2025-06-16,465,Pikine,actif
cpt_001617,cli_001617,2025-12-08,290,Dakar-Plateau,actif
cpt_001618,cli_001618,2025-03-30,543,Rufisque,actif
cpt_001619,cli_001619,2025-03-19,554,Parcelles Assainies,actif
cpt_001620,cli_001620,2026-07-31,55,Rufisque,actif
cpt_001621,cli_001621,2025-08-25,395,Dakar-Plateau,actif
cpt_001622,cli_001622,2025-04-23,519,Ziguinchor,actif
cpt_001623,cli_001623,2025-07-14,437,Thiès,actif
cpt_001624,cli_001624,2026-03-29,179,Kaolack,actif
cpt_001625,cli_001625,2026-05-31,116,Dakar-Plateau,actif
cpt_001626,cli_001626,2026-02-27,209,Thiès,actif
cpt_001627,cli_001627,2026-01-12,255,Saint-Louis,actif
cpt_001628,cli_001628,2024-11-23,670,Guédiawaye,actif
cpt_001629,cli_001629,2025-06-28,453,Dakar-Plateau,actif
cpt_001630,cli_001630,2025-01-22,610,Pikine,actif
cpt_001631,cli_001631,2026-09-06,18,Pikine,actif
cpt_001632,cli_001632,2025-03-05,568,Parcelles Assainies,actif
cpt_001633,cli_001633,2026-05-09,138,Guédiawaye,suspendu
cpt_001634,cli_001634,2025-08-11,409,Pikine,actif
cpt_001635,cli_001635,2025-12-18,280,Thiès,actif
cpt_001636,cli_001636,2025-01-04,628,Dakar-Plateau,actif
cpt_001637,cli_001637,2025-05-20,492,Guédiawaye,actif
cpt_001638,cli_001638,2025-10-26,333,Mbour,actif
cpt_001639,cli_001639,2025-09-17,372,Dakar-Plateau,actif
cpt_001640,cli_001640,2025-04-27,515,Pikine,actif
cpt_001641,cli_001641,2025-04-21,521,Dakar-Plateau,actif
cpt_001642,cli_001642,2025-08-02,418,Dakar-Plateau,actif
cpt_001643,cli_001643,2025-04-14,528,Parcelles Assainies,actif
cpt_001644,cli_001644,2025-02-27,574,Dakar-Plateau,suspendu
cpt_001645,cli_001645,2026-09-01,23,Pikine,actif
cpt_001646,cli_001646,2025-12-31,267,Diourbel,actif
cpt_001647,cli_001647,2024-12-06,657,Ziguinchor,actif
cpt_001648,cli_001648,2026-02-04,232,Dakar-Plateau,actif
cpt_001649,cli_001649,2025-02-04,597,Pikine,actif
cpt_001650,cli_001650,2025-08-23,397,Parcelles Assainies,actif
cpt_001651,cli_001651,2026-03-10,198,Saint-Louis,actif
cpt_001652,cli_001652,2026-01-11,256,Saint-Louis,actif
cpt_001653,cli_001653,2025-10-05,354,Dakar-Plateau,actif
cpt_001654,cli_001654,2026-06-27,89,Dakar-Plateau,actif
cpt_001655,cli_001655,2026-02-11,225,Parcelles Assainies,actif
cpt_001656,cli_001656,2025-05-16,496,Kaolack,actif
cpt_001657,cli_001657,2024-12-06,657,Kaolack,actif
cpt_001658,cli_001658,2024-11-04,689,Dakar-Plateau,actif
cpt_001659,cli_001659,2025-12-22,276,Thiès,actif
cpt_001660,cli_001660,2025-02-23,578,Dakar-Plateau,actif
cpt_001661,cli_001661,2025-12-12,286,Mbour,actif
cpt_001662,cli_001662,2025-02-15,586,Ziguinchor,actif
cpt_001663,cli_001663,2024-11-28,665,Parcelles Assainies,fermé
cpt_001664,cli_001664,2025-11-05,323,Dakar-Plateau,actif
cpt_001665,cli_001665,2025-07-15,436,Thiès,actif
cpt_001666,cli_001666,2025-01-01,631,Parcelles Assainies,actif
cpt_001667,cli_001667,2026-06-18,98,Saint-Louis,actif
cpt_001668,cli_001668,2026-03-31,177,Guédiawaye,actif
cpt_001669,cli_001669,2025-06-26,455,Kaolack,actif
cpt_001670,cli_001670,2026-05-19,128,Pikine,actif
cpt_001671,cli_001671,2025-02-24,577,Dakar-Plateau,actif
cpt_001672,cli_001672,2026-03-15,193,Pikine,actif
cpt_001673,cli_001673,2026-01-21,246,Dakar-Plateau,actif
cpt_001674,cli_001674,2025-02-13,588,Pikine,actif
cpt_001675,cli_001675,2025-09-07,382,Mbour,actif
cpt_001676,cli_001676,2025-02-28,573,Dakar-Plateau,actif
cpt_001677,cli_001677,2025-06-24,457,Dakar-Plateau,actif
cpt_001678,cli_001678,2025-09-16,373,Dakar-Plateau,actif
cpt_001679,cli_001679,2025-09-20,369,Dakar-Plateau,actif
cpt_001680,cli_001680,2025-02-17,584,Kaolack,actif
cpt_001681,cli_001681,2024-09-29,725,Ziguinchor,actif
cpt_001682,cli_001682,2026-09-06,18,Dakar-Plateau,actif
cpt_001683,cli_001683,2025-09-19,370,Touba,actif
cpt_001684,cli_001684,2025-03-04,569,Touba,actif
cpt_001685,cli_001685,2025-06-12,469,Diourbel,actif
cpt_001686,cli_001686,2025-10-08,351,Guédiawaye,actif
cpt_001687,cli_001687,2025-02-24,577,Pikine,actif
cpt_001688,cli_001688,2025-10-19,340,Parcelles Assainies,actif
cpt_001689,cli_001689,2026-06-20,96,Kaolack,actif
cpt_001690,cli_001690,2026-03-09,199,Touba,suspendu
cpt_001691,cli_001691,2026-08-25,30,Parcelles Assainies,actif
cpt_001692,cli_001692,2025-05-04,508,Pikine,actif
cpt_001693,cli_001693,2024-10-17,707,Touba,actif
cpt_001694,cli_001694,2025-12-22,276,Kaolack,actif
cpt_001695,cli_001695,2025-04-08,534,Guédiawaye,actif
cpt_001696,cli_001696,2024-10-10,714,Mbour,actif
cpt_001697,cli_001697,2025-12-13,285,Parcelles Assainies,actif
cpt_001698,cli_001698,2024-12-19,644,Parcelles Assainies,actif
cpt_001699,cli_001699,2026-09-12,12,Rufisque,actif
cpt_001700,cli_001700,2025-05-21,491,Touba,actif
cpt_001701,cli_001701,2026-05-26,121,Diourbel,actif
cpt_001702,cli_001702,2025-03-03,570,Parcelles Assainies,actif
cpt_001703,cli_001703,2026-09-19,5,Guédiawaye,actif
cpt_001704,cli_001704,2025-01-24,608,Guédiawaye,actif
cpt_001705,cli_001705,2025-12-12,286,Dakar-Plateau,actif
cpt_001706,cli_001706,2026-04-08,169,Pikine,actif
cpt_001707,cli_001707,2025-08-19,401,Dakar-Plateau,suspendu
cpt_001708,cli_001708,2024-10-06,718,Parcelles Assainies,actif
cpt_001709,cli_001709,2026-05-30,117,Dakar-Plateau,actif
cpt_001710,cli_001710,2026-02-10,226,Guédiawaye,actif
cpt_001711,cli_001711,2025-06-15,466,Saint-Louis,actif
cpt_001712,cli_001712,2026-07-19,67,Pikine,actif
cpt_001713,cli_001713,2024-11-01,692,Thiès,actif
cpt_001714,cli_001714,2025-09-10,379,Kaolack,actif
cpt_001715,cli_001715,2024-10-04,720,Thiès,actif
cpt_001716,cli_001716,2025-11-29,299,Dakar-Plateau,actif
cpt_001717,cli_001717,2025-01-27,605,Guédiawaye,actif
cpt_001718,cli_001718,2026-01-26,241,Thiès,actif
cpt_001719,cli_001719,2025-11-06,322,Rufisque,actif
cpt_001720,cli_001720,2026-01-16,251,Dakar-Plateau,actif
cpt_001721,cli_001721,2025-08-20,400,Parcelles Assainies,actif
cpt_001722,cli_001722,2026-04-17,160,Rufisque,actif
cpt_001723,cli_001723,2025-09-25,364,Pikine,actif
cpt_001724,cli_001724,2025-01-22,610,Thiès,actif
cpt_001725,cli_001725,2026-06-04,112,Dakar-Plateau,suspendu
cpt_001726,cli_001726,2025-02-25,576,Guédiawaye,fermé
cpt_001727,cli_001727,2025-01-13,619,Saint-Louis,actif
cpt_001728,cli_001728,2026-08-31,24,Pikine,actif
cpt_001729,cli_001729,2025-05-21,491,Thiès,actif
cpt_001730,cli_001730,2025-10-05,354,Parcelles Assainies,actif
cpt_001731,cli_001731,2025-06-18,463,Pikine,actif
cpt_001732,cli_001732,2026-02-25,211,Ziguinchor,actif
cpt_001733,cli_001733,2026-04-19,158,Guédiawaye,actif
cpt_001734,cli_001734,2026-03-02,206,Pikine,suspendu
cpt_001735,cli_001735,2026-06-08,108,Kaolack,actif
cpt_001736,cli_001736,2025-12-05,293,Touba,actif
cpt_001737,cli_001737,2024-12-28,635,Mbour,actif
cpt_001738,cli_001738,2025-03-05,568,Dakar-Plateau,actif
cpt_001739,cli_001739,2026-05-16,131,Dakar-Plateau,actif
cpt_001740,cli_001740,2025-08-14,406,Thiès,actif
cpt_001741,cli_001741,2026-08-03,52,Dakar-Plateau,actif
cpt_001742,cli_001742,2026-08-14,41,Pikine,actif
cpt_001743,cli_001743,2025-06-26,455,Touba,actif
cpt_001744,cli_001744,2026-02-15,221,Pikine,actif
cpt_001745,cli_001745,2025-04-29,513,Dakar-Plateau,actif
cpt_001746,cli_001746,2026-06-06,110,Dakar-Plateau,actif
cpt_001747,cli_001747,2026-07-02,84,Parcelles Assainies,actif
cpt_001748,cli_001748,2025-04-21,521,Thiès,actif
cpt_001749,cli_001749,2026-04-30,147,Kaolack,actif
cpt_001750,cli_001750,2026-08-15,40,Dakar-Plateau,actif
cpt_001751,cli_001751,2025-03-01,572,Dakar-Plateau,actif
cpt_001752,cli_001752,2025-05-01,511,Rufisque,actif
cpt_001753,cli_001753,2024-11-18,675,Guédiawaye,actif
cpt_001754,cli_001754,2025-07-15,436,Parcelles Assainies,actif
cpt_001755,cli_001755,2025-10-14,345,Ziguinchor,actif
cpt_001756,cli_001756,2025-05-24,488,Rufisque,actif
cpt_001757,cli_001757,2025-02-24,577,Parcelles Assainies,actif
cpt_001758,cli_001758,2025-06-25,456,Diourbel,actif
cpt_001759,cli_001759,2026-02-05,231,Dakar-Plateau,actif
cpt_001760,cli_001760,2024-12-16,647,Ziguinchor,actif
cpt_001761,cli_001761,2025-04-30,512,Rufisque,actif
cpt_001762,cli_001762,2024-12-25,638,Rufisque,actif
cpt_001763,cli_001763,2025-08-13,407,Ziguinchor,actif
cpt_001764,cli_001764,2025-11-03,325,Rufisque,actif
cpt_001765,cli_001765,2025-01-19,613,Parcelles Assainies,actif
cpt_001766,cli_001766,2025-07-09,442,Pikine,actif
cpt_001767,cli_001767,2025-03-09,564,Mbour,actif
cpt_001768,cli_001768,2024-12-16,647,Thiès,actif
cpt_001769,cli_001769,2026-02-28,208,Dakar-Plateau,actif
cpt_001770,cli_001770,2026-05-06,141,Mbour,actif
cpt_001771,cli_001771,2026-06-08,108,Thiès,actif
cpt_001772,cli_001772,2025-07-14,437,Guédiawaye,actif
cpt_001773,cli_001773,2025-02-13,588,Dakar-Plateau,actif
cpt_001774,cli_001774,2024-10-13,711,Parcelles Assainies,actif
cpt_001775,cli_001775,2026-09-03,21,Dakar-Plateau,actif
cpt_001776,cli_001776,2026-09-22,2,Dakar-Plateau,actif
cpt_001777,cli_001777,2025-05-17,495,Parcelles Assainies,actif
cpt_001778,cli_001778,2026-03-11,197,Dakar-Plateau,actif
cpt_001779,cli_001779,2025-10-13,346,Pikine,actif
cpt_001780,cli_001780,2026-07-31,55,Mbour,actif
cpt_001781,cli_001781,2026-07-31,55,Pikine,actif
cpt_001782,cli_001782,2025-09-05,384,Diourbel,actif
cpt_001783,cli_001783,2025-05-10,502,Ziguinchor,actif
cpt_001784,cli_001784,2024-12-20,643,Thiès,actif
cpt_001785,cli_001785,2025-10-09,350,Diourbel,suspendu
cpt_001786,cli_001786,2025-06-11,470,Kaolack,actif
cpt_001787,cli_001787,2025-01-04,628,Pikine,actif
cpt_001788,cli_001788,2025-11-13,315,Touba,actif
cpt_001789,cli_001789,2026-04-26,151,Dakar-Plateau,actif
cpt_001790,cli_001790,2025-02-02,599,Mbour,actif
cpt_001791,cli_001791,2026-09-24,0,Rufisque,actif
cpt_001792,cli_001792,2026-03-10,198,Dakar-Plateau,actif
cpt_001793,cli_001793,2026-06-21,95,Pikine,actif
cpt_001794,cli_001794,2025-06-12,469,Ziguinchor,actif
cpt_001795,cli_001795,2026-03-13,195,Pikine,actif
cpt_001796,cli_001796,2026-01-17,250,Dakar-Plateau,actif
cpt_001797,cli_001797,2025-06-09,472,Dakar-Plateau,actif
cpt_001798,cli_001798,2026-02-20,216,Parcelles Assainies,actif
cpt_001799,cli_001799,2026-01-04,263,Saint-Louis,actif
cpt_001800,cli_001800,2025-09-27,362,Touba,actif
cpt_001801,cli_001801,2026-06-29,87,Parcelles Assainies,actif
cpt_001802,cli_001802,2024-11-13,680,Dakar-Plateau,actif
cpt_001803,cli_001803,2024-10-10,714,Dakar-Plateau,actif
cpt_001804,cli_001804,2025-04-23,519,Parcelles Assainies,actif
cpt_001805,cli_001805,2026-07-07,79,Saint-Louis,actif
cpt_001806,cli_001806,2025-10-14,345,Touba,actif
cpt_001807,cli_001807,2026-01-08,259,Parcelles Assainies,actif
cpt_001808,cli_001808,2026-05-27,120,Thiès,actif
cpt_001809,cli_001809,2024-12-23,640,Parcelles Assainies,actif
cpt_001810,cli_001810,2025-11-29,299,Thiès,actif
cpt_001811,cli_001811,2025-06-06,475,Rufisque,actif
cpt_001812,cli_001812,2025-05-11,501,Mbour,actif
cpt_001813,cli_001813,2026-02-05,231,Rufisque,actif
cpt_001814,cli_001814,2026-01-14,253,Ziguinchor,actif
cpt_001815,cli_001815,2024-10-20,704,Parcelles Assainies,actif
cpt_001816,cli_001816,2025-01-30,602,Dakar-Plateau,actif
cpt_001817,cli_001817,2025-09-24,365,Pikine,actif
cpt_001818,cli_001818,2025-09-01,388,Rufisque,actif
cpt_001819,cli_001819,2026-09-18,6,Rufisque,actif
cpt_001820,cli_001820,2026-04-29,148,Rufisque,actif
cpt_001821,cli_001821,2026-09-20,4,Touba,actif
cpt_001822,cli_001822,2025-02-16,585,Pikine,actif
cpt_001823,cli_001823,2024-11-08,685,Mbour,actif
cpt_001824,cli_001824,2026-06-01,115,Mbour,actif
cpt_001825,cli_001825,2026-03-06,202,Parcelles Assainies,actif
cpt_001826,cli_001826,2026-01-14,253,Parcelles Assainies,actif
cpt_001827,cli_001827,2025-02-09,592,Dakar-Plateau,actif
cpt_001828,cli_001828,2025-12-05,293,Parcelles Assainies,actif
cpt_001829,cli_001829,2026-08-26,29,Touba,actif
cpt_001830,cli_001830,2025-07-27,424,Kaolack,actif
cpt_001831,cli_001831,2026-06-09,107,Thiès,actif
cpt_001832,cli_001832,2025-06-14,467,Pikine,actif
cpt_001833,cli_001833,2025-01-09,623,Mbour,actif
cpt_001834,cli_001834,2026-08-05,50,Touba,actif
cpt_001835,cli_001835,2024-10-01,723,Guédiawaye,actif
cpt_001836,cli_001836,2025-05-28,484,Saint-Louis,actif
cpt_001837,cli_001837,2026-08-21,34,Dakar-Plateau,actif
cpt_001838,cli_001838,2026-04-17,160,Dakar-Plateau,actif
cpt_001839,cli_001839,2026-05-25,122,Dakar-Plateau,actif
cpt_001840,cli_001840,2024-12-20,643,Dakar-Plateau,actif
cpt_001841,cli_001841,2025-04-16,526,Kaolack,actif
cpt_001842,cli_001842,2025-12-26,272,Parcelles Assainies,actif
cpt_001843,cli_001843,2025-09-06,383,Pikine,actif
cpt_001844,cli_001844,2026-01-17,250,Parcelles Assainies,actif
cpt_001845,cli_001845,2025-12-05,293,Guédiawaye,actif
cpt_001846,cli_001846,2025-06-18,463,Pikine,actif
cpt_001847,cli_001847,2026-05-07,140,Dakar-Plateau,actif
cpt_001848,cli_001848,2025-03-21,552,Mbour,actif
cpt_001849,cli_001849,2024-11-05,688,Dakar-Plateau,actif
cpt_001850,cli_001850,2024-10-13,711,Touba,actif
cpt_001851,cli_001851,2026-05-21,126,Dakar-Plateau,actif
cpt_001852,cli_001852,2025-11-28,300,Touba,actif
cpt_001853,cli_001853,2026-03-16,192,Saint-Louis,actif
cpt_001854,cli_001854,2025-06-18,463,Dakar-Plateau,actif
cpt_001855,cli_001855,2026-01-30,237,Dakar-Plateau,actif
cpt_001856,cli_001856,2025-12-14,284,Ziguinchor,actif
cpt_001857,cli_001857,2026-06-15,101,Parcelles Assainies,actif
cpt_001858,cli_001858,2025-08-13,407,Thiès,actif
cpt_001859,cli_001859,2025-08-31,389,Dakar-Plateau,actif
cpt_001860,cli_001860,2025-08-20,400,Pikine,actif
cpt_001861,cli_001861,2026-01-21,246,Rufisque,actif
cpt_001862,cli_001862,2025-03-22,551,Kaolack,actif
cpt_001863,cli_001863,2025-07-11,440,Pikine,actif
cpt_001864,cli_001864,2026-05-19,128,Touba,actif
cpt_001865,cli_001865,2026-01-02,265,Mbour,actif
cpt_001866,cli_001866,2025-06-01,480,Dakar-Plateau,actif
cpt_001867,cli_001867,2026-07-01,85,Pikine,actif
cpt_001868,cli_001868,2026-01-13,254,Pikine,actif
cpt_001869,cli_001869,2024-12-26,637,Parcelles Assainies,actif
cpt_001870,cli_001870,2025-11-08,320,Thiès,suspendu
cpt_001871,cli_001871,2025-09-17,372,Parcelles Assainies,actif
cpt_001872,cli_001872,2025-05-16,496,Pikine,actif
cpt_001873,cli_001873,2026-02-04,232,Mbour,actif
cpt_001874,cli_001874,2025-02-02,599,Thiès,actif
cpt_001875,cli_001875,2026-09-14,10,Rufisque,fermé
cpt_001876,cli_001876,2025-10-14,345,Rufisque,actif
cpt_001877,cli_001877,2025-07-16,435,Pikine,actif
cpt_001878,cli_001878,2026-04-06,171,Mbour,actif
cpt_001879,cli_001879,2025-03-05,568,Guédiawaye,actif
cpt_001880,cli_001880,2026-07-28,58,Guédiawaye,actif
cpt_001881,cli_001881,2025-06-08,473,Dakar-Plateau,actif
cpt_001882,cli_001882,2025-06-20,461,Thiès,actif
cpt_001883,cli_001883,2025-02-26,575,Thiès,actif
cpt_001884,cli_001884,2026-04-30,147,Guédiawaye,actif
cpt_001885,cli_001885,2026-06-06,110,Kaolack,actif
cpt_001886,cli_001886,2025-07-27,424,Saint-Louis,actif
cpt_001887,cli_001887,2024-10-18,706,Dakar-Plateau,actif
cpt_001888,cli_001888,2025-03-02,571,Mbour,actif
cpt_001889,cli_001889,2026-04-22,155,Guédiawaye,actif
cpt_001890,cli_001890,2025-12-02,296,Diourbel,actif
cpt_001891,cli_001891,2026-03-13,195,Pikine,actif
cpt_001892,cli_001892,2025-03-05,568,Pikine,actif
cpt_001893,cli_001893,2025-09-19,370,Parcelles Assainies,actif
cpt_001894,cli_001894,2025-11-12,316,Pikine,actif
cpt_001895,cli_001895,2026-09-20,4,Mbour,actif
cpt_001896,cli_001896,2025-06-23,458,Parcelles Assainies,actif
cpt_001897,cli_001897,2025-11-07,321,Pikine,actif
cpt_001898,cli_001898,2026-08-30,25,Rufisque,actif
cpt_001899,cli_001899,2026-05-07,140,Kaolack,actif
cpt_001900,cli_001900,2025-04-13,529,Saint-Louis,actif
cpt_001901,cli_001901,2025-03-28,545,Rufisque,actif
cpt_001902,cli_001902,2025-10-01,358,Pikine,actif
cpt_001903,cli_001903,2025-03-23,550,Dakar-Plateau,actif
cpt_001904,cli_001904,2025-04-04,538,Kaolack,actif
cpt_001905,cli_001905,2025-07-03,448,Touba,actif
cpt_001906,cli_001906,2026-04-26,151,Thiès,actif
cpt_001907,cli_001907,2025-11-21,307,Kaolack,actif
cpt_001908,cli_001908,2025-02-05,596,Dakar-Plateau,actif
cpt_001909,cli_001909,2026-02-09,227,Mbour,actif
cpt_001910,cli_001910,2025-06-03,478,Dakar-Plateau,actif
cpt_001911,cli_001911,2025-01-28,604,Dakar-Plateau,actif
cpt_001912,cli_001912,2025-09-04,385,Parcelles Assainies,actif
cpt_001913,cli_001913,2025-09-19,370,Guédiawaye,actif
cpt_001914,cli_001914,2026-05-13,134,Ziguinchor,actif
cpt_001915,cli_001915,2025-09-28,361,Guédiawaye,actif
cpt_001916,cli_001916,2026-08-26,29,Saint-Louis,actif
cpt_001917,cli_001917,2026-07-04,82,Touba,actif
cpt_001918,cli_001918,2025-08-26,394,Mbour,actif
cpt_001919,cli_001919,2026-04-19,158,Ziguinchor,actif
cpt_001920,cli_001920,2026-01-15,252,Parcelles Assainies,actif
cpt_001921,cli_001921,2026-01-05,262,Guédiawaye,actif
cpt_001922,cli_001922,2025-10-16,343,Dakar-Plateau,actif
cpt_001923,cli_001923,2025-05-06,506,Pikine,actif
cpt_001924,cli_001924,2025-11-04,324,Kaolack,actif
cpt_001925,cli_001925,2025-01-16,616,Parcelles Assainies,actif
cpt_001926,cli_001926,2025-10-07,352,Guédiawaye,actif
cpt_001927,cli_001927,2024-10-01,723,Dakar-Plateau,actif
cpt_001928,cli_001928,2024-09-25,729,Parcelles Assainies,actif
cpt_001929,cli_001929,2025-11-16,312,Touba,actif
cpt_001930,cli_001930,2025-03-18,555,Pikine,actif
cpt_001931,cli_001931,2025-10-28,331,Touba,actif
cpt_001932,cli_001932,2024-12-27,636,Thiès,actif
cpt_001933,cli_001933,2025-03-18,555,Touba,actif
cpt_001934,cli_001934,2026-01-24,243,Pikine,actif
cpt_001935,cli_001935,2026-02-01,235,Thiès,actif
cpt_001936,cli_001936,2024-12-20,643,Dakar-Plateau,actif
cpt_001937,cli_001937,2025-08-26,394,Guédiawaye,actif
cpt_001938,cli_001938,2025-05-07,505,Touba,actif
cpt_001939,cli_001939,2025-05-22,490,Thiès,actif
cpt_001940,cli_001940,2026-05-27,120,Dakar-Plateau,actif
cpt_001941,cli_001941,2026-04-04,173,Kaolack,actif
cpt_001942,cli_001942,2024-12-07,656,Dakar-Plateau,actif
cpt_001943,cli_001943,2026-03-08,200,Thiès,actif
cpt_001944,cli_001944,2024-12-29,634,Diourbel,actif
cpt_001945,cli_001945,2026-01-08,259,Rufisque,actif
cpt_001946,cli_001946,2025-01-14,618,Saint-Louis,actif
cpt_001947,cli_001947,2025-07-29,422,Thiès,actif
cpt_001948,cli_001948,2026-07-17,69,Touba,actif
cpt_001949,cli_001949,2026-03-10,198,Mbour,actif
cpt_001950,cli_001950,2024-10-30,694,Mbour,actif
cpt_001951,cli_001951,2026-04-29,148,Pikine,actif
cpt_001952,cli_001952,2026-04-14,163,Touba,actif
cpt_001953,cli_001953,2026-06-07,109,Pikine,actif
cpt_001954,cli_001954,2025-07-08,443,Diourbel,actif
cpt_001955,cli_001955,2025-02-15,586,Pikine,actif
cpt_001956,cli_001956,2024-11-12,681,Pikine,suspendu
cpt_001957,cli_001957,2024-12-19,644,Kaolack,actif
cpt_001958,cli_001958,2024-12-20,643,Pikine,actif
cpt_001959,cli_001959,2024-12-06,657,Guédiawaye,actif
cpt_001960,cli_001960,2025-08-06,414,Touba,suspendu
cpt_001961,cli_001961,2025-02-06,595,Dakar-Plateau,actif
cpt_001962,cli_001962,2025-06-22,459,Dakar-Plateau,actif
cpt_001963,cli_001963,2026-06-15,101,Parcelles Assainies,actif
cpt_001964,cli_001964,2026-09-10,14,Pikine,actif
cpt_001965,cli_001965,2026-07-18,68,Pikine,actif
cpt_001966,cli_001966,2026-01-17,250,Dakar-Plateau,actif
cpt_001967,cli_001967,2025-09-26,363,Guédiawaye,actif
cpt_001968,cli_001968,2025-06-17,464,Pikine,actif
cpt_001969,cli_001969,2025-09-12,377,Dakar-Plateau,actif
cpt_001970,cli_001970,2025-12-30,268,Thiès,actif
cpt_001971,cli_001971,2025-04-11,531,Thiès,actif
cpt_001972,cli_001972,2025-01-08,624,Dakar-Plateau,actif
cpt_001973,cli_001973,2026-04-17,160,Pikine,actif
cpt_001974,cli_001974,2026-03-18,190,Kaolack,actif
cpt_001975,cli_001975,2024-11-16,677,Thiès,actif
cpt_001976,cli_001976,2024-10-16,708,Parcelles Assainies,actif
cpt_001977,cli_001977,2026-02-14,222,Parcelles Assainies,actif
cpt_001978,cli_001978,2025-09-18,371,Dakar-Plateau,actif
cpt_001979,cli_001979,2025-07-29,422,Saint-Louis,actif
cpt_001980,cli_001980,2025-06-21,460,Ziguinchor,actif
cpt_001981,cli_001981,2025-01-04,628,Ziguinchor,actif
cpt_001982,cli_001982,2026-07-11,75,Pikine,actif
cpt_001983,cli_001983,2025-09-07,382,Pikine,actif
cpt_001984,cli_001984,2026-04-22,155,Dakar-Plateau,actif
cpt_001985,cli_001985,2025-03-26,547,Pikine,actif
cpt_001986,cli_001986,2025-07-19,432,Guédiawaye,actif
cpt_001987,cli_001987,2025-03-30,543,Thiès,actif
cpt_001988,cli_001988,2024-12-04,659,Dakar-Plateau,fermé
cpt_001989,cli_001989,2025-02-26,575,Ziguinchor,actif
cpt_001990,cli_001990,2025-01-13,619,Dakar-Plateau,actif
cpt_001991,cli_001991,2025-02-11,590,Dakar-Plateau,actif
cpt_001992,cli_001992,2025-06-27,454,Kaolack,actif
cpt_001993,cli_001993,2025-12-12,286,Mbour,actif
cpt_001994,cli_001994,2026-01-24,243,Guédiawaye,actif
cpt_001995,cli_001995,2026-01-04,263,Thiès,actif
cpt_001996,cli_001996,2025-07-08,443,Pikine,actif
cpt_001997,cli_001997,2025-02-17,584,Dakar-Plateau,actif
cpt_001998,cli_001998,2026-01-03,264,Parcelles Assainies,actif
cpt_001999,cli_001999,2025-07-29,422,Guédiawaye,actif
cpt_002000,cli_002000,2025-11-27,301,Thiès,actif
cpt_002001,cli_002001,2025-07-11,440,Dakar-Plateau,actif
cpt_002002,cli_002002,2025-02-04,597,Mbour,actif
cpt_002003,cli_002003,2025-11-28,300,Touba,actif
cpt_002004,cli_002004,2025-12-10,288,Dakar-Plateau,actif
cpt_002005,cli_002005,2026-05-03,144,Dakar-Plateau,actif
cpt_002006,cli_002006,2025-09-25,364,Parcelles Assainies,actif
cpt_002007,cli_002007,2025-10-27,332,Touba,actif
cpt_002008,cli_002008,2026-05-30,117,Mbour,actif
cpt_002009,cli_002009,2024-10-20,704,Mbour,actif
cpt_002010,cli_002010,2025-01-08,624,Parcelles Assainies,actif
cpt_002011,cli_002011,2026-02-25,211,Pikine,actif
cpt_002012,cli_002012,2024-11-05,688,Rufisque,actif
cpt_002013,cli_002013,2026-03-09,199,Dakar-Plateau,actif
cpt_002014,cli_002014,2025-11-26,302,Touba,actif
cpt_002015,cli_002015,2026-06-23,93,Dakar-Plateau,suspendu
cpt_002016,cli_002016,2025-07-05,446,Pikine,actif
cpt_002017,cli_002017,2025-10-10,349,Rufisque,actif
cpt_002018,cli_002018,2026-03-16,192,Parcelles Assainies,actif
cpt_002019,cli_002019,2026-02-28,208,Thiès,actif
cpt_002020,cli_002020,2024-11-13,680,Parcelles Assainies,actif
cpt_002021,cli_002021,2025-05-12,500,Ziguinchor,actif
cpt_002022,cli_002022,2026-06-07,109,Saint-Louis,actif
cpt_002023,cli_002023,2026-06-20,96,Kaolack,actif
cpt_002024,cli_002024,2026-08-05,50,Thiès,actif
cpt_002025,cli_002025,2026-03-27,181,Thiès,actif
cpt_002026,cli_002026,2025-04-05,537,Thiès,actif
cpt_002027,cli_002027,2026-08-12,43,Parcelles Assainies,actif
cpt_002028,cli_002028,2026-03-30,178,Guédiawaye,actif
cpt_002029,cli_002029,2026-08-26,29,Thiès,actif
cpt_002030,cli_002030,2025-06-08,473,Dakar-Plateau,actif
cpt_002031,cli_002031,2025-02-09,592,Dakar-Plateau,actif
cpt_002032,cli_002032,2025-09-03,386,Kaolack,actif
cpt_002033,cli_002033,2024-12-02,661,Dakar-Plateau,fermé
cpt_002034,cli_002034,2025-05-13,499,Rufisque,actif
cpt_002035,cli_002035,2025-03-20,553,Thiès,actif
cpt_002036,cli_002036,2026-02-11,225,Dakar-Plateau,actif
cpt_002037,cli_002037,2025-01-03,629,Kaolack,actif
cpt_002038,cli_002038,2025-06-20,461,Dakar-Plateau,actif
cpt_002039,cli_002039,2026-07-26,60,Kaolack,actif
cpt_002040,cli_002040,2026-07-27,59,Touba,actif
cpt_002041,cli_002041,2024-12-09,654,Pikine,actif
cpt_002042,cli_002042,2026-03-11,197,Dakar-Plateau,actif
cpt_002043,cli_002043,2025-10-22,337,Pikine,actif
cpt_002044,cli_002044,2025-03-21,552,Guédiawaye,actif
cpt_002045,cli_002045,2025-03-13,560,Pikine,actif
cpt_002046,cli_002046,2026-09-08,16,Diourbel,actif
cpt_002047,cli_002047,2025-07-04,447,Pikine,actif
cpt_002048,cli_002048,2024-11-29,664,Saint-Louis,actif
cpt_002049,cli_002049,2026-01-14,253,Dakar-Plateau,actif
cpt_002050,cli_002050,2025-08-27,393,Diourbel,actif
cpt_002051,cli_002051,2026-03-14,194,Pikine,actif
cpt_002052,cli_002052,2025-04-17,525,Parcelles Assainies,actif
cpt_002053,cli_002053,2026-06-30,86,Rufisque,actif
cpt_002054,cli_002054,2025-09-14,375,Dakar-Plateau,actif
cpt_002055,cli_002055,2025-11-30,298,Saint-Louis,actif
cpt_002056,cli_002056,2025-06-14,467,Pikine,actif
cpt_002057,cli_002057,2025-10-01,358,Rufisque,actif
cpt_002058,cli_002058,2024-10-11,713,Rufisque,actif
cpt_002059,cli_002059,2024-10-08,716,Thiès,actif
cpt_002060,cli_002060,2026-03-02,206,Dakar-Plateau,actif
cpt_002061,cli_002061,2026-08-31,24,Dakar-Plateau,actif
cpt_002062,cli_002062,2025-10-01,358,Dakar-Plateau,actif
cpt_002063,cli_002063,2025-07-20,431,Pikine,actif
cpt_002064,cli_002064,2025-03-28,545,Dakar-Plateau,actif
cpt_002065,cli_002065,2025-09-08,381,Ziguinchor,actif
cpt_002066,cli_002066,2025-07-25,426,Rufisque,actif
cpt_002067,cli_002067,2026-09-10,14,Thiès,actif
cpt_002068,cli_002068,2025-03-21,552,Guédiawaye,actif
cpt_002069,cli_002069,2026-01-27,240,Pikine,actif
cpt_002070,cli_002070,2025-12-19,279,Rufisque,actif
cpt_002071,cli_002071,2025-11-19,309,Pikine,actif
cpt_002072,cli_002072,2026-08-05,50,Guédiawaye,actif
cpt_002073,cli_002073,2025-09-30,359,Parcelles Assainies,actif
cpt_002074,cli_002074,2025-12-21,277,Rufisque,actif
cpt_002075,cli_002075,2026-04-09,168,Diourbel,actif
cpt_002076,cli_002076,2026-03-30,178,Pikine,actif
cpt_002077,cli_002077,2026-09-01,23,Parcelles Assainies,actif
cpt_002078,cli_002078,2024-12-17,646,Dakar-Plateau,actif
cpt_002079,cli_002079,2026-02-22,214,Guédiawaye,actif
cpt_002080,cli_002080,2024-12-25,638,Touba,actif
cpt_002081,cli_002081,2025-01-26,606,Dakar-Plateau,actif
cpt_002082,cli_002082,2025-10-25,334,Thiès,actif
cpt_002083,cli_002083,2025-02-13,588,Parcelles Assainies,actif
cpt_002084,cli_002084,2026-04-25,152,Dakar-Plateau,actif
cpt_002085,cli_002085,2026-05-15,132,Ziguinchor,actif
cpt_002086,cli_002086,2024-12-10,653,Parcelles Assainies,fermé
cpt_002087,cli_002087,2025-06-12,469,Touba,actif
cpt_002088,cli_002088,2025-05-12,500,Parcelles Assainies,actif
cpt_002089,cli_002089,2024-11-20,673,Ziguinchor,actif
cpt_002090,cli_002090,2026-09-13,11,Pikine,actif
cpt_002091,cli_002091,2026-05-25,122,Parcelles Assainies,actif
cpt_002092,cli_002092,2024-10-23,701,Touba,actif
cpt_002093,cli_002093,2026-06-26,90,Guédiawaye,actif
cpt_002094,cli_002094,2025-11-01,327,Guédiawaye,actif
cpt_002095,cli_002095,2026-09-07,17,Diourbel,actif
cpt_002096,cli_002096,2026-02-01,235,Rufisque,actif
cpt_002097,cli_002097,2026-05-25,122,Mbour,actif
cpt_002098,cli_002098,2026-03-25,183,Thiès,actif
cpt_002099,cli_002099,2025-02-10,591,Saint-Louis,actif
cpt_002100,cli_002100,2026-03-07,201,Kaolack,actif
cpt_002101,cli_002101,2025-02-11,590,Thiès,actif
cpt_002102,cli_002102,2024-12-13,650,Pikine,actif
cpt_002103,cli_002103,2025-08-26,394,Dakar-Plateau,actif
cpt_002104,cli_002104,2025-08-27,393,Thiès,actif
cpt_002105,cli_002105,2026-01-27,240,Saint-Louis,actif
cpt_002106,cli_002106,2025-05-26,486,Parcelles Assainies,actif
cpt_002107,cli_002107,2025-02-15,586,Dakar-Plateau,actif
cpt_002108,cli_002108,2025-01-02,630,Pikine,actif
cpt_002109,cli_002109,2026-05-05,142,Rufisque,actif
cpt_002110,cli_002110,2025-05-12,500,Saint-Louis,actif
cpt_002111,cli_002111,2026-06-15,101,Dakar-Plateau,actif
cpt_002112,cli_002112,2025-10-04,355,Thiès,actif
cpt_002113,cli_002113,2026-07-24,62,Touba,actif
cpt_002114,cli_002114,2025-08-23,397,Ziguinchor,actif
cpt_002115,cli_002115,2025-01-14,618,Dakar-Plateau,actif
cpt_002116,cli_002116,2025-02-06,595,Ziguinchor,actif
cpt_002117,cli_002117,2025-04-24,518,Thiès,actif
cpt_002118,cli_002118,2025-07-31,420,Touba,actif
cpt_002119,cli_002119,2025-06-27,454,Dakar-Plateau,actif
cpt_002120,cli_002120,2026-07-16,70,Rufisque,actif
cpt_002121,cli_002121,2025-04-14,528,Thiès,actif
cpt_002122,cli_002122,2025-05-19,493,Pikine,actif
cpt_002123,cli_002123,2026-06-13,103,Parcelles Assainies,actif
cpt_002124,cli_002124,2025-06-23,458,Rufisque,actif
cpt_002125,cli_002125,2025-12-20,278,Rufisque,actif
cpt_002126,cli_002126,2025-09-18,371,Dakar-Plateau,actif
cpt_002127,cli_002127,2025-02-08,593,Parcelles Assainies,actif
cpt_002128,cli_002128,2026-02-04,232,Dakar-Plateau,actif
cpt_002129,cli_002129,2024-11-24,669,Ziguinchor,actif
cpt_002130,cli_002130,2025-11-25,303,Diourbel,actif
cpt_002131,cli_002131,2025-09-17,372,Pikine,actif
cpt_002132,cli_002132,2026-09-06,18,Dakar-Plateau,actif
cpt_002133,cli_002133,2026-06-29,87,Dakar-Plateau,actif
cpt_002134,cli_002134,2026-03-03,205,Parcelles Assainies,suspendu
cpt_002135,cli_002135,2024-10-12,712,Kaolack,actif
cpt_002136,cli_002136,2026-03-21,187,Rufisque,actif
cpt_002137,cli_002137,2025-12-12,286,Dakar-Plateau,actif
cpt_002138,cli_002138,2025-01-09,623,Dakar-Plateau,actif
cpt_002139,cli_002139,2026-02-05,231,Pikine,actif
cpt_002140,cli_002140,2025-02-10,591,Saint-Louis,actif
cpt_002141,cli_002141,2026-07-01,85,Thiès,actif
cpt_002142,cli_002142,2026-06-22,94,Thiès,actif
cpt_002143,cli_002143,2026-09-18,6,Pikine,actif
cpt_002144,cli_002144,2026-06-27,89,Ziguinchor,actif
cpt_002145,cli_002145,2025-07-11,440,Guédiawaye,actif
cpt_002146,cli_002146,2026-07-21,65,Saint-Louis,actif
cpt_002147,cli_002147,2025-07-04,447,Kaolack,actif
cpt_002148,cli_002148,2025-07-18,433,Parcelles Assainies,actif
cpt_002149,cli_002149,2026-04-10,167,Kaolack,actif
cpt_002150,cli_002150,2026-08-31,24,Pikine,actif
cpt_002151,cli_002151,2026-05-29,118,Mbour,actif
cpt_002152,cli_002152,2026-06-12,104,Dakar-Plateau,actif
cpt_002153,cli_002153,2025-09-08,381,Parcelles Assainies,actif
cpt_002154,cli_002154,2024-11-16,677,Dakar-Plateau,actif
cpt_002155,cli_002155,2025-11-13,315,Dakar-Plateau,actif
cpt_002156,cli_002156,2025-06-20,461,Dakar-Plateau,actif
cpt_002157,cli_002157,2026-02-16,220,Guédiawaye,actif
cpt_002158,cli_002158,2026-07-22,64,Thiès,actif
cpt_002159,cli_002159,2026-04-21,156,Parcelles Assainies,actif
cpt_002160,cli_002160,2025-10-10,349,Pikine,actif
cpt_002161,cli_002161,2025-01-09,623,Diourbel,actif
cpt_002162,cli_002162,2026-03-27,181,Ziguinchor,actif
cpt_002163,cli_002163,2024-10-08,716,Dakar-Plateau,actif
cpt_002164,cli_002164,2025-06-19,462,Parcelles Assainies,actif
cpt_002165,cli_002165,2026-01-11,256,Thiès,actif
cpt_002166,cli_002166,2025-07-01,450,Touba,actif
cpt_002167,cli_002167,2025-05-04,508,Guédiawaye,actif
cpt_002168,cli_002168,2025-05-15,497,Touba,actif
cpt_002169,cli_002169,2025-01-05,627,Dakar-Plateau,actif
cpt_002170,cli_002170,2025-06-02,479,Guédiawaye,actif
cpt_002171,cli_002171,2026-09-04,20,Touba,actif
cpt_002172,cli_002172,2025-12-25,273,Thiès,actif
cpt_002173,cli_002173,2024-12-05,658,Saint-Louis,actif
cpt_002174,cli_002174,2026-04-29,148,Dakar-Plateau,actif
cpt_002175,cli_002175,2025-09-26,363,Dakar-Plateau,actif
cpt_002176,cli_002176,2025-09-27,362,Dakar-Plateau,actif
cpt_002177,cli_002177,2025-08-14,406,Dakar-Plateau,actif
cpt_002178,cli_002178,2024-12-31,632,Dakar-Plateau,actif
cpt_002179,cli_002179,2025-08-29,391,Rufisque,actif
cpt_002180,cli_002180,2026-09-25,-1,Rufisque,actif
cpt_002181,cli_002181,2026-04-02,175,Mbour,actif
cpt_002182,cli_002182,2025-06-21,460,Guédiawaye,actif
cpt_002183,cli_002183,2025-03-05,568,Dakar-Plateau,actif
cpt_002184,cli_002184,2025-06-12,469,Mbour,actif
cpt_002185,cli_002185,2025-04-11,531,Dakar-Plateau,actif
cpt_002186,cli_002186,2026-04-02,175,Kaolack,actif
cpt_002187,cli_002187,2026-07-17,69,Dakar-Plateau,actif
cpt_002188,cli_002188,2024-11-02,691,Rufisque,actif
cpt_002189,cli_002189,2025-08-11,409,Kaolack,actif
cpt_002190,cli_002190,2025-04-05,537,Thiès,actif
cpt_002191,cli_002191,2024-10-27,697,Thiès,actif
cpt_002192,cli_002192,2026-05-15,132,Mbour,actif
cpt_002193,cli_002193,2024-12-28,635,Dakar-Plateau,actif
cpt_002194,cli_002194,2025-12-31,267,Mbour,actif
cpt_002195,cli_002195,2025-06-27,454,Kaolack,actif
cpt_002196,cli_002196,2025-12-20,278,Diourbel,actif
cpt_002197,cli_002197,2026-05-03,144,Parcelles Assainies,actif
cpt_002198,cli_002198,2024-12-25,638,Guédiawaye,actif
cpt_002199,cli_002199,2026-01-15,252,Touba,actif
cpt_002200,cli_002200,2026-09-05,19,Rufisque,actif
cpt_002201,cli_002201,2026-06-07,109,Pikine,actif
cpt_002202,cli_002202,2024-10-23,701,Dakar-Plateau,actif
cpt_002203,cli_002203,2025-02-01,600,Dakar-Plateau,actif
cpt_002204,cli_002204,2025-05-28,484,Parcelles Assainies,actif
cpt_002205,cli_002205,2025-03-07,566,Dakar-Plateau,actif
cpt_002206,cli_002206,2025-06-11,470,Dakar-Plateau,actif
cpt_002207,cli_002207,2024-11-29,664,Dakar-Plateau,actif
cpt_002208,cli_002208,2026-07-17,69,Ziguinchor,actif
cpt_002209,cli_002209,2026-08-09,46,Dakar-Plateau,actif
cpt_002210,cli_002210,2025-05-05,507,Dakar-Plateau,actif
cpt_002211,cli_002211,2024-10-23,701,Parcelles Assainies,actif
cpt_002212,cli_002212,2025-07-30,421,Pikine,actif
cpt_002213,cli_002213,2024-10-22,702,Diourbel,actif
cpt_002214,cli_002214,2025-12-05,293,Ziguinchor,actif
cpt_002215,cli_002215,2025-05-20,492,Parcelles Assainies,actif
cpt_002216,cli_002216,2025-09-18,371,Parcelles Assainies,actif
cpt_002217,cli_002217,2024-12-22,641,Guédiawaye,actif
cpt_002218,cli_002218,2025-06-13,468,Dakar-Plateau,actif
cpt_002219,cli_002219,2025-11-09,319,Pikine,actif
cpt_002220,cli_002220,2026-03-29,179,Dakar-Plateau,actif
cpt_002221,cli_002221,2026-02-11,225,Dakar-Plateau,actif
cpt_002222,cli_002222,2026-07-31,55,Thiès,actif
cpt_002223,cli_002223,2026-06-03,113,Dakar-Plateau,actif
cpt_002224,cli_002224,2025-09-20,369,Dakar-Plateau,actif
cpt_002225,cli_002225,2026-09-02,22,Parcelles Assainies,actif
cpt_002226,cli_002226,2025-10-18,341,Parcelles Assainies,actif
cpt_002227,cli_002227,2026-08-28,27,Dakar-Plateau,actif
cpt_002228,cli_002228,2026-06-01,115,Dakar-Plateau,actif
cpt_002229,cli_002229,2025-05-08,504,Dakar-Plateau,actif
cpt_002230,cli_002230,2026-09-06,18,Pikine,actif
cpt_002231,cli_002231,2026-01-24,243,Saint-Louis,actif
cpt_002232,cli_002232,2026-05-08,139,Ziguinchor,fermé
cpt_002233,cli_002233,2026-08-19,36,Parcelles Assainies,actif
cpt_002234,cli_002234,2026-04-25,152,Parcelles Assainies,actif
cpt_002235,cli_002235,2026-07-06,80,Touba,actif
cpt_002236,cli_002236,2026-07-30,56,Thiès,actif
cpt_002237,cli_002237,2025-05-28,484,Dakar-Plateau,actif
cpt_002238,cli_002238,2026-06-25,91,Dakar-Plateau,actif
cpt_002239,cli_002239,2024-11-10,683,Parcelles Assainies,actif
cpt_002240,cli_002240,2025-10-08,351,Thiès,actif
cpt_002241,cli_002241,2025-12-01,297,Dakar-Plateau,actif
cpt_002242,cli_002242,2024-12-27,636,Pikine,actif
cpt_002243,cli_002243,2025-03-08,565,Pikine,actif
cpt_002244,cli_002244,2025-11-21,307,Pikine,actif
cpt_002245,cli_002245,2024-10-17,707,Parcelles Assainies,actif
cpt_002246,cli_002246,2025-09-06,383,Mbour,actif
cpt_002247,cli_002247,2025-04-27,515,Rufisque,actif
cpt_002248,cli_002248,2024-10-17,707,Dakar-Plateau,actif
cpt_002249,cli_002249,2025-04-14,528,Dakar-Plateau,actif
cpt_002250,cli_002250,2025-07-22,429,Saint-Louis,actif
cpt_002251,cli_002251,2025-07-04,447,Parcelles Assainies,actif
cpt_002252,cli_002252,2025-06-06,475,Dakar-Plateau,actif
cpt_002253,cli_002253,2024-10-12,712,Pikine,actif
cpt_002254,cli_002254,2025-05-02,510,Saint-Louis,actif
cpt_002255,cli_002255,2026-02-18,218,Touba,actif
cpt_002256,cli_002256,2026-09-10,14,Kaolack,actif
cpt_002257,cli_002257,2025-03-05,568,Thiès,actif
cpt_002258,cli_002258,2025-10-06,353,Parcelles Assainies,actif
cpt_002259,cli_002259,2025-11-25,303,Parcelles Assainies,actif
cpt_002260,cli_002260,2024-11-15,678,Dakar-Plateau,actif
cpt_002261,cli_002261,2026-06-02,114,Mbour,actif
cpt_002262,cli_002262,2026-08-31,24,Thiès,actif
cpt_002263,cli_002263,2025-04-02,540,Dakar-Plateau,actif
cpt_002264,cli_002264,2024-11-21,672,Kaolack,actif
cpt_002265,cli_002265,2025-01-27,605,Guédiawaye,actif
cpt_002266,cli_002266,2024-12-27,636,Dakar-Plateau,actif
cpt_002267,cli_002267,2025-01-05,627,Guédiawaye,actif
cpt_002268,cli_002268,2025-05-15,497,Kaolack,actif
cpt_002269,cli_002269,2024-11-20,673,Ziguinchor,actif
cpt_002270,cli_002270,2026-01-22,245,Rufisque,actif
cpt_002271,cli_002271,2025-03-30,543,Ziguinchor,actif
cpt_002272,cli_002272,2026-07-19,67,Kaolack,actif
cpt_002273,cli_002273,2025-09-05,384,Saint-Louis,actif
cpt_002274,cli_002274,2026-02-26,210,Kaolack,actif
cpt_002275,cli_002275,2024-11-08,685,Guédiawaye,actif
cpt_002276,cli_002276,2025-11-12,316,Touba,actif
cpt_002277,cli_002277,2026-04-25,152,Thiès,actif
cpt_002278,cli_002278,2025-08-04,416,Touba,actif
cpt_002279,cli_002279,2026-07-30,56,Dakar-Plateau,actif
cpt_002280,cli_002280,2026-06-26,90,Touba,actif
cpt_002281,cli_002281,2025-11-16,312,Ziguinchor,actif
cpt_002282,cli_002282,2025-06-22,459,Pikine,actif
cpt_002283,cli_002283,2025-07-27,424,Diourbel,actif
cpt_002284,cli_002284,2026-08-17,38,Guédiawaye,actif
cpt_002285,cli_002285,2025-05-19,493,Dakar-Plateau,actif
cpt_002286,cli_002286,2026-08-16,39,Dakar-Plateau,actif
cpt_002287,cli_002287,2025-02-10,591,Touba,actif
cpt_002288,cli_002288,2026-08-30,25,Rufisque,actif
cpt_002289,cli_002289,2026-09-08,16,Pikine,actif
cpt_002290,cli_002290,2025-09-13,376,Thiès,actif
cpt_002291,cli_002291,2025-02-17,584,Guédiawaye,actif
cpt_002292,cli_002292,2025-03-16,557,Parcelles Assainies,actif
cpt_002293,cli_002293,2025-07-14,437,Kaolack,actif
cpt_002294,cli_002294,2026-05-19,128,Mbour,actif
cpt_002295,cli_002295,2024-11-01,692,Touba,actif
cpt_002296,cli_002296,2026-09-13,11,Thiès,actif
cpt_002297,cli_002297,2026-01-13,254,Diourbel,actif
cpt_002298,cli_002298,2025-03-25,548,Pikine,actif
cpt_002299,cli_002299,2025-07-02,449,Pikine,actif
cpt_002300,cli_002300,2025-02-28,573,Dakar-Plateau,actif
cpt_002301,cli_002301,2025-03-15,558,Rufisque,actif
cpt_002302,cli_002302,2024-11-07,686,Thiès,suspendu
cpt_002303,cli_002303,2025-09-14,375,Touba,actif
cpt_002304,cli_002304,2025-02-06,595,Guédiawaye,actif
cpt_002305,cli_002305,2026-06-06,110,Dakar-Plateau,actif
cpt_002306,cli_002306,2026-05-20,127,Thiès,actif
cpt_002307,cli_002307,2026-08-19,36,Diourbel,actif
cpt_002308,cli_002308,2026-04-27,150,Pikine,actif
cpt_002309,cli_002309,2026-07-05,81,Dakar-Plateau,actif
cpt_002310,cli_002310,2025-02-02,599,Pikine,actif
cpt_002311,cli_002311,2025-09-29,360,Parcelles Assainies,actif
cpt_002312,cli_002312,2025-11-04,324,Pikine,actif
cpt_002313,cli_002313,2025-06-16,465,Guédiawaye,actif
cpt_002314,cli_002314,2026-01-04,263,Thiès,actif
cpt_002315,cli_002315,2025-08-05,415,Guédiawaye,actif
cpt_002316,cli_002316,2026-09-21,3,Guédiawaye,actif
cpt_002317,cli_002317,2025-04-22,520,Dakar-Plateau,actif
cpt_002318,cli_002318,2024-12-29,634,Ziguinchor,actif
cpt_002319,cli_002319,2026-08-30,25,Parcelles Assainies,actif
cpt_002320,cli_002320,2026-07-30,56,Guédiawaye,actif
cpt_002321,cli_002321,2026-06-16,100,Dakar-Plateau,actif
cpt_002322,cli_002322,2025-07-07,444,Thiès,actif
cpt_002323,cli_002323,2025-03-19,554,Kaolack,actif
cpt_002324,cli_002324,2025-02-04,597,Dakar-Plateau,actif
cpt_002325,cli_002325,2025-03-06,567,Dakar-Plateau,actif
cpt_002326,cli_002326,2025-08-03,417,Dakar-Plateau,actif
cpt_002327,cli_002327,2025-05-01,511,Thiès,actif
cpt_002328,cli_002328,2026-03-03,205,Ziguinchor,actif
cpt_002329,cli_002329,2025-03-29,544,Parcelles Assainies,actif
cpt_002330,cli_002330,2026-05-13,134,Guédiawaye,actif
cpt_002331,cli_002331,2024-10-21,703,Touba,actif
cpt_002332,cli_002332,2026-08-28,27,Touba,actif
cpt_002333,cli_002333,2024-11-05,688,Pikine,actif
cpt_002334,cli_002334,2025-10-27,332,Dakar-Plateau,actif
cpt_002335,cli_002335,2025-06-13,468,Guédiawaye,actif
cpt_002336,cli_002336,2026-06-01,115,Touba,actif
cpt_002337,cli_002337,2026-02-05,231,Mbour,actif
cpt_002338,cli_002338,2025-01-07,625,Mbour,actif
cpt_002339,cli_002339,2026-09-13,11,Saint-Louis,actif
cpt_002340,cli_002340,2026-05-07,140,Pikine,actif
cpt_002341,cli_002341,2025-06-22,459,Guédiawaye,actif
cpt_002342,cli_002342,2025-02-15,586,Dakar-Plateau,actif
cpt_002343,cli_002343,2025-11-15,313,Kaolack,actif
cpt_002344,cli_002344,2026-07-25,61,Thiès,actif
cpt_002345,cli_002345,2026-06-10,106,Pikine,actif
cpt_002346,cli_002346,2024-12-14,649,Dakar-Plateau,actif
cpt_002347,cli_002347,2026-04-21,156,Touba,actif
cpt_002348,cli_002348,2025-08-01,419,Touba,actif
cpt_002349,cli_002349,2024-11-11,682,Mbour,actif
cpt_002350,cli_002350,2025-12-26,272,Dakar-Plateau,actif
cpt_002351,cli_002351,2026-08-08,47,Ziguinchor,actif
cpt_002352,cli_002352,2025-02-11,590,Touba,actif
cpt_002353,cli_002353,2025-03-01,572,Mbour,actif
cpt_002354,cli_002354,2025-06-08,473,Mbour,actif
cpt_002355,cli_002355,2024-12-06,657,Kaolack,actif
cpt_002356,cli_002356,2025-03-08,565,Ziguinchor,actif
cpt_002357,cli_002357,2025-05-12,500,Thiès,actif
cpt_002358,cli_002358,2026-01-24,243,Parcelles Assainies,actif
cpt_002359,cli_002359,2026-08-13,42,Guédiawaye,actif
cpt_002360,cli_002360,2025-04-13,529,Saint-Louis,actif
cpt_002361,cli_002361,2025-01-18,614,Thiès,actif
cpt_002362,cli_002362,2025-05-08,504,Dakar-Plateau,actif
cpt_002363,cli_002363,2025-06-08,473,Dakar-Plateau,actif
cpt_002364,cli_002364,2025-04-18,524,Kaolack,actif
cpt_002365,cli_002365,2026-03-09,199,Kaolack,actif
cpt_002366,cli_002366,2026-06-30,86,Ziguinchor,actif
cpt_002367,cli_002367,2025-06-22,459,Parcelles Assainies,actif
cpt_002368,cli_002368,2024-11-05,688,Touba,actif
cpt_002369,cli_002369,2026-06-16,100,Saint-Louis,actif
cpt_002370,cli_002370,2026-08-03,52,Pikine,actif
cpt_002371,cli_002371,2025-04-26,516,Dakar-Plateau,actif
cpt_002372,cli_002372,2025-11-23,305,Diourbel,actif
cpt_002373,cli_002373,2024-12-04,659,Dakar-Plateau,actif
cpt_002374,cli_002374,2025-10-16,343,Thiès,actif
cpt_002375,cli_002375,2025-09-11,378,Mbour,actif
cpt_002376,cli_002376,2026-08-13,42,Mbour,actif
cpt_002377,cli_002377,2024-11-02,691,Pikine,actif
cpt_002378,cli_002378,2026-01-25,242,Touba,actif
cpt_002379,cli_002379,2025-11-12,316,Dakar-Plateau,actif
cpt_002380,cli_002380,2025-06-25,456,Saint-Louis,actif
cpt_002381,cli_002381,2025-01-06,626,Dakar-Plateau,actif
cpt_002382,cli_002382,2025-02-23,578,Mbour,actif
cpt_002383,cli_002383,2025-03-13,560,Touba,actif
cpt_002384,cli_002384,2026-07-10,76,Dakar-Plateau,actif
cpt_002385,cli_002385,2026-07-21,65,Pikine,actif
cpt_002386,cli_002386,2025-01-30,602,Touba,actif
cpt_002387,cli_002387,2024-12-01,662,Dakar-Plateau,actif
cpt_002388,cli_002388,2025-06-30,451,Dakar-Plateau,actif
cpt_002389,cli_002389,2024-12-03,660,Parcelles Assainies,actif
cpt_002390,cli_002390,2026-02-08,228,Ziguinchor,actif
cpt_002391,cli_002391,2026-01-12,255,Thiès,actif
cpt_002392,cli_002392,2026-05-23,124,Guédiawaye,actif
cpt_002393,cli_002393,2025-02-25,576,Diourbel,actif
cpt_002394,cli_002394,2025-05-25,487,Parcelles Assainies,actif
cpt_002395,cli_002395,2026-04-15,162,Parcelles Assainies,actif
cpt_002396,cli_002396,2024-09-28,726,Parcelles Assainies,actif
cpt_002397,cli_002397,2026-09-05,19,Pikine,actif
cpt_002398,cli_002398,2025-03-12,561,Guédiawaye,actif
cpt_002399,cli_002399,2026-04-26,151,Mbour,actif
cpt_002400,cli_002400,2025-03-04,569,Dakar-Plateau,suspendu
cpt_002401,cli_002401,2025-10-06,353,Mbour,actif
cpt_002402,cli_002402,2026-04-08,169,Dakar-Plateau,actif
cpt_002403,cli_002403,2026-08-15,40,Guédiawaye,actif
cpt_002404,cli_002404,2025-06-30,451,Dakar-Plateau,actif
cpt_002405,cli_002405,2026-05-31,116,Rufisque,actif
cpt_002406,cli_002406,2025-11-04,324,Touba,actif
cpt_002407,cli_002407,2024-11-01,692,Guédiawaye,actif
cpt_002408,cli_002408,2024-12-18,645,Dakar-Plateau,actif
cpt_002409,cli_002409,2025-09-30,359,Pikine,actif
cpt_002410,cli_002410,2025-04-08,534,Saint-Louis,actif
cpt_002411,cli_002411,2025-02-02,599,Pikine,actif
cpt_002412,cli_002412,2025-07-08,443,Touba,actif
cpt_002413,cli_002413,2026-04-30,147,Guédiawaye,actif
cpt_002414,cli_002414,2025-02-12,589,Dakar-Plateau,actif
cpt_002415,cli_002415,2026-07-22,64,Touba,actif
cpt_002416,cli_002416,2025-09-10,379,Parcelles Assainies,actif
cpt_002417,cli_002417,2025-03-06,567,Dakar-Plateau,actif
cpt_002418,cli_002418,2025-08-05,415,Ziguinchor,actif
cpt_002419,cli_002419,2026-01-13,254,Dakar-Plateau,actif
cpt_002420,cli_002420,2025-11-26,302,Guédiawaye,actif
cpt_002421,cli_002421,2025-10-24,335,Guédiawaye,actif
cpt_002422,cli_002422,2025-04-02,540,Parcelles Assainies,actif
cpt_002423,cli_002423,2024-09-30,724,Touba,actif
cpt_002424,cli_002424,2025-03-09,564,Dakar-Plateau,actif
cpt_002425,cli_002425,2026-02-06,230,Ziguinchor,actif
cpt_002426,cli_002426,2026-07-06,80,Thiès,actif
cpt_002427,cli_002427,2025-10-14,345,Ziguinchor,actif
cpt_002428,cli_002428,2025-01-07,625,Saint-Louis,actif
cpt_002429,cli_002429,2025-06-21,460,Ziguinchor,actif
cpt_002430,cli_002430,2026-02-02,234,Thiès,actif
cpt_002431,cli_002431,2026-07-21,65,Guédiawaye,actif
cpt_002432,cli_002432,2026-03-26,182,Parcelles Assainies,actif
cpt_002433,cli_002433,2025-04-19,523,Mbour,actif
cpt_002434,cli_002434,2025-05-24,488,Parcelles Assainies,actif
cpt_002435,cli_002435,2025-10-31,328,Touba,actif
cpt_002436,cli_002436,2026-01-25,242,Dakar-Plateau,actif
cpt_002437,cli_002437,2026-05-22,125,Saint-Louis,actif
cpt_002438,cli_002438,2024-10-18,706,Dakar-Plateau,actif
cpt_002439,cli_002439,2025-11-18,310,Ziguinchor,actif
cpt_002440,cli_002440,2025-03-13,560,Dakar-Plateau,actif
cpt_002441,cli_002441,2025-10-24,335,Dakar-Plateau,actif
cpt_002442,cli_002442,2025-08-05,415,Saint-Louis,actif
cpt_002443,cli_002443,2025-06-13,468,Saint-Louis,actif
cpt_002444,cli_002444,2026-01-08,259,Touba,actif
cpt_002445,cli_002445,2024-11-11,682,Diourbel,actif
cpt_002446,cli_002446,2025-10-29,330,Pikine,actif
cpt_002447,cli_002447,2025-03-18,555,Saint-Louis,actif
cpt_002448,cli_002448,2024-11-27,666,Guédiawaye,actif
cpt_002449,cli_002449,2025-12-22,276,Rufisque,actif
cpt_002450,cli_002450,2026-04-06,171,Parcelles Assainies,actif
cpt_002451,cli_002451,2024-10-21,703,Dakar-Plateau,actif
cpt_002452,cli_002452,2025-03-04,569,Thiès,actif
cpt_002453,cli_002453,2025-02-24,577,Touba,actif
cpt_002454,cli_002454,2024-11-05,688,Dakar-Plateau,actif
cpt_002455,cli_002455,2026-09-07,17,Ziguinchor,actif
cpt_002456,cli_002456,2024-11-06,687,Rufisque,actif
cpt_002457,cli_002457,2026-07-05,81,Dakar-Plateau,actif
cpt_002458,cli_002458,2026-06-14,102,Thiès,actif
cpt_002459,cli_002459,2026-04-20,157,Dakar-Plateau,actif
cpt_002460,cli_002460,2026-07-03,83,Dakar-Plateau,actif
cpt_002461,cli_002461,2026-07-26,60,Mbour,actif
cpt_002462,cli_002462,2026-06-25,91,Dakar-Plateau,actif
cpt_002463,cli_002463,2025-10-07,352,Dakar-Plateau,actif
cpt_002464,cli_002464,2025-12-28,270,Touba,actif
cpt_002465,cli_002465,2026-01-20,247,Dakar-Plateau,actif
cpt_002466,cli_002466,2026-05-21,126,Saint-Louis,actif
cpt_002467,cli_002467,2024-10-15,709,Saint-Louis,actif
cpt_002468,cli_002468,2026-01-27,240,Dakar-Plateau,actif
cpt_002469,cli_002469,2025-10-14,345,Rufisque,actif
cpt_002470,cli_002470,2026-06-13,103,Dakar-Plateau,actif
cpt_002471,cli_002471,2026-04-26,151,Thiès,actif
cpt_002472,cli_002472,2026-04-06,171,Dakar-Plateau,actif
cpt_002473,cli_002473,2024-10-18,706,Ziguinchor,actif
cpt_002474,cli_002474,2026-05-19,128,Dakar-Plateau,actif
cpt_002475,cli_002475,2025-09-14,375,Mbour,actif
cpt_002476,cli_002476,2025-08-25,395,Dakar-Plateau,actif
cpt_002477,cli_002477,2026-08-03,52,Dakar-Plateau,actif
cpt_002478,cli_002478,2026-01-11,256,Parcelles Assainies,actif
cpt_002479,cli_002479,2026-07-27,59,Thiès,actif
cpt_002480,cli_002480,2026-05-19,128,Diourbel,actif
cpt_002481,cli_002481,2025-05-22,490,Dakar-Plateau,actif
cpt_002482,cli_002482,2025-08-09,411,Dakar-Plateau,actif
cpt_002483,cli_002483,2025-09-28,361,Guédiawaye,actif
cpt_002484,cli_002484,2026-04-22,155,Guédiawaye,actif
cpt_002485,cli_002485,2025-06-26,455,Kaolack,actif
cpt_002486,cli_002486,2024-12-04,659,Ziguinchor,actif
cpt_002487,cli_002487,2025-01-13,619,Kaolack,actif
cpt_002488,cli_002488,2026-05-20,127,Dakar-Plateau,actif
cpt_002489,cli_002489,2025-05-17,495,Parcelles Assainies,actif
cpt_002490,cli_002490,2026-03-31,177,Touba,actif
cpt_002491,cli_002491,2025-01-04,628,Pikine,actif
cpt_002492,cli_002492,2025-10-15,344,Mbour,actif
cpt_002493,cli_002493,2025-04-04,538,Pikine,actif
cpt_002494,cli_002494,2025-08-29,391,Guédiawaye,actif
cpt_002495,cli_002495,2025-05-22,490,Kaolack,actif
cpt_002496,cli_002496,2024-11-12,681,Pikine,actif
cpt_002497,cli_002497,2026-06-21,95,Diourbel,actif
cpt_002498,cli_002498,2024-12-08,655,Pikine,suspendu
cpt_002499,cli_002499,2025-10-07,352,Dakar-Plateau,actif
cpt_002500,cli_002500,2026-06-16,100,Pikine,actif
cpt_002501,cli_002501,2025-11-15,313,Dakar-Plateau,actif
cpt_002502,cli_002502,2026-08-14,41,Rufisque,actif
cpt_002503,cli_002503,2025-08-28,392,Dakar-Plateau,actif
cpt_002504,cli_002504,2025-10-14,345,Thiès,actif
cpt_002505,cli_002505,2025-12-12,286,Kaolack,actif
cpt_002506,cli_002506,2025-11-04,324,Guédiawaye,actif
cpt_002507,cli_002507,2025-06-30,451,Dakar-Plateau,actif
cpt_002508,cli_002508,2025-02-01,600,Parcelles Assainies,actif
cpt_002509,cli_002509,2025-12-13,285,Touba,actif
cpt_002510,cli_002510,2026-09-11,13,Thiès,actif
cpt_002511,cli_002511,2025-08-13,407,Dakar-Plateau,actif
cpt_002512,cli_002512,2024-11-08,685,Rufisque,fermé
cpt_002513,cli_002513,2025-12-14,284,Parcelles Assainies,actif
cpt_002514,cli_002514,2026-06-29,87,Guédiawaye,actif
cpt_002515,cli_002515,2024-12-05,658,Dakar-Plateau,actif
cpt_002516,cli_002516,2025-11-26,302,Diourbel,actif
cpt_002517,cli_002517,2025-12-28,270,Dakar-Plateau,suspendu
cpt_002518,cli_002518,2026-02-22,214,Dakar-Plateau,actif
cpt_002519,cli_002519,2025-04-09,533,Dakar-Plateau,actif
cpt_002520,cli_002520,2026-06-13,103,Thiès,actif
cpt_002521,cli_002521,2025-07-05,446,Parcelles Assainies,actif
cpt_002522,cli_002522,2026-01-12,255,Pikine,actif
cpt_002523,cli_002523,2025-12-17,281,Parcelles Assainies,actif
cpt_002524,cli_002524,2026-04-21,156,Mbour,actif
cpt_002525,cli_002525,2025-02-12,589,Pikine,actif
cpt_002526,cli_002526,2025-10-29,330,Ziguinchor,actif
cpt_002527,cli_002527,2024-11-18,675,Pikine,actif
cpt_002528,cli_002528,2025-02-01,600,Dakar-Plateau,actif
cpt_002529,cli_002529,2025-03-18,555,Ziguinchor,actif
cpt_002530,cli_002530,2025-11-01,327,Saint-Louis,actif
cpt_002531,cli_002531,2024-11-05,688,Guédiawaye,actif
cpt_002532,cli_002532,2025-07-28,423,Saint-Louis,actif
cpt_002533,cli_002533,2025-11-13,315,Rufisque,actif
cpt_002534,cli_002534,2026-01-13,254,Guédiawaye,actif
cpt_002535,cli_002535,2024-11-30,663,Saint-Louis,actif
cpt_002536,cli_002536,2026-03-26,182,Touba,actif
cpt_002537,cli_002537,2024-12-25,638,Pikine,actif
cpt_002538,cli_002538,2026-04-12,165,Thiès,actif
cpt_002539,cli_002539,2025-03-19,554,Guédiawaye,actif
cpt_002540,cli_002540,2026-03-04,204,Dakar-Plateau,actif
cpt_002541,cli_002541,2025-01-24,608,Diourbel,actif
cpt_002542,cli_002542,2025-01-26,606,Rufisque,actif
cpt_002543,cli_002543,2025-04-13,529,Thiès,actif
cpt_002544,cli_002544,2024-10-01,723,Thiès,actif
cpt_002545,cli_002545,2025-09-19,370,Rufisque,actif
cpt_002546,cli_002546,2025-01-21,611,Pikine,actif
cpt_002547,cli_002547,2025-08-20,400,Diourbel,actif
cpt_002548,cli_002548,2026-08-28,27,Thiès,actif
cpt_002549,cli_002549,2025-11-25,303,Mbour,actif
cpt_002550,cli_002550,2026-08-31,24,Parcelles Assainies,actif
cpt_002551,cli_002551,2025-05-30,482,Pikine,actif
cpt_002552,cli_002552,2026-06-05,111,Dakar-Plateau,actif
cpt_002553,cli_002553,2026-01-31,236,Guédiawaye,actif
cpt_002554,cli_002554,2024-12-27,636,Dakar-Plateau,actif
cpt_002555,cli_002555,2025-04-06,536,Mbour,actif
cpt_002556,cli_002556,2026-01-22,245,Kaolack,actif
cpt_002557,cli_002557,2025-09-23,366,Pikine,actif
cpt_002558,cli_002558,2025-07-31,420,Guédiawaye,actif
cpt_002559,cli_002559,2026-01-09,258,Mbour,actif
cpt_002560,cli_002560,2025-03-28,545,Dakar-Plateau,actif
cpt_002561,cli_002561,2026-06-10,106,Ziguinchor,actif
cpt_002562,cli_002562,2025-11-18,310,Guédiawaye,actif
cpt_002563,cli_002563,2026-03-24,184,Dakar-Plateau,actif
cpt_002564,cli_002564,2025-05-18,494,Dakar-Plateau,actif
cpt_002565,cli_002565,2025-06-16,465,Ziguinchor,actif
cpt_002566,cli_002566,2025-02-14,587,Pikine,actif
cpt_002567,cli_002567,2026-01-01,266,Mbour,actif
cpt_002568,cli_002568,2026-04-11,166,Dakar-Plateau,actif
cpt_002569,cli_002569,2026-08-31,24,Dakar-Plateau,actif
cpt_002570,cli_002570,2025-01-08,624,Kaolack,actif
cpt_002571,cli_002571,2026-01-30,237,Dakar-Plateau,actif
cpt_002572,cli_002572,2025-03-26,547,Dakar-Plateau,fermé
cpt_002573,cli_002573,2026-01-02,265,Rufisque,actif
cpt_002574,cli_002574,2026-01-25,242,Kaolack,actif
cpt_002575,cli_002575,2026-04-09,168,Guédiawaye,actif
cpt_002576,cli_002576,2025-03-04,569,Dakar-Plateau,actif
cpt_002577,cli_002577,2026-02-28,208,Diourbel,actif
cpt_002578,cli_002578,2026-02-21,215,Mbour,actif
cpt_002579,cli_002579,2025-05-02,510,Kaolack,actif
cpt_002580,cli_002580,2025-09-13,376,Touba,actif
cpt_002581,cli_002581,2025-03-29,544,Mbour,actif
cpt_002582,cli_002582,2026-07-12,74,Guédiawaye,actif
cpt_002583,cli_002583,2024-10-25,699,Guédiawaye,actif
cpt_002584,cli_002584,2026-04-07,170,Touba,actif
cpt_002585,cli_002585,2026-06-30,86,Touba,actif
cpt_002586,cli_002586,2026-07-08,78,Ziguinchor,suspendu
cpt_002587,cli_002587,2026-02-09,227,Thiès,actif
cpt_002588,cli_002588,2025-11-20,308,Pikine,actif
cpt_002589,cli_002589,2026-08-02,53,Parcelles Assainies,actif
cpt_002590,cli_002590,2025-06-28,453,Thiès,actif
cpt_002591,cli_002591,2025-07-03,448,Parcelles Assainies,actif
cpt_002592,cli_002592,2025-03-07,566,Saint-Louis,actif
cpt_002593,cli_002593,2026-09-14,10,Thiès,actif
cpt_002594,cli_002594,2026-07-15,71,Dakar-Plateau,actif
cpt_002595,cli_002595,2026-04-28,149,Thiès,actif
cpt_002596,cli_002596,2025-11-08,320,Thiès,actif
cpt_002597,cli_002597,2025-07-25,426,Ziguinchor,actif
cpt_002598,cli_002598,2026-05-02,145,Parcelles Assainies,actif
cpt_002599,cli_002599,2026-01-09,258,Thiès,actif
cpt_002600,cli_002600,2025-09-15,374,Parcelles Assainies,actif
cpt_002601,cli_002601,2025-08-27,393,Rufisque,actif
cpt_002602,cli_002602,2025-09-06,383,Dakar-Plateau,actif
cpt_002603,cli_002603,2025-06-17,464,Kaolack,actif
cpt_002604,cli_002604,2025-03-24,549,Ziguinchor,fermé
cpt_002605,cli_002605,2025-01-23,609,Rufisque,actif
cpt_002606,cli_002606,2024-10-23,701,Rufisque,actif
cpt_002607,cli_002607,2025-12-13,285,Dakar-Plateau,actif
cpt_002608,cli_002608,2026-01-28,239,Thiès,actif
cpt_002609,cli_002609,2026-03-06,202,Parcelles Assainies,actif
cpt_002610,cli_002610,2026-01-15,252,Mbour,actif
cpt_002611,cli_002611,2025-08-31,389,Dakar-Plateau,actif
cpt_002612,cli_002612,2025-07-14,437,Touba,actif
cpt_002613,cli_002613,2026-08-04,51,Pikine,actif
cpt_002614,cli_002614,2024-09-27,727,Mbour,actif
cpt_002615,cli_002615,2026-08-24,31,Thiès,actif
cpt_002616,cli_002616,2025-12-08,290,Pikine,actif
cpt_002617,cli_002617,2025-11-02,326,Parcelles Assainies,actif
cpt_002618,cli_002618,2026-01-15,252,Saint-Louis,actif
cpt_002619,cli_002619,2026-04-21,156,Thiès,actif
cpt_002620,cli_002620,2025-09-06,383,Dakar-Plateau,actif
cpt_002621,cli_002621,2026-09-22,2,Parcelles Assainies,actif
cpt_002622,cli_002622,2025-04-01,541,Pikine,actif
cpt_002623,cli_002623,2025-05-16,496,Thiès,actif
cpt_002624,cli_002624,2025-03-14,559,Thiès,actif
cpt_002625,cli_002625,2025-02-10,591,Dakar-Plateau,actif
cpt_002626,cli_002626,2024-12-17,646,Thiès,actif
cpt_002627,cli_002627,2026-06-12,104,Touba,actif
cpt_002628,cli_002628,2025-01-23,609,Touba,suspendu
cpt_002629,cli_002629,2025-08-11,409,Dakar-Plateau,actif
cpt_002630,cli_002630,2026-06-25,91,Pikine,actif
cpt_002631,cli_002631,2024-10-10,714,Parcelles Assainies,actif
cpt_002632,cli_002632,2025-02-12,589,Dakar-Plateau,actif
cpt_002633,cli_002633,2026-03-16,192,Parcelles Assainies,actif
cpt_002634,cli_002634,2024-12-15,648,Dakar-Plateau,actif
cpt_002635,cli_002635,2025-04-09,533,Dakar-Plateau,actif
cpt_002636,cli_002636,2025-11-02,326,Mbour,actif
cpt_002637,cli_002637,2026-05-29,118,Pikine,actif
cpt_002638,cli_002638,2025-04-12,530,Touba,actif
cpt_002639,cli_002639,2024-11-13,680,Dakar-Plateau,actif
cpt_002640,cli_002640,2026-05-10,137,Thiès,suspendu
cpt_002641,cli_002641,2026-09-24,0,Guédiawaye,actif
cpt_002642,cli_002642,2026-04-11,166,Saint-Louis,actif
cpt_002643,cli_002643,2026-02-22,214,Touba,actif
cpt_002644,cli_002644,2025-12-23,275,Guédiawaye,actif
cpt_002645,cli_002645,2024-10-14,710,Thiès,actif
cpt_002646,cli_002646,2024-10-21,703,Pikine,actif
cpt_002647,cli_002647,2025-05-25,487,Thiès,actif
cpt_002648,cli_002648,2026-04-21,156,Dakar-Plateau,actif
cpt_002649,cli_002649,2026-04-26,151,Parcelles Assainies,actif
cpt_002650,cli_002650,2026-07-27,59,Dakar-Plateau,actif
cpt_002651,cli_002651,2025-02-28,573,Kaolack,actif
cpt_002652,cli_002652,2026-04-20,157,Parcelles Assainies,actif
cpt_002653,cli_002653,2024-12-12,651,Thiès,actif
cpt_002654,cli_002654,2025-07-14,437,Guédiawaye,actif
cpt_002655,cli_002655,2025-10-07,352,Pikine,actif
cpt_002656,cli_002656,2024-11-17,676,Dakar-Plateau,actif
cpt_002657,cli_002657,2026-06-02,114,Ziguinchor,actif
cpt_002658,cli_002658,2025-10-21,338,Saint-Louis,actif
cpt_002659,cli_002659,2026-03-22,186,Dakar-Plateau,actif
cpt_002660,cli_002660,2026-05-14,133,Touba,fermé
cpt_002661,cli_002661,2024-11-07,686,Parcelles Assainies,actif
cpt_002662,cli_002662,2025-07-12,439,Dakar-Plateau,actif
cpt_002663,cli_002663,2026-05-29,118,Rufisque,actif
cpt_002664,cli_002664,2026-07-09,77,Dakar-Plateau,actif
cpt_002665,cli_002665,2026-02-09,227,Dakar-Plateau,actif
cpt_002666,cli_002666,2025-01-26,606,Mbour,actif
cpt_002667,cli_002667,2026-06-10,106,Pikine,actif
cpt_002668,cli_002668,2025-04-05,537,Kaolack,actif
cpt_002669,cli_002669,2026-07-09,77,Mbour,actif
cpt_002670,cli_002670,2026-01-25,242,Saint-Louis,actif
cpt_002671,cli_002671,2025-09-11,378,Thiès,actif
cpt_002672,cli_002672,2026-06-25,91,Kaolack,actif
cpt_002673,cli_002673,2025-12-12,286,Guédiawaye,actif
cpt_002674,cli_002674,2026-03-12,196,Rufisque,actif
cpt_002675,cli_002675,2026-08-25,30,Rufisque,actif
cpt_002676,cli_002676,2026-09-25,-1,Kaolack,actif
cpt_002677,cli_002677,2026-06-14,102,Dakar-Plateau,actif
cpt_002678,cli_002678,2025-03-31,542,Thiès,actif
cpt_002679,cli_002679,2026-08-29,26,Touba,actif
cpt_002680,cli_002680,2025-09-21,368,Guédiawaye,actif
cpt_002681,cli_002681,2026-09-06,18,Kaolack,actif
cpt_002682,cli_002682,2026-04-19,158,Guédiawaye,actif
cpt_002683,cli_002683,2026-05-17,130,Dakar-Plateau,actif
cpt_002684,cli_002684,2026-01-23,244,Thiès,actif
cpt_002685,cli_002685,2025-04-01,541,Parcelles Assainies,actif
cpt_002686,cli_002686,2025-11-23,305,Dakar-Plateau,actif
cpt_002687,cli_002687,2026-09-14,10,Dakar-Plateau,actif
cpt_002688,cli_002688,2026-06-12,104,Dakar-Plateau,actif
cpt_002689,cli_002689,2026-02-17,219,Touba,actif
cpt_002690,cli_002690,2026-03-09,199,Kaolack,actif
cpt_002691,cli_002691,2025-08-11,409,Rufisque,actif
cpt_002692,cli_002692,2026-01-14,253,Dakar-Plateau,actif
cpt_002693,cli_002693,2025-04-03,539,Rufisque,actif
cpt_002694,cli_002694,2026-03-25,183,Kaolack,actif
cpt_002695,cli_002695,2025-05-21,491,Touba,actif
cpt_002696,cli_002696,2026-07-13,73,Pikine,actif
cpt_002697,cli_002697,2024-10-03,721,Dakar-Plateau,actif
cpt_002698,cli_002698,2024-10-06,718,Kaolack,actif
cpt_002699,cli_002699,2026-03-07,201,Kaolack,actif
cpt_002700,cli_002700,2026-04-06,171,Dakar-Plateau,actif
cpt_002701,cli_002701,2026-09-27,-3,Saint-Louis,actif
cpt_002702,cli_002702,2024-10-15,709,Dakar-Plateau,actif
cpt_002703,cli_002703,2026-08-28,27,Dakar-Plateau,actif
cpt_002704,cli_002704,2026-09-26,-2,Touba,actif
cpt_002705,cli_002705,2026-07-14,72,Rufisque,actif
cpt_002706,cli_002706,2026-02-21,215,Parcelles Assainies,actif
cpt_002707,cli_002707,2024-10-16,708,Kaolack,actif
cpt_002708,cli_002708,2026-05-26,121,Saint-Louis,actif
cpt_002709,cli_002709,2025-08-07,413,Dakar-Plateau,actif
cpt_002710,cli_002710,2025-06-10,471,Thiès,actif
cpt_002711,cli_002711,2025-02-18,583,Touba,actif
cpt_002712,cli_002712,2025-05-02,510,Rufisque,actif
cpt_002713,cli_002713,2024-10-09,715,Diourbel,actif
cpt_002714,cli_002714,2025-05-31,481,Mbour,actif
cpt_002715,cli_002715,2025-01-18,614,Dakar-Plateau,actif
cpt_002716,cli_002716,2026-02-04,232,Dakar-Plateau,actif
cpt_002717,cli_002717,2025-12-02,296,Saint-Louis,actif
cpt_002718,cli_002718,2025-04-07,535,Diourbel,actif
cpt_002719,cli_002719,2024-12-26,637,Dakar-Plateau,actif
cpt_002720,cli_002720,2026-09-20,4,Dakar-Plateau,suspendu
cpt_002721,cli_002721,2025-11-14,314,Touba,actif
cpt_002722,cli_002722,2025-02-19,582,Dakar-Plateau,actif
cpt_002723,cli_002723,2026-07-02,84,Dakar-Plateau,actif
cpt_002724,cli_002724,2026-01-10,257,Kaolack,actif
cpt_002725,cli_002725,2025-08-23,397,Saint-Louis,actif
cpt_002726,cli_002726,2026-07-28,58,Kaolack,actif
cpt_002727,cli_002727,2024-11-25,668,Mbour,actif
cpt_002728,cli_002728,2025-12-29,269,Guédiawaye,actif
cpt_002729,cli_002729,2025-03-03,570,Kaolack,actif
cpt_002730,cli_002730,2025-11-18,310,Pikine,actif
cpt_002731,cli_002731,2025-12-08,290,Pikine,actif
cpt_002732,cli_002732,2024-10-21,703,Kaolack,actif
cpt_002733,cli_002733,2025-01-12,620,Mbour,actif
cpt_002734,cli_002734,2025-09-13,376,Kaolack,actif
cpt_002735,cli_002735,2025-10-22,337,Dakar-Plateau,actif
cpt_002736,cli_002736,2025-03-03,570,Ziguinchor,actif
cpt_002737,cli_002737,2025-05-14,498,Thiès,actif
cpt_002738,cli_002738,2024-10-10,714,Mbour,actif
cpt_002739,cli_002739,2026-01-26,241,Ziguinchor,actif
cpt_002740,cli_002740,2026-07-04,82,Guédiawaye,actif
cpt_002741,cli_002741,2026-05-05,142,Touba,actif
cpt_002742,cli_002742,2025-09-04,385,Thiès,actif
cpt_002743,cli_002743,2026-02-09,227,Touba,fermé
cpt_002744,cli_002744,2025-02-15,586,Kaolack,actif
cpt_002745,cli_002745,2024-12-25,638,Mbour,actif
cpt_002746,cli_002746,2026-05-12,135,Dakar-Plateau,actif
cpt_002747,cli_002747,2024-10-03,721,Dakar-Plateau,actif
cpt_002748,cli_002748,2025-06-24,457,Ziguinchor,actif
cpt_002749,cli_002749,2026-03-17,191,Diourbel,actif
cpt_002750,cli_002750,2026-05-04,143,Diourbel,actif
cpt_002751,cli_002751,2026-05-27,120,Dakar-Plateau,actif
cpt_002752,cli_002752,2025-10-15,344,Guédiawaye,actif
cpt_002753,cli_002753,2026-08-05,50,Touba,actif
cpt_002754,cli_002754,2026-06-23,93,Touba,actif
cpt_002755,cli_002755,2025-03-27,546,Dakar-Plateau,actif
cpt_002756,cli_002756,2025-10-06,353,Thiès,actif
cpt_002757,cli_002757,2025-09-08,381,Dakar-Plateau,actif
cpt_002758,cli_002758,2026-02-02,234,Rufisque,actif
cpt_002759,cli_002759,2025-08-15,405,Pikine,actif
cpt_002760,cli_002760,2026-01-19,248,Dakar-Plateau,actif
cpt_002761,cli_002761,2026-08-22,33,Dakar-Plateau,actif
cpt_002762,cli_002762,2025-08-07,413,Ziguinchor,actif
cpt_002763,cli_002763,2026-07-27,59,Touba,actif
cpt_002764,cli_002764,2025-05-09,503,Ziguinchor,actif
cpt_002765,cli_002765,2024-11-27,666,Parcelles Assainies,actif
cpt_002766,cli_002766,2025-05-27,485,Parcelles Assainies,actif
cpt_002767,cli_002767,2025-07-31,420,Guédiawaye,actif
cpt_002768,cli_002768,2024-10-25,699,Thiès,actif
cpt_002769,cli_002769,2026-04-19,158,Guédiawaye,actif
cpt_002770,cli_002770,2025-03-12,561,Touba,actif
cpt_002771,cli_002771,2026-04-28,149,Saint-Louis,actif
cpt_002772,cli_002772,2026-09-23,1,Kaolack,actif
cpt_002773,cli_002773,2026-04-02,175,Pikine,actif
cpt_002774,cli_002774,2025-09-25,364,Rufisque,actif
cpt_002775,cli_002775,2026-08-10,45,Pikine,actif
cpt_002776,cli_002776,2026-03-05,203,Dakar-Plateau,actif
cpt_002777,cli_002777,2026-08-20,35,Mbour,actif
cpt_002778,cli_002778,2026-04-03,174,Rufisque,actif
cpt_002779,cli_002779,2025-04-18,524,Touba,actif
cpt_002780,cli_002780,2026-06-05,111,Dakar-Plateau,actif
cpt_002781,cli_002781,2026-03-16,192,Diourbel,actif
cpt_002782,cli_002782,2026-06-21,95,Diourbel,actif
cpt_002783,cli_002783,2025-12-20,278,Parcelles Assainies,actif
cpt_002784,cli_002784,2025-03-22,551,Kaolack,actif
cpt_002785,cli_002785,2025-09-01,388,Pikine,actif
cpt_002786,cli_002786,2026-05-01,146,Touba,actif
cpt_002787,cli_002787,2026-02-03,233,Kaolack,actif
cpt_002788,cli_002788,2025-05-23,489,Saint-Louis,actif
cpt_002789,cli_002789,2025-10-09,350,Saint-Louis,actif
cpt_002790,cli_002790,2025-10-27,332,Parcelles Assainies,actif
cpt_002791,cli_002791,2025-01-05,627,Saint-Louis,actif
cpt_002792,cli_002792,2025-02-03,598,Mbour,actif
cpt_002793,cli_002793,2026-04-02,175,Dakar-Plateau,actif
cpt_002794,cli_002794,2025-04-30,512,Dakar-Plateau,actif
cpt_002795,cli_002795,2025-02-24,577,Touba,actif
cpt_002796,cli_002796,2024-12-10,653,Thiès,actif
cpt_002797,cli_002797,2026-03-19,189,Rufisque,actif
cpt_002798,cli_002798,2025-04-13,529,Kaolack,actif
cpt_002799,cli_002799,2026-05-13,134,Mbour,actif
cpt_002800,cli_002800,2025-11-04,324,Guédiawaye,actif
cpt_002801,cli_002801,2026-08-05,50,Parcelles Assainies,actif
cpt_002802,cli_002802,2025-07-12,439,Thiès,actif
cpt_002803,cli_002803,2025-05-17,495,Touba,actif
cpt_002804,cli_002804,2025-11-02,326,Thiès,actif
cpt_002805,cli_002805,2025-11-27,301,Rufisque,actif
cpt_002806,cli_002806,2026-04-04,173,Touba,actif
cpt_002807,cli_002807,2025-03-12,561,Mbour,actif
cpt_002808,cli_002808,2024-11-30,663,Saint-Louis,actif
cpt_002809,cli_002809,2026-06-22,94,Dakar-Plateau,actif
cpt_002810,cli_002810,2026-03-06,202,Touba,actif
cpt_002811,cli_002811,2025-07-13,438,Rufisque,actif
cpt_002812,cli_002812,2026-01-01,266,Dakar-Plateau,actif
cpt_002813,cli_002813,2026-09-14,10,Mbour,actif
cpt_002814,cli_002814,2026-09-12,12,Touba,fermé
cpt_002815,cli_002815,2026-04-06,171,Rufisque,actif
cpt_002816,cli_002816,2024-10-18,706,Saint-Louis,actif
cpt_002817,cli_002817,2025-07-09,442,Pikine,actif
cpt_002818,cli_002818,2026-03-25,183,Dakar-Plateau,actif
cpt_002819,cli_002819,2026-08-14,41,Guédiawaye,actif
cpt_002820,cli_002820,2025-03-24,549,Parcelles Assainies,actif
cpt_002821,cli_002821,2025-12-25,273,Mbour,actif
cpt_002822,cli_002822,2025-12-15,283,Saint-Louis,actif
cpt_002823,cli_002823,2025-08-10,410,Touba,actif
cpt_002824,cli_002824,2026-04-14,163,Dakar-Plateau,actif
cpt_002825,cli_002825,2025-04-14,528,Guédiawaye,actif
cpt_002826,cli_002826,2026-02-11,225,Dakar-Plateau,actif
cpt_002827,cli_002827,2025-04-28,514,Mbour,actif
cpt_002828,cli_002828,2025-09-15,374,Pikine,actif
cpt_002829,cli_002829,2026-06-10,106,Rufisque,actif
cpt_002830,cli_002830,2025-06-26,455,Saint-Louis,actif
cpt_002831,cli_002831,2026-08-04,51,Mbour,actif
cpt_002832,cli_002832,2025-04-23,519,Pikine,actif
cpt_002833,cli_002833,2025-12-24,274,Guédiawaye,actif
cpt_002834,cli_002834,2025-05-25,487,Mbour,actif
cpt_002835,cli_002835,2026-04-02,175,Rufisque,actif
cpt_002836,cli_002836,2025-12-03,295,Dakar-Plateau,actif
cpt_002837,cli_002837,2026-02-17,219,Kaolack,actif
cpt_002838,cli_002838,2026-03-29,179,Rufisque,actif
cpt_002839,cli_002839,2026-01-18,249,Parcelles Assainies,actif
cpt_002840,cli_002840,2026-08-19,36,Dakar-Plateau,actif
cpt_002841,cli_002841,2025-12-10,288,Guédiawaye,actif
cpt_002842,cli_002842,2026-06-29,87,Guédiawaye,actif
cpt_002843,cli_002843,2025-09-13,376,Pikine,actif
cpt_002844,cli_002844,2026-07-21,65,Thiès,actif
cpt_002845,cli_002845,2026-09-19,5,Parcelles Assainies,actif
cpt_002846,cli_002846,2025-11-09,319,Kaolack,actif
cpt_002847,cli_002847,2026-02-22,214,Ziguinchor,actif
cpt_002848,cli_002848,2024-12-24,639,Dakar-Plateau,actif
cpt_002849,cli_002849,2026-03-16,192,Dakar-Plateau,actif
cpt_002850,cli_002850,2025-12-07,291,Touba,actif
cpt_002851,cli_002851,2026-04-04,173,Diourbel,actif
cpt_002852,cli_002852,2024-12-15,648,Kaolack,actif
cpt_002853,cli_002853,2025-02-26,575,Dakar-Plateau,actif
cpt_002854,cli_002854,2026-05-21,126,Pikine,actif
cpt_002855,cli_002855,2026-03-27,181,Dakar-Plateau,actif
cpt_002856,cli_002856,2026-05-11,136,Saint-Louis,actif
cpt_002857,cli_002857,2026-06-07,109,Thiès,actif
cpt_002858,cli_002858,2026-04-04,173,Rufisque,actif
cpt_002859,cli_002859,2025-01-14,618,Rufisque,actif
cpt_002860,cli_002860,2025-10-26,333,Pikine,actif
cpt_002861,cli_002861,2025-12-18,280,Thiès,actif
cpt_002862,cli_002862,2026-05-11,136,Dakar-Plateau,fermé
cpt_002863,cli_002863,2026-05-16,131,Thiès,actif
cpt_002864,cli_002864,2025-08-18,402,Touba,actif
cpt_002865,cli_002865,2025-03-25,548,Mbour,actif
cpt_002866,cli_002866,2025-08-13,407,Guédiawaye,actif
cpt_002867,cli_002867,2025-06-02,479,Saint-Louis,actif
cpt_002868,cli_002868,2026-03-17,191,Touba,actif
cpt_002869,cli_002869,2024-11-07,686,Dakar-Plateau,actif
cpt_002870,cli_002870,2025-02-02,599,Dakar-Plateau,actif
cpt_002871,cli_002871,2024-12-24,639,Thiès,actif
cpt_002872,cli_002872,2025-05-29,483,Pikine,actif
cpt_002873,cli_002873,2025-05-09,503,Dakar-Plateau,actif
cpt_002874,cli_002874,2026-08-04,51,Dakar-Plateau,actif
cpt_002875,cli_002875,2026-05-30,117,Dakar-Plateau,actif
cpt_002876,cli_002876,2026-06-21,95,Parcelles Assainies,actif
cpt_002877,cli_002877,2025-10-09,350,Thiès,actif
cpt_002878,cli_002878,2025-07-26,425,Dakar-Plateau,actif
cpt_002879,cli_002879,2026-07-03,83,Touba,actif
cpt_002880,cli_002880,2025-03-29,544,Pikine,actif
cpt_002881,cli_002881,2025-08-19,401,Pikine,actif
cpt_002882,cli_002882,2025-07-17,434,Pikine,actif
cpt_002883,cli_002883,2024-11-26,667,Touba,actif
cpt_002884,cli_002884,2025-07-24,427,Ziguinchor,actif
cpt_002885,cli_002885,2026-09-22,2,Rufisque,actif
cpt_002886,cli_002886,2025-03-12,561,Dakar-Plateau,actif
cpt_002887,cli_002887,2024-12-28,635,Pikine,suspendu
cpt_002888,cli_002888,2026-07-25,61,Dakar-Plateau,actif
cpt_002889,cli_002889,2025-08-26,394,Saint-Louis,actif
cpt_002890,cli_002890,2025-10-16,343,Dakar-Plateau,actif
cpt_002891,cli_002891,2026-06-05,111,Diourbel,actif
cpt_002892,cli_002892,2026-03-08,200,Thiès,actif
cpt_002893,cli_002893,2025-01-09,623,Rufisque,actif
cpt_002894,cli_002894,2025-12-16,282,Saint-Louis,actif
cpt_002895,cli_002895,2025-08-29,391,Dakar-Plateau,actif
cpt_002896,cli_002896,2025-03-08,565,Touba,actif
cpt_002897,cli_002897,2025-11-04,324,Dakar-Plateau,actif
cpt_002898,cli_002898,2024-12-16,647,Saint-Louis,actif
cpt_002899,cli_002899,2025-09-27,362,Rufisque,actif
cpt_002900,cli_002900,2024-10-06,718,Dakar-Plateau,actif
cpt_002901,cli_002901,2026-06-10,106,Saint-Louis,actif
cpt_002902,cli_002902,2024-12-19,644,Dakar-Plateau,actif
cpt_002903,cli_002903,2026-07-07,79,Dakar-Plateau,actif
cpt_002904,cli_002904,2025-02-11,590,Saint-Louis,actif
cpt_002905,cli_002905,2025-06-01,480,Parcelles Assainies,actif
cpt_002906,cli_002906,2025-08-16,404,Kaolack,actif
cpt_002907,cli_002907,2024-12-24,639,Thiès,actif
cpt_002908,cli_002908,2025-06-17,464,Thiès,actif
cpt_002909,cli_002909,2025-05-05,507,Pikine,actif
cpt_002910,cli_002910,2025-03-24,549,Dakar-Plateau,actif
cpt_002911,cli_002911,2025-01-19,613,Diourbel,actif
cpt_002912,cli_002912,2026-04-07,170,Dakar-Plateau,actif
cpt_002913,cli_002913,2025-01-18,614,Rufisque,actif
cpt_002914,cli_002914,2025-07-22,429,Pikine,actif
cpt_002915,cli_002915,2026-09-02,22,Pikine,suspendu
cpt_002916,cli_002916,2024-11-25,668,Thiès,actif
cpt_002917,cli_002917,2025-03-13,560,Saint-Louis,actif
cpt_002918,cli_002918,2024-12-17,646,Touba,actif
cpt_002919,cli_002919,2025-03-14,559,Kaolack,suspendu
cpt_002920,cli_002920,2026-01-16,251,Pikine,actif
cpt_002921,cli_002921,2026-01-12,255,Parcelles Assainies,actif
cpt_002922,cli_002922,2026-03-09,199,Dakar-Plateau,actif
cpt_002923,cli_002923,2025-11-29,299,Touba,actif
cpt_002924,cli_002924,2026-08-31,24,Pikine,actif
cpt_002925,cli_002925,2025-03-31,542,Thiès,actif
cpt_002926,cli_002926,2025-03-24,549,Dakar-Plateau,actif
cpt_002927,cli_002927,2024-10-07,717,Saint-Louis,actif
cpt_002928,cli_002928,2025-08-19,401,Saint-Louis,actif
cpt_002929,cli_002929,2024-10-03,721,Kaolack,actif
cpt_002930,cli_002930,2026-04-26,151,Dakar-Plateau,actif
cpt_002931,cli_002931,2025-10-13,346,Diourbel,actif
cpt_002932,cli_002932,2025-03-05,568,Pikine,actif
cpt_002933,cli_002933,2025-02-25,576,Pikine,actif
cpt_002934,cli_002934,2025-03-10,563,Pikine,actif
cpt_002935,cli_002935,2025-10-23,336,Pikine,actif
cpt_002936,cli_002936,2026-08-02,53,Rufisque,actif
cpt_002937,cli_002937,2025-01-03,629,Pikine,actif
cpt_002938,cli_002938,2025-12-22,276,Guédiawaye,fermé
cpt_002939,cli_002939,2025-06-11,470,Mbour,actif
cpt_002940,cli_002940,2026-06-18,98,Saint-Louis,actif
cpt_002941,cli_002941,2024-11-13,680,Mbour,actif
cpt_002942,cli_002942,2026-03-24,184,Thiès,actif
cpt_002943,cli_002943,2024-09-30,724,Dakar-Plateau,actif
cpt_002944,cli_002944,2025-04-20,522,Saint-Louis,actif
cpt_002945,cli_002945,2026-01-30,237,Dakar-Plateau,actif
cpt_002946,cli_002946,2025-12-28,270,Pikine,actif
cpt_002947,cli_002947,2024-10-12,712,Dakar-Plateau,actif
cpt_002948,cli_002948,2025-07-20,431,Mbour,actif
cpt_002949,cli_002949,2025-05-09,503,Guédiawaye,actif
cpt_002950,cli_002950,2025-07-06,445,Mbour,actif
cpt_002951,cli_002951,2026-04-03,174,Guédiawaye,actif
cpt_002952,cli_002952,2026-06-21,95,Parcelles Assainies,actif
cpt_002953,cli_002953,2026-09-25,-1,Parcelles Assainies,actif
cpt_002954,cli_002954,2025-12-04,294,Dakar-Plateau,fermé
cpt_002955,cli_002955,2025-05-14,498,Parcelles Assainies,actif
cpt_002956,cli_002956,2026-02-20,216,Thiès,actif
cpt_002957,cli_002957,2026-04-14,163,Rufisque,actif
cpt_002958,cli_002958,2025-12-16,282,Dakar-Plateau,actif
cpt_002959,cli_002959,2026-04-10,167,Mbour,actif
cpt_002960,cli_002960,2025-11-12,316,Pikine,actif
cpt_002961,cli_002961,2025-08-21,399,Dakar-Plateau,actif
cpt_002962,cli_002962,2026-03-11,197,Dakar-Plateau,actif
cpt_002963,cli_002963,2026-09-05,19,Rufisque,actif
cpt_002964,cli_002964,2026-07-11,75,Pikine,actif
cpt_002965,cli_002965,2025-11-27,301,Mbour,actif
cpt_002966,cli_002966,2026-05-19,128,Pikine,actif
cpt_002967,cli_002967,2025-02-19,582,Touba,actif
cpt_002968,cli_002968,2026-05-27,120,Pikine,actif
cpt_002969,cli_002969,2026-09-07,17,Thiès,actif
cpt_002970,cli_002970,2025-07-02,449,Saint-Louis,actif
cpt_002971,cli_002971,2025-06-29,452,Guédiawaye,actif
cpt_002972,cli_002972,2025-05-22,490,Dakar-Plateau,actif
cpt_002973,cli_002973,2026-06-02,114,Rufisque,actif
cpt_002974,cli_002974,2025-05-19,493,Diourbel,actif
cpt_002975,cli_002975,2025-01-02,630,Diourbel,actif
cpt_002976,cli_002976,2025-07-12,439,Pikine,actif
cpt_002977,cli_002977,2025-12-15,283,Touba,actif
cpt_002978,cli_002978,2025-10-11,348,Guédiawaye,actif
cpt_002979,cli_002979,2025-02-09,592,Dakar-Plateau,actif
cpt_002980,cli_002980,2026-06-13,103,Mbour,actif
cpt_002981,cli_002981,2025-04-17,525,Rufisque,actif
cpt_002982,cli_002982,2026-03-11,197,Rufisque,actif
cpt_002983,cli_002983,2024-12-27,636,Saint-Louis,actif
cpt_002984,cli_002984,2026-06-18,98,Guédiawaye,actif
cpt_002985,cli_002985,2025-09-15,374,Mbour,actif
cpt_002986,cli_002986,2025-12-09,289,Guédiawaye,actif
cpt_002987,cli_002987,2025-10-07,352,Dakar-Plateau,actif
cpt_002988,cli_002988,2025-12-22,276,Guédiawaye,actif
cpt_002989,cli_002989,2026-08-31,24,Ziguinchor,actif
cpt_002990,cli_002990,2025-01-08,624,Parcelles Assainies,actif
cpt_002991,cli_002991,2025-09-01,388,Dakar-Plateau,actif
cpt_002992,cli_002992,2025-07-16,435,Mbour,actif
cpt_002993,cli_002993,2025-09-08,381,Diourbel,actif
cpt_002994,cli_002994,2025-09-07,382,Kaolack,actif
cpt_002995,cli_002995,2025-07-11,440,Thiès,actif
cpt_002996,cli_002996,2025-11-25,303,Guédiawaye,actif
cpt_002997,cli_002997,2026-06-21,95,Thiès,actif
cpt_002998,cli_002998,2026-09-03,21,Saint-Louis,actif
cpt_002999,cli_002999,2025-08-28,392,Kaolack,actif
cpt_003000,cli_003000,2026-05-14,133,Saint-Louis,actif
cpt_003001,cli_003001,2025-10-31,328,Parcelles Assainies,actif
cpt_003002,cli_003002,2025-07-12,439,Dakar-Plateau,actif
cpt_003003,cli_003003,2025-07-20,431,Thiès,actif
cpt_003004,cli_003004,2026-05-28,119,Dakar-Plateau,fermé
cpt_003005,cli_003005,2025-06-02,479,Dakar-Plateau,actif
cpt_003006,cli_003006,2024-11-08,685,Rufisque,actif
cpt_003007,cli_003007,2026-01-05,262,Mbour,actif
cpt_003008,cli_003008,2026-07-01,85,Kaolack,actif
cpt_003009,cli_003009,2025-09-24,365,Touba,actif
cpt_003010,cli_003010,2025-07-05,446,Kaolack,actif
cpt_003011,cli_003011,2025-12-10,288,Touba,actif
cpt_003012,cli_003012,2025-07-16,435,Mbour,actif
cpt_003013,cli_003013,2025-03-14,559,Dakar-Plateau,actif
cpt_003014,cli_003014,2025-08-01,419,Thiès,actif
cpt_003015,cli_003015,2025-02-22,579,Dakar-Plateau,actif
cpt_003016,cli_003016,2026-06-11,105,Dakar-Plateau,actif
cpt_003017,cli_003017,2026-02-24,212,Dakar-Plateau,fermé
cpt_003018,cli_003018,2025-08-16,404,Saint-Louis,actif
cpt_003019,cli_003019,2026-03-20,188,Touba,actif
cpt_003020,cli_003020,2024-10-02,722,Ziguinchor,actif
cpt_003021,cli_003021,2025-05-18,494,Diourbel,actif
cpt_003022,cli_003022,2025-11-27,301,Kaolack,actif
cpt_003023,cli_003023,2025-03-09,564,Dakar-Plateau,actif
cpt_003024,cli_003024,2024-10-07,717,Kaolack,actif
cpt_003025,cli_003025,2026-09-17,7,Saint-Louis,actif
cpt_003026,cli_003026,2025-08-17,403,Kaolack,actif
cpt_003027,cli_003027,2025-11-16,312,Dakar-Plateau,actif
cpt_003028,cli_003028,2025-03-25,548,Dakar-Plateau,actif
cpt_003029,cli_003029,2026-02-12,224,Ziguinchor,actif
cpt_003030,cli_003030,2026-02-02,234,Dakar-Plateau,actif
cpt_003031,cli_003031,2025-03-17,556,Guédiawaye,actif
cpt_003032,cli_003032,2024-12-14,649,Parcelles Assainies,actif
cpt_003033,cli_003033,2026-06-13,103,Dakar-Plateau,actif
cpt_003034,cli_003034,2025-07-02,449,Dakar-Plateau,actif
cpt_003035,cli_003035,2025-03-05,568,Diourbel,actif
cpt_003036,cli_003036,2026-05-31,116,Kaolack,actif
cpt_003037,cli_003037,2025-06-02,479,Ziguinchor,actif
cpt_003038,cli_003038,2024-10-09,715,Pikine,actif
cpt_003039,cli_003039,2025-01-18,614,Pikine,actif
cpt_003040,cli_003040,2026-05-05,142,Parcelles Assainies,actif
cpt_003041,cli_003041,2024-10-03,721,Parcelles Assainies,actif
cpt_003042,cli_003042,2026-01-07,260,Dakar-Plateau,actif
cpt_003043,cli_003043,2025-10-12,347,Touba,actif
cpt_003044,cli_003044,2026-02-25,211,Diourbel,actif
cpt_003045,cli_003045,2025-05-02,510,Rufisque,actif
cpt_003046,cli_003046,2026-06-28,88,Guédiawaye,actif
cpt_003047,cli_003047,2025-04-27,515,Guédiawaye,actif
cpt_003048,cli_003048,2026-08-17,38,Dakar-Plateau,actif
cpt_003049,cli_003049,2025-01-16,616,Pikine,actif
cpt_003050,cli_003050,2026-02-01,235,Rufisque,actif
cpt_003051,cli_003051,2025-09-15,374,Parcelles Assainies,actif
cpt_003052,cli_003052,2026-04-10,167,Rufisque,actif
cpt_003053,cli_003053,2026-07-10,76,Saint-Louis,actif
cpt_003054,cli_003054,2026-09-08,16,Pikine,actif
cpt_003055,cli_003055,2024-10-13,711,Dakar-Plateau,actif
cpt_003056,cli_003056,2026-06-18,98,Dakar-Plateau,actif
cpt_003057,cli_003057,2026-08-17,38,Dakar-Plateau,actif
cpt_003058,cli_003058,2025-09-14,375,Thiès,actif
cpt_003059,cli_003059,2024-10-23,701,Saint-Louis,actif
cpt_003060,cli_003060,2026-07-26,60,Kaolack,actif
cpt_003061,cli_003061,2026-03-22,186,Thiès,actif
cpt_003062,cli_003062,2025-08-15,405,Parcelles Assainies,actif
cpt_003063,cli_003063,2025-09-30,359,Dakar-Plateau,actif
cpt_003064,cli_003064,2026-06-09,107,Parcelles Assainies,actif
cpt_003065,cli_003065,2024-11-02,691,Guédiawaye,actif
cpt_003066,cli_003066,2026-01-07,260,Kaolack,actif
cpt_003067,cli_003067,2025-05-22,490,Parcelles Assainies,actif
cpt_003068,cli_003068,2025-10-28,331,Pikine,actif
cpt_003069,cli_003069,2025-07-24,427,Pikine,actif
cpt_003070,cli_003070,2024-12-03,660,Dakar-Plateau,actif
cpt_003071,cli_003071,2026-01-31,236,Ziguinchor,actif
cpt_003072,cli_003072,2025-02-09,592,Dakar-Plateau,actif
cpt_003073,cli_003073,2026-02-23,213,Dakar-Plateau,actif
cpt_003074,cli_003074,2026-02-07,229,Dakar-Plateau,actif
cpt_003075,cli_003075,2026-09-02,22,Saint-Louis,actif
cpt_003076,cli_003076,2026-01-17,250,Rufisque,fermé
cpt_003077,cli_003077,2025-07-23,428,Thiès,actif
cpt_003078,cli_003078,2025-06-18,463,Guédiawaye,fermé
cpt_003079,cli_003079,2025-11-15,313,Dakar-Plateau,actif
cpt_003080,cli_003080,2026-01-09,258,Kaolack,actif
cpt_003081,cli_003081,2026-04-15,162,Dakar-Plateau,actif
cpt_003082,cli_003082,2024-12-07,656,Dakar-Plateau,actif
cpt_003083,cli_003083,2025-12-18,280,Thiès,actif
cpt_003084,cli_003084,2026-02-13,223,Dakar-Plateau,actif
cpt_003085,cli_003085,2024-11-08,685,Dakar-Plateau,actif
cpt_003086,cli_003086,2025-06-17,464,Saint-Louis,actif
cpt_003087,cli_003087,2025-01-13,619,Rufisque,actif
cpt_003088,cli_003088,2025-12-14,284,Pikine,actif
cpt_003089,cli_003089,2025-11-15,313,Guédiawaye,actif
cpt_003090,cli_003090,2025-04-12,530,Touba,actif
cpt_003091,cli_003091,2024-10-10,714,Dakar-Plateau,actif
cpt_003092,cli_003092,2025-02-27,574,Dakar-Plateau,actif
cpt_003093,cli_003093,2025-10-25,334,Thiès,actif
cpt_003094,cli_003094,2025-07-16,435,Thiès,actif
cpt_003095,cli_003095,2026-01-16,251,Diourbel,actif
cpt_003096,cli_003096,2025-10-29,330,Guédiawaye,actif
cpt_003097,cli_003097,2025-12-15,283,Dakar-Plateau,actif
cpt_003098,cli_003098,2026-07-14,72,Rufisque,actif
cpt_003099,cli_003099,2024-12-25,638,Thiès,actif
cpt_003100,cli_003100,2026-06-17,99,Dakar-Plateau,actif
cpt_003101,cli_003101,2026-03-13,195,Rufisque,actif
cpt_003102,cli_003102,2026-03-23,185,Dakar-Plateau,actif
cpt_003103,cli_003103,2026-04-15,162,Saint-Louis,actif
cpt_003104,cli_003104,2025-09-28,361,Saint-Louis,actif
cpt_003105,cli_003105,2024-10-26,698,Parcelles Assainies,actif
cpt_003106,cli_003106,2026-01-28,239,Diourbel,actif
cpt_003107,cli_003107,2025-04-10,532,Diourbel,actif
cpt_003108,cli_003108,2025-04-08,534,Dakar-Plateau,actif
cpt_003109,cli_003109,2025-03-20,553,Guédiawaye,actif
cpt_003110,cli_003110,2025-06-28,453,Thiès,actif
cpt_003111,cli_003111,2025-04-04,538,Dakar-Plateau,actif
cpt_003112,cli_003112,2025-03-20,553,Guédiawaye,actif
cpt_003113,cli_003113,2025-05-14,498,Pikine,actif
cpt_003114,cli_003114,2025-08-16,404,Ziguinchor,actif
cpt_003115,cli_003115,2026-07-20,66,Parcelles Assainies,actif
cpt_003116,cli_003116,2025-09-20,369,Touba,actif
cpt_003117,cli_003117,2025-03-26,547,Guédiawaye,actif
cpt_003118,cli_003118,2026-01-20,247,Dakar-Plateau,actif
cpt_003119,cli_003119,2026-03-26,182,Kaolack,actif
cpt_003120,cli_003120,2025-07-21,430,Dakar-Plateau,actif
cpt_003121,cli_003121,2026-06-22,94,Dakar-Plateau,actif
cpt_003122,cli_003122,2025-04-21,521,Guédiawaye,actif
cpt_003123,cli_003123,2024-10-09,715,Mbour,actif
cpt_003124,cli_003124,2025-10-09,350,Guédiawaye,actif
cpt_003125,cli_003125,2026-09-05,19,Dakar-Plateau,fermé
cpt_003126,cli_003126,2026-03-14,194,Pikine,actif
cpt_003127,cli_003127,2026-09-04,20,Pikine,actif
cpt_003128,cli_003128,2025-10-28,331,Dakar-Plateau,actif
cpt_003129,cli_003129,2026-02-12,224,Rufisque,actif
cpt_003130,cli_003130,2025-03-12,561,Dakar-Plateau,actif
cpt_003131,cli_003131,2025-01-17,615,Pikine,actif
cpt_003132,cli_003132,2025-11-12,316,Thiès,actif
cpt_003133,cli_003133,2024-10-14,710,Touba,actif
cpt_003134,cli_003134,2025-10-31,328,Pikine,actif
cpt_003135,cli_003135,2026-07-02,84,Guédiawaye,actif
cpt_003136,cli_003136,2024-11-30,663,Pikine,actif
cpt_003137,cli_003137,2025-12-11,287,Ziguinchor,actif
cpt_003138,cli_003138,2024-12-19,644,Dakar-Plateau,actif
cpt_003139,cli_003139,2025-04-08,534,Dakar-Plateau,actif
cpt_003140,cli_003140,2024-11-09,684,Parcelles Assainies,actif
cpt_003141,cli_003141,2025-06-12,469,Dakar-Plateau,actif
cpt_003142,cli_003142,2025-07-20,431,Dakar-Plateau,actif
cpt_003143,cli_003143,2026-04-08,169,Dakar-Plateau,actif
cpt_003144,cli_003144,2026-03-06,202,Thiès,actif
cpt_003145,cli_003145,2026-01-30,237,Thiès,actif
cpt_003146,cli_003146,2026-02-12,224,Mbour,actif
cpt_003147,cli_003147,2025-07-20,431,Touba,actif
cpt_003148,cli_003148,2025-01-01,631,Guédiawaye,actif
cpt_003149,cli_003149,2026-09-02,22,Ziguinchor,actif
cpt_003150,cli_003150,2025-06-30,451,Touba,actif
cpt_003151,cli_003151,2025-03-23,550,Saint-Louis,actif
cpt_003152,cli_003152,2025-11-05,323,Touba,actif
cpt_003153,cli_003153,2026-03-07,201,Guédiawaye,actif
cpt_003154,cli_003154,2025-11-15,313,Pikine,actif
cpt_003155,cli_003155,2025-01-28,604,Parcelles Assainies,actif
cpt_003156,cli_003156,2024-11-30,663,Dakar-Plateau,actif
cpt_003157,cli_003157,2025-05-16,496,Parcelles Assainies,actif
cpt_003158,cli_003158,2025-10-08,351,Dakar-Plateau,actif
cpt_003159,cli_003159,2025-06-13,468,Dakar-Plateau,actif
cpt_003160,cli_003160,2025-05-22,490,Ziguinchor,suspendu
cpt_003161,cli_003161,2025-03-13,560,Mbour,actif
cpt_003162,cli_003162,2026-06-14,102,Thiès,actif
cpt_003163,cli_003163,2026-07-31,55,Guédiawaye,actif
cpt_003164,cli_003164,2026-01-16,251,Thiès,actif
cpt_003165,cli_003165,2026-03-18,190,Kaolack,actif
cpt_003166,cli_003166,2025-07-04,447,Mbour,actif
cpt_003167,cli_003167,2025-09-11,378,Thiès,actif
cpt_003168,cli_003168,2024-11-24,669,Parcelles Assainies,fermé
cpt_003169,cli_003169,2025-03-10,563,Guédiawaye,actif
cpt_003170,cli_003170,2026-06-11,105,Mbour,actif
cpt_003171,cli_003171,2025-01-16,616,Diourbel,actif
cpt_003172,cli_003172,2025-03-15,558,Parcelles Assainies,actif
cpt_003173,cli_003173,2025-12-21,277,Guédiawaye,actif
cpt_003174,cli_003174,2026-08-13,42,Parcelles Assainies,actif
cpt_003175,cli_003175,2025-02-26,575,Parcelles Assainies,actif
cpt_003176,cli_003176,2026-05-08,139,Diourbel,actif
cpt_003177,cli_003177,2026-04-19,158,Mbour,actif
cpt_003178,cli_003178,2025-10-17,342,Guédiawaye,actif
cpt_003179,cli_003179,2026-07-26,60,Guédiawaye,actif
cpt_003180,cli_003180,2025-12-06,292,Parcelles Assainies,actif
cpt_003181,cli_003181,2026-03-29,179,Dakar-Plateau,actif
cpt_003182,cli_003182,2026-08-16,39,Rufisque,actif
cpt_003183,cli_003183,2024-12-07,656,Saint-Louis,actif
cpt_003184,cli_003184,2026-03-17,191,Mbour,actif
cpt_003185,cli_003185,2025-08-26,394,Dakar-Plateau,actif
cpt_003186,cli_003186,2025-02-09,592,Touba,actif
cpt_003187,cli_003187,2025-10-11,348,Touba,actif
cpt_003188,cli_003188,2026-02-24,212,Pikine,actif
cpt_003189,cli_003189,2025-03-31,542,Thiès,actif
cpt_003190,cli_003190,2025-05-11,501,Thiès,actif
cpt_003191,cli_003191,2026-09-16,8,Saint-Louis,actif
cpt_003192,cli_003192,2025-02-06,595,Dakar-Plateau,actif
cpt_003193,cli_003193,2026-07-02,84,Dakar-Plateau,actif
cpt_003194,cli_003194,2025-04-04,538,Parcelles Assainies,actif
cpt_003195,cli_003195,2026-07-16,70,Dakar-Plateau,actif
cpt_003196,cli_003196,2026-08-07,48,Parcelles Assainies,actif
cpt_003197,cli_003197,2026-06-28,88,Touba,actif
cpt_003198,cli_003198,2025-04-06,536,Dakar-Plateau,actif
cpt_003199,cli_003199,2025-11-01,327,Parcelles Assainies,actif
cpt_003200,cli_003200,2025-07-13,438,Diourbel,actif
cpt_003201,cli_003201,2026-03-07,201,Rufisque,actif
cpt_003202,cli_003202,2026-07-02,84,Rufisque,actif
cpt_003203,cli_003203,2025-03-03,570,Rufisque,actif
cpt_003204,cli_003204,2025-01-24,608,Dakar-Plateau,actif
cpt_003205,cli_003205,2025-01-21,611,Dakar-Plateau,actif
cpt_003206,cli_003206,2026-08-10,45,Mbour,actif
cpt_003207,cli_003207,2024-11-22,671,Guédiawaye,actif
cpt_003208,cli_003208,2025-08-28,392,Pikine,actif
cpt_003209,cli_003209,2026-05-06,141,Dakar-Plateau,actif
cpt_003210,cli_003210,2026-05-03,144,Saint-Louis,actif
cpt_003211,cli_003211,2025-09-26,363,Dakar-Plateau,actif
cpt_003212,cli_003212,2025-07-11,440,Touba,actif
cpt_003213,cli_003213,2026-08-20,35,Guédiawaye,actif
cpt_003214,cli_003214,2025-10-01,358,Thiès,actif
cpt_003215,cli_003215,2026-04-04,173,Pikine,actif
cpt_003216,cli_003216,2024-11-24,669,Dakar-Plateau,actif
cpt_003217,cli_003217,2025-07-02,449,Rufisque,actif
cpt_003218,cli_003218,2025-12-28,270,Mbour,actif
cpt_003219,cli_003219,2025-11-24,304,Dakar-Plateau,suspendu
cpt_003220,cli_003220,2025-01-23,609,Parcelles Assainies,actif
cpt_003221,cli_003221,2025-05-11,501,Parcelles Assainies,actif
cpt_003222,cli_003222,2025-12-16,282,Dakar-Plateau,actif
cpt_003223,cli_003223,2025-01-23,609,Thiès,actif
cpt_003224,cli_003224,2025-06-30,451,Dakar-Plateau,actif
cpt_003225,cli_003225,2026-08-14,41,Rufisque,actif
cpt_003226,cli_003226,2025-06-24,457,Dakar-Plateau,actif
cpt_003227,cli_003227,2024-11-10,683,Parcelles Assainies,actif
cpt_003228,cli_003228,2025-01-03,629,Pikine,actif
cpt_003229,cli_003229,2026-08-27,28,Parcelles Assainies,actif
cpt_003230,cli_003230,2024-12-24,639,Parcelles Assainies,actif
cpt_003231,cli_003231,2024-10-12,712,Kaolack,actif
cpt_003232,cli_003232,2026-05-29,118,Parcelles Assainies,actif
cpt_003233,cli_003233,2025-06-19,462,Saint-Louis,actif
cpt_003234,cli_003234,2025-03-22,551,Pikine,actif
cpt_003235,cli_003235,2026-08-25,30,Guédiawaye,actif
cpt_003236,cli_003236,2025-01-30,602,Dakar-Plateau,actif
cpt_003237,cli_003237,2025-12-12,286,Parcelles Assainies,actif
cpt_003238,cli_003238,2026-02-21,215,Mbour,actif
cpt_003239,cli_003239,2026-03-23,185,Saint-Louis,actif
cpt_003240,cli_003240,2025-09-20,369,Thiès,actif
cpt_003241,cli_003241,2025-02-19,582,Thiès,actif
cpt_003242,cli_003242,2025-02-03,598,Dakar-Plateau,actif
cpt_003243,cli_003243,2026-04-16,161,Dakar-Plateau,actif
cpt_003244,cli_003244,2025-01-31,601,Saint-Louis,actif
cpt_003245,cli_003245,2025-02-01,600,Dakar-Plateau,actif
cpt_003246,cli_003246,2026-08-14,41,Dakar-Plateau,actif
cpt_003247,cli_003247,2026-02-11,225,Ziguinchor,actif
cpt_003248,cli_003248,2026-09-13,11,Diourbel,actif
cpt_003249,cli_003249,2024-10-02,722,Thiès,actif
cpt_003250,cli_003250,2025-10-15,344,Guédiawaye,actif
cpt_003251,cli_003251,2026-03-11,197,Saint-Louis,actif
cpt_003252,cli_003252,2024-12-14,649,Dakar-Plateau,actif
cpt_003253,cli_003253,2025-05-12,500,Parcelles Assainies,actif
cpt_003254,cli_003254,2024-11-08,685,Guédiawaye,actif
cpt_003255,cli_003255,2025-02-18,583,Ziguinchor,actif
cpt_003256,cli_003256,2024-10-27,697,Ziguinchor,actif
cpt_003257,cli_003257,2026-04-19,158,Mbour,actif
cpt_003258,cli_003258,2026-04-28,149,Dakar-Plateau,actif
cpt_003259,cli_003259,2026-08-01,54,Parcelles Assainies,actif
cpt_003260,cli_003260,2026-01-19,248,Pikine,actif
cpt_003261,cli_003261,2025-08-20,400,Kaolack,actif
cpt_003262,cli_003262,2025-08-10,410,Dakar-Plateau,actif
cpt_003263,cli_003263,2025-05-21,491,Dakar-Plateau,actif
cpt_003264,cli_003264,2025-04-11,531,Mbour,actif
cpt_003265,cli_003265,2025-02-07,594,Parcelles Assainies,actif
cpt_003266,cli_003266,2025-09-12,377,Saint-Louis,actif
cpt_003267,cli_003267,2026-03-12,196,Dakar-Plateau,actif
cpt_003268,cli_003268,2025-11-10,318,Saint-Louis,actif
cpt_003269,cli_003269,2024-12-27,636,Dakar-Plateau,actif
cpt_003270,cli_003270,2025-02-10,591,Dakar-Plateau,actif
cpt_003271,cli_003271,2024-11-25,668,Parcelles Assainies,actif
cpt_003272,cli_003272,2025-08-28,392,Pikine,actif
cpt_003273,cli_003273,2025-03-07,566,Thiès,actif
cpt_003274,cli_003274,2025-11-28,300,Dakar-Plateau,actif
cpt_003275,cli_003275,2026-09-19,5,Dakar-Plateau,actif
cpt_003276,cli_003276,2025-04-03,539,Touba,actif
cpt_003277,cli_003277,2026-07-22,64,Dakar-Plateau,actif
cpt_003278,cli_003278,2025-06-18,463,Mbour,actif
cpt_003279,cli_003279,2024-09-30,724,Touba,actif
cpt_003280,cli_003280,2026-09-08,16,Dakar-Plateau,actif
cpt_003281,cli_003281,2025-04-06,536,Touba,actif
cpt_003282,cli_003282,2025-01-02,630,Pikine,actif
cpt_003283,cli_003283,2025-06-28,453,Guédiawaye,actif
cpt_003284,cli_003284,2025-05-09,503,Dakar-Plateau,actif
cpt_003285,cli_003285,2024-12-07,656,Saint-Louis,actif
cpt_003286,cli_003286,2025-03-08,565,Thiès,actif
cpt_003287,cli_003287,2026-08-26,29,Rufisque,actif
cpt_003288,cli_003288,2025-03-09,564,Diourbel,actif
cpt_003289,cli_003289,2025-03-20,553,Guédiawaye,actif
cpt_003290,cli_003290,2026-04-10,167,Kaolack,actif
cpt_003291,cli_003291,2025-06-05,476,Touba,actif
cpt_003292,cli_003292,2025-01-20,612,Ziguinchor,actif
cpt_003293,cli_003293,2025-01-14,618,Kaolack,actif
cpt_003294,cli_003294,2024-12-29,634,Diourbel,actif
cpt_003295,cli_003295,2025-03-05,568,Dakar-Plateau,actif
cpt_003296,cli_003296,2026-06-29,87,Saint-Louis,actif
cpt_003297,cli_003297,2025-10-06,353,Saint-Louis,fermé
cpt_003298,cli_003298,2026-04-11,166,Thiès,actif
cpt_003299,cli_003299,2026-08-05,50,Pikine,actif
cpt_003300,cli_003300,2026-03-19,189,Diourbel,actif
cpt_003301,cli_003301,2024-12-03,660,Dakar-Plateau,actif
cpt_003302,cli_003302,2025-07-16,435,Rufisque,actif
cpt_003303,cli_003303,2025-03-19,554,Rufisque,actif
cpt_003304,cli_003304,2025-09-23,366,Dakar-Plateau,actif
cpt_003305,cli_003305,2026-01-07,260,Touba,actif
cpt_003306,cli_003306,2025-10-08,351,Dakar-Plateau,actif
cpt_003307,cli_003307,2024-10-07,717,Mbour,actif
cpt_003308,cli_003308,2026-02-26,210,Saint-Louis,actif
cpt_003309,cli_003309,2026-02-09,227,Guédiawaye,actif
cpt_003310,cli_003310,2025-01-18,614,Mbour,actif
cpt_003311,cli_003311,2025-12-29,269,Dakar-Plateau,actif
cpt_003312,cli_003312,2024-12-06,657,Saint-Louis,actif
cpt_003313,cli_003313,2024-10-17,707,Ziguinchor,actif
cpt_003314,cli_003314,2026-08-07,48,Dakar-Plateau,actif
cpt_003315,cli_003315,2025-05-26,486,Mbour,actif
cpt_003316,cli_003316,2026-07-21,65,Rufisque,actif
cpt_003317,cli_003317,2024-12-25,638,Rufisque,actif
cpt_003318,cli_003318,2026-07-03,83,Mbour,actif
cpt_003319,cli_003319,2024-12-16,647,Parcelles Assainies,actif
cpt_003320,cli_003320,2025-03-12,561,Thiès,actif
cpt_003321,cli_003321,2025-08-28,392,Pikine,actif
cpt_003322,cli_003322,2026-04-25,152,Guédiawaye,actif
cpt_003323,cli_003323,2026-03-16,192,Kaolack,actif
cpt_003324,cli_003324,2025-11-16,312,Dakar-Plateau,actif
cpt_003325,cli_003325,2025-01-16,616,Thiès,actif
cpt_003326,cli_003326,2024-12-11,652,Dakar-Plateau,actif
cpt_003327,cli_003327,2025-09-23,366,Saint-Louis,actif
cpt_003328,cli_003328,2026-04-08,169,Thiès,actif
cpt_003329,cli_003329,2025-08-09,411,Parcelles Assainies,actif
cpt_003330,cli_003330,2025-01-29,603,Pikine,actif
cpt_003331,cli_003331,2025-08-28,392,Parcelles Assainies,actif
cpt_003332,cli_003332,2024-12-17,646,Ziguinchor,actif
cpt_003333,cli_003333,2026-09-18,6,Rufisque,actif
cpt_003334,cli_003334,2025-09-27,362,Parcelles Assainies,actif
cpt_003335,cli_003335,2026-08-21,34,Touba,actif
cpt_003336,cli_003336,2025-07-06,445,Guédiawaye,actif
cpt_003337,cli_003337,2025-07-03,448,Parcelles Assainies,actif
cpt_003338,cli_003338,2026-02-08,228,Guédiawaye,actif
cpt_003339,cli_003339,2025-02-25,576,Dakar-Plateau,actif
cpt_003340,cli_003340,2024-11-03,690,Touba,actif
cpt_003341,cli_003341,2025-10-27,332,Kaolack,actif
cpt_003342,cli_003342,2025-11-11,317,Kaolack,actif
cpt_003343,cli_003343,2026-05-08,139,Kaolack,actif
cpt_003344,cli_003344,2026-09-06,18,Parcelles Assainies,actif
cpt_003345,cli_003345,2025-12-03,295,Pikine,actif
cpt_003346,cli_003346,2025-11-09,319,Thiès,actif
cpt_003347,cli_003347,2025-03-15,558,Ziguinchor,actif
cpt_003348,cli_003348,2025-01-03,629,Touba,actif
cpt_003349,cli_003349,2026-07-06,80,Rufisque,actif
cpt_003350,cli_003350,2026-06-07,109,Mbour,actif
cpt_003351,cli_003351,2025-08-11,409,Touba,actif
cpt_003352,cli_003352,2025-12-28,270,Ziguinchor,actif
cpt_003353,cli_003353,2025-04-30,512,Touba,actif
cpt_003354,cli_003354,2026-02-03,233,Parcelles Assainies,actif
cpt_003355,cli_003355,2025-11-28,300,Pikine,actif
cpt_003356,cli_003356,2025-11-06,322,Rufisque,actif
cpt_003357,cli_003357,2025-07-12,439,Guédiawaye,actif
cpt_003358,cli_003358,2026-08-08,47,Ziguinchor,actif
cpt_003359,cli_003359,2024-12-18,645,Rufisque,actif
cpt_003360,cli_003360,2026-01-21,246,Parcelles Assainies,fermé
cpt_003361,cli_003361,2026-04-25,152,Guédiawaye,actif
cpt_003362,cli_003362,2025-06-17,464,Thiès,actif
cpt_003363,cli_003363,2026-06-17,99,Rufisque,actif
cpt_003364,cli_003364,2025-07-24,427,Dakar-Plateau,actif
cpt_003365,cli_003365,2026-08-10,45,Kaolack,suspendu
cpt_003366,cli_003366,2026-03-18,190,Guédiawaye,actif
cpt_003367,cli_003367,2025-04-15,527,Parcelles Assainies,actif
cpt_003368,cli_003368,2025-12-27,271,Dakar-Plateau,actif
cpt_003369,cli_003369,2024-12-08,655,Rufisque,actif
cpt_003370,cli_003370,2026-01-07,260,Mbour,actif
cpt_003371,cli_003371,2025-05-12,500,Kaolack,actif
cpt_003372,cli_003372,2026-09-03,21,Dakar-Plateau,actif
cpt_003373,cli_003373,2024-10-13,711,Diourbel,actif
cpt_003374,cli_003374,2025-07-04,447,Mbour,actif
cpt_003375,cli_003375,2025-04-28,514,Pikine,actif
cpt_003376,cli_003376,2026-01-31,236,Dakar-Plateau,actif
cpt_003377,cli_003377,2026-02-27,209,Pikine,actif
cpt_003378,cli_003378,2025-11-11,317,Kaolack,actif
cpt_003379,cli_003379,2026-03-25,183,Pikine,actif
cpt_003380,cli_003380,2026-09-09,15,Parcelles Assainies,actif
cpt_003381,cli_003381,2025-05-29,483,Mbour,actif
cpt_003382,cli_003382,2025-04-22,520,Kaolack,actif
cpt_003383,cli_003383,2025-05-23,489,Mbour,actif
cpt_003384,cli_003384,2025-08-20,400,Touba,actif
cpt_003385,cli_003385,2025-09-10,379,Dakar-Plateau,actif
cpt_003386,cli_003386,2024-10-06,718,Kaolack,actif
cpt_003387,cli_003387,2025-09-07,382,Pikine,actif
cpt_003388,cli_003388,2025-04-30,512,Dakar-Plateau,actif
cpt_003389,cli_003389,2025-11-25,303,Diourbel,actif
cpt_003390,cli_003390,2026-09-02,22,Dakar-Plateau,actif
cpt_003391,cli_003391,2026-01-12,255,Dakar-Plateau,actif
cpt_003392,cli_003392,2025-04-18,524,Thiès,actif
cpt_003393,cli_003393,2025-06-21,460,Pikine,actif
cpt_003394,cli_003394,2025-05-06,506,Dakar-Plateau,actif
cpt_003395,cli_003395,2025-03-29,544,Thiès,actif
cpt_003396,cli_003396,2026-04-20,157,Touba,actif
cpt_003397,cli_003397,2025-02-10,591,Saint-Louis,actif
cpt_003398,cli_003398,2025-04-25,517,Dakar-Plateau,actif
cpt_003399,cli_003399,2026-02-11,225,Rufisque,actif
cpt_003400,cli_003400,2025-09-24,365,Saint-Louis,actif
cpt_003401,cli_003401,2025-01-10,622,Dakar-Plateau,actif
cpt_003402,cli_003402,2026-05-29,118,Dakar-Plateau,actif
cpt_003403,cli_003403,2026-02-15,221,Dakar-Plateau,actif
cpt_003404,cli_003404,2026-05-10,137,Rufisque,actif
cpt_003405,cli_003405,2026-02-14,222,Dakar-Plateau,actif
cpt_003406,cli_003406,2026-04-28,149,Touba,actif
cpt_003407,cli_003407,2025-02-14,587,Diourbel,actif
cpt_003408,cli_003408,2024-10-04,720,Dakar-Plateau,actif
cpt_003409,cli_003409,2024-10-20,704,Thiès,actif
cpt_003410,cli_003410,2026-01-07,260,Dakar-Plateau,actif
cpt_003411,cli_003411,2024-11-13,680,Dakar-Plateau,actif
cpt_003412,cli_003412,2026-07-30,56,Touba,actif
cpt_003413,cli_003413,2026-07-06,80,Parcelles Assainies,actif
cpt_003414,cli_003414,2026-01-29,238,Ziguinchor,actif
cpt_003415,cli_003415,2026-02-27,209,Rufisque,actif
cpt_003416,cli_003416,2024-11-26,667,Dakar-Plateau,actif
cpt_003417,cli_003417,2025-03-22,551,Parcelles Assainies,actif
cpt_003418,cli_003418,2025-03-27,546,Dakar-Plateau,actif
cpt_003419,cli_003419,2025-02-13,588,Kaolack,actif
cpt_003420,cli_003420,2025-04-14,528,Mbour,actif
cpt_003421,cli_003421,2025-09-23,366,Guédiawaye,actif
cpt_003422,cli_003422,2026-08-15,40,Rufisque,actif
cpt_003423,cli_003423,2026-09-15,9,Mbour,actif
cpt_003424,cli_003424,2024-10-13,711,Touba,actif
cpt_003425,cli_003425,2025-09-26,363,Dakar-Plateau,actif
cpt_003426,cli_003426,2024-11-02,691,Dakar-Plateau,actif
cpt_003427,cli_003427,2026-09-03,21,Dakar-Plateau,actif
cpt_003428,cli_003428,2025-06-21,460,Guédiawaye,actif
cpt_003429,cli_003429,2026-03-05,203,Parcelles Assainies,fermé
cpt_003430,cli_003430,2026-01-02,265,Dakar-Plateau,actif
cpt_003431,cli_003431,2025-06-03,478,Parcelles Assainies,actif
cpt_003432,cli_003432,2025-09-30,359,Parcelles Assainies,actif
cpt_003433,cli_003433,2026-06-18,98,Dakar-Plateau,actif
cpt_003434,cli_003434,2024-09-26,728,Ziguinchor,suspendu
cpt_003435,cli_003435,2025-04-23,519,Thiès,actif
cpt_003436,cli_003436,2026-01-07,260,Guédiawaye,actif
cpt_003437,cli_003437,2025-06-29,452,Rufisque,actif
cpt_003438,cli_003438,2026-06-08,108,Pikine,actif
cpt_003439,cli_003439,2025-11-18,310,Kaolack,actif
cpt_003440,cli_003440,2025-11-22,306,Thiès,actif
cpt_003441,cli_003441,2025-12-30,268,Rufisque,actif
cpt_003442,cli_003442,2025-10-06,353,Ziguinchor,actif
cpt_003443,cli_003443,2024-11-28,665,Saint-Louis,actif
cpt_003444,cli_003444,2026-09-19,5,Saint-Louis,actif
cpt_003445,cli_003445,2025-08-20,400,Pikine,actif
cpt_003446,cli_003446,2024-11-10,683,Dakar-Plateau,actif
cpt_003447,cli_003447,2024-12-15,648,Mbour,actif
cpt_003448,cli_003448,2024-12-10,653,Parcelles Assainies,actif
cpt_003449,cli_003449,2025-11-30,298,Mbour,actif
cpt_003450,cli_003450,2025-08-08,412,Touba,actif
cpt_003451,cli_003451,2025-07-19,432,Pikine,actif
cpt_003452,cli_003452,2025-01-21,611,Pikine,actif
cpt_003453,cli_003453,2024-10-30,694,Rufisque,actif
cpt_003454,cli_003454,2026-03-23,185,Pikine,actif
cpt_003455,cli_003455,2026-06-29,87,Mbour,actif
cpt_003456,cli_003456,2026-03-18,190,Touba,actif
cpt_003457,cli_003457,2026-03-19,189,Parcelles Assainies,actif
cpt_003458,cli_003458,2026-02-17,219,Touba,actif
cpt_003459,cli_003459,2024-11-28,665,Rufisque,actif
cpt_003460,cli_003460,2026-04-20,157,Touba,actif
cpt_003461,cli_003461,2025-11-22,306,Pikine,actif
cpt_003462,cli_003462,2026-01-10,257,Touba,actif
cpt_003463,cli_003463,2026-03-13,195,Touba,actif
cpt_003464,cli_003464,2026-05-03,144,Pikine,actif
cpt_003465,cli_003465,2024-09-27,727,Rufisque,actif
cpt_003466,cli_003466,2025-06-27,454,Kaolack,actif
cpt_003467,cli_003467,2026-07-13,73,Pikine,actif
cpt_003468,cli_003468,2025-06-04,477,Touba,actif
cpt_003469,cli_003469,2025-07-07,444,Ziguinchor,actif
cpt_003470,cli_003470,2026-01-09,258,Kaolack,actif
cpt_003471,cli_003471,2025-02-27,574,Parcelles Assainies,actif
cpt_003472,cli_003472,2025-02-19,582,Thiès,actif
cpt_003473,cli_003473,2025-03-02,571,Diourbel,actif
cpt_003474,cli_003474,2025-06-19,462,Thiès,actif
cpt_003475,cli_003475,2025-11-06,322,Dakar-Plateau,actif
cpt_003476,cli_003476,2026-04-27,150,Dakar-Plateau,actif
cpt_003477,cli_003477,2026-08-24,31,Saint-Louis,actif
cpt_003478,cli_003478,2024-11-25,668,Parcelles Assainies,actif
cpt_003479,cli_003479,2025-01-20,612,Pikine,actif
cpt_003480,cli_003480,2026-05-03,144,Guédiawaye,actif
cpt_003481,cli_003481,2025-02-18,583,Touba,actif
cpt_003482,cli_003482,2026-08-21,34,Parcelles Assainies,actif
cpt_003483,cli_003483,2026-04-06,171,Kaolack,actif
cpt_003484,cli_003484,2026-06-07,109,Touba,actif
cpt_003485,cli_003485,2026-01-20,247,Diourbel,actif
cpt_003486,cli_003486,2026-02-02,234,Kaolack,actif
cpt_003487,cli_003487,2025-09-16,373,Pikine,actif
cpt_003488,cli_003488,2025-10-28,331,Mbour,actif
cpt_003489,cli_003489,2026-07-04,82,Dakar-Plateau,actif
cpt_003490,cli_003490,2026-06-09,107,Diourbel,actif
cpt_003491,cli_003491,2025-02-02,599,Pikine,actif
cpt_003492,cli_003492,2025-08-23,397,Mbour,actif
cpt_003493,cli_003493,2024-11-21,672,Saint-Louis,actif
cpt_003494,cli_003494,2026-06-23,93,Dakar-Plateau,actif
cpt_003495,cli_003495,2026-02-15,221,Saint-Louis,actif
cpt_003496,cli_003496,2026-06-02,114,Dakar-Plateau,actif
cpt_003497,cli_003497,2024-11-19,674,Parcelles Assainies,actif
cpt_003498,cli_003498,2026-06-02,114,Parcelles Assainies,actif
cpt_003499,cli_003499,2025-02-17,584,Guédiawaye,actif
cpt_003500,cli_003500,2026-05-08,139,Thiès,actif
cpt_003501,cli_003501,2025-04-11,531,Ziguinchor,actif
cpt_003502,cli_003502,2025-10-30,329,Guédiawaye,actif
cpt_003503,cli_003503,2024-10-18,706,Thiès,actif
cpt_003504,cli_003504,2026-08-05,50,Kaolack,actif
cpt_003505,cli_003505,2026-01-30,237,Touba,actif
cpt_003506,cli_003506,2025-04-18,524,Dakar-Plateau,actif
cpt_003507,cli_003507,2024-11-29,664,Ziguinchor,actif
cpt_003508,cli_003508,2025-08-31,389,Dakar-Plateau,actif
cpt_003509,cli_003509,2026-07-14,72,Thiès,actif
cpt_003510,cli_003510,2025-06-23,458,Thiès,actif
cpt_003511,cli_003511,2025-10-14,345,Touba,actif
cpt_003512,cli_003512,2025-03-10,563,Dakar-Plateau,actif
cpt_003513,cli_003513,2025-08-17,403,Dakar-Plateau,actif
cpt_003514,cli_003514,2024-12-08,655,Touba,actif
cpt_003515,cli_003515,2026-06-27,89,Dakar-Plateau,actif
cpt_003516,cli_003516,2025-06-30,451,Parcelles Assainies,actif
cpt_003517,cli_003517,2025-04-04,538,Touba,actif
cpt_003518,cli_003518,2025-12-06,292,Mbour,actif
cpt_003519,cli_003519,2025-10-15,344,Dakar-Plateau,actif
cpt_003520,cli_003520,2025-05-09,503,Pikine,actif
cpt_003521,cli_003521,2025-10-30,329,Diourbel,actif
cpt_003522,cli_003522,2025-12-12,286,Parcelles Assainies,actif
cpt_003523,cli_003523,2025-07-31,420,Dakar-Plateau,actif
cpt_003524,cli_003524,2025-02-15,586,Dakar-Plateau,actif
cpt_003525,cli_003525,2026-06-18,98,Guédiawaye,actif
cpt_003526,cli_003526,2024-12-26,637,Diourbel,actif
cpt_003527,cli_003527,2026-05-01,146,Pikine,actif
cpt_003528,cli_003528,2026-07-14,72,Dakar-Plateau,actif
cpt_003529,cli_003529,2026-05-15,132,Rufisque,actif
cpt_003530,cli_003530,2026-07-30,56,Dakar-Plateau,actif
cpt_003531,cli_003531,2024-10-31,693,Pikine,actif
cpt_003532,cli_003532,2026-02-23,213,Diourbel,actif
cpt_003533,cli_003533,2025-03-09,564,Mbour,actif
cpt_003534,cli_003534,2026-05-18,129,Dakar-Plateau,actif
cpt_003535,cli_003535,2025-09-03,386,Parcelles Assainies,actif
cpt_003536,cli_003536,2025-11-17,311,Dakar-Plateau,actif
cpt_003537,cli_003537,2025-05-31,481,Dakar-Plateau,actif
cpt_003538,cli_003538,2024-10-03,721,Thiès,actif
cpt_003539,cli_003539,2025-06-09,472,Rufisque,actif
cpt_003540,cli_003540,2025-05-04,508,Touba,actif
cpt_003541,cli_003541,2026-03-19,189,Kaolack,actif
cpt_003542,cli_003542,2026-06-29,87,Pikine,actif
cpt_003543,cli_003543,2026-07-22,64,Ziguinchor,actif
cpt_003544,cli_003544,2026-02-20,216,Rufisque,actif
cpt_003545,cli_003545,2025-08-15,405,Pikine,actif
cpt_003546,cli_003546,2026-08-13,42,Saint-Louis,actif
cpt_003547,cli_003547,2026-03-18,190,Dakar-Plateau,actif
cpt_003548,cli_003548,2025-06-24,457,Rufisque,actif
cpt_003549,cli_003549,2024-12-27,636,Touba,actif
cpt_003550,cli_003550,2024-10-05,719,Pikine,actif
cpt_003551,cli_003551,2026-04-06,171,Kaolack,actif
cpt_003552,cli_003552,2026-07-13,73,Pikine,actif
cpt_003553,cli_003553,2025-08-06,414,Saint-Louis,actif
cpt_003554,cli_003554,2024-11-12,681,Dakar-Plateau,actif
cpt_003555,cli_003555,2025-11-23,305,Dakar-Plateau,actif
cpt_003556,cli_003556,2024-12-05,658,Guédiawaye,actif
cpt_003557,cli_003557,2025-04-03,539,Kaolack,actif
cpt_003558,cli_003558,2024-12-08,655,Dakar-Plateau,actif
cpt_003559,cli_003559,2024-10-30,694,Kaolack,actif
cpt_003560,cli_003560,2026-07-09,77,Pikine,actif
cpt_003561,cli_003561,2025-11-27,301,Parcelles Assainies,actif
cpt_003562,cli_003562,2026-08-18,37,Guédiawaye,actif
cpt_003563,cli_003563,2026-08-24,31,Dakar-Plateau,actif
cpt_003564,cli_003564,2025-10-15,344,Ziguinchor,actif
cpt_003565,cli_003565,2025-06-01,480,Parcelles Assainies,actif
cpt_003566,cli_003566,2024-12-18,645,Mbour,actif
cpt_003567,cli_003567,2026-06-23,93,Thiès,actif
cpt_003568,cli_003568,2026-08-30,25,Rufisque,actif
cpt_003569,cli_003569,2026-07-12,74,Thiès,fermé
cpt_003570,cli_003570,2024-11-18,675,Kaolack,actif
cpt_003571,cli_003571,2025-06-01,480,Mbour,actif
cpt_003572,cli_003572,2025-10-12,347,Rufisque,actif
cpt_003573,cli_003573,2026-07-14,72,Thiès,actif
cpt_003574,cli_003574,2025-12-28,270,Thiès,actif
cpt_003575,cli_003575,2026-06-26,90,Parcelles Assainies,actif
cpt_003576,cli_003576,2026-09-05,19,Thiès,actif
cpt_003577,cli_003577,2025-11-10,318,Parcelles Assainies,actif
cpt_003578,cli_003578,2025-09-26,363,Touba,suspendu
cpt_003579,cli_003579,2025-11-02,326,Diourbel,actif
cpt_003580,cli_003580,2024-12-27,636,Ziguinchor,actif
cpt_003581,cli_003581,2024-11-30,663,Saint-Louis,actif
cpt_003582,cli_003582,2026-06-30,86,Thiès,actif
cpt_003583,cli_003583,2026-03-07,201,Touba,actif
cpt_003584,cli_003584,2025-09-24,365,Dakar-Plateau,actif
cpt_003585,cli_003585,2025-12-08,290,Parcelles Assainies,actif
cpt_003586,cli_003586,2025-11-11,317,Pikine,actif
cpt_003587,cli_003587,2025-04-28,514,Dakar-Plateau,actif
cpt_003588,cli_003588,2026-05-18,129,Diourbel,actif
cpt_003589,cli_003589,2025-02-01,600,Kaolack,actif
cpt_003590,cli_003590,2026-03-18,190,Rufisque,actif
cpt_003591,cli_003591,2026-01-12,255,Pikine,actif
cpt_003592,cli_003592,2026-04-16,161,Mbour,actif
cpt_003593,cli_003593,2025-06-24,457,Parcelles Assainies,actif
cpt_003594,cli_003594,2025-05-06,506,Saint-Louis,actif
cpt_003595,cli_003595,2025-06-26,455,Diourbel,actif
cpt_003596,cli_003596,2025-09-30,359,Guédiawaye,actif
cpt_003597,cli_003597,2026-02-15,221,Pikine,actif
cpt_003598,cli_003598,2025-05-12,500,Pikine,actif
cpt_003599,cli_003599,2026-06-30,86,Dakar-Plateau,actif
cpt_003600,cli_003600,2026-02-11,225,Guédiawaye,actif
cpt_003601,cli_003601,2025-05-16,496,Dakar-Plateau,actif
cpt_003602,cli_003602,2025-05-10,502,Dakar-Plateau,actif
cpt_003603,cli_003603,2026-03-12,196,Pikine,actif
cpt_003604,cli_003604,2026-01-21,246,Dakar-Plateau,actif
cpt_003605,cli_003605,2026-02-07,229,Touba,actif
cpt_003606,cli_003606,2024-12-16,647,Dakar-Plateau,actif
cpt_003607,cli_003607,2025-08-03,417,Kaolack,actif
cpt_003608,cli_003608,2026-07-02,84,Pikine,actif
cpt_003609,cli_003609,2026-06-01,115,Dakar-Plateau,actif
cpt_003610,cli_003610,2026-08-07,48,Dakar-Plateau,actif
cpt_003611,cli_003611,2026-04-02,175,Touba,actif
cpt_003612,cli_003612,2026-04-17,160,Pikine,actif
cpt_003613,cli_003613,2025-11-05,323,Rufisque,actif
cpt_003614,cli_003614,2025-03-28,545,Dakar-Plateau,actif
cpt_003615,cli_003615,2024-12-25,638,Diourbel,actif
cpt_003616,cli_003616,2025-08-14,406,Dakar-Plateau,actif
cpt_003617,cli_003617,2025-03-10,563,Parcelles Assainies,actif
cpt_003618,cli_003618,2025-06-05,476,Kaolack,actif
cpt_003619,cli_003619,2026-02-06,230,Pikine,actif
cpt_003620,cli_003620,2025-07-04,447,Pikine,suspendu
cpt_003621,cli_003621,2026-02-19,217,Saint-Louis,actif
cpt_003622,cli_003622,2026-02-11,225,Pikine,actif
cpt_003623,cli_003623,2024-10-05,719,Dakar-Plateau,actif
cpt_003624,cli_003624,2024-12-01,662,Parcelles Assainies,actif
cpt_003625,cli_003625,2025-06-08,473,Dakar-Plateau,actif
cpt_003626,cli_003626,2025-07-21,430,Kaolack,actif
cpt_003627,cli_003627,2025-05-15,497,Thiès,actif
cpt_003628,cli_003628,2025-03-25,548,Thiès,actif
cpt_003629,cli_003629,2026-08-18,37,Dakar-Plateau,actif
cpt_003630,cli_003630,2026-01-09,258,Mbour,actif
cpt_003631,cli_003631,2026-07-11,75,Mbour,actif
cpt_003632,cli_003632,2025-09-05,384,Dakar-Plateau,actif
cpt_003633,cli_003633,2026-02-21,215,Kaolack,actif
cpt_003634,cli_003634,2026-01-29,238,Thiès,actif
cpt_003635,cli_003635,2025-01-22,610,Saint-Louis,actif
cpt_003636,cli_003636,2026-04-30,147,Pikine,actif
cpt_003637,cli_003637,2024-12-01,662,Dakar-Plateau,actif
cpt_003638,cli_003638,2025-11-23,305,Mbour,actif
cpt_003639,cli_003639,2026-05-07,140,Saint-Louis,actif
cpt_003640,cli_003640,2026-06-14,102,Guédiawaye,actif
cpt_003641,cli_003641,2025-04-24,518,Dakar-Plateau,actif
cpt_003642,cli_003642,2024-12-08,655,Saint-Louis,actif
cpt_003643,cli_003643,2024-12-29,634,Dakar-Plateau,actif
cpt_003644,cli_003644,2026-05-24,123,Guédiawaye,actif
cpt_003645,cli_003645,2024-12-26,637,Thiès,actif
cpt_003646,cli_003646,2026-04-14,163,Dakar-Plateau,actif
cpt_003647,cli_003647,2025-10-27,332,Dakar-Plateau,actif
cpt_003648,cli_003648,2026-09-22,2,Dakar-Plateau,actif
cpt_003649,cli_003649,2026-03-23,185,Ziguinchor,actif
cpt_003650,cli_003650,2026-02-05,231,Pikine,actif
cpt_003651,cli_003651,2024-10-26,698,Mbour,actif
cpt_003652,cli_003652,2026-03-05,203,Diourbel,actif
cpt_003653,cli_003653,2026-03-08,200,Mbour,actif
cpt_003654,cli_003654,2026-03-10,198,Rufisque,actif
cpt_003655,cli_003655,2026-03-26,182,Rufisque,actif
cpt_003656,cli_003656,2025-08-28,392,Guédiawaye,actif
cpt_003657,cli_003657,2026-04-29,148,Thiès,actif
cpt_003658,cli_003658,2026-02-28,208,Ziguinchor,actif
cpt_003659,cli_003659,2025-09-01,388,Touba,actif
cpt_003660,cli_003660,2025-03-23,550,Parcelles Assainies,actif
cpt_003661,cli_003661,2026-07-09,77,Guédiawaye,actif
cpt_003662,cli_003662,2026-01-14,253,Kaolack,actif
cpt_003663,cli_003663,2025-08-07,413,Dakar-Plateau,actif
cpt_003664,cli_003664,2024-11-28,665,Saint-Louis,actif
cpt_003665,cli_003665,2024-11-07,686,Pikine,actif
cpt_003666,cli_003666,2024-12-29,634,Touba,actif
cpt_003667,cli_003667,2025-09-22,367,Saint-Louis,actif
cpt_003668,cli_003668,2026-07-14,72,Parcelles Assainies,actif
cpt_003669,cli_003669,2024-10-22,702,Dakar-Plateau,actif
cpt_003670,cli_003670,2025-06-28,453,Saint-Louis,actif
cpt_003671,cli_003671,2024-12-02,661,Guédiawaye,actif
cpt_003672,cli_003672,2024-11-21,672,Guédiawaye,actif
cpt_003673,cli_003673,2025-02-25,576,Rufisque,actif
cpt_003674,cli_003674,2025-11-21,307,Parcelles Assainies,actif
cpt_003675,cli_003675,2025-07-10,441,Mbour,actif
cpt_003676,cli_003676,2025-05-10,502,Dakar-Plateau,actif
cpt_003677,cli_003677,2024-12-21,642,Parcelles Assainies,actif
cpt_003678,cli_003678,2026-04-15,162,Kaolack,actif
cpt_003679,cli_003679,2025-08-17,403,Dakar-Plateau,actif
cpt_003680,cli_003680,2025-07-19,432,Parcelles Assainies,actif
cpt_003681,cli_003681,2026-04-28,149,Mbour,suspendu
cpt_003682,cli_003682,2025-12-05,293,Kaolack,actif
cpt_003683,cli_003683,2024-11-19,674,Thiès,actif
cpt_003684,cli_003684,2026-09-14,10,Saint-Louis,actif
cpt_003685,cli_003685,2025-09-26,363,Pikine,actif
cpt_003686,cli_003686,2025-07-06,445,Guédiawaye,actif
cpt_003687,cli_003687,2024-12-01,662,Ziguinchor,actif
cpt_003688,cli_003688,2026-03-05,203,Kaolack,actif
cpt_003689,cli_003689,2025-12-15,283,Rufisque,actif
cpt_003690,cli_003690,2026-07-27,59,Parcelles Assainies,actif
cpt_003691,cli_003691,2026-01-24,243,Parcelles Assainies,actif
cpt_003692,cli_003692,2024-09-29,725,Dakar-Plateau,actif
cpt_003693,cli_003693,2025-03-14,559,Kaolack,actif
cpt_003694,cli_003694,2025-11-16,312,Saint-Louis,actif
cpt_003695,cli_003695,2025-06-19,462,Parcelles Assainies,actif
cpt_003696,cli_003696,2024-10-23,701,Pikine,actif
cpt_003697,cli_003697,2025-11-08,320,Guédiawaye,actif
cpt_003698,cli_003698,2026-02-23,213,Dakar-Plateau,actif
cpt_003699,cli_003699,2024-12-23,640,Touba,actif
cpt_003700,cli_003700,2025-01-14,618,Rufisque,actif
cpt_003701,cli_003701,2025-09-12,377,Pikine,actif
cpt_003702,cli_003702,2026-09-16,8,Thiès,actif
cpt_003703,cli_003703,2026-09-15,9,Diourbel,actif
cpt_003704,cli_003704,2026-07-04,82,Dakar-Plateau,actif
cpt_003705,cli_003705,2025-05-10,502,Parcelles Assainies,actif
cpt_003706,cli_003706,2026-05-21,126,Rufisque,actif
cpt_003707,cli_003707,2026-08-08,47,Dakar-Plateau,actif
cpt_003708,cli_003708,2025-05-17,495,Rufisque,actif
cpt_003709,cli_003709,2025-10-10,349,Thiès,actif
cpt_003710,cli_003710,2025-09-06,383,Dakar-Plateau,actif
cpt_003711,cli_003711,2026-05-07,140,Dakar-Plateau,actif
cpt_003712,cli_003712,2026-04-24,153,Kaolack,actif
cpt_003713,cli_003713,2026-04-04,173,Pikine,actif
cpt_003714,cli_003714,2025-06-12,469,Thiès,actif
cpt_003715,cli_003715,2024-10-12,712,Thiès,actif
cpt_003716,cli_003716,2024-11-26,667,Saint-Louis,actif
cpt_003717,cli_003717,2026-07-04,82,Touba,actif
cpt_003718,cli_003718,2025-05-17,495,Saint-Louis,actif
cpt_003719,cli_003719,2025-03-23,550,Thiès,actif
cpt_003720,cli_003720,2026-08-26,29,Parcelles Assainies,actif
cpt_003721,cli_003721,2025-06-19,462,Guédiawaye,actif
cpt_003722,cli_003722,2025-11-05,323,Guédiawaye,actif
cpt_003723,cli_003723,2026-05-07,140,Parcelles Assainies,actif
cpt_003724,cli_003724,2025-03-01,572,Dakar-Plateau,suspendu
cpt_003725,cli_003725,2024-11-11,682,Parcelles Assainies,actif
cpt_003726,cli_003726,2025-07-18,433,Guédiawaye,actif
cpt_003727,cli_003727,2026-04-30,147,Dakar-Plateau,actif
cpt_003728,cli_003728,2025-11-17,311,Pikine,actif
cpt_003729,cli_003729,2025-09-14,375,Touba,actif
cpt_003730,cli_003730,2024-12-08,655,Thiès,actif
cpt_003731,cli_003731,2025-02-27,574,Saint-Louis,actif
cpt_003732,cli_003732,2025-05-27,485,Rufisque,actif
cpt_003733,cli_003733,2025-03-18,555,Kaolack,actif
cpt_003734,cli_003734,2025-05-10,502,Saint-Louis,actif
cpt_003735,cli_003735,2026-02-03,233,Dakar-Plateau,actif
cpt_003736,cli_003736,2026-06-19,97,Diourbel,fermé
cpt_003737,cli_003737,2025-01-21,611,Dakar-Plateau,actif
cpt_003738,cli_003738,2025-08-18,402,Thiès,actif
cpt_003739,cli_003739,2024-10-25,699,Saint-Louis,actif
cpt_003740,cli_003740,2025-05-19,493,Guédiawaye,actif
cpt_003741,cli_003741,2025-10-14,345,Thiès,actif
cpt_003742,cli_003742,2025-06-10,471,Guédiawaye,actif
cpt_003743,cli_003743,2025-06-09,472,Dakar-Plateau,actif
cpt_003744,cli_003744,2024-10-10,714,Dakar-Plateau,actif
cpt_003745,cli_003745,2026-01-02,265,Dakar-Plateau,actif
cpt_003746,cli_003746,2025-12-24,274,Dakar-Plateau,actif
cpt_003747,cli_003747,2026-01-10,257,Thiès,actif
cpt_003748,cli_003748,2026-07-11,75,Rufisque,actif
cpt_003749,cli_003749,2025-10-20,339,Parcelles Assainies,actif
cpt_003750,cli_003750,2025-11-07,321,Mbour,actif
cpt_003751,cli_003751,2026-05-05,142,Dakar-Plateau,actif
cpt_003752,cli_003752,2025-02-09,592,Pikine,actif
cpt_003753,cli_003753,2025-05-13,499,Touba,actif
cpt_003754,cli_003754,2026-04-01,176,Kaolack,actif
cpt_003755,cli_003755,2026-05-26,121,Parcelles Assainies,actif
cpt_003756,cli_003756,2025-07-01,450,Dakar-Plateau,actif
cpt_003757,cli_003757,2026-09-23,1,Saint-Louis,actif
cpt_003758,cli_003758,2026-06-07,109,Kaolack,actif
cpt_003759,cli_003759,2025-11-07,321,Parcelles Assainies,actif
cpt_003760,cli_003760,2024-10-03,721,Pikine,actif
cpt_003761,cli_003761,2026-07-30,56,Dakar-Plateau,actif
cpt_003762,cli_003762,2025-09-05,384,Thiès,actif
cpt_003763,cli_003763,2025-08-11,409,Kaolack,actif
cpt_003764,cli_003764,2026-03-27,181,Mbour,actif
cpt_003765,cli_003765,2025-09-11,378,Pikine,actif
cpt_003766,cli_003766,2025-06-20,461,Thiès,actif
cpt_003767,cli_003767,2026-06-18,98,Saint-Louis,actif
cpt_003768,cli_003768,2024-10-31,693,Parcelles Assainies,actif
cpt_003769,cli_003769,2026-04-01,176,Saint-Louis,actif
cpt_003770,cli_003770,2025-12-30,268,Guédiawaye,actif
cpt_003771,cli_003771,2026-09-08,16,Guédiawaye,actif
cpt_003772,cli_003772,2025-07-19,432,Thiès,actif
cpt_003773,cli_003773,2025-07-20,431,Parcelles Assainies,actif
cpt_003774,cli_003774,2026-07-01,85,Diourbel,actif
cpt_003775,cli_003775,2026-02-24,212,Rufisque,actif
cpt_003776,cli_003776,2025-03-14,559,Guédiawaye,actif
cpt_003777,cli_003777,2025-04-24,518,Guédiawaye,actif
cpt_003778,cli_003778,2026-02-15,221,Rufisque,actif
cpt_003779,cli_003779,2025-06-25,456,Guédiawaye,actif
cpt_003780,cli_003780,2025-03-30,543,Touba,actif
cpt_003781,cli_003781,2025-12-25,273,Guédiawaye,actif
cpt_003782,cli_003782,2026-05-19,128,Guédiawaye,actif
cpt_003783,cli_003783,2026-09-08,16,Thiès,actif
cpt_003784,cli_003784,2024-10-30,694,Dakar-Plateau,actif
cpt_003785,cli_003785,2026-02-06,230,Mbour,actif
cpt_003786,cli_003786,2025-02-15,586,Rufisque,actif
cpt_003787,cli_003787,2026-01-30,237,Parcelles Assainies,actif
cpt_003788,cli_003788,2025-04-22,520,Touba,actif
cpt_003789,cli_003789,2026-01-28,239,Touba,actif
cpt_003790,cli_003790,2025-07-09,442,Saint-Louis,actif
cpt_003791,cli_003791,2024-10-28,696,Guédiawaye,actif
cpt_003792,cli_003792,2025-03-23,550,Guédiawaye,actif
cpt_003793,cli_003793,2026-05-28,119,Touba,actif
cpt_003794,cli_003794,2025-09-10,379,Thiès,actif
cpt_003795,cli_003795,2026-03-15,193,Thiès,actif
cpt_003796,cli_003796,2026-04-18,159,Rufisque,actif
cpt_003797,cli_003797,2025-01-28,604,Touba,actif
cpt_003798,cli_003798,2024-10-07,717,Dakar-Plateau,actif
cpt_003799,cli_003799,2024-11-18,675,Rufisque,actif
cpt_003800,cli_003800,2025-01-20,612,Dakar-Plateau,actif
cpt_003801,cli_003801,2025-10-21,338,Parcelles Assainies,actif
cpt_003802,cli_003802,2025-09-07,382,Mbour,actif
cpt_003803,cli_003803,2025-08-30,390,Rufisque,actif
cpt_003804,cli_003804,2025-04-05,537,Guédiawaye,actif
cpt_003805,cli_003805,2026-08-16,39,Kaolack,actif
cpt_003806,cli_003806,2025-02-02,599,Touba,actif
cpt_003807,cli_003807,2025-02-11,590,Rufisque,actif
cpt_003808,cli_003808,2024-09-28,726,Ziguinchor,actif
cpt_003809,cli_003809,2025-07-19,432,Parcelles Assainies,actif
cpt_003810,cli_003810,2025-10-28,331,Touba,actif
cpt_003811,cli_003811,2025-10-10,349,Dakar-Plateau,actif
cpt_003812,cli_003812,2025-06-30,451,Pikine,actif
cpt_003813,cli_003813,2026-02-18,218,Guédiawaye,actif
cpt_003814,cli_003814,2025-03-08,565,Dakar-Plateau,actif
cpt_003815,cli_003815,2025-11-05,323,Rufisque,actif
cpt_003816,cli_003816,2026-03-02,206,Dakar-Plateau,actif
cpt_003817,cli_003817,2025-04-07,535,Thiès,actif
cpt_003818,cli_003818,2026-01-25,242,Dakar-Plateau,actif
cpt_003819,cli_003819,2026-07-30,56,Dakar-Plateau,actif
cpt_003820,cli_003820,2025-09-12,377,Diourbel,actif
cpt_003821,cli_003821,2025-09-19,370,Mbour,actif
cpt_003822,cli_003822,2026-02-23,213,Ziguinchor,actif
cpt_003823,cli_003823,2026-08-31,24,Parcelles Assainies,actif
cpt_003824,cli_003824,2025-10-12,347,Dakar-Plateau,actif
cpt_003825,cli_003825,2025-03-12,561,Thiès,actif
cpt_003826,cli_003826,2025-02-20,581,Rufisque,actif
cpt_003827,cli_003827,2026-04-24,153,Dakar-Plateau,actif
cpt_003828,cli_003828,2025-11-16,312,Kaolack,actif
cpt_003829,cli_003829,2024-12-07,656,Thiès,actif
cpt_003830,cli_003830,2026-01-15,252,Touba,actif
cpt_003831,cli_003831,2025-10-15,344,Rufisque,actif
cpt_003832,cli_003832,2025-05-17,495,Thiès,actif
cpt_003833,cli_003833,2025-10-29,330,Pikine,actif
cpt_003834,cli_003834,2025-01-21,611,Diourbel,actif
cpt_003835,cli_003835,2026-01-04,263,Parcelles Assainies,actif
cpt_003836,cli_003836,2025-10-03,356,Dakar-Plateau,actif
cpt_003837,cli_003837,2025-09-12,377,Dakar-Plateau,actif
cpt_003838,cli_003838,2025-04-01,541,Thiès,actif
cpt_003839,cli_003839,2026-01-24,243,Diourbel,actif
cpt_003840,cli_003840,2026-03-11,197,Kaolack,fermé
cpt_003841,cli_003841,2026-01-08,259,Mbour,actif
cpt_003842,cli_003842,2026-04-09,168,Diourbel,actif
cpt_003843,cli_003843,2026-05-06,141,Touba,actif
cpt_003844,cli_003844,2025-02-04,597,Guédiawaye,actif
cpt_003845,cli_003845,2026-01-19,248,Thiès,actif
cpt_003846,cli_003846,2026-03-13,195,Dakar-Plateau,actif
cpt_003847,cli_003847,2025-02-12,589,Pikine,actif
cpt_003848,cli_003848,2025-02-27,574,Parcelles Assainies,actif
cpt_003849,cli_003849,2026-03-31,177,Dakar-Plateau,actif
cpt_003850,cli_003850,2026-02-14,222,Ziguinchor,actif
cpt_003851,cli_003851,2025-02-05,596,Diourbel,actif
cpt_003852,cli_003852,2026-03-05,203,Guédiawaye,suspendu
cpt_003853,cli_003853,2025-01-04,628,Mbour,actif
cpt_003854,cli_003854,2025-07-01,450,Parcelles Assainies,actif
cpt_003855,cli_003855,2025-05-28,484,Dakar-Plateau,actif
cpt_003856,cli_003856,2025-09-02,387,Guédiawaye,actif
cpt_003857,cli_003857,2026-09-02,22,Pikine,actif
cpt_003858,cli_003858,2025-01-30,602,Guédiawaye,actif
cpt_003859,cli_003859,2025-08-12,408,Dakar-Plateau,actif
cpt_003860,cli_003860,2026-05-22,125,Dakar-Plateau,actif
cpt_003861,cli_003861,2025-01-26,606,Dakar-Plateau,actif
cpt_003862,cli_003862,2026-02-25,211,Kaolack,actif
cpt_003863,cli_003863,2026-01-01,266,Dakar-Plateau,actif
cpt_003864,cli_003864,2025-06-18,463,Guédiawaye,actif
cpt_003865,cli_003865,2026-03-04,204,Rufisque,actif
cpt_003866,cli_003866,2026-09-22,2,Guédiawaye,actif
cpt_003867,cli_003867,2026-02-03,233,Rufisque,actif
cpt_003868,cli_003868,2025-05-17,495,Dakar-Plateau,actif
cpt_003869,cli_003869,2025-11-20,308,Thiès,actif
cpt_003870,cli_003870,2025-04-25,517,Thiès,actif
cpt_003871,cli_003871,2026-08-03,52,Mbour,actif
cpt_003872,cli_003872,2026-03-20,188,Thiès,actif
cpt_003873,cli_003873,2026-04-07,170,Parcelles Assainies,actif
cpt_003874,cli_003874,2026-08-10,45,Guédiawaye,actif
cpt_003875,cli_003875,2025-06-12,469,Pikine,actif
cpt_003876,cli_003876,2026-04-26,151,Rufisque,actif
cpt_003877,cli_003877,2025-10-17,342,Dakar-Plateau,actif
cpt_003878,cli_003878,2024-10-02,722,Guédiawaye,actif
cpt_003879,cli_003879,2026-03-27,181,Mbour,actif
cpt_003880,cli_003880,2026-05-05,142,Dakar-Plateau,actif
cpt_003881,cli_003881,2024-11-18,675,Dakar-Plateau,actif
cpt_003882,cli_003882,2026-01-07,260,Mbour,actif
cpt_003883,cli_003883,2026-02-22,214,Guédiawaye,actif
cpt_003884,cli_003884,2025-04-19,523,Saint-Louis,actif
cpt_003885,cli_003885,2026-06-21,95,Ziguinchor,actif
cpt_003886,cli_003886,2025-12-24,274,Ziguinchor,actif
cpt_003887,cli_003887,2026-05-01,146,Parcelles Assainies,actif
cpt_003888,cli_003888,2024-12-12,651,Pikine,actif
cpt_003889,cli_003889,2026-02-19,217,Thiès,actif
cpt_003890,cli_003890,2025-08-10,410,Thiès,actif
cpt_003891,cli_003891,2025-09-10,379,Thiès,actif
cpt_003892,cli_003892,2025-10-03,356,Guédiawaye,actif
cpt_003893,cli_003893,2026-08-08,47,Dakar-Plateau,actif
cpt_003894,cli_003894,2026-03-17,191,Dakar-Plateau,actif
cpt_003895,cli_003895,2025-01-11,621,Dakar-Plateau,actif
cpt_003896,cli_003896,2025-08-24,396,Dakar-Plateau,actif
cpt_003897,cli_003897,2024-12-25,638,Ziguinchor,actif
cpt_003898,cli_003898,2025-08-12,408,Dakar-Plateau,actif
cpt_003899,cli_003899,2026-02-04,232,Thiès,actif
cpt_003900,cli_003900,2026-01-19,248,Ziguinchor,actif
cpt_003901,cli_003901,2025-03-09,564,Guédiawaye,actif
cpt_003902,cli_003902,2026-04-07,170,Rufisque,actif
cpt_003903,cli_003903,2025-07-15,436,Mbour,actif
cpt_003904,cli_003904,2024-11-10,683,Pikine,actif
cpt_003905,cli_003905,2025-01-19,613,Parcelles Assainies,actif
cpt_003906,cli_003906,2025-12-18,280,Saint-Louis,actif
cpt_003907,cli_003907,2026-03-09,199,Touba,actif
cpt_003908,cli_003908,2025-07-01,450,Saint-Louis,actif
cpt_003909,cli_003909,2025-07-06,445,Diourbel,actif
cpt_003910,cli_003910,2025-04-19,523,Guédiawaye,actif
cpt_003911,cli_003911,2026-08-03,52,Touba,actif
cpt_003912,cli_003912,2025-08-30,390,Thiès,actif
cpt_003913,cli_003913,2026-09-17,7,Mbour,actif
cpt_003914,cli_003914,2024-10-03,721,Touba,actif
cpt_003915,cli_003915,2024-12-28,635,Touba,actif
cpt_003916,cli_003916,2025-04-02,540,Kaolack,actif
cpt_003917,cli_003917,2026-02-21,215,Guédiawaye,actif
cpt_003918,cli_003918,2025-04-01,541,Mbour,actif
cpt_003919,cli_003919,2025-11-03,325,Pikine,actif
cpt_003920,cli_003920,2025-06-10,471,Thiès,actif
cpt_003921,cli_003921,2026-04-12,165,Touba,actif
cpt_003922,cli_003922,2025-10-15,344,Saint-Louis,actif
cpt_003923,cli_003923,2024-12-25,638,Parcelles Assainies,actif
cpt_003924,cli_003924,2026-05-10,137,Rufisque,actif
cpt_003925,cli_003925,2025-12-20,278,Guédiawaye,actif
cpt_003926,cli_003926,2026-02-25,211,Dakar-Plateau,actif
cpt_003927,cli_003927,2026-05-18,129,Pikine,actif
cpt_003928,cli_003928,2025-12-08,290,Ziguinchor,actif
cpt_003929,cli_003929,2025-07-10,441,Pikine,actif
cpt_003930,cli_003930,2026-08-18,37,Diourbel,actif
cpt_003931,cli_003931,2026-04-30,147,Pikine,actif
cpt_003932,cli_003932,2025-02-05,596,Touba,actif
cpt_003933,cli_003933,2026-03-20,188,Thiès,actif
cpt_003934,cli_003934,2026-01-25,242,Mbour,actif
cpt_003935,cli_003935,2025-05-21,491,Thiès,fermé
cpt_003936,cli_003936,2025-04-01,541,Mbour,actif
cpt_003937,cli_003937,2024-10-26,698,Kaolack,actif
cpt_003938,cli_003938,2026-06-02,114,Thiès,actif
cpt_003939,cli_003939,2025-03-25,548,Dakar-Plateau,actif
cpt_003940,cli_003940,2025-04-16,526,Pikine,actif
cpt_003941,cli_003941,2026-06-27,89,Mbour,actif
cpt_003942,cli_003942,2024-12-24,639,Rufisque,actif
cpt_003943,cli_003943,2026-02-12,224,Rufisque,actif
cpt_003944,cli_003944,2025-11-23,305,Thiès,actif
cpt_003945,cli_003945,2025-02-20,581,Guédiawaye,actif
cpt_003946,cli_003946,2025-09-10,379,Touba,actif
cpt_003947,cli_003947,2026-03-07,201,Touba,actif
cpt_003948,cli_003948,2026-02-02,234,Touba,actif
cpt_003949,cli_003949,2025-04-06,536,Touba,actif
cpt_003950,cli_003950,2026-05-13,134,Kaolack,actif
cpt_003951,cli_003951,2025-10-16,343,Thiès,actif
cpt_003952,cli_003952,2025-03-29,544,Diourbel,actif
cpt_003953,cli_003953,2024-12-21,642,Dakar-Plateau,actif
cpt_003954,cli_003954,2025-01-31,601,Thiès,actif
cpt_003955,cli_003955,2026-01-07,260,Touba,actif
cpt_003956,cli_003956,2026-05-06,141,Parcelles Assainies,actif
cpt_003957,cli_003957,2024-11-13,680,Pikine,actif
cpt_003958,cli_003958,2025-07-18,433,Rufisque,actif
cpt_003959,cli_003959,2025-11-30,298,Guédiawaye,actif
cpt_003960,cli_003960,2024-12-06,657,Kaolack,actif
cpt_003961,cli_003961,2025-04-16,526,Guédiawaye,actif
cpt_003962,cli_003962,2025-10-15,344,Dakar-Plateau,actif
cpt_003963,cli_003963,2026-05-07,140,Thiès,actif
cpt_003964,cli_003964,2026-07-27,59,Guédiawaye,actif
cpt_003965,cli_003965,2025-09-02,387,Dakar-Plateau,actif
cpt_003966,cli_003966,2026-07-06,80,Thiès,actif
cpt_003967,cli_003967,2026-02-12,224,Rufisque,actif
cpt_003968,cli_003968,2025-05-16,496,Dakar-Plateau,actif
cpt_003969,cli_003969,2026-09-16,8,Thiès,actif
cpt_003970,cli_003970,2024-10-05,719,Thiès,actif
cpt_003971,cli_003971,2025-11-11,317,Touba,actif
cpt_003972,cli_003972,2025-01-01,631,Guédiawaye,actif
cpt_003973,cli_003973,2026-05-21,126,Pikine,actif
cpt_003974,cli_003974,2025-10-24,335,Ziguinchor,actif
cpt_003975,cli_003975,2024-10-25,699,Thiès,actif
cpt_003976,cli_003976,2025-06-23,458,Dakar-Plateau,actif
cpt_003977,cli_003977,2025-02-14,587,Saint-Louis,actif
cpt_003978,cli_003978,2025-05-16,496,Dakar-Plateau,actif
cpt_003979,cli_003979,2025-04-04,538,Touba,actif
cpt_003980,cli_003980,2026-01-01,266,Mbour,actif
cpt_003981,cli_003981,2025-10-30,329,Diourbel,actif
cpt_003982,cli_003982,2026-08-18,37,Diourbel,actif
cpt_003983,cli_003983,2026-03-22,186,Pikine,actif
cpt_003984,cli_003984,2026-08-10,45,Touba,actif
cpt_003985,cli_003985,2026-02-03,233,Pikine,actif
cpt_003986,cli_003986,2025-04-13,529,Thiès,actif
cpt_003987,cli_003987,2026-04-29,148,Thiès,actif
cpt_003988,cli_003988,2025-10-10,349,Dakar-Plateau,actif
cpt_003989,cli_003989,2025-08-19,401,Dakar-Plateau,actif
cpt_003990,cli_003990,2026-05-29,118,Dakar-Plateau,actif
cpt_003991,cli_003991,2025-02-12,589,Dakar-Plateau,actif
cpt_003992,cli_003992,2025-03-13,560,Pikine,actif
cpt_003993,cli_003993,2026-05-10,137,Kaolack,actif
cpt_003994,cli_003994,2026-08-29,26,Rufisque,actif
cpt_003995,cli_003995,2026-09-22,2,Saint-Louis,actif
cpt_003996,cli_003996,2026-02-23,213,Saint-Louis,actif
cpt_003997,cli_003997,2026-06-24,92,Touba,actif
cpt_003998,cli_003998,2026-09-15,9,Guédiawaye,actif
cpt_003999,cli_003999,2025-10-25,334,Kaolack,actif
cpt_004000,cli_004000,2025-09-08,381,Touba,actif
cpt_004001,cli_004001,2026-09-11,13,Touba,actif
cpt_004002,cli_004002,2025-07-18,433,Kaolack,actif
cpt_004003,cli_004003,2025-12-04,294,Thiès,actif
cpt_004004,cli_004004,2026-05-02,145,Rufisque,actif
cpt_004005,cli_004005,2026-07-08,78,Kaolack,actif
cpt_004006,cli_004006,2025-03-23,550,Parcelles Assainies,actif
cpt_004007,cli_004007,2026-07-08,78,Saint-Louis,actif
cpt_004008,cli_004008,2026-05-03,144,Dakar-Plateau,actif
cpt_004009,cli_004009,2025-04-22,520,Dakar-Plateau,actif
cpt_004010,cli_004010,2025-06-21,460,Rufisque,actif
cpt_004011,cli_004011,2024-09-26,728,Dakar-Plateau,actif
cpt_004012,cli_004012,2026-08-29,26,Diourbel,actif
cpt_004013,cli_004013,2026-05-08,139,Dakar-Plateau,suspendu
cpt_004014,cli_004014,2025-05-31,481,Touba,actif
cpt_004015,cli_004015,2026-04-10,167,Pikine,actif
cpt_004016,cli_004016,2025-12-20,278,Diourbel,actif
cpt_004017,cli_004017,2026-02-20,216,Guédiawaye,actif
cpt_004018,cli_004018,2025-02-11,590,Dakar-Plateau,actif
cpt_004019,cli_004019,2025-02-28,573,Dakar-Plateau,actif
cpt_004020,cli_004020,2025-02-16,585,Rufisque,actif
cpt_004021,cli_004021,2025-09-20,369,Diourbel,actif
cpt_004022,cli_004022,2025-10-03,356,Diourbel,actif
cpt_004023,cli_004023,2025-08-05,415,Guédiawaye,actif
cpt_004024,cli_004024,2026-08-06,49,Parcelles Assainies,actif
cpt_004025,cli_004025,2025-08-23,397,Dakar-Plateau,actif
cpt_004026,cli_004026,2026-03-06,202,Rufisque,actif
cpt_004027,cli_004027,2024-11-10,683,Thiès,actif
cpt_004028,cli_004028,2026-05-14,133,Pikine,actif
cpt_004029,cli_004029,2026-09-01,23,Thiès,actif
cpt_004030,cli_004030,2024-10-23,701,Kaolack,actif
cpt_004031,cli_004031,2026-06-02,114,Dakar-Plateau,actif
cpt_004032,cli_004032,2025-09-13,376,Pikine,actif
cpt_004033,cli_004033,2025-12-20,278,Dakar-Plateau,actif
cpt_004034,cli_004034,2026-03-12,196,Dakar-Plateau,actif
cpt_004035,cli_004035,2025-10-05,354,Dakar-Plateau,actif
cpt_004036,cli_004036,2025-04-08,534,Thiès,actif
cpt_004037,cli_004037,2026-07-05,81,Dakar-Plateau,actif
cpt_004038,cli_004038,2025-06-01,480,Touba,actif
cpt_004039,cli_004039,2024-12-12,651,Kaolack,actif
cpt_004040,cli_004040,2026-02-25,211,Ziguinchor,suspendu
cpt_004041,cli_004041,2025-05-18,494,Mbour,suspendu
cpt_004042,cli_004042,2024-11-25,668,Dakar-Plateau,actif
cpt_004043,cli_004043,2024-11-16,677,Dakar-Plateau,actif
cpt_004044,cli_004044,2025-06-08,473,Pikine,actif
cpt_004045,cli_004045,2024-11-09,684,Diourbel,actif
cpt_004046,cli_004046,2025-03-06,567,Diourbel,actif
cpt_004047,cli_004047,2025-09-17,372,Guédiawaye,actif
cpt_004048,cli_004048,2026-06-25,91,Guédiawaye,actif
cpt_004049,cli_004049,2025-01-11,621,Rufisque,suspendu
cpt_004050,cli_004050,2026-03-01,207,Pikine,actif
cpt_004051,cli_004051,2025-04-05,537,Diourbel,actif
cpt_004052,cli_004052,2025-06-11,470,Pikine,actif
cpt_004053,cli_004053,2026-01-07,260,Guédiawaye,actif
cpt_004054,cli_004054,2025-03-12,561,Parcelles Assainies,actif
cpt_004055,cli_004055,2025-06-01,480,Dakar-Plateau,actif
cpt_004056,cli_004056,2025-03-30,543,Guédiawaye,actif
cpt_004057,cli_004057,2024-11-02,691,Kaolack,actif
cpt_004058,cli_004058,2026-03-09,199,Dakar-Plateau,actif
cpt_004059,cli_004059,2025-03-17,556,Thiès,actif
cpt_004060,cli_004060,2026-08-28,27,Parcelles Assainies,actif
cpt_004061,cli_004061,2025-04-24,518,Dakar-Plateau,actif
cpt_004062,cli_004062,2026-06-02,114,Dakar-Plateau,actif
cpt_004063,cli_004063,2026-04-18,159,Pikine,actif
cpt_004064,cli_004064,2026-05-06,141,Dakar-Plateau,actif
cpt_004065,cli_004065,2025-01-29,603,Guédiawaye,actif
cpt_004066,cli_004066,2025-12-26,272,Saint-Louis,actif
cpt_004067,cli_004067,2025-12-17,281,Touba,actif
cpt_004068,cli_004068,2026-01-05,262,Ziguinchor,actif
cpt_004069,cli_004069,2025-06-29,452,Parcelles Assainies,actif
cpt_004070,cli_004070,2024-11-25,668,Mbour,actif
cpt_004071,cli_004071,2025-05-17,495,Mbour,actif
cpt_004072,cli_004072,2026-07-15,71,Dakar-Plateau,actif
cpt_004073,cli_004073,2025-09-17,372,Pikine,actif
cpt_004074,cli_004074,2026-07-11,75,Rufisque,actif
cpt_004075,cli_004075,2026-05-27,120,Saint-Louis,actif
cpt_004076,cli_004076,2026-05-03,144,Parcelles Assainies,actif
cpt_004077,cli_004077,2025-05-07,505,Pikine,actif
cpt_004078,cli_004078,2024-12-27,636,Diourbel,actif
cpt_004079,cli_004079,2026-03-28,180,Dakar-Plateau,actif
cpt_004080,cli_004080,2024-11-09,684,Ziguinchor,fermé
cpt_004081,cli_004081,2026-03-18,190,Saint-Louis,actif
cpt_004082,cli_004082,2026-02-13,223,Saint-Louis,actif
cpt_004083,cli_004083,2026-06-26,90,Saint-Louis,actif
cpt_004084,cli_004084,2026-08-23,32,Dakar-Plateau,actif
cpt_004085,cli_004085,2025-07-01,450,Thiès,actif
cpt_004086,cli_004086,2025-12-03,295,Touba,actif
cpt_004087,cli_004087,2026-07-01,85,Touba,actif
cpt_004088,cli_004088,2025-08-12,408,Pikine,actif
cpt_004089,cli_004089,2026-01-19,248,Dakar-Plateau,actif
cpt_004090,cli_004090,2025-12-15,283,Guédiawaye,actif
cpt_004091,cli_004091,2024-12-17,646,Parcelles Assainies,actif
cpt_004092,cli_004092,2025-12-03,295,Thiès,actif
cpt_004093,cli_004093,2025-10-29,330,Saint-Louis,actif
cpt_004094,cli_004094,2025-05-12,500,Touba,actif
cpt_004095,cli_004095,2024-12-14,649,Mbour,actif
cpt_004096,cli_004096,2025-04-05,537,Pikine,actif
cpt_004097,cli_004097,2025-10-01,358,Parcelles Assainies,actif
cpt_004098,cli_004098,2026-02-13,223,Guédiawaye,actif
cpt_004099,cli_004099,2026-05-19,128,Pikine,actif
cpt_004100,cli_004100,2026-06-26,90,Dakar-Plateau,actif
cpt_004101,cli_004101,2025-03-19,554,Guédiawaye,actif
cpt_004102,cli_004102,2025-04-08,534,Pikine,actif
cpt_004103,cli_004103,2026-01-09,258,Thiès,actif
cpt_004104,cli_004104,2024-11-08,685,Dakar-Plateau,actif
cpt_004105,cli_004105,2024-10-19,705,Pikine,actif
cpt_004106,cli_004106,2025-06-30,451,Dakar-Plateau,actif
cpt_004107,cli_004107,2026-03-16,192,Thiès,actif
cpt_004108,cli_004108,2025-09-23,366,Thiès,actif
cpt_004109,cli_004109,2025-02-03,598,Guédiawaye,actif
cpt_004110,cli_004110,2025-09-20,369,Dakar-Plateau,actif
cpt_004111,cli_004111,2025-09-28,361,Ziguinchor,actif
cpt_004112,cli_004112,2025-09-02,387,Thiès,actif
cpt_004113,cli_004113,2025-01-18,614,Mbour,actif
cpt_004114,cli_004114,2025-12-02,296,Rufisque,actif
cpt_004115,cli_004115,2026-05-14,133,Saint-Louis,actif
cpt_004116,cli_004116,2025-09-16,373,Kaolack,actif
cpt_004117,cli_004117,2025-06-19,462,Guédiawaye,actif
cpt_004118,cli_004118,2024-11-11,682,Mbour,actif
cpt_004119,cli_004119,2026-07-04,82,Pikine,actif
cpt_004120,cli_004120,2024-11-05,688,Mbour,actif
cpt_004121,cli_004121,2025-02-16,585,Guédiawaye,actif
cpt_004122,cli_004122,2025-04-28,514,Dakar-Plateau,actif
cpt_004123,cli_004123,2026-04-09,168,Ziguinchor,actif
cpt_004124,cli_004124,2026-04-27,150,Kaolack,actif
cpt_004125,cli_004125,2025-11-19,309,Pikine,actif
cpt_004126,cli_004126,2026-05-15,132,Diourbel,actif
cpt_004127,cli_004127,2025-06-02,479,Pikine,actif
cpt_004128,cli_004128,2025-03-24,549,Parcelles Assainies,actif
cpt_004129,cli_004129,2025-10-12,347,Kaolack,actif
cpt_004130,cli_004130,2025-05-09,503,Pikine,actif
cpt_004131,cli_004131,2025-03-05,568,Parcelles Assainies,actif
cpt_004132,cli_004132,2024-12-01,662,Mbour,actif
cpt_004133,cli_004133,2025-05-13,499,Dakar-Plateau,actif
cpt_004134,cli_004134,2026-04-08,169,Parcelles Assainies,actif
cpt_004135,cli_004135,2026-06-24,92,Pikine,actif
cpt_004136,cli_004136,2024-11-11,682,Mbour,actif
cpt_004137,cli_004137,2025-03-13,560,Dakar-Plateau,actif
cpt_004138,cli_004138,2025-01-13,619,Pikine,actif
cpt_004139,cli_004139,2025-11-23,305,Touba,actif
cpt_004140,cli_004140,2026-06-03,113,Dakar-Plateau,actif
cpt_004141,cli_004141,2025-07-18,433,Parcelles Assainies,actif
cpt_004142,cli_004142,2025-06-18,463,Touba,actif
cpt_004143,cli_004143,2026-04-19,158,Touba,actif
cpt_004144,cli_004144,2025-10-18,341,Dakar-Plateau,actif
cpt_004145,cli_004145,2025-11-19,309,Kaolack,actif
cpt_004146,cli_004146,2026-03-19,189,Touba,actif
cpt_004147,cli_004147,2025-02-07,594,Guédiawaye,actif
cpt_004148,cli_004148,2025-10-08,351,Touba,actif
cpt_004149,cli_004149,2024-11-21,672,Touba,actif
cpt_004150,cli_004150,2026-09-24,0,Thiès,actif
cpt_004151,cli_004151,2024-11-09,684,Rufisque,actif
cpt_004152,cli_004152,2025-05-31,481,Touba,actif
cpt_004153,cli_004153,2025-05-05,507,Diourbel,actif
cpt_004154,cli_004154,2026-03-02,206,Thiès,actif
cpt_004155,cli_004155,2026-07-29,57,Saint-Louis,actif
cpt_004156,cli_004156,2026-04-08,169,Touba,actif
cpt_004157,cli_004157,2025-11-08,320,Kaolack,actif
cpt_004158,cli_004158,2026-01-21,246,Ziguinchor,actif
cpt_004159,cli_004159,2026-05-06,141,Dakar-Plateau,actif
cpt_004160,cli_004160,2026-09-14,10,Dakar-Plateau,actif
cpt_004161,cli_004161,2025-05-05,507,Thiès,actif
cpt_004162,cli_004162,2025-05-26,486,Parcelles Assainies,actif
cpt_004163,cli_004163,2026-05-31,116,Thiès,actif
cpt_004164,cli_004164,2025-03-03,570,Saint-Louis,actif
cpt_004165,cli_004165,2024-10-14,710,Ziguinchor,actif
cpt_004166,cli_004166,2024-09-28,726,Parcelles Assainies,actif
cpt_004167,cli_004167,2026-05-07,140,Touba,actif
cpt_004168,cli_004168,2025-11-16,312,Dakar-Plateau,actif
cpt_004169,cli_004169,2026-08-18,37,Rufisque,actif
cpt_004170,cli_004170,2026-09-18,6,Dakar-Plateau,actif
cpt_004171,cli_004171,2025-01-18,614,Rufisque,fermé
cpt_004172,cli_004172,2024-10-19,705,Rufisque,actif
cpt_004173,cli_004173,2026-05-01,146,Touba,actif
cpt_004174,cli_004174,2025-10-21,338,Thiès,actif
cpt_004175,cli_004175,2026-09-08,16,Guédiawaye,actif
cpt_004176,cli_004176,2025-02-07,594,Dakar-Plateau,actif
cpt_004177,cli_004177,2025-08-21,399,Dakar-Plateau,actif
cpt_004178,cli_004178,2026-02-26,210,Diourbel,actif
cpt_004179,cli_004179,2024-10-19,705,Ziguinchor,actif
cpt_004180,cli_004180,2026-06-18,98,Guédiawaye,actif
cpt_004181,cli_004181,2026-03-15,193,Pikine,actif
cpt_004182,cli_004182,2025-03-28,545,Parcelles Assainies,actif
cpt_004183,cli_004183,2025-11-30,298,Mbour,actif
cpt_004184,cli_004184,2025-05-05,507,Guédiawaye,actif
cpt_004185,cli_004185,2026-04-04,173,Dakar-Plateau,actif
cpt_004186,cli_004186,2025-06-03,478,Parcelles Assainies,actif
cpt_004187,cli_004187,2025-08-14,406,Pikine,actif
cpt_004188,cli_004188,2026-08-21,34,Guédiawaye,actif
cpt_004189,cli_004189,2026-01-31,236,Dakar-Plateau,actif
cpt_004190,cli_004190,2026-02-23,213,Mbour,actif
cpt_004191,cli_004191,2025-07-21,430,Rufisque,actif
cpt_004192,cli_004192,2025-11-09,319,Pikine,suspendu
cpt_004193,cli_004193,2025-10-13,346,Rufisque,actif
cpt_004194,cli_004194,2026-05-23,124,Rufisque,actif
cpt_004195,cli_004195,2024-11-17,676,Saint-Louis,actif
cpt_004196,cli_004196,2025-03-28,545,Ziguinchor,actif
cpt_004197,cli_004197,2025-05-25,487,Dakar-Plateau,actif
cpt_004198,cli_004198,2026-03-07,201,Kaolack,actif
cpt_004199,cli_004199,2025-05-18,494,Mbour,actif
cpt_004200,cli_004200,2026-04-06,171,Mbour,actif
cpt_004201,cli_004201,2025-10-07,352,Guédiawaye,actif
cpt_004202,cli_004202,2026-03-15,193,Guédiawaye,actif
cpt_004203,cli_004203,2026-02-16,220,Dakar-Plateau,actif
cpt_004204,cli_004204,2025-06-07,474,Diourbel,actif
cpt_004205,cli_004205,2026-02-08,228,Thiès,actif
cpt_004206,cli_004206,2025-04-13,529,Parcelles Assainies,actif
cpt_004207,cli_004207,2025-09-25,364,Rufisque,actif
cpt_004208,cli_004208,2024-10-12,712,Dakar-Plateau,actif
cpt_004209,cli_004209,2026-05-08,139,Dakar-Plateau,actif
cpt_004210,cli_004210,2024-11-07,686,Thiès,actif
cpt_004211,cli_004211,2026-06-19,97,Rufisque,actif
cpt_004212,cli_004212,2025-08-22,398,Touba,actif
cpt_004213,cli_004213,2025-12-28,270,Mbour,actif
cpt_004214,cli_004214,2025-03-27,546,Thiès,actif
cpt_004215,cli_004215,2026-06-23,93,Saint-Louis,actif
cpt_004216,cli_004216,2026-03-26,182,Dakar-Plateau,actif
cpt_004217,cli_004217,2026-04-10,167,Mbour,actif
cpt_004218,cli_004218,2024-11-22,671,Touba,actif
cpt_004219,cli_004219,2025-08-31,389,Pikine,actif
cpt_004220,cli_004220,2026-05-27,120,Dakar-Plateau,actif
cpt_004221,cli_004221,2025-02-25,576,Dakar-Plateau,actif
cpt_004222,cli_004222,2026-03-01,207,Dakar-Plateau,actif
cpt_004223,cli_004223,2026-04-17,160,Rufisque,actif
cpt_004224,cli_004224,2025-09-30,359,Dakar-Plateau,actif
cpt_004225,cli_004225,2025-02-26,575,Mbour,actif
cpt_004226,cli_004226,2025-01-19,613,Dakar-Plateau,actif
cpt_004227,cli_004227,2026-09-14,10,Dakar-Plateau,actif
cpt_004228,cli_004228,2024-12-11,652,Pikine,actif
cpt_004229,cli_004229,2024-09-28,726,Dakar-Plateau,actif
cpt_004230,cli_004230,2026-02-02,234,Diourbel,actif
cpt_004231,cli_004231,2025-09-12,377,Pikine,actif
cpt_004232,cli_004232,2025-12-27,271,Pikine,actif
cpt_004233,cli_004233,2025-10-15,344,Dakar-Plateau,actif
cpt_004234,cli_004234,2025-06-06,475,Guédiawaye,actif
cpt_004235,cli_004235,2025-06-07,474,Thiès,actif
cpt_004236,cli_004236,2025-10-12,347,Touba,actif
cpt_004237,cli_004237,2025-10-16,343,Guédiawaye,actif
cpt_004238,cli_004238,2025-10-02,357,Thiès,actif
cpt_004239,cli_004239,2025-12-03,295,Parcelles Assainies,actif
cpt_004240,cli_004240,2026-06-27,89,Saint-Louis,actif
cpt_004241,cli_004241,2025-12-28,270,Thiès,actif
cpt_004242,cli_004242,2025-04-21,521,Pikine,actif
cpt_004243,cli_004243,2024-10-15,709,Mbour,fermé
cpt_004244,cli_004244,2025-02-08,593,Saint-Louis,actif
cpt_004245,cli_004245,2025-01-04,628,Parcelles Assainies,actif
cpt_004246,cli_004246,2025-03-03,570,Diourbel,actif
cpt_004247,cli_004247,2025-09-23,366,Kaolack,actif
cpt_004248,cli_004248,2025-05-14,498,Dakar-Plateau,actif
cpt_004249,cli_004249,2025-01-26,606,Touba,actif
cpt_004250,cli_004250,2026-04-15,162,Thiès,actif
cpt_004251,cli_004251,2026-06-09,107,Rufisque,actif
cpt_004252,cli_004252,2026-03-14,194,Rufisque,actif
cpt_004253,cli_004253,2025-09-07,382,Kaolack,actif
cpt_004254,cli_004254,2025-02-28,573,Thiès,actif
cpt_004255,cli_004255,2025-10-31,328,Rufisque,actif
cpt_004256,cli_004256,2024-10-08,716,Dakar-Plateau,actif
cpt_004257,cli_004257,2026-01-31,236,Parcelles Assainies,actif
cpt_004258,cli_004258,2025-10-22,337,Kaolack,actif
cpt_004259,cli_004259,2024-11-26,667,Touba,actif
cpt_004260,cli_004260,2026-05-22,125,Dakar-Plateau,actif
cpt_004261,cli_004261,2025-01-26,606,Kaolack,actif
cpt_004262,cli_004262,2026-06-06,110,Saint-Louis,actif
cpt_004263,cli_004263,2024-12-02,661,Rufisque,actif
cpt_004264,cli_004264,2026-02-03,233,Dakar-Plateau,actif
cpt_004265,cli_004265,2025-06-19,462,Thiès,actif
cpt_004266,cli_004266,2025-04-27,515,Dakar-Plateau,actif
cpt_004267,cli_004267,2025-12-24,274,Guédiawaye,actif
cpt_004268,cli_004268,2025-08-22,398,Thiès,actif
cpt_004269,cli_004269,2025-03-21,552,Ziguinchor,actif
cpt_004270,cli_004270,2024-12-26,637,Guédiawaye,actif
cpt_004271,cli_004271,2026-07-09,77,Kaolack,actif
cpt_004272,cli_004272,2025-09-29,360,Ziguinchor,actif
cpt_004273,cli_004273,2025-01-14,618,Dakar-Plateau,actif
cpt_004274,cli_004274,2025-08-15,405,Pikine,actif
cpt_004275,cli_004275,2026-09-03,21,Mbour,actif
cpt_004276,cli_004276,2026-06-27,89,Touba,actif
cpt_004277,cli_004277,2025-02-04,597,Guédiawaye,actif
cpt_004278,cli_004278,2025-11-22,306,Mbour,suspendu
cpt_004279,cli_004279,2025-05-01,511,Thiès,actif
cpt_004280,cli_004280,2024-12-16,647,Touba,actif
cpt_004281,cli_004281,2026-07-23,63,Touba,actif
cpt_004282,cli_004282,2025-10-31,328,Dakar-Plateau,actif
cpt_004283,cli_004283,2026-06-08,108,Dakar-Plateau,fermé
cpt_004284,cli_004284,2025-01-20,612,Dakar-Plateau,actif
cpt_004285,cli_004285,2025-10-29,330,Ziguinchor,suspendu
cpt_004286,cli_004286,2024-12-26,637,Ziguinchor,actif
cpt_004287,cli_004287,2026-02-20,216,Saint-Louis,actif
cpt_004288,cli_004288,2026-06-14,102,Dakar-Plateau,actif
cpt_004289,cli_004289,2025-01-02,630,Thiès,actif
cpt_004290,cli_004290,2025-07-04,447,Dakar-Plateau,fermé
cpt_004291,cli_004291,2026-05-06,141,Guédiawaye,actif
cpt_004292,cli_004292,2025-05-09,503,Pikine,actif
cpt_004293,cli_004293,2025-11-25,303,Saint-Louis,actif
cpt_004294,cli_004294,2026-08-21,34,Dakar-Plateau,actif
cpt_004295,cli_004295,2026-03-22,186,Thiès,actif
cpt_004296,cli_004296,2025-03-30,543,Diourbel,actif
cpt_004297,cli_004297,2026-06-25,91,Mbour,actif
cpt_004298,cli_004298,2026-01-23,244,Dakar-Plateau,actif
cpt_004299,cli_004299,2026-03-18,190,Kaolack,actif
cpt_004300,cli_004300,2025-04-07,535,Thiès,actif
cpt_004301,cli_004301,2025-01-06,626,Parcelles Assainies,actif
cpt_004302,cli_004302,2025-03-01,572,Mbour,actif
cpt_004303,cli_004303,2025-04-20,522,Kaolack,actif
cpt_004304,cli_004304,2026-07-20,66,Parcelles Assainies,actif
cpt_004305,cli_004305,2024-11-29,664,Rufisque,actif
cpt_004306,cli_004306,2026-06-01,115,Parcelles Assainies,actif
cpt_004307,cli_004307,2025-12-05,293,Dakar-Plateau,actif
cpt_004308,cli_004308,2025-01-31,601,Touba,actif
cpt_004309,cli_004309,2026-04-05,172,Dakar-Plateau,actif
cpt_004310,cli_004310,2026-04-21,156,Guédiawaye,actif
cpt_004311,cli_004311,2026-09-06,18,Guédiawaye,actif
cpt_004312,cli_004312,2026-01-09,258,Pikine,actif
cpt_004313,cli_004313,2025-09-29,360,Parcelles Assainies,actif
cpt_004314,cli_004314,2025-10-18,341,Thiès,actif
cpt_004315,cli_004315,2026-08-29,26,Pikine,actif
cpt_004316,cli_004316,2026-04-28,149,Dakar-Plateau,actif
cpt_004317,cli_004317,2026-09-24,0,Kaolack,actif
cpt_004318,cli_004318,2026-04-14,163,Diourbel,actif
cpt_004319,cli_004319,2025-07-14,437,Parcelles Assainies,actif
cpt_004320,cli_004320,2026-09-17,7,Guédiawaye,actif
cpt_004321,cli_004321,2026-05-29,118,Dakar-Plateau,actif
cpt_004322,cli_004322,2025-08-25,395,Dakar-Plateau,actif
cpt_004323,cli_004323,2025-08-13,407,Guédiawaye,actif
cpt_004324,cli_004324,2024-12-10,653,Ziguinchor,suspendu
cpt_004325,cli_004325,2025-08-05,415,Touba,actif
cpt_004326,cli_004326,2024-11-19,674,Guédiawaye,actif
cpt_004327,cli_004327,2025-04-18,524,Diourbel,actif
cpt_004328,cli_004328,2025-08-20,400,Parcelles Assainies,actif
cpt_004329,cli_004329,2025-12-18,280,Pikine,actif
cpt_004330,cli_004330,2026-07-08,78,Parcelles Assainies,actif
cpt_004331,cli_004331,2025-04-27,515,Dakar-Plateau,actif
cpt_004332,cli_004332,2024-11-10,683,Kaolack,actif
cpt_004333,cli_004333,2026-01-04,263,Guédiawaye,actif
cpt_004334,cli_004334,2026-01-11,256,Mbour,actif
cpt_004335,cli_004335,2026-07-18,68,Guédiawaye,actif
cpt_004336,cli_004336,2025-07-17,434,Kaolack,actif
cpt_004337,cli_004337,2026-02-13,223,Thiès,actif
cpt_004338,cli_004338,2026-09-17,7,Parcelles Assainies,actif
cpt_004339,cli_004339,2026-09-21,3,Dakar-Plateau,actif
cpt_004340,cli_004340,2026-01-24,243,Kaolack,actif
cpt_004341,cli_004341,2025-10-21,338,Rufisque,actif
cpt_004342,cli_004342,2025-10-27,332,Pikine,actif
cpt_004343,cli_004343,2025-04-04,538,Kaolack,actif
cpt_004344,cli_004344,2025-09-05,384,Dakar-Plateau,actif
cpt_004345,cli_004345,2025-03-01,572,Pikine,actif
cpt_004346,cli_004346,2026-02-21,215,Rufisque,actif
cpt_004347,cli_004347,2026-04-07,170,Guédiawaye,actif
cpt_004348,cli_004348,2025-08-26,394,Parcelles Assainies,actif
cpt_004349,cli_004349,2026-07-11,75,Pikine,actif
cpt_004350,cli_004350,2025-03-16,557,Dakar-Plateau,actif
cpt_004351,cli_004351,2026-05-14,133,Dakar-Plateau,actif
cpt_004352,cli_004352,2024-11-27,666,Dakar-Plateau,actif
cpt_004353,cli_004353,2024-10-08,716,Ziguinchor,actif
cpt_004354,cli_004354,2025-08-30,390,Thiès,actif
cpt_004355,cli_004355,2026-02-10,226,Parcelles Assainies,actif
cpt_004356,cli_004356,2026-01-24,243,Guédiawaye,actif
cpt_004357,cli_004357,2025-11-19,309,Mbour,actif
cpt_004358,cli_004358,2025-10-10,349,Dakar-Plateau,actif
cpt_004359,cli_004359,2026-08-02,53,Pikine,actif
cpt_004360,cli_004360,2026-05-06,141,Mbour,actif
cpt_004361,cli_004361,2025-02-25,576,Parcelles Assainies,actif
cpt_004362,cli_004362,2026-08-19,36,Touba,actif
cpt_004363,cli_004363,2025-11-03,325,Kaolack,actif
cpt_004364,cli_004364,2024-12-29,634,Saint-Louis,actif
cpt_004365,cli_004365,2026-07-24,62,Dakar-Plateau,actif
cpt_004366,cli_004366,2024-11-22,671,Dakar-Plateau,actif
cpt_004367,cli_004367,2025-10-14,345,Dakar-Plateau,actif
cpt_004368,cli_004368,2025-11-19,309,Touba,actif
cpt_004369,cli_004369,2025-04-26,516,Ziguinchor,actif
cpt_004370,cli_004370,2025-03-08,565,Ziguinchor,actif
cpt_004371,cli_004371,2025-10-16,343,Pikine,actif
cpt_004372,cli_004372,2026-07-25,61,Saint-Louis,actif
cpt_004373,cli_004373,2024-10-18,706,Rufisque,actif
cpt_004374,cli_004374,2026-09-21,3,Saint-Louis,actif
cpt_004375,cli_004375,2024-12-28,635,Rufisque,actif
cpt_004376,cli_004376,2025-11-13,315,Dakar-Plateau,actif
cpt_004377,cli_004377,2025-09-14,375,Dakar-Plateau,actif
cpt_004378,cli_004378,2025-03-16,557,Ziguinchor,actif
cpt_004379,cli_004379,2024-11-07,686,Parcelles Assainies,actif
cpt_004380,cli_004380,2026-06-10,106,Guédiawaye,actif
cpt_004381,cli_004381,2025-02-13,588,Guédiawaye,actif
cpt_004382,cli_004382,2025-05-30,482,Guédiawaye,actif
cpt_004383,cli_004383,2025-12-30,268,Ziguinchor,actif
cpt_004384,cli_004384,2025-11-19,309,Dakar-Plateau,actif
cpt_004385,cli_004385,2025-03-11,562,Dakar-Plateau,actif
cpt_004386,cli_004386,2026-06-16,100,Touba,actif
cpt_004387,cli_004387,2025-09-21,368,Rufisque,actif
cpt_004388,cli_004388,2025-04-15,527,Dakar-Plateau,actif
cpt_004389,cli_004389,2025-08-27,393,Dakar-Plateau,actif
cpt_004390,cli_004390,2025-11-03,325,Pikine,fermé
cpt_004391,cli_004391,2025-09-09,380,Pikine,actif
cpt_004392,cli_004392,2025-09-20,369,Dakar-Plateau,actif
cpt_004393,cli_004393,2025-02-15,586,Dakar-Plateau,actif
cpt_004394,cli_004394,2025-02-02,599,Touba,actif
cpt_004395,cli_004395,2024-11-25,668,Kaolack,actif
cpt_004396,cli_004396,2026-08-04,51,Kaolack,actif
cpt_004397,cli_004397,2026-02-04,232,Guédiawaye,actif
cpt_004398,cli_004398,2024-12-24,639,Pikine,actif
cpt_004399,cli_004399,2025-06-13,468,Diourbel,actif
cpt_004400,cli_004400,2025-12-26,272,Touba,actif
cpt_004401,cli_004401,2025-06-23,458,Rufisque,actif
cpt_004402,cli_004402,2025-10-21,338,Pikine,actif
cpt_004403,cli_004403,2024-12-17,646,Guédiawaye,actif
cpt_004404,cli_004404,2025-08-17,403,Rufisque,actif
cpt_004405,cli_004405,2025-11-02,326,Rufisque,actif
cpt_004406,cli_004406,2025-06-30,451,Dakar-Plateau,actif
cpt_004407,cli_004407,2026-05-09,138,Ziguinchor,actif
cpt_004408,cli_004408,2025-03-11,562,Thiès,actif
cpt_004409,cli_004409,2026-04-29,148,Thiès,actif
cpt_004410,cli_004410,2026-09-07,17,Dakar-Plateau,actif
cpt_004411,cli_004411,2026-08-17,38,Touba,actif
cpt_004412,cli_004412,2026-08-08,47,Touba,actif
cpt_004413,cli_004413,2026-07-13,73,Dakar-Plateau,actif
cpt_004414,cli_004414,2026-08-21,34,Thiès,actif
cpt_004415,cli_004415,2026-02-18,218,Mbour,actif
cpt_004416,cli_004416,2024-10-25,699,Saint-Louis,actif
cpt_004417,cli_004417,2026-07-13,73,Dakar-Plateau,actif
cpt_004418,cli_004418,2025-05-19,493,Kaolack,actif
cpt_004419,cli_004419,2024-12-30,633,Parcelles Assainies,actif
cpt_004420,cli_004420,2025-02-11,590,Dakar-Plateau,actif
cpt_004421,cli_004421,2026-01-06,261,Dakar-Plateau,actif
cpt_004422,cli_004422,2026-08-20,35,Dakar-Plateau,actif
cpt_004423,cli_004423,2026-01-01,266,Pikine,fermé
cpt_004424,cli_004424,2025-07-14,437,Rufisque,actif
cpt_004425,cli_004425,2025-03-21,552,Touba,actif
cpt_004426,cli_004426,2026-06-16,100,Dakar-Plateau,actif
cpt_004427,cli_004427,2026-02-17,219,Diourbel,suspendu
cpt_004428,cli_004428,2025-07-14,437,Dakar-Plateau,actif
cpt_004429,cli_004429,2025-04-23,519,Thiès,actif
cpt_004430,cli_004430,2026-02-13,223,Ziguinchor,actif
cpt_004431,cli_004431,2025-02-05,596,Saint-Louis,actif
cpt_004432,cli_004432,2025-02-16,585,Thiès,actif
cpt_004433,cli_004433,2026-01-08,259,Touba,actif
cpt_004434,cli_004434,2025-08-29,391,Dakar-Plateau,actif
cpt_004435,cli_004435,2025-10-12,347,Dakar-Plateau,actif
cpt_004436,cli_004436,2025-05-28,484,Parcelles Assainies,actif
cpt_004437,cli_004437,2026-02-04,232,Dakar-Plateau,actif
cpt_004438,cli_004438,2026-01-30,237,Guédiawaye,actif
cpt_004439,cli_004439,2025-11-20,308,Pikine,actif
cpt_004440,cli_004440,2026-04-20,157,Ziguinchor,actif
cpt_004441,cli_004441,2025-07-28,423,Kaolack,actif
cpt_004442,cli_004442,2024-10-26,698,Saint-Louis,actif
cpt_004443,cli_004443,2026-01-15,252,Touba,actif
cpt_004444,cli_004444,2025-01-06,626,Dakar-Plateau,actif
cpt_004445,cli_004445,2025-10-23,336,Dakar-Plateau,actif
cpt_004446,cli_004446,2026-05-28,119,Mbour,actif
cpt_004447,cli_004447,2025-09-28,361,Thiès,actif
cpt_004448,cli_004448,2025-09-24,365,Guédiawaye,actif
cpt_004449,cli_004449,2026-09-08,16,Parcelles Assainies,actif
cpt_004450,cli_004450,2025-10-13,346,Parcelles Assainies,actif
cpt_004451,cli_004451,2026-05-31,116,Pikine,actif
cpt_004452,cli_004452,2025-02-22,579,Pikine,actif
cpt_004453,cli_004453,2025-08-27,393,Parcelles Assainies,actif
cpt_004454,cli_004454,2026-02-17,219,Thiès,actif
cpt_004455,cli_004455,2026-09-25,-1,Ziguinchor,actif
cpt_004456,cli_004456,2025-08-03,417,Rufisque,actif
cpt_004457,cli_004457,2025-04-30,512,Touba,actif
cpt_004458,cli_004458,2025-11-18,310,Saint-Louis,actif
cpt_004459,cli_004459,2024-12-02,661,Dakar-Plateau,actif
cpt_004460,cli_004460,2026-05-06,141,Mbour,actif
cpt_004461,cli_004461,2025-03-22,551,Parcelles Assainies,actif
cpt_004462,cli_004462,2025-09-28,361,Thiès,actif
cpt_004463,cli_004463,2026-02-08,228,Dakar-Plateau,actif
cpt_004464,cli_004464,2026-02-28,208,Kaolack,actif
cpt_004465,cli_004465,2025-11-02,326,Ziguinchor,actif
cpt_004466,cli_004466,2026-07-27,59,Dakar-Plateau,actif
cpt_004467,cli_004467,2025-06-09,472,Dakar-Plateau,actif
cpt_004468,cli_004468,2025-12-03,295,Dakar-Plateau,actif
cpt_004469,cli_004469,2025-05-19,493,Touba,actif
cpt_004470,cli_004470,2025-09-16,373,Thiès,actif
cpt_004471,cli_004471,2024-10-13,711,Dakar-Plateau,actif
cpt_004472,cli_004472,2026-07-29,57,Saint-Louis,actif
cpt_004473,cli_004473,2025-10-01,358,Guédiawaye,actif
cpt_004474,cli_004474,2025-08-29,391,Parcelles Assainies,actif
cpt_004475,cli_004475,2026-03-30,178,Guédiawaye,actif
cpt_004476,cli_004476,2025-05-22,490,Rufisque,actif
cpt_004477,cli_004477,2026-01-06,261,Parcelles Assainies,actif
cpt_004478,cli_004478,2025-03-17,556,Pikine,actif
cpt_004479,cli_004479,2024-11-24,669,Parcelles Assainies,actif
cpt_004480,cli_004480,2025-01-11,621,Kaolack,actif
cpt_004481,cli_004481,2025-06-21,460,Rufisque,actif
cpt_004482,cli_004482,2025-04-19,523,Ziguinchor,actif
cpt_004483,cli_004483,2025-01-05,627,Rufisque,actif
cpt_004484,cli_004484,2024-10-09,715,Touba,actif
cpt_004485,cli_004485,2025-04-16,526,Pikine,actif
cpt_004486,cli_004486,2024-11-28,665,Saint-Louis,actif
cpt_004487,cli_004487,2024-10-22,702,Pikine,actif
cpt_004488,cli_004488,2026-05-19,128,Dakar-Plateau,actif
cpt_004489,cli_004489,2025-09-26,363,Dakar-Plateau,actif
cpt_004490,cli_004490,2026-01-07,260,Dakar-Plateau,fermé
cpt_004491,cli_004491,2024-10-31,693,Ziguinchor,actif
cpt_004492,cli_004492,2025-03-30,543,Diourbel,actif
cpt_004493,cli_004493,2024-12-20,643,Touba,actif
cpt_004494,cli_004494,2026-01-13,254,Dakar-Plateau,actif
cpt_004495,cli_004495,2025-01-18,614,Kaolack,actif
cpt_004496,cli_004496,2026-07-29,57,Touba,actif
cpt_004497,cli_004497,2024-11-09,684,Guédiawaye,actif
cpt_004498,cli_004498,2026-04-10,167,Rufisque,actif
cpt_004499,cli_004499,2025-09-06,383,Mbour,actif
cpt_004500,cli_004500,2025-04-20,522,Dakar-Plateau,actif
cpt_004501,cli_004501,2025-04-03,539,Rufisque,actif
cpt_004502,cli_004502,2026-04-24,153,Touba,actif
cpt_004503,cli_004503,2025-08-19,401,Dakar-Plateau,actif
cpt_004504,cli_004504,2025-09-05,384,Parcelles Assainies,actif
cpt_004505,cli_004505,2025-03-07,566,Rufisque,actif
cpt_004506,cli_004506,2026-02-03,233,Touba,actif
cpt_004507,cli_004507,2025-03-17,556,Diourbel,actif
cpt_004508,cli_004508,2025-07-03,448,Saint-Louis,actif
cpt_004509,cli_004509,2025-03-21,552,Thiès,actif
cpt_004510,cli_004510,2024-12-28,635,Thiès,actif
cpt_004511,cli_004511,2025-11-16,312,Thiès,actif
cpt_004512,cli_004512,2025-11-14,314,Rufisque,actif
cpt_004513,cli_004513,2025-02-20,581,Dakar-Plateau,actif
cpt_004514,cli_004514,2025-03-07,566,Mbour,actif
cpt_004515,cli_004515,2024-12-28,635,Touba,actif
cpt_004516,cli_004516,2025-08-21,399,Rufisque,actif
cpt_004517,cli_004517,2025-06-18,463,Kaolack,actif
cpt_004518,cli_004518,2026-08-11,44,Mbour,actif
cpt_004519,cli_004519,2025-10-30,329,Guédiawaye,actif
cpt_004520,cli_004520,2026-03-30,178,Dakar-Plateau,actif
cpt_004521,cli_004521,2025-01-13,619,Dakar-Plateau,actif
cpt_004522,cli_004522,2026-06-29,87,Guédiawaye,actif
cpt_004523,cli_004523,2025-03-07,566,Parcelles Assainies,actif
cpt_004524,cli_004524,2025-01-25,607,Dakar-Plateau,actif
cpt_004525,cli_004525,2025-10-20,339,Dakar-Plateau,actif
cpt_004526,cli_004526,2025-05-26,486,Pikine,actif
cpt_004527,cli_004527,2025-07-28,423,Touba,actif
cpt_004528,cli_004528,2025-05-09,503,Touba,actif
cpt_004529,cli_004529,2025-05-14,498,Guédiawaye,actif
cpt_004530,cli_004530,2026-03-25,183,Dakar-Plateau,actif
cpt_004531,cli_004531,2025-05-10,502,Dakar-Plateau,actif
cpt_004532,cli_004532,2024-12-05,658,Dakar-Plateau,actif
cpt_004533,cli_004533,2026-02-12,224,Guédiawaye,actif
cpt_004534,cli_004534,2026-02-15,221,Dakar-Plateau,actif
cpt_004535,cli_004535,2026-02-22,214,Guédiawaye,actif
cpt_004536,cli_004536,2024-11-30,663,Diourbel,actif
cpt_004537,cli_004537,2024-12-16,647,Rufisque,actif
cpt_004538,cli_004538,2026-01-16,251,Saint-Louis,actif
cpt_004539,cli_004539,2024-11-13,680,Dakar-Plateau,actif
cpt_004540,cli_004540,2025-03-21,552,Pikine,actif
cpt_004541,cli_004541,2025-12-06,292,Ziguinchor,actif
cpt_004542,cli_004542,2025-02-02,599,Guédiawaye,suspendu
cpt_004543,cli_004543,2024-12-01,662,Thiès,actif
cpt_004544,cli_004544,2025-01-01,631,Diourbel,actif
cpt_004545,cli_004545,2025-10-17,342,Rufisque,actif
cpt_004546,cli_004546,2026-04-22,155,Pikine,actif
cpt_004547,cli_004547,2026-05-27,120,Rufisque,suspendu
cpt_004548,cli_004548,2025-02-01,600,Dakar-Plateau,actif
cpt_004549,cli_004549,2025-04-09,533,Dakar-Plateau,actif
cpt_004550,cli_004550,2025-04-29,513,Dakar-Plateau,actif
cpt_004551,cli_004551,2026-08-21,34,Kaolack,actif
cpt_004552,cli_004552,2024-10-20,704,Mbour,actif
cpt_004553,cli_004553,2026-07-02,84,Pikine,actif
cpt_004554,cli_004554,2025-07-29,422,Pikine,actif
cpt_004555,cli_004555,2024-11-10,683,Mbour,actif
cpt_004556,cli_004556,2026-04-01,176,Ziguinchor,actif
cpt_004557,cli_004557,2025-09-11,378,Pikine,actif
cpt_004558,cli_004558,2025-01-23,609,Guédiawaye,fermé
cpt_004559,cli_004559,2026-03-16,192,Kaolack,actif
cpt_004560,cli_004560,2026-07-14,72,Kaolack,actif
cpt_004561,cli_004561,2025-10-10,349,Ziguinchor,actif
cpt_004562,cli_004562,2025-02-23,578,Pikine,actif
cpt_004563,cli_004563,2025-07-29,422,Dakar-Plateau,actif
cpt_004564,cli_004564,2025-11-05,323,Parcelles Assainies,actif
cpt_004565,cli_004565,2025-06-19,462,Pikine,actif
cpt_004566,cli_004566,2026-08-18,37,Kaolack,actif
cpt_004567,cli_004567,2026-01-16,251,Dakar-Plateau,actif
cpt_004568,cli_004568,2024-12-25,638,Thiès,actif
cpt_004569,cli_004569,2025-12-16,282,Kaolack,actif
cpt_004570,cli_004570,2024-10-21,703,Diourbel,actif
cpt_004571,cli_004571,2025-08-22,398,Mbour,actif
cpt_004572,cli_004572,2024-11-12,681,Ziguinchor,actif
cpt_004573,cli_004573,2025-06-26,455,Dakar-Plateau,actif
cpt_004574,cli_004574,2025-11-26,302,Guédiawaye,actif
cpt_004575,cli_004575,2024-11-24,669,Dakar-Plateau,actif
cpt_004576,cli_004576,2026-03-14,194,Diourbel,actif
cpt_004577,cli_004577,2025-12-12,286,Kaolack,actif
cpt_004578,cli_004578,2025-04-15,527,Dakar-Plateau,suspendu
cpt_004579,cli_004579,2024-12-26,637,Dakar-Plateau,actif
cpt_004580,cli_004580,2026-05-07,140,Guédiawaye,actif
cpt_004581,cli_004581,2024-09-29,725,Pikine,actif
cpt_004582,cli_004582,2025-11-18,310,Saint-Louis,actif
cpt_004583,cli_004583,2026-01-19,248,Dakar-Plateau,actif
cpt_004584,cli_004584,2026-06-25,91,Saint-Louis,actif
cpt_004585,cli_004585,2026-09-06,18,Rufisque,actif
cpt_004586,cli_004586,2025-08-16,404,Guédiawaye,actif
cpt_004587,cli_004587,2025-07-11,440,Dakar-Plateau,actif
cpt_004588,cli_004588,2026-07-18,68,Diourbel,actif
cpt_004589,cli_004589,2024-12-07,656,Thiès,actif
cpt_004590,cli_004590,2025-08-24,396,Parcelles Assainies,actif
cpt_004591,cli_004591,2026-08-19,36,Guédiawaye,actif
cpt_004592,cli_004592,2025-01-18,614,Kaolack,actif
cpt_004593,cli_004593,2026-05-03,144,Saint-Louis,actif
cpt_004594,cli_004594,2025-05-24,488,Saint-Louis,actif
cpt_004595,cli_004595,2025-05-22,490,Thiès,actif
cpt_004596,cli_004596,2025-02-10,591,Kaolack,actif
cpt_004597,cli_004597,2025-02-14,587,Pikine,actif
cpt_004598,cli_004598,2024-10-05,719,Mbour,actif
cpt_004599,cli_004599,2026-07-26,60,Parcelles Assainies,actif
cpt_004600,cli_004600,2026-01-03,264,Thiès,actif
cpt_004601,cli_004601,2026-01-05,262,Diourbel,actif
cpt_004602,cli_004602,2025-12-27,271,Diourbel,actif
cpt_004603,cli_004603,2026-04-03,174,Rufisque,actif
cpt_004604,cli_004604,2026-04-09,168,Thiès,actif
cpt_004605,cli_004605,2024-10-21,703,Kaolack,actif
cpt_004606,cli_004606,2024-12-09,654,Diourbel,actif
cpt_004607,cli_004607,2025-05-15,497,Touba,actif
cpt_004608,cli_004608,2025-08-17,403,Dakar-Plateau,actif
cpt_004609,cli_004609,2025-10-16,343,Guédiawaye,actif
cpt_004610,cli_004610,2025-05-16,496,Kaolack,actif
cpt_004611,cli_004611,2025-01-03,629,Touba,actif
cpt_004612,cli_004612,2025-11-18,310,Touba,actif
cpt_004613,cli_004613,2025-08-31,389,Mbour,actif
cpt_004614,cli_004614,2024-11-30,663,Parcelles Assainies,actif
cpt_004615,cli_004615,2024-11-30,663,Parcelles Assainies,actif
cpt_004616,cli_004616,2026-04-11,166,Saint-Louis,actif
cpt_004617,cli_004617,2026-04-03,174,Pikine,actif
cpt_004618,cli_004618,2026-04-30,147,Mbour,fermé
cpt_004619,cli_004619,2026-09-07,17,Touba,actif
cpt_004620,cli_004620,2025-05-09,503,Saint-Louis,actif
cpt_004621,cli_004621,2025-11-18,310,Pikine,actif
cpt_004622,cli_004622,2026-09-04,20,Touba,actif
cpt_004623,cli_004623,2026-05-02,145,Dakar-Plateau,actif
cpt_004624,cli_004624,2025-09-01,388,Dakar-Plateau,fermé
cpt_004625,cli_004625,2025-01-23,609,Parcelles Assainies,actif
cpt_004626,cli_004626,2025-05-29,483,Dakar-Plateau,actif
cpt_004627,cli_004627,2025-08-31,389,Ziguinchor,actif
cpt_004628,cli_004628,2026-05-11,136,Kaolack,actif
cpt_004629,cli_004629,2026-02-28,208,Dakar-Plateau,actif
cpt_004630,cli_004630,2025-03-03,570,Saint-Louis,actif
cpt_004631,cli_004631,2025-03-09,564,Rufisque,actif
cpt_004632,cli_004632,2024-12-31,632,Mbour,actif
cpt_004633,cli_004633,2025-09-05,384,Kaolack,actif
cpt_004634,cli_004634,2026-03-08,200,Thiès,actif
cpt_004635,cli_004635,2025-09-22,367,Dakar-Plateau,actif
cpt_004636,cli_004636,2024-12-12,651,Dakar-Plateau,actif
cpt_004637,cli_004637,2026-05-19,128,Rufisque,actif
cpt_004638,cli_004638,2025-01-16,616,Ziguinchor,actif
cpt_004639,cli_004639,2024-10-01,723,Thiès,actif
cpt_004640,cli_004640,2025-02-07,594,Guédiawaye,actif
cpt_004641,cli_004641,2025-06-04,477,Dakar-Plateau,actif
cpt_004642,cli_004642,2025-11-29,299,Ziguinchor,actif
cpt_004643,cli_004643,2025-01-12,620,Guédiawaye,actif
cpt_004644,cli_004644,2026-05-29,118,Mbour,actif
cpt_004645,cli_004645,2025-03-19,554,Mbour,actif
cpt_004646,cli_004646,2025-12-07,291,Pikine,actif
cpt_004647,cli_004647,2025-09-25,364,Dakar-Plateau,actif
cpt_004648,cli_004648,2025-10-21,338,Guédiawaye,actif
cpt_004649,cli_004649,2026-09-17,7,Pikine,actif
cpt_004650,cli_004650,2024-10-05,719,Mbour,actif
cpt_004651,cli_004651,2025-05-26,486,Saint-Louis,actif
cpt_004652,cli_004652,2025-07-17,434,Pikine,actif
cpt_004653,cli_004653,2026-07-13,73,Rufisque,actif
cpt_004654,cli_004654,2025-03-06,567,Dakar-Plateau,actif
cpt_004655,cli_004655,2024-10-23,701,Dakar-Plateau,actif
cpt_004656,cli_004656,2025-02-07,594,Touba,actif
cpt_004657,cli_004657,2026-03-26,182,Saint-Louis,actif
cpt_004658,cli_004658,2026-05-16,131,Touba,actif
cpt_004659,cli_004659,2026-01-01,266,Dakar-Plateau,actif
cpt_004660,cli_004660,2026-09-09,15,Rufisque,actif
cpt_004661,cli_004661,2025-08-21,399,Parcelles Assainies,actif
cpt_004662,cli_004662,2025-10-26,333,Diourbel,actif
cpt_004663,cli_004663,2025-09-22,367,Mbour,actif
cpt_004664,cli_004664,2024-10-03,721,Ziguinchor,actif
cpt_004665,cli_004665,2025-06-04,477,Dakar-Plateau,actif
cpt_004666,cli_004666,2025-11-28,300,Parcelles Assainies,actif
cpt_004667,cli_004667,2025-03-02,571,Touba,actif
cpt_004668,cli_004668,2025-12-28,270,Guédiawaye,actif
cpt_004669,cli_004669,2025-03-23,550,Thiès,actif
cpt_004670,cli_004670,2024-11-15,678,Rufisque,actif
cpt_004671,cli_004671,2024-12-01,662,Diourbel,actif
cpt_004672,cli_004672,2025-09-13,376,Dakar-Plateau,actif
cpt_004673,cli_004673,2025-10-17,342,Ziguinchor,actif
cpt_004674,cli_004674,2025-12-12,286,Parcelles Assainies,actif
cpt_004675,cli_004675,2025-09-03,386,Parcelles Assainies,actif
cpt_004676,cli_004676,2024-11-11,682,Rufisque,fermé
cpt_004677,cli_004677,2024-12-27,636,Pikine,actif
cpt_004678,cli_004678,2025-07-10,441,Diourbel,actif
cpt_004679,cli_004679,2026-03-05,203,Ziguinchor,actif
cpt_004680,cli_004680,2025-12-23,275,Diourbel,actif
cpt_004681,cli_004681,2026-03-29,179,Diourbel,actif
cpt_004682,cli_004682,2026-05-11,136,Mbour,actif
cpt_004683,cli_004683,2026-09-20,4,Parcelles Assainies,actif
cpt_004684,cli_004684,2025-03-08,565,Kaolack,actif
cpt_004685,cli_004685,2025-04-05,537,Dakar-Plateau,actif
cpt_004686,cli_004686,2026-05-19,128,Saint-Louis,actif
cpt_004687,cli_004687,2025-05-14,498,Rufisque,actif
cpt_004688,cli_004688,2026-05-27,120,Mbour,actif
cpt_004689,cli_004689,2026-03-06,202,Guédiawaye,actif
cpt_004690,cli_004690,2026-03-22,186,Guédiawaye,actif
cpt_004691,cli_004691,2026-06-21,95,Dakar-Plateau,actif
cpt_004692,cli_004692,2025-04-10,532,Parcelles Assainies,actif
cpt_004693,cli_004693,2026-08-27,28,Parcelles Assainies,actif
cpt_004694,cli_004694,2025-12-06,292,Pikine,actif
cpt_004695,cli_004695,2025-10-06,353,Pikine,actif
cpt_004696,cli_004696,2025-08-03,417,Thiès,actif
cpt_004697,cli_004697,2026-05-05,142,Pikine,actif
cpt_004698,cli_004698,2025-10-15,344,Saint-Louis,actif
cpt_004699,cli_004699,2025-02-23,578,Dakar-Plateau,actif
cpt_004700,cli_004700,2025-12-25,273,Thiès,actif
cpt_004701,cli_004701,2024-11-04,689,Dakar-Plateau,actif
cpt_004702,cli_004702,2025-11-14,314,Rufisque,actif
cpt_004703,cli_004703,2025-03-08,565,Rufisque,actif
cpt_004704,cli_004704,2026-07-06,80,Thiès,actif
cpt_004705,cli_004705,2025-01-14,618,Parcelles Assainies,actif
cpt_004706,cli_004706,2025-10-10,349,Rufisque,actif
cpt_004707,cli_004707,2024-10-03,721,Dakar-Plateau,actif
cpt_004708,cli_004708,2025-05-03,509,Parcelles Assainies,actif
cpt_004709,cli_004709,2025-04-04,538,Guédiawaye,actif
cpt_004710,cli_004710,2026-06-09,107,Mbour,actif
cpt_004711,cli_004711,2025-08-07,413,Parcelles Assainies,actif
cpt_004712,cli_004712,2025-04-06,536,Touba,actif
cpt_004713,cli_004713,2025-02-14,587,Parcelles Assainies,suspendu
cpt_004714,cli_004714,2025-12-25,273,Pikine,actif
cpt_004715,cli_004715,2025-08-08,412,Pikine,actif
cpt_004716,cli_004716,2026-05-22,125,Dakar-Plateau,actif
cpt_004717,cli_004717,2025-11-16,312,Rufisque,actif
cpt_004718,cli_004718,2025-10-16,343,Saint-Louis,actif
cpt_004719,cli_004719,2026-09-02,22,Touba,actif
cpt_004720,cli_004720,2024-11-24,669,Parcelles Assainies,actif
cpt_004721,cli_004721,2025-06-14,467,Dakar-Plateau,actif
cpt_004722,cli_004722,2026-05-17,130,Kaolack,actif
cpt_004723,cli_004723,2024-12-12,651,Dakar-Plateau,actif
cpt_004724,cli_004724,2025-05-07,505,Guédiawaye,actif
cpt_004725,cli_004725,2025-05-07,505,Kaolack,actif
cpt_004726,cli_004726,2024-11-14,679,Guédiawaye,fermé
cpt_004727,cli_004727,2025-12-03,295,Dakar-Plateau,actif
cpt_004728,cli_004728,2026-01-12,255,Pikine,actif
cpt_004729,cli_004729,2025-07-01,450,Thiès,actif
cpt_004730,cli_004730,2024-12-18,645,Dakar-Plateau,actif
cpt_004731,cli_004731,2025-02-12,589,Mbour,actif
cpt_004732,cli_004732,2025-03-02,571,Parcelles Assainies,actif
cpt_004733,cli_004733,2025-03-18,555,Guédiawaye,actif
cpt_004734,cli_004734,2026-08-30,25,Pikine,actif
cpt_004735,cli_004735,2025-10-04,355,Saint-Louis,actif
cpt_004736,cli_004736,2026-01-09,258,Guédiawaye,actif
cpt_004737,cli_004737,2026-01-03,264,Touba,actif
cpt_004738,cli_004738,2025-01-08,624,Parcelles Assainies,actif
cpt_004739,cli_004739,2025-12-09,289,Dakar-Plateau,actif
cpt_004740,cli_004740,2025-01-23,609,Parcelles Assainies,actif
cpt_004741,cli_004741,2024-12-02,661,Rufisque,actif
cpt_004742,cli_004742,2025-10-29,330,Parcelles Assainies,actif
cpt_004743,cli_004743,2026-05-25,122,Saint-Louis,actif
cpt_004744,cli_004744,2025-05-03,509,Ziguinchor,actif
cpt_004745,cli_004745,2025-01-05,627,Touba,actif
cpt_004746,cli_004746,2025-12-02,296,Thiès,actif
cpt_004747,cli_004747,2026-05-07,140,Rufisque,actif
cpt_004748,cli_004748,2025-09-10,379,Thiès,actif
cpt_004749,cli_004749,2024-10-12,712,Pikine,actif
cpt_004750,cli_004750,2025-09-13,376,Saint-Louis,actif
cpt_004751,cli_004751,2025-11-01,327,Kaolack,actif
cpt_004752,cli_004752,2025-11-07,321,Pikine,actif
cpt_004753,cli_004753,2025-04-11,531,Kaolack,actif
cpt_004754,cli_004754,2026-01-22,245,Saint-Louis,actif
cpt_004755,cli_004755,2025-04-11,531,Parcelles Assainies,actif
cpt_004756,cli_004756,2024-10-07,717,Kaolack,actif
cpt_004757,cli_004757,2025-03-11,562,Dakar-Plateau,actif
cpt_004758,cli_004758,2024-11-16,677,Dakar-Plateau,actif
cpt_004759,cli_004759,2025-02-27,574,Guédiawaye,actif
cpt_004760,cli_004760,2025-01-19,613,Thiès,actif
cpt_004761,cli_004761,2026-08-30,25,Guédiawaye,actif
cpt_004762,cli_004762,2026-01-13,254,Ziguinchor,actif
cpt_004763,cli_004763,2026-03-08,200,Pikine,actif
cpt_004764,cli_004764,2025-01-03,629,Pikine,actif
cpt_004765,cli_004765,2026-04-11,166,Thiès,actif
cpt_004766,cli_004766,2024-10-18,706,Dakar-Plateau,actif
cpt_004767,cli_004767,2025-05-04,508,Touba,actif
cpt_004768,cli_004768,2026-06-25,91,Guédiawaye,actif
cpt_004769,cli_004769,2025-05-13,499,Diourbel,actif
cpt_004770,cli_004770,2026-01-17,250,Mbour,actif
cpt_004771,cli_004771,2026-02-20,216,Dakar-Plateau,actif
cpt_004772,cli_004772,2024-10-02,722,Dakar-Plateau,actif
cpt_004773,cli_004773,2025-02-22,579,Dakar-Plateau,actif
cpt_004774,cli_004774,2025-03-20,553,Ziguinchor,actif
cpt_004775,cli_004775,2026-02-09,227,Mbour,actif
cpt_004776,cli_004776,2025-05-28,484,Parcelles Assainies,actif
cpt_004777,cli_004777,2026-01-18,249,Dakar-Plateau,actif
cpt_004778,cli_004778,2025-07-14,437,Kaolack,actif
cpt_004779,cli_004779,2025-12-07,291,Dakar-Plateau,actif
cpt_004780,cli_004780,2025-07-06,445,Mbour,actif
cpt_004781,cli_004781,2025-04-03,539,Touba,actif
cpt_004782,cli_004782,2026-02-08,228,Pikine,suspendu
cpt_004783,cli_004783,2026-09-16,8,Rufisque,actif
cpt_004784,cli_004784,2026-07-18,68,Pikine,actif
cpt_004785,cli_004785,2024-12-06,657,Guédiawaye,actif
cpt_004786,cli_004786,2024-10-25,699,Diourbel,actif
cpt_004787,cli_004787,2025-05-09,503,Mbour,actif
cpt_004788,cli_004788,2026-07-07,79,Saint-Louis,actif
cpt_004789,cli_004789,2025-07-24,427,Rufisque,actif
cpt_004790,cli_004790,2025-11-14,314,Pikine,actif
cpt_004791,cli_004791,2026-04-03,174,Touba,actif
cpt_004792,cli_004792,2025-12-25,273,Rufisque,actif
cpt_004793,cli_004793,2025-03-04,569,Dakar-Plateau,actif
cpt_004794,cli_004794,2024-09-28,726,Parcelles Assainies,actif
cpt_004795,cli_004795,2024-12-27,636,Thiès,actif
cpt_004796,cli_004796,2026-04-28,149,Touba,actif
cpt_004797,cli_004797,2025-09-25,364,Pikine,actif
cpt_004798,cli_004798,2025-09-03,386,Kaolack,actif
cpt_004799,cli_004799,2026-02-23,213,Guédiawaye,actif
cpt_004800,cli_004800,2025-11-12,316,Pikine,actif
cpt_004801,cli_004801,2025-12-23,275,Dakar-Plateau,actif
cpt_004802,cli_004802,2026-08-06,49,Saint-Louis,actif
cpt_004803,cli_004803,2025-11-25,303,Guédiawaye,actif
cpt_004804,cli_004804,2026-01-04,263,Parcelles Assainies,actif
cpt_004805,cli_004805,2026-02-15,221,Pikine,actif
cpt_004806,cli_004806,2025-07-06,445,Mbour,actif
cpt_004807,cli_004807,2025-04-24,518,Touba,actif
cpt_004808,cli_004808,2026-08-24,31,Guédiawaye,actif
cpt_004809,cli_004809,2026-01-18,249,Ziguinchor,actif
cpt_004810,cli_004810,2026-09-05,19,Dakar-Plateau,actif
cpt_004811,cli_004811,2025-02-03,598,Dakar-Plateau,actif
cpt_004812,cli_004812,2024-11-18,675,Thiès,actif
cpt_004813,cli_004813,2025-10-22,337,Mbour,actif
cpt_004814,cli_004814,2024-11-06,687,Pikine,actif
cpt_004815,cli_004815,2025-06-25,456,Rufisque,actif
cpt_004816,cli_004816,2024-12-30,633,Pikine,actif
cpt_004817,cli_004817,2024-11-05,688,Rufisque,actif
cpt_004818,cli_004818,2025-07-24,427,Mbour,actif
cpt_004819,cli_004819,2025-11-04,324,Diourbel,actif
cpt_004820,cli_004820,2025-04-05,537,Parcelles Assainies,actif
cpt_004821,cli_004821,2026-05-24,123,Thiès,fermé
cpt_004822,cli_004822,2026-02-22,214,Thiès,actif
cpt_004823,cli_004823,2025-08-23,397,Pikine,actif
cpt_004824,cli_004824,2026-05-04,143,Pikine,actif
cpt_004825,cli_004825,2025-09-28,361,Diourbel,actif
cpt_004826,cli_004826,2025-01-10,622,Dakar-Plateau,actif
cpt_004827,cli_004827,2025-03-02,571,Saint-Louis,actif
cpt_004828,cli_004828,2024-12-15,648,Dakar-Plateau,actif
cpt_004829,cli_004829,2025-01-08,624,Saint-Louis,actif
cpt_004830,cli_004830,2026-01-26,241,Dakar-Plateau,actif
cpt_004831,cli_004831,2025-04-23,519,Diourbel,actif
cpt_004832,cli_004832,2025-12-26,272,Mbour,actif
cpt_004833,cli_004833,2024-10-16,708,Dakar-Plateau,actif
cpt_004834,cli_004834,2026-05-19,128,Mbour,actif
cpt_004835,cli_004835,2026-03-15,193,Thiès,actif
cpt_004836,cli_004836,2024-11-08,685,Guédiawaye,actif
cpt_004837,cli_004837,2026-04-02,175,Pikine,actif
cpt_004838,cli_004838,2025-06-29,452,Touba,actif
cpt_004839,cli_004839,2026-02-27,209,Touba,actif
cpt_004840,cli_004840,2026-03-04,204,Guédiawaye,actif
cpt_004841,cli_004841,2025-05-25,487,Kaolack,actif
cpt_004842,cli_004842,2025-02-21,580,Pikine,actif
cpt_004843,cli_004843,2026-04-07,170,Dakar-Plateau,actif
cpt_004844,cli_004844,2024-10-07,717,Thiès,actif
cpt_004845,cli_004845,2026-07-24,62,Dakar-Plateau,actif
cpt_004846,cli_004846,2026-07-16,70,Pikine,actif
cpt_004847,cli_004847,2024-10-15,709,Rufisque,actif
cpt_004848,cli_004848,2026-08-14,41,Pikine,actif
cpt_004849,cli_004849,2026-02-06,230,Dakar-Plateau,actif
cpt_004850,cli_004850,2026-07-01,85,Mbour,actif
cpt_004851,cli_004851,2026-04-18,159,Rufisque,actif
cpt_004852,cli_004852,2026-08-04,51,Saint-Louis,actif
cpt_004853,cli_004853,2026-01-05,262,Thiès,actif
cpt_004854,cli_004854,2026-02-20,216,Parcelles Assainies,actif
cpt_004855,cli_004855,2026-05-31,116,Pikine,actif
cpt_004856,cli_004856,2025-04-21,521,Saint-Louis,actif
cpt_004857,cli_004857,2026-09-01,23,Dakar-Plateau,actif
cpt_004858,cli_004858,2025-10-16,343,Pikine,actif
cpt_004859,cli_004859,2026-02-14,222,Saint-Louis,actif
cpt_004860,cli_004860,2025-06-09,472,Touba,actif
cpt_004861,cli_004861,2026-01-20,247,Thiès,actif
cpt_004862,cli_004862,2025-10-18,341,Dakar-Plateau,actif
cpt_004863,cli_004863,2025-02-13,588,Dakar-Plateau,actif
cpt_004864,cli_004864,2026-06-13,103,Rufisque,actif
cpt_004865,cli_004865,2025-11-14,314,Touba,actif
cpt_004866,cli_004866,2025-08-12,408,Parcelles Assainies,actif
cpt_004867,cli_004867,2025-04-06,536,Dakar-Plateau,actif
cpt_004868,cli_004868,2025-08-29,391,Dakar-Plateau,actif
cpt_004869,cli_004869,2025-04-09,533,Thiès,actif
cpt_004870,cli_004870,2025-02-23,578,Mbour,actif
cpt_004871,cli_004871,2025-02-25,576,Dakar-Plateau,actif
cpt_004872,cli_004872,2025-07-06,445,Dakar-Plateau,actif
cpt_004873,cli_004873,2024-11-23,670,Pikine,actif
cpt_004874,cli_004874,2026-09-09,15,Dakar-Plateau,actif
cpt_004875,cli_004875,2025-09-25,364,Rufisque,actif
cpt_004876,cli_004876,2025-02-19,582,Dakar-Plateau,actif
cpt_004877,cli_004877,2026-07-12,74,Thiès,actif
cpt_004878,cli_004878,2025-02-06,595,Touba,actif
cpt_004879,cli_004879,2026-08-29,26,Diourbel,actif
cpt_004880,cli_004880,2025-03-02,571,Ziguinchor,actif
cpt_004881,cli_004881,2026-05-11,136,Pikine,actif
cpt_004882,cli_004882,2025-05-29,483,Dakar-Plateau,actif
cpt_004883,cli_004883,2025-01-29,603,Guédiawaye,actif
cpt_004884,cli_004884,2025-02-07,594,Mbour,actif
cpt_004885,cli_004885,2025-08-01,419,Dakar-Plateau,actif
cpt_004886,cli_004886,2024-12-01,662,Guédiawaye,actif
cpt_004887,cli_004887,2026-06-16,100,Pikine,fermé
cpt_004888,cli_004888,2026-04-06,171,Dakar-Plateau,actif
cpt_004889,cli_004889,2026-06-20,96,Mbour,actif
cpt_004890,cli_004890,2025-04-19,523,Mbour,actif
cpt_004891,cli_004891,2024-12-17,646,Rufisque,actif
cpt_004892,cli_004892,2024-11-16,677,Ziguinchor,actif
cpt_004893,cli_004893,2025-09-09,380,Dakar-Plateau,actif
cpt_004894,cli_004894,2026-06-19,97,Dakar-Plateau,actif
cpt_004895,cli_004895,2026-05-23,124,Guédiawaye,actif
cpt_004896,cli_004896,2025-06-26,455,Mbour,actif
cpt_004897,cli_004897,2024-12-13,650,Thiès,actif
cpt_004898,cli_004898,2024-10-05,719,Dakar-Plateau,actif
cpt_004899,cli_004899,2025-04-19,523,Ziguinchor,actif
cpt_004900,cli_004900,2024-12-22,641,Pikine,actif
cpt_004901,cli_004901,2025-10-11,348,Guédiawaye,actif
cpt_004902,cli_004902,2026-05-07,140,Thiès,actif
cpt_004903,cli_004903,2025-10-22,337,Ziguinchor,actif
cpt_004904,cli_004904,2026-07-16,70,Mbour,actif
cpt_004905,cli_004905,2025-05-21,491,Ziguinchor,actif
cpt_004906,cli_004906,2026-01-29,238,Dakar-Plateau,actif
cpt_004907,cli_004907,2026-01-21,246,Thiès,actif
cpt_004908,cli_004908,2026-09-24,0,Saint-Louis,actif
cpt_004909,cli_004909,2024-09-28,726,Rufisque,actif
cpt_004910,cli_004910,2025-11-19,309,Guédiawaye,actif
cpt_004911,cli_004911,2025-03-05,568,Diourbel,actif
cpt_004912,cli_004912,2025-09-12,377,Dakar-Plateau,actif
cpt_004913,cli_004913,2025-06-13,468,Parcelles Assainies,actif
cpt_004914,cli_004914,2025-10-20,339,Kaolack,actif
cpt_004915,cli_004915,2025-05-13,499,Kaolack,fermé
cpt_004916,cli_004916,2026-05-01,146,Diourbel,actif
cpt_004917,cli_004917,2024-09-27,727,Kaolack,actif
cpt_004918,cli_004918,2025-11-17,311,Dakar-Plateau,actif
cpt_004919,cli_004919,2026-09-20,4,Ziguinchor,actif
cpt_004920,cli_004920,2024-10-31,693,Parcelles Assainies,actif
cpt_004921,cli_004921,2026-09-11,13,Mbour,actif
cpt_004922,cli_004922,2025-10-18,341,Guédiawaye,actif
cpt_004923,cli_004923,2025-03-02,571,Saint-Louis,actif
cpt_004924,cli_004924,2025-12-30,268,Thiès,fermé
cpt_004925,cli_004925,2026-04-25,152,Saint-Louis,actif
cpt_004926,cli_004926,2026-04-01,176,Dakar-Plateau,actif
cpt_004927,cli_004927,2025-05-13,499,Dakar-Plateau,actif
cpt_004928,cli_004928,2025-08-03,417,Parcelles Assainies,actif
cpt_004929,cli_004929,2025-09-22,367,Dakar-Plateau,actif
cpt_004930,cli_004930,2025-09-15,374,Mbour,actif
cpt_004931,cli_004931,2026-02-03,233,Pikine,actif
cpt_004932,cli_004932,2024-11-14,679,Rufisque,actif
cpt_004933,cli_004933,2026-04-12,165,Dakar-Plateau,actif
cpt_004934,cli_004934,2025-01-25,607,Dakar-Plateau,actif
cpt_004935,cli_004935,2025-03-07,566,Thiès,actif
cpt_004936,cli_004936,2026-09-21,3,Pikine,actif
cpt_004937,cli_004937,2026-05-26,121,Dakar-Plateau,actif
cpt_004938,cli_004938,2025-08-19,401,Pikine,actif
cpt_004939,cli_004939,2026-06-01,115,Dakar-Plateau,actif
cpt_004940,cli_004940,2025-01-11,621,Thiès,actif
cpt_004941,cli_004941,2025-11-08,320,Dakar-Plateau,actif
cpt_004942,cli_004942,2025-01-23,609,Guédiawaye,actif
cpt_004943,cli_004943,2026-07-03,83,Mbour,actif
cpt_004944,cli_004944,2026-09-10,14,Rufisque,actif
cpt_004945,cli_004945,2025-06-13,468,Thiès,actif
cpt_004946,cli_004946,2025-02-19,582,Pikine,actif
cpt_004947,cli_004947,2024-10-01,723,Ziguinchor,actif
cpt_004948,cli_004948,2025-02-28,573,Parcelles Assainies,actif
cpt_004949,cli_004949,2025-03-28,545,Pikine,actif
cpt_004950,cli_004950,2026-08-13,42,Kaolack,actif
cpt_004951,cli_004951,2025-07-12,439,Mbour,actif
cpt_004952,cli_004952,2025-04-21,521,Thiès,actif
cpt_004953,cli_004953,2025-12-13,285,Kaolack,actif
cpt_004954,cli_004954,2024-09-25,729,Dakar-Plateau,actif
cpt_004955,cli_004955,2024-10-04,720,Saint-Louis,suspendu
cpt_004956,cli_004956,2025-01-07,625,Mbour,actif
cpt_004957,cli_004957,2024-12-21,642,Guédiawaye,actif
cpt_004958,cli_004958,2025-08-06,414,Pikine,actif
cpt_004959,cli_004959,2025-02-06,595,Dakar-Plateau,actif
cpt_004960,cli_004960,2026-08-07,48,Ziguinchor,actif
cpt_004961,cli_004961,2026-04-10,167,Dakar-Plateau,actif
cpt_004962,cli_004962,2025-05-29,483,Pikine,actif
cpt_004963,cli_004963,2026-06-29,87,Mbour,actif
cpt_004964,cli_004964,2025-02-09,592,Touba,actif
cpt_004965,cli_004965,2026-05-21,126,Dakar-Plateau,actif
cpt_004966,cli_004966,2026-01-12,255,Saint-Louis,actif
cpt_004967,cli_004967,2026-03-20,188,Rufisque,actif
cpt_004968,cli_004968,2025-08-26,394,Saint-Louis,actif
cpt_004969,cli_004969,2026-07-26,60,Dakar-Plateau,actif
cpt_004970,cli_004970,2025-02-12,589,Dakar-Plateau,actif
cpt_004971,cli_004971,2024-12-19,644,Thiès,actif
cpt_004972,cli_004972,2025-03-29,544,Dakar-Plateau,actif
cpt_004973,cli_004973,2026-05-15,132,Rufisque,actif
cpt_004974,cli_004974,2026-02-27,209,Dakar-Plateau,actif
cpt_004975,cli_004975,2026-04-15,162,Touba,actif
cpt_004976,cli_004976,2025-07-16,435,Kaolack,actif
cpt_004977,cli_004977,2024-12-17,646,Saint-Louis,actif
cpt_004978,cli_004978,2024-12-22,641,Ziguinchor,actif
cpt_004979,cli_004979,2024-10-29,695,Kaolack,suspendu
cpt_004980,cli_004980,2025-05-12,500,Parcelles Assainies,actif
cpt_004981,cli_004981,2026-04-19,158,Guédiawaye,actif
cpt_004982,cli_004982,2025-12-11,287,Kaolack,actif
cpt_004983,cli_004983,2026-02-21,215,Ziguinchor,actif
cpt_004984,cli_004984,2026-08-10,45,Diourbel,actif
cpt_004985,cli_004985,2025-02-17,584,Touba,suspendu
cpt_004986,cli_004986,2025-07-29,422,Dakar-Plateau,actif
cpt_004987,cli_004987,2024-10-20,704,Ziguinchor,actif
cpt_004988,cli_004988,2025-01-22,610,Ziguinchor,fermé
cpt_004989,cli_004989,2025-06-11,470,Mbour,actif
cpt_004990,cli_004990,2026-08-27,28,Kaolack,actif
cpt_004991,cli_004991,2025-11-08,320,Thiès,actif
cpt_004992,cli_004992,2025-10-14,345,Ziguinchor,actif
cpt_004993,cli_004993,2025-05-24,488,Dakar-Plateau,actif
cpt_004994,cli_004994,2025-08-08,412,Kaolack,actif
cpt_004995,cli_004995,2025-03-07,566,Dakar-Plateau,actif
cpt_004996,cli_004996,2026-09-08,16,Guédiawaye,actif
cpt_004997,cli_004997,2026-07-06,80,Dakar-Plateau,actif
cpt_004998,cli_004998,2024-11-02,691,Parcelles Assainies,actif
cpt_004999,cli_004999,2025-11-13,315,Pikine,actif
cpt_005000,cli_005000,2025-02-03,598,Ziguinchor,actif
cpt_005001,cli_005001,2025-01-07,625,Rufisque,actif
cpt_005002,cli_005002,2026-06-28,88,Kaolack,actif
cpt_005003,cli_005003,2025-04-30,512,Pikine,actif
cpt_005004,cli_005004,2026-05-23,124,Dakar-Plateau,actif
cpt_005005,cli_005005,2026-06-06,110,Touba,actif
cpt_005006,cli_005006,2026-04-02,175,Mbour,actif
cpt_005007,cli_005007,2025-03-24,549,Rufisque,actif
cpt_005008,cli_005008,2026-07-22,64,Saint-Louis,suspendu
cpt_005009,cli_005009,2025-05-28,484,Saint-Louis,actif
cpt_005010,cli_005010,2025-12-21,277,Thiès,actif
cpt_005011,cli_005011,2026-03-19,189,Diourbel,actif
cpt_005012,cli_005012,2026-04-02,175,Touba,actif
cpt_005013,cli_005013,2026-01-18,249,Mbour,actif
cpt_005014,cli_005014,2026-01-16,251,Guédiawaye,actif
cpt_005015,cli_005015,2026-02-09,227,Dakar-Plateau,actif
cpt_005016,cli_005016,2025-09-15,374,Pikine,actif
cpt_005017,cli_005017,2024-09-29,725,Touba,actif
cpt_005018,cli_005018,2025-10-31,328,Mbour,actif
cpt_005019,cli_005019,2026-05-16,131,Guédiawaye,actif
cpt_005020,cli_005020,2025-07-08,443,Thiès,actif
cpt_005021,cli_005021,2025-01-31,601,Dakar-Plateau,actif
cpt_005022,cli_005022,2025-07-15,436,Pikine,actif
cpt_005023,cli_005023,2025-09-05,384,Ziguinchor,actif
cpt_005024,cli_005024,2025-05-26,486,Parcelles Assainies,actif
cpt_005025,cli_005025,2024-12-25,638,Pikine,actif
cpt_005026,cli_005026,2026-07-30,56,Parcelles Assainies,actif
cpt_005027,cli_005027,2024-10-09,715,Guédiawaye,actif
cpt_005028,cli_005028,2024-12-11,652,Touba,actif
cpt_005029,cli_005029,2024-10-26,698,Diourbel,actif
cpt_005030,cli_005030,2025-09-26,363,Thiès,actif
cpt_005031,cli_005031,2025-01-10,622,Thiès,actif
cpt_005032,cli_005032,2026-07-30,56,Guédiawaye,actif
cpt_005033,cli_005033,2025-11-27,301,Thiès,actif
cpt_005034,cli_005034,2024-12-21,642,Pikine,actif
cpt_005035,cli_005035,2026-03-10,198,Dakar-Plateau,actif
cpt_005036,cli_005036,2025-03-17,556,Kaolack,actif
cpt_005037,cli_005037,2026-02-07,229,Parcelles Assainies,actif
cpt_005038,cli_005038,2025-07-23,428,Rufisque,actif
cpt_005039,cli_005039,2025-06-08,473,Dakar-Plateau,actif
cpt_005040,cli_005040,2024-12-24,639,Saint-Louis,actif
cpt_005041,cli_005041,2026-01-18,249,Dakar-Plateau,actif
cpt_005042,cli_005042,2025-02-26,575,Parcelles Assainies,actif
cpt_005043,cli_005043,2025-11-11,317,Saint-Louis,actif
cpt_005044,cli_005044,2025-12-13,285,Parcelles Assainies,actif
cpt_005045,cli_005045,2026-07-31,55,Ziguinchor,actif
cpt_005046,cli_005046,2026-07-31,55,Dakar-Plateau,actif
cpt_005047,cli_005047,2025-03-13,560,Touba,fermé
cpt_005048,cli_005048,2026-07-12,74,Diourbel,actif
cpt_005049,cli_005049,2026-07-05,81,Rufisque,actif
cpt_005050,cli_005050,2026-05-15,132,Mbour,actif
cpt_005051,cli_005051,2026-01-23,244,Guédiawaye,actif
cpt_005052,cli_005052,2026-05-28,119,Touba,actif
cpt_005053,cli_005053,2025-07-24,427,Kaolack,actif
cpt_005054,cli_005054,2025-02-05,596,Mbour,actif
cpt_005055,cli_005055,2025-09-01,388,Ziguinchor,actif
cpt_005056,cli_005056,2025-05-31,481,Thiès,actif
cpt_005057,cli_005057,2024-12-15,648,Thiès,actif
cpt_005058,cli_005058,2024-12-14,649,Pikine,actif
cpt_005059,cli_005059,2025-06-01,480,Mbour,actif
cpt_005060,cli_005060,2026-08-08,47,Kaolack,actif
cpt_005061,cli_005061,2025-02-27,574,Thiès,actif
cpt_005062,cli_005062,2025-03-23,550,Pikine,actif
cpt_005063,cli_005063,2026-02-17,219,Rufisque,actif
cpt_005064,cli_005064,2026-05-31,116,Touba,actif
cpt_005065,cli_005065,2026-06-21,95,Ziguinchor,actif
cpt_005066,cli_005066,2026-03-09,199,Dakar-Plateau,actif
cpt_005067,cli_005067,2025-04-02,540,Dakar-Plateau,actif
cpt_005068,cli_005068,2024-11-03,690,Parcelles Assainies,actif
cpt_005069,cli_005069,2026-06-04,112,Dakar-Plateau,actif
cpt_005070,cli_005070,2025-11-29,299,Diourbel,actif
cpt_005071,cli_005071,2025-01-27,605,Parcelles Assainies,actif
cpt_005072,cli_005072,2026-07-25,61,Rufisque,actif
cpt_005073,cli_005073,2024-11-05,688,Pikine,actif
cpt_005074,cli_005074,2026-09-13,11,Parcelles Assainies,actif
cpt_005075,cli_005075,2026-03-01,207,Diourbel,actif
cpt_005076,cli_005076,2026-09-01,23,Parcelles Assainies,actif
cpt_005077,cli_005077,2025-03-19,554,Dakar-Plateau,actif
cpt_005078,cli_005078,2025-11-16,312,Pikine,actif
cpt_005079,cli_005079,2025-11-13,315,Diourbel,actif
cpt_005080,cli_005080,2025-08-23,397,Diourbel,actif
cpt_005081,cli_005081,2026-02-19,217,Dakar-Plateau,actif
cpt_005082,cli_005082,2025-03-23,550,Thiès,actif
cpt_005083,cli_005083,2025-11-13,315,Dakar-Plateau,actif
cpt_005084,cli_005084,2025-02-22,579,Thiès,actif
cpt_005085,cli_005085,2025-06-11,470,Dakar-Plateau,actif
cpt_005086,cli_005086,2025-05-20,492,Saint-Louis,actif
cpt_005087,cli_005087,2024-10-07,717,Ziguinchor,actif
cpt_005088,cli_005088,2025-09-20,369,Dakar-Plateau,actif
cpt_005089,cli_005089,2026-02-17,219,Parcelles Assainies,actif
cpt_005090,cli_005090,2025-04-13,529,Dakar-Plateau,actif
cpt_005091,cli_005091,2025-05-01,511,Guédiawaye,actif
cpt_005092,cli_005092,2025-10-07,352,Dakar-Plateau,actif
cpt_005093,cli_005093,2026-01-22,245,Pikine,actif
cpt_005094,cli_005094,2024-11-18,675,Diourbel,actif
cpt_005095,cli_005095,2026-03-26,182,Dakar-Plateau,actif
cpt_005096,cli_005096,2026-07-28,58,Kaolack,actif
cpt_005097,cli_005097,2025-06-23,458,Dakar-Plateau,actif
cpt_005098,cli_005098,2026-07-27,59,Rufisque,actif
cpt_005099,cli_005099,2025-03-22,551,Parcelles Assainies,actif
cpt_005100,cli_005100,2025-01-19,613,Ziguinchor,actif
cpt_005101,cli_005101,2025-04-21,521,Dakar-Plateau,actif
cpt_005102,cli_005102,2026-04-06,171,Dakar-Plateau,actif
cpt_005103,cli_005103,2024-11-06,687,Touba,actif
cpt_005104,cli_005104,2026-07-23,63,Touba,fermé
cpt_005105,cli_005105,2026-07-07,79,Mbour,actif
cpt_005106,cli_005106,2026-02-17,219,Dakar-Plateau,actif
cpt_005107,cli_005107,2025-08-28,392,Pikine,actif
cpt_005108,cli_005108,2025-04-28,514,Saint-Louis,actif
cpt_005109,cli_005109,2026-02-24,212,Thiès,actif
cpt_005110,cli_005110,2024-11-26,667,Thiès,actif
cpt_005111,cli_005111,2025-02-07,594,Pikine,actif
cpt_005112,cli_005112,2026-04-11,166,Pikine,actif
cpt_005113,cli_005113,2026-08-13,42,Ziguinchor,actif
cpt_005114,cli_005114,2025-04-30,512,Touba,actif
cpt_005115,cli_005115,2026-05-19,128,Dakar-Plateau,actif
cpt_005116,cli_005116,2026-03-03,205,Ziguinchor,actif
cpt_005117,cli_005117,2025-03-11,562,Thiès,actif
cpt_005118,cli_005118,2026-05-11,136,Guédiawaye,actif
cpt_005119,cli_005119,2026-01-12,255,Guédiawaye,actif
cpt_005120,cli_005120,2024-11-16,677,Touba,actif
cpt_005121,cli_005121,2025-05-18,494,Guédiawaye,actif
cpt_005122,cli_005122,2025-07-02,449,Thiès,actif
cpt_005123,cli_005123,2024-09-29,725,Touba,actif
cpt_005124,cli_005124,2025-03-14,559,Dakar-Plateau,actif
cpt_005125,cli_005125,2025-10-23,336,Ziguinchor,actif
cpt_005126,cli_005126,2025-05-30,482,Guédiawaye,actif
cpt_005127,cli_005127,2025-09-01,388,Parcelles Assainies,actif
cpt_005128,cli_005128,2026-01-04,263,Mbour,actif
cpt_005129,cli_005129,2024-10-15,709,Thiès,actif
cpt_005130,cli_005130,2025-07-21,430,Parcelles Assainies,actif
cpt_005131,cli_005131,2025-03-29,544,Thiès,actif
cpt_005132,cli_005132,2025-11-30,298,Kaolack,actif
cpt_005133,cli_005133,2026-05-05,142,Saint-Louis,actif
cpt_005134,cli_005134,2026-06-26,90,Saint-Louis,actif
cpt_005135,cli_005135,2025-02-17,584,Pikine,actif
cpt_005136,cli_005136,2025-09-09,380,Parcelles Assainies,actif
cpt_005137,cli_005137,2025-09-14,375,Rufisque,actif
cpt_005138,cli_005138,2026-06-30,86,Dakar-Plateau,suspendu
cpt_005139,cli_005139,2025-02-27,574,Touba,actif
cpt_005140,cli_005140,2026-03-19,189,Guédiawaye,actif
cpt_005141,cli_005141,2025-07-15,436,Pikine,actif
cpt_005142,cli_005142,2026-01-11,256,Pikine,actif
cpt_005143,cli_005143,2026-04-14,163,Pikine,actif
cpt_005144,cli_005144,2026-05-30,117,Guédiawaye,actif
cpt_005145,cli_005145,2025-02-10,591,Thiès,actif
cpt_005146,cli_005146,2026-07-19,67,Thiès,actif
cpt_005147,cli_005147,2026-09-24,0,Pikine,actif
cpt_005148,cli_005148,2026-02-16,220,Dakar-Plateau,actif
cpt_005149,cli_005149,2024-12-16,647,Saint-Louis,actif
cpt_005150,cli_005150,2025-05-02,510,Dakar-Plateau,actif
cpt_005151,cli_005151,2025-02-04,597,Rufisque,actif
cpt_005152,cli_005152,2026-04-30,147,Rufisque,actif
cpt_005153,cli_005153,2024-10-17,707,Thiès,actif
cpt_005154,cli_005154,2026-07-03,83,Kaolack,actif
cpt_005155,cli_005155,2026-09-02,22,Thiès,actif
cpt_005156,cli_005156,2025-10-15,344,Diourbel,actif
cpt_005157,cli_005157,2025-11-12,316,Kaolack,actif
cpt_005158,cli_005158,2026-02-23,213,Dakar-Plateau,actif
cpt_005159,cli_005159,2026-05-23,124,Pikine,actif
cpt_005160,cli_005160,2026-02-05,231,Guédiawaye,actif
cpt_005161,cli_005161,2025-12-26,272,Guédiawaye,actif
cpt_005162,cli_005162,2025-07-12,439,Rufisque,actif
cpt_005163,cli_005163,2026-01-05,262,Pikine,actif
cpt_005164,cli_005164,2026-04-02,175,Pikine,actif
cpt_005165,cli_005165,2025-07-16,435,Guédiawaye,actif
cpt_005166,cli_005166,2025-07-26,425,Mbour,actif
cpt_005167,cli_005167,2025-11-12,316,Mbour,actif
cpt_005168,cli_005168,2026-07-05,81,Diourbel,actif
cpt_005169,cli_005169,2024-10-21,703,Dakar-Plateau,actif
cpt_005170,cli_005170,2025-09-10,379,Guédiawaye,actif
cpt_005171,cli_005171,2026-03-08,200,Diourbel,actif
cpt_005172,cli_005172,2025-04-14,528,Mbour,actif
cpt_005173,cli_005173,2025-11-26,302,Thiès,actif
cpt_005174,cli_005174,2026-05-28,119,Rufisque,actif
cpt_005175,cli_005175,2025-05-02,510,Dakar-Plateau,actif
cpt_005176,cli_005176,2026-07-18,68,Kaolack,actif
cpt_005177,cli_005177,2026-03-07,201,Thiès,actif
cpt_005178,cli_005178,2025-05-30,482,Thiès,actif
cpt_005179,cli_005179,2025-04-14,528,Rufisque,actif
cpt_005180,cli_005180,2024-10-03,721,Guédiawaye,actif
cpt_005181,cli_005181,2025-04-29,513,Pikine,actif
cpt_005182,cli_005182,2026-04-11,166,Touba,actif
cpt_005183,cli_005183,2025-04-25,517,Rufisque,actif
cpt_005184,cli_005184,2025-03-29,544,Dakar-Plateau,actif
cpt_005185,cli_005185,2025-05-22,490,Guédiawaye,actif
cpt_005186,cli_005186,2025-04-01,541,Ziguinchor,actif
cpt_005187,cli_005187,2025-02-09,592,Guédiawaye,actif
cpt_005188,cli_005188,2025-08-05,415,Parcelles Assainies,actif
cpt_005189,cli_005189,2024-10-02,722,Thiès,actif
cpt_005190,cli_005190,2025-06-12,469,Saint-Louis,actif
cpt_005191,cli_005191,2026-08-17,38,Mbour,actif
cpt_005192,cli_005192,2026-05-25,122,Kaolack,actif
cpt_005193,cli_005193,2025-09-28,361,Dakar-Plateau,actif
cpt_005194,cli_005194,2025-11-10,318,Ziguinchor,actif
cpt_005195,cli_005195,2025-02-09,592,Kaolack,actif
cpt_005196,cli_005196,2025-05-23,489,Rufisque,actif
cpt_005197,cli_005197,2026-09-27,-3,Thiès,actif
cpt_005198,cli_005198,2025-10-30,329,Dakar-Plateau,actif
cpt_005199,cli_005199,2025-08-24,396,Parcelles Assainies,actif
cpt_005200,cli_005200,2024-10-13,711,Dakar-Plateau,actif
cpt_005201,cli_005201,2025-06-02,479,Dakar-Plateau,actif
cpt_005202,cli_005202,2026-05-17,130,Diourbel,actif
cpt_005203,cli_005203,2026-05-11,136,Pikine,actif
cpt_005204,cli_005204,2026-02-08,228,Thiès,actif
cpt_005205,cli_005205,2025-12-07,291,Pikine,actif
cpt_005206,cli_005206,2026-07-08,78,Guédiawaye,actif
cpt_005207,cli_005207,2025-02-28,573,Guédiawaye,actif
cpt_005208,cli_005208,2026-08-08,47,Guédiawaye,actif
cpt_005209,cli_005209,2026-08-08,47,Thiès,actif
cpt_005210,cli_005210,2026-06-23,93,Diourbel,actif
cpt_005211,cli_005211,2026-06-17,99,Parcelles Assainies,actif
cpt_005212,cli_005212,2025-08-08,412,Diourbel,actif
cpt_005213,cli_005213,2025-02-06,595,Mbour,actif
cpt_005214,cli_005214,2024-11-08,685,Thiès,actif
cpt_005215,cli_005215,2025-02-15,586,Pikine,actif
cpt_005216,cli_005216,2025-05-13,499,Dakar-Plateau,actif
cpt_005217,cli_005217,2025-07-23,428,Kaolack,actif
cpt_005218,cli_005218,2026-02-13,223,Thiès,actif
cpt_005219,cli_005219,2025-11-24,304,Parcelles Assainies,actif
cpt_005220,cli_005220,2024-12-27,636,Saint-Louis,actif
cpt_005221,cli_005221,2026-07-09,77,Pikine,actif
cpt_005222,cli_005222,2025-02-03,598,Touba,actif
cpt_005223,cli_005223,2025-02-13,588,Guédiawaye,actif
cpt_005224,cli_005224,2026-08-17,38,Ziguinchor,actif
cpt_005225,cli_005225,2026-04-02,175,Pikine,actif
cpt_005226,cli_005226,2026-02-12,224,Dakar-Plateau,suspendu
cpt_005227,cli_005227,2024-11-28,665,Mbour,actif
cpt_005228,cli_005228,2025-11-11,317,Dakar-Plateau,actif
cpt_005229,cli_005229,2025-03-07,566,Ziguinchor,actif
cpt_005230,cli_005230,2025-07-14,437,Mbour,actif
cpt_005231,cli_005231,2026-07-26,60,Pikine,actif
cpt_005232,cli_005232,2025-05-27,485,Dakar-Plateau,actif
cpt_005233,cli_005233,2025-06-18,463,Ziguinchor,actif
cpt_005234,cli_005234,2024-12-28,635,Thiès,actif
cpt_005235,cli_005235,2024-11-22,671,Kaolack,actif
cpt_005236,cli_005236,2025-07-26,425,Dakar-Plateau,actif
cpt_005237,cli_005237,2024-12-24,639,Ziguinchor,actif
cpt_005238,cli_005238,2026-06-18,98,Rufisque,actif
cpt_005239,cli_005239,2025-07-07,444,Mbour,actif
cpt_005240,cli_005240,2025-08-02,418,Guédiawaye,actif
cpt_005241,cli_005241,2026-05-22,125,Dakar-Plateau,actif
cpt_005242,cli_005242,2025-08-31,389,Ziguinchor,actif
cpt_005243,cli_005243,2025-05-20,492,Diourbel,actif
cpt_005244,cli_005244,2025-11-29,299,Guédiawaye,actif
cpt_005245,cli_005245,2025-05-27,485,Ziguinchor,actif
cpt_005246,cli_005246,2025-03-30,543,Dakar-Plateau,actif
cpt_005247,cli_005247,2025-07-23,428,Dakar-Plateau,actif
cpt_005248,cli_005248,2025-12-11,287,Dakar-Plateau,actif
cpt_005249,cli_005249,2026-03-18,190,Guédiawaye,actif
cpt_005250,cli_005250,2025-06-01,480,Dakar-Plateau,actif
cpt_005251,cli_005251,2024-12-06,657,Guédiawaye,actif
cpt_005252,cli_005252,2025-10-24,335,Dakar-Plateau,actif
cpt_005253,cli_005253,2025-09-25,364,Touba,actif
cpt_005254,cli_005254,2024-11-30,663,Saint-Louis,actif
cpt_005255,cli_005255,2026-02-20,216,Mbour,actif
cpt_005256,cli_005256,2025-02-13,588,Dakar-Plateau,actif
cpt_005257,cli_005257,2026-03-21,187,Touba,actif
cpt_005258,cli_005258,2026-03-20,188,Pikine,actif
cpt_005259,cli_005259,2026-03-06,202,Touba,actif
cpt_005260,cli_005260,2026-08-17,38,Thiès,actif
cpt_005261,cli_005261,2025-10-26,333,Guédiawaye,actif
cpt_005262,cli_005262,2026-01-09,258,Dakar-Plateau,actif
cpt_005263,cli_005263,2026-04-10,167,Saint-Louis,actif
cpt_005264,cli_005264,2025-03-23,550,Ziguinchor,actif
cpt_005265,cli_005265,2025-09-15,374,Mbour,actif
cpt_005266,cli_005266,2026-05-08,139,Diourbel,actif
cpt_005267,cli_005267,2026-05-09,138,Ziguinchor,actif
cpt_005268,cli_005268,2025-02-13,588,Dakar-Plateau,actif
cpt_005269,cli_005269,2026-03-13,195,Touba,actif
cpt_005270,cli_005270,2025-12-12,286,Guédiawaye,actif
cpt_005271,cli_005271,2026-06-28,88,Parcelles Assainies,actif
cpt_005272,cli_005272,2025-02-16,585,Dakar-Plateau,actif
cpt_005273,cli_005273,2026-01-07,260,Diourbel,actif
cpt_005274,cli_005274,2025-04-30,512,Touba,fermé
cpt_005275,cli_005275,2025-12-05,293,Pikine,actif
cpt_005276,cli_005276,2025-02-17,584,Guédiawaye,actif
cpt_005277,cli_005277,2025-12-04,294,Parcelles Assainies,actif
cpt_005278,cli_005278,2024-12-14,649,Touba,actif
cpt_005279,cli_005279,2025-04-14,528,Ziguinchor,actif
cpt_005280,cli_005280,2025-10-08,351,Guédiawaye,actif
cpt_005281,cli_005281,2025-10-09,350,Parcelles Assainies,actif
cpt_005282,cli_005282,2025-07-01,450,Thiès,actif
cpt_005283,cli_005283,2025-05-10,502,Guédiawaye,actif
cpt_005284,cli_005284,2025-04-29,513,Rufisque,actif
cpt_005285,cli_005285,2026-09-03,21,Dakar-Plateau,actif
cpt_005286,cli_005286,2026-03-16,192,Dakar-Plateau,actif
cpt_005287,cli_005287,2025-11-10,318,Parcelles Assainies,actif
cpt_005288,cli_005288,2025-09-01,388,Ziguinchor,actif
cpt_005289,cli_005289,2026-07-21,65,Guédiawaye,actif
cpt_005290,cli_005290,2026-05-02,145,Pikine,actif
cpt_005291,cli_005291,2025-10-26,333,Touba,actif
cpt_005292,cli_005292,2025-11-06,322,Ziguinchor,actif
cpt_005293,cli_005293,2025-07-03,448,Parcelles Assainies,actif
cpt_005294,cli_005294,2026-08-07,48,Dakar-Plateau,actif
cpt_005295,cli_005295,2025-02-24,577,Mbour,actif
cpt_005296,cli_005296,2026-02-19,217,Parcelles Assainies,actif
cpt_005297,cli_005297,2025-08-18,402,Mbour,actif
cpt_005298,cli_005298,2024-11-05,688,Pikine,actif
cpt_005299,cli_005299,2025-12-21,277,Dakar-Plateau,actif
cpt_005300,cli_005300,2026-02-11,225,Guédiawaye,actif
cpt_005301,cli_005301,2026-03-15,193,Mbour,actif
cpt_005302,cli_005302,2025-06-09,472,Guédiawaye,actif
cpt_005303,cli_005303,2024-10-26,698,Dakar-Plateau,actif
cpt_005304,cli_005304,2025-08-13,407,Parcelles Assainies,actif
cpt_005305,cli_005305,2026-05-03,144,Touba,actif
cpt_005306,cli_005306,2024-11-07,686,Dakar-Plateau,actif
cpt_005307,cli_005307,2026-08-25,30,Mbour,actif
cpt_005308,cli_005308,2025-12-01,297,Mbour,suspendu
cpt_005309,cli_005309,2026-06-24,92,Guédiawaye,actif
cpt_005310,cli_005310,2026-09-01,23,Diourbel,actif
cpt_005311,cli_005311,2024-09-30,724,Kaolack,actif
cpt_005312,cli_005312,2026-07-28,58,Pikine,actif
cpt_005313,cli_005313,2024-12-03,660,Dakar-Plateau,actif
cpt_005314,cli_005314,2025-08-23,397,Pikine,actif
cpt_005315,cli_005315,2026-02-04,232,Dakar-Plateau,actif
cpt_005316,cli_005316,2025-01-04,628,Rufisque,actif
cpt_005317,cli_005317,2026-09-23,1,Ziguinchor,actif
cpt_005318,cli_005318,2025-05-08,504,Kaolack,actif
cpt_005319,cli_005319,2025-03-16,557,Pikine,actif
cpt_005320,cli_005320,2026-01-02,265,Parcelles Assainies,actif
cpt_005321,cli_005321,2026-02-17,219,Dakar-Plateau,actif
cpt_005322,cli_005322,2026-09-21,3,Rufisque,actif
cpt_005323,cli_005323,2026-09-10,14,Dakar-Plateau,actif
cpt_005324,cli_005324,2026-08-23,32,Ziguinchor,actif
cpt_005325,cli_005325,2025-10-30,329,Kaolack,actif
cpt_005326,cli_005326,2025-09-03,386,Dakar-Plateau,actif
cpt_005327,cli_005327,2025-11-20,308,Mbour,actif
cpt_005328,cli_005328,2025-04-30,512,Thiès,actif
cpt_005329,cli_005329,2026-01-03,264,Saint-Louis,actif
cpt_005330,cli_005330,2025-02-26,575,Parcelles Assainies,actif
cpt_005331,cli_005331,2025-06-06,475,Dakar-Plateau,actif
cpt_005332,cli_005332,2024-11-13,680,Thiès,actif
cpt_005333,cli_005333,2025-04-13,529,Dakar-Plateau,actif
cpt_005334,cli_005334,2026-06-26,90,Thiès,actif
cpt_005335,cli_005335,2025-08-15,405,Dakar-Plateau,actif
cpt_005336,cli_005336,2025-06-01,480,Mbour,actif
cpt_005337,cli_005337,2026-09-16,8,Saint-Louis,actif
cpt_005338,cli_005338,2026-08-24,31,Dakar-Plateau,actif
cpt_005339,cli_005339,2026-09-08,16,Parcelles Assainies,actif
cpt_005340,cli_005340,2026-05-24,123,Touba,actif
cpt_005341,cli_005341,2024-12-21,642,Dakar-Plateau,actif
cpt_005342,cli_005342,2026-04-04,173,Thiès,actif
cpt_005343,cli_005343,2026-05-13,134,Mbour,actif
cpt_005344,cli_005344,2025-11-04,324,Guédiawaye,actif
cpt_005345,cli_005345,2025-12-08,290,Saint-Louis,actif
cpt_005346,cli_005346,2024-09-30,724,Rufisque,actif
cpt_005347,cli_005347,2026-07-12,74,Thiès,actif
cpt_005348,cli_005348,2025-01-21,611,Dakar-Plateau,actif
cpt_005349,cli_005349,2026-04-10,167,Dakar-Plateau,suspendu
cpt_005350,cli_005350,2026-02-12,224,Dakar-Plateau,actif
cpt_005351,cli_005351,2025-10-06,353,Kaolack,actif
cpt_005352,cli_005352,2024-10-14,710,Kaolack,actif
cpt_005353,cli_005353,2026-04-05,172,Saint-Louis,actif
cpt_005354,cli_005354,2026-01-18,249,Dakar-Plateau,actif
cpt_005355,cli_005355,2025-06-03,478,Rufisque,actif
cpt_005356,cli_005356,2025-05-27,485,Saint-Louis,actif
cpt_005357,cli_005357,2026-01-02,265,Mbour,actif
cpt_005358,cli_005358,2026-06-23,93,Dakar-Plateau,actif
cpt_005359,cli_005359,2025-02-26,575,Kaolack,actif
cpt_005360,cli_005360,2024-12-07,656,Dakar-Plateau,actif
cpt_005361,cli_005361,2025-07-15,436,Dakar-Plateau,actif
cpt_005362,cli_005362,2024-12-30,633,Kaolack,actif
cpt_005363,cli_005363,2026-03-24,184,Parcelles Assainies,actif
cpt_005364,cli_005364,2025-01-06,626,Guédiawaye,actif
cpt_005365,cli_005365,2025-02-12,589,Rufisque,actif
cpt_005366,cli_005366,2024-12-05,658,Diourbel,actif
cpt_005367,cli_005367,2024-11-13,680,Dakar-Plateau,actif
cpt_005368,cli_005368,2026-01-17,250,Touba,actif
cpt_005369,cli_005369,2026-07-01,85,Guédiawaye,actif
cpt_005370,cli_005370,2025-03-27,546,Dakar-Plateau,actif
cpt_005371,cli_005371,2025-05-26,486,Parcelles Assainies,actif
cpt_005372,cli_005372,2025-06-11,470,Rufisque,actif
cpt_005373,cli_005373,2025-06-22,459,Dakar-Plateau,actif
cpt_005374,cli_005374,2026-08-26,29,Parcelles Assainies,actif
cpt_005375,cli_005375,2025-05-26,486,Thiès,actif
cpt_005376,cli_005376,2025-10-09,350,Thiès,actif
cpt_005377,cli_005377,2026-09-01,23,Touba,actif
cpt_005378,cli_005378,2025-01-09,623,Saint-Louis,actif
cpt_005379,cli_005379,2026-09-05,19,Parcelles Assainies,actif
cpt_005380,cli_005380,2026-04-08,169,Parcelles Assainies,actif
cpt_005381,cli_005381,2026-02-21,215,Rufisque,actif
cpt_005382,cli_005382,2025-03-06,567,Thiès,actif
cpt_005383,cli_005383,2026-07-28,58,Dakar-Plateau,actif
cpt_005384,cli_005384,2025-12-18,280,Pikine,actif
cpt_005385,cli_005385,2025-12-31,267,Dakar-Plateau,actif
cpt_005386,cli_005386,2025-11-29,299,Guédiawaye,actif
cpt_005387,cli_005387,2024-12-28,635,Diourbel,actif
cpt_005388,cli_005388,2026-02-02,234,Thiès,actif
cpt_005389,cli_005389,2026-01-10,257,Parcelles Assainies,actif
cpt_005390,cli_005390,2025-12-03,295,Thiès,actif
cpt_005391,cli_005391,2025-12-11,287,Mbour,actif
cpt_005392,cli_005392,2024-10-28,696,Parcelles Assainies,actif
cpt_005393,cli_005393,2026-03-16,192,Parcelles Assainies,actif
cpt_005394,cli_005394,2026-07-07,79,Mbour,actif
cpt_005395,cli_005395,2025-11-22,306,Dakar-Plateau,actif
cpt_005396,cli_005396,2026-07-25,61,Rufisque,actif
cpt_005397,cli_005397,2025-02-23,578,Rufisque,actif
cpt_005398,cli_005398,2024-12-13,650,Touba,actif
cpt_005399,cli_005399,2025-01-30,602,Diourbel,actif
cpt_005400,cli_005400,2025-02-18,583,Saint-Louis,actif
cpt_005401,cli_005401,2025-11-25,303,Rufisque,actif
cpt_005402,cli_005402,2025-05-05,507,Dakar-Plateau,actif
cpt_005403,cli_005403,2025-12-11,287,Thiès,actif
cpt_005404,cli_005404,2025-01-11,621,Saint-Louis,actif
cpt_005405,cli_005405,2026-05-04,143,Ziguinchor,actif
cpt_005406,cli_005406,2026-06-14,102,Saint-Louis,actif
cpt_005407,cli_005407,2024-10-15,709,Dakar-Plateau,actif
cpt_005408,cli_005408,2026-01-08,259,Touba,actif
cpt_005409,cli_005409,2026-02-11,225,Kaolack,actif
cpt_005410,cli_005410,2025-05-27,485,Mbour,actif
cpt_005411,cli_005411,2026-01-17,250,Mbour,actif
cpt_005412,cli_005412,2025-03-30,543,Rufisque,actif
cpt_005413,cli_005413,2025-11-16,312,Thiès,actif
cpt_005414,cli_005414,2025-03-05,568,Pikine,actif
cpt_005415,cli_005415,2026-07-28,58,Dakar-Plateau,actif
cpt_005416,cli_005416,2025-04-12,530,Saint-Louis,actif
cpt_005417,cli_005417,2026-01-28,239,Ziguinchor,actif
cpt_005418,cli_005418,2025-11-19,309,Kaolack,actif
cpt_005419,cli_005419,2024-11-16,677,Guédiawaye,actif
cpt_005420,cli_005420,2025-10-10,349,Dakar-Plateau,actif
cpt_005421,cli_005421,2026-08-04,51,Pikine,actif
cpt_005422,cli_005422,2025-10-28,331,Saint-Louis,actif
cpt_005423,cli_005423,2026-04-01,176,Mbour,actif
cpt_005424,cli_005424,2025-10-13,346,Diourbel,actif
cpt_005425,cli_005425,2026-04-19,158,Guédiawaye,actif
cpt_005426,cli_005426,2025-06-13,468,Rufisque,actif
cpt_005427,cli_005427,2026-04-09,168,Saint-Louis,actif
cpt_005428,cli_005428,2025-10-19,340,Pikine,actif
cpt_005429,cli_005429,2024-10-28,696,Diourbel,actif
cpt_005430,cli_005430,2025-06-20,461,Thiès,actif
cpt_005431,cli_005431,2025-04-29,513,Dakar-Plateau,actif
cpt_005432,cli_005432,2025-03-10,563,Dakar-Plateau,actif
cpt_005433,cli_005433,2024-11-23,670,Kaolack,actif
cpt_005434,cli_005434,2024-12-19,644,Thiès,actif
cpt_005435,cli_005435,2025-01-08,624,Touba,actif
cpt_005436,cli_005436,2026-01-22,245,Touba,actif
cpt_005437,cli_005437,2025-06-27,454,Parcelles Assainies,actif
cpt_005438,cli_005438,2025-02-04,597,Saint-Louis,actif
cpt_005439,cli_005439,2025-08-13,407,Ziguinchor,actif
cpt_005440,cli_005440,2026-06-25,91,Dakar-Plateau,actif
cpt_005441,cli_005441,2025-09-19,370,Touba,actif
cpt_005442,cli_005442,2026-04-21,156,Pikine,actif
cpt_005443,cli_005443,2025-05-13,499,Guédiawaye,actif
cpt_005444,cli_005444,2025-01-09,623,Parcelles Assainies,actif
cpt_005445,cli_005445,2025-05-01,511,Kaolack,actif
cpt_005446,cli_005446,2025-08-19,401,Dakar-Plateau,actif
cpt_005447,cli_005447,2025-07-16,435,Parcelles Assainies,actif
cpt_005448,cli_005448,2025-08-29,391,Mbour,actif
cpt_005449,cli_005449,2025-11-02,326,Dakar-Plateau,actif
cpt_005450,cli_005450,2026-04-11,166,Saint-Louis,actif
cpt_005451,cli_005451,2025-05-20,492,Ziguinchor,actif
cpt_005452,cli_005452,2026-01-15,252,Dakar-Plateau,actif
cpt_005453,cli_005453,2026-06-05,111,Dakar-Plateau,actif
cpt_005454,cli_005454,2025-02-20,581,Diourbel,actif
cpt_005455,cli_005455,2025-08-18,402,Dakar-Plateau,actif
cpt_005456,cli_005456,2025-09-09,380,Dakar-Plateau,actif
cpt_005457,cli_005457,2025-09-10,379,Ziguinchor,actif
cpt_005458,cli_005458,2026-07-30,56,Kaolack,actif
cpt_005459,cli_005459,2025-09-01,388,Mbour,actif
cpt_005460,cli_005460,2025-08-27,393,Rufisque,actif
cpt_005461,cli_005461,2025-09-20,369,Ziguinchor,actif
cpt_005462,cli_005462,2026-09-18,6,Mbour,actif
cpt_005463,cli_005463,2025-03-29,544,Mbour,actif
cpt_005464,cli_005464,2025-07-04,447,Saint-Louis,actif
cpt_005465,cli_005465,2025-03-20,553,Mbour,actif
cpt_005466,cli_005466,2025-09-23,366,Rufisque,actif
cpt_005467,cli_005467,2026-01-26,241,Guédiawaye,actif
cpt_005468,cli_005468,2025-01-25,607,Rufisque,actif
cpt_005469,cli_005469,2026-01-13,254,Rufisque,actif
cpt_005470,cli_005470,2025-10-29,330,Guédiawaye,actif
cpt_005471,cli_005471,2026-09-13,11,Parcelles Assainies,actif
cpt_005472,cli_005472,2026-05-30,117,Saint-Louis,actif
cpt_005473,cli_005473,2026-07-06,80,Parcelles Assainies,actif
cpt_005474,cli_005474,2025-11-19,309,Dakar-Plateau,actif
cpt_005475,cli_005475,2026-03-16,192,Pikine,actif
cpt_005476,cli_005476,2026-01-26,241,Pikine,actif
cpt_005477,cli_005477,2025-03-15,558,Saint-Louis,actif
cpt_005478,cli_005478,2025-05-17,495,Parcelles Assainies,actif
cpt_005479,cli_005479,2025-02-19,582,Pikine,actif
cpt_005480,cli_005480,2025-02-08,593,Saint-Louis,actif
cpt_005481,cli_005481,2026-03-31,177,Dakar-Plateau,actif
cpt_005482,cli_005482,2025-07-02,449,Dakar-Plateau,actif
cpt_005483,cli_005483,2024-12-29,634,Saint-Louis,actif
cpt_005484,cli_005484,2026-02-17,219,Rufisque,actif
cpt_005485,cli_005485,2025-12-26,272,Touba,actif
cpt_005486,cli_005486,2025-09-01,388,Saint-Louis,actif
cpt_005487,cli_005487,2025-02-20,581,Ziguinchor,actif
cpt_005488,cli_005488,2026-06-11,105,Dakar-Plateau,actif
cpt_005489,cli_005489,2025-10-22,337,Saint-Louis,actif
cpt_005490,cli_005490,2026-04-01,176,Mbour,actif
cpt_005491,cli_005491,2025-04-24,518,Dakar-Plateau,actif
cpt_005492,cli_005492,2026-04-03,174,Ziguinchor,actif
cpt_005493,cli_005493,2026-01-07,260,Parcelles Assainies,actif
cpt_005494,cli_005494,2026-01-15,252,Kaolack,actif
cpt_005495,cli_005495,2026-08-06,49,Thiès,actif
cpt_005496,cli_005496,2025-05-24,488,Rufisque,actif
cpt_005497,cli_005497,2026-03-25,183,Dakar-Plateau,fermé
cpt_005498,cli_005498,2025-10-03,356,Ziguinchor,actif
cpt_005499,cli_005499,2025-05-07,505,Rufisque,actif
cpt_005500,cli_005500,2025-02-27,574,Dakar-Plateau,actif
cpt_005501,cli_005501,2024-11-27,666,Dakar-Plateau,actif
cpt_005502,cli_005502,2026-06-25,91,Touba,actif
cpt_005503,cli_005503,2025-06-22,459,Dakar-Plateau,actif
cpt_005504,cli_005504,2026-01-30,237,Thiès,actif
cpt_005505,cli_005505,2025-03-14,559,Mbour,actif
cpt_005506,cli_005506,2025-12-18,280,Pikine,actif
cpt_005507,cli_005507,2026-09-13,11,Thiès,actif
cpt_005508,cli_005508,2025-01-07,625,Pikine,actif
cpt_005509,cli_005509,2025-03-20,553,Ziguinchor,actif
cpt_005510,cli_005510,2026-01-30,237,Kaolack,actif
cpt_005511,cli_005511,2025-01-24,608,Pikine,actif
cpt_005512,cli_005512,2025-12-01,297,Rufisque,actif
cpt_005513,cli_005513,2025-12-01,297,Rufisque,actif
cpt_005514,cli_005514,2026-02-21,215,Diourbel,actif
cpt_005515,cli_005515,2025-09-30,359,Guédiawaye,actif
cpt_005516,cli_005516,2024-10-02,722,Thiès,actif
cpt_005517,cli_005517,2026-08-18,37,Ziguinchor,actif
cpt_005518,cli_005518,2025-07-21,430,Dakar-Plateau,actif
cpt_005519,cli_005519,2026-05-21,126,Rufisque,actif
cpt_005520,cli_005520,2026-06-27,89,Dakar-Plateau,actif
cpt_005521,cli_005521,2026-08-15,40,Thiès,actif
cpt_005522,cli_005522,2026-03-11,197,Guédiawaye,actif
cpt_005523,cli_005523,2025-04-11,531,Diourbel,actif
cpt_005524,cli_005524,2025-04-09,533,Parcelles Assainies,actif
cpt_005525,cli_005525,2025-02-20,581,Dakar-Plateau,actif
cpt_005526,cli_005526,2026-06-10,106,Saint-Louis,actif
cpt_005527,cli_005527,2026-07-08,78,Saint-Louis,actif
cpt_005528,cli_005528,2024-10-09,715,Mbour,actif
cpt_005529,cli_005529,2024-11-21,672,Touba,actif
cpt_005530,cli_005530,2025-05-01,511,Pikine,actif
cpt_005531,cli_005531,2025-01-21,611,Thiès,actif
cpt_005532,cli_005532,2025-02-18,583,Dakar-Plateau,actif
cpt_005533,cli_005533,2025-08-01,419,Dakar-Plateau,actif
cpt_005534,cli_005534,2025-10-14,345,Ziguinchor,actif
cpt_005535,cli_005535,2024-10-10,714,Touba,actif
cpt_005536,cli_005536,2025-05-21,491,Pikine,actif
cpt_005537,cli_005537,2024-12-19,644,Dakar-Plateau,actif
cpt_005538,cli_005538,2026-04-29,148,Ziguinchor,suspendu
cpt_005539,cli_005539,2026-04-18,159,Dakar-Plateau,actif
cpt_005540,cli_005540,2025-06-25,456,Pikine,actif
cpt_005541,cli_005541,2024-10-29,695,Dakar-Plateau,actif
cpt_005542,cli_005542,2025-06-28,453,Dakar-Plateau,suspendu
cpt_005543,cli_005543,2025-11-06,322,Pikine,actif
cpt_005544,cli_005544,2026-09-08,16,Diourbel,actif
cpt_005545,cli_005545,2026-06-04,112,Guédiawaye,actif
cpt_005546,cli_005546,2026-04-12,165,Rufisque,actif
cpt_005547,cli_005547,2026-05-01,146,Touba,actif
cpt_005548,cli_005548,2025-04-30,512,Rufisque,actif
cpt_005549,cli_005549,2025-05-14,498,Touba,actif
cpt_005550,cli_005550,2025-12-24,274,Mbour,actif
cpt_005551,cli_005551,2024-10-07,717,Thiès,actif
cpt_005552,cli_005552,2025-12-12,286,Thiès,actif
cpt_005553,cli_005553,2025-11-06,322,Saint-Louis,actif
cpt_005554,cli_005554,2025-09-08,381,Touba,actif
cpt_005555,cli_005555,2025-08-04,416,Saint-Louis,actif
cpt_005556,cli_005556,2026-05-09,138,Dakar-Plateau,actif
cpt_005557,cli_005557,2026-02-17,219,Mbour,actif
cpt_005558,cli_005558,2025-05-11,501,Touba,actif
cpt_005559,cli_005559,2025-01-17,615,Pikine,actif
cpt_005560,cli_005560,2025-11-19,309,Kaolack,actif
cpt_005561,cli_005561,2026-07-04,82,Pikine,actif
cpt_005562,cli_005562,2025-01-11,621,Pikine,actif
cpt_005563,cli_005563,2025-07-29,422,Kaolack,fermé
cpt_005564,cli_005564,2025-11-09,319,Pikine,actif
cpt_005565,cli_005565,2025-07-23,428,Parcelles Assainies,actif
cpt_005566,cli_005566,2025-02-04,597,Guédiawaye,actif
cpt_005567,cli_005567,2026-09-24,0,Kaolack,actif
cpt_005568,cli_005568,2026-01-05,262,Parcelles Assainies,actif
cpt_005569,cli_005569,2024-11-08,685,Mbour,actif
cpt_005570,cli_005570,2026-02-17,219,Saint-Louis,suspendu
cpt_005571,cli_005571,2024-10-16,708,Thiès,suspendu
cpt_005572,cli_005572,2026-03-05,203,Ziguinchor,actif
cpt_005573,cli_005573,2025-10-19,340,Saint-Louis,actif
cpt_005574,cli_005574,2026-08-06,49,Parcelles Assainies,actif
cpt_005575,cli_005575,2025-04-16,526,Ziguinchor,actif
cpt_005576,cli_005576,2026-04-04,173,Rufisque,actif
cpt_005577,cli_005577,2025-01-15,617,Dakar-Plateau,actif
cpt_005578,cli_005578,2026-06-25,91,Pikine,actif
cpt_005579,cli_005579,2026-07-02,84,Thiès,actif
cpt_005580,cli_005580,2025-10-17,342,Dakar-Plateau,actif
cpt_005581,cli_005581,2026-07-26,60,Thiès,actif
cpt_005582,cli_005582,2026-01-31,236,Guédiawaye,actif
cpt_005583,cli_005583,2025-05-12,500,Rufisque,actif
cpt_005584,cli_005584,2025-09-21,368,Dakar-Plateau,actif
cpt_005585,cli_005585,2025-08-14,406,Saint-Louis,actif
cpt_005586,cli_005586,2026-07-22,64,Guédiawaye,actif
cpt_005587,cli_005587,2025-05-17,495,Dakar-Plateau,actif
cpt_005588,cli_005588,2026-07-23,63,Parcelles Assainies,actif
cpt_005589,cli_005589,2025-08-07,413,Parcelles Assainies,actif
cpt_005590,cli_005590,2025-02-28,573,Thiès,actif
cpt_005591,cli_005591,2025-04-12,530,Rufisque,actif
cpt_005592,cli_005592,2026-01-11,256,Dakar-Plateau,suspendu
cpt_005593,cli_005593,2026-06-05,111,Kaolack,actif
cpt_005594,cli_005594,2025-01-29,603,Parcelles Assainies,actif
cpt_005595,cli_005595,2026-04-23,154,Dakar-Plateau,actif
cpt_005596,cli_005596,2025-09-28,361,Touba,actif
cpt_005597,cli_005597,2026-04-06,171,Mbour,actif
cpt_005598,cli_005598,2026-09-05,19,Thiès,actif
cpt_005599,cli_005599,2025-11-27,301,Parcelles Assainies,actif
cpt_005600,cli_005600,2025-08-21,399,Parcelles Assainies,actif
cpt_005601,cli_005601,2025-03-20,553,Rufisque,actif
cpt_005602,cli_005602,2025-04-16,526,Dakar-Plateau,actif
cpt_005603,cli_005603,2025-01-25,607,Pikine,actif
cpt_005604,cli_005604,2025-02-09,592,Diourbel,actif
cpt_005605,cli_005605,2025-12-08,290,Mbour,actif
cpt_005606,cli_005606,2026-01-18,249,Parcelles Assainies,actif
cpt_005607,cli_005607,2025-07-14,437,Pikine,actif
cpt_005608,cli_005608,2025-10-11,348,Touba,actif
cpt_005609,cli_005609,2026-02-23,213,Pikine,actif
cpt_005610,cli_005610,2026-08-31,24,Dakar-Plateau,suspendu
cpt_005611,cli_005611,2025-10-13,346,Dakar-Plateau,actif
cpt_005612,cli_005612,2025-10-17,342,Touba,actif
cpt_005613,cli_005613,2024-11-10,683,Thiès,actif
cpt_005614,cli_005614,2025-02-09,592,Dakar-Plateau,actif
cpt_005615,cli_005615,2026-03-13,195,Dakar-Plateau,actif
cpt_005616,cli_005616,2026-07-08,78,Thiès,actif
cpt_005617,cli_005617,2025-03-01,572,Thiès,actif
cpt_005618,cli_005618,2025-10-03,356,Mbour,actif
cpt_005619,cli_005619,2026-08-28,27,Dakar-Plateau,actif
cpt_005620,cli_005620,2025-03-23,550,Touba,actif
cpt_005621,cli_005621,2026-01-15,252,Ziguinchor,actif
cpt_005622,cli_005622,2026-05-22,125,Thiès,actif
cpt_005623,cli_005623,2025-06-01,480,Dakar-Plateau,suspendu
cpt_005624,cli_005624,2025-03-04,569,Mbour,actif
cpt_005625,cli_005625,2025-03-08,565,Guédiawaye,suspendu
cpt_005626,cli_005626,2026-03-11,197,Dakar-Plateau,actif
cpt_005627,cli_005627,2025-07-21,430,Pikine,actif
cpt_005628,cli_005628,2025-10-19,340,Kaolack,actif
cpt_005629,cli_005629,2024-12-31,632,Parcelles Assainies,actif
cpt_005630,cli_005630,2026-05-08,139,Kaolack,actif
cpt_005631,cli_005631,2025-02-04,597,Rufisque,actif
cpt_005632,cli_005632,2026-01-16,251,Rufisque,actif
cpt_005633,cli_005633,2025-07-02,449,Dakar-Plateau,actif
cpt_005634,cli_005634,2025-09-23,366,Thiès,actif
cpt_005635,cli_005635,2026-01-16,251,Dakar-Plateau,actif
cpt_005636,cli_005636,2026-04-10,167,Parcelles Assainies,actif
cpt_005637,cli_005637,2026-01-02,265,Pikine,actif
cpt_005638,cli_005638,2025-07-10,441,Guédiawaye,actif
cpt_005639,cli_005639,2025-07-02,449,Rufisque,actif
cpt_005640,cli_005640,2025-06-30,451,Dakar-Plateau,actif
cpt_005641,cli_005641,2025-06-05,476,Pikine,actif
cpt_005642,cli_005642,2026-08-18,37,Diourbel,actif
cpt_005643,cli_005643,2025-12-13,285,Dakar-Plateau,actif
cpt_005644,cli_005644,2026-02-09,227,Pikine,actif
cpt_005645,cli_005645,2025-12-11,287,Guédiawaye,actif
cpt_005646,cli_005646,2025-12-19,279,Guédiawaye,actif
cpt_005647,cli_005647,2026-05-22,125,Mbour,actif
cpt_005648,cli_005648,2024-10-24,700,Pikine,actif
cpt_005649,cli_005649,2026-09-27,-3,Parcelles Assainies,actif
cpt_005650,cli_005650,2025-07-20,431,Thiès,actif
cpt_005651,cli_005651,2025-10-26,333,Guédiawaye,actif
cpt_005652,cli_005652,2025-05-02,510,Ziguinchor,actif
cpt_005653,cli_005653,2025-01-26,606,Diourbel,actif
cpt_005654,cli_005654,2025-06-09,472,Dakar-Plateau,actif
cpt_005655,cli_005655,2025-03-15,558,Guédiawaye,actif
cpt_005656,cli_005656,2026-03-09,199,Dakar-Plateau,actif
cpt_005657,cli_005657,2024-10-03,721,Dakar-Plateau,fermé
cpt_005658,cli_005658,2026-07-26,60,Rufisque,actif
cpt_005659,cli_005659,2025-05-26,486,Thiès,actif
cpt_005660,cli_005660,2026-06-12,104,Parcelles Assainies,actif
cpt_005661,cli_005661,2026-04-06,171,Pikine,actif
cpt_005662,cli_005662,2025-01-31,601,Pikine,actif
cpt_005663,cli_005663,2025-05-22,490,Diourbel,actif
cpt_005664,cli_005664,2025-06-21,460,Ziguinchor,actif
cpt_005665,cli_005665,2025-01-30,602,Dakar-Plateau,actif
cpt_005666,cli_005666,2026-03-07,201,Mbour,actif
cpt_005667,cli_005667,2025-06-14,467,Parcelles Assainies,actif
cpt_005668,cli_005668,2026-05-03,144,Mbour,actif
cpt_005669,cli_005669,2025-10-10,349,Thiès,actif
cpt_005670,cli_005670,2025-12-05,293,Kaolack,actif
cpt_005671,cli_005671,2025-07-01,450,Dakar-Plateau,actif
cpt_005672,cli_005672,2026-08-10,45,Guédiawaye,actif
cpt_005673,cli_005673,2026-09-09,15,Diourbel,actif
cpt_005674,cli_005674,2026-09-03,21,Dakar-Plateau,actif
cpt_005675,cli_005675,2026-03-16,192,Dakar-Plateau,actif
cpt_005676,cli_005676,2025-08-01,419,Touba,actif
cpt_005677,cli_005677,2026-06-03,113,Touba,actif
cpt_005678,cli_005678,2024-10-02,722,Mbour,actif
cpt_005679,cli_005679,2025-11-29,299,Touba,actif
cpt_005680,cli_005680,2026-02-14,222,Mbour,actif
cpt_005681,cli_005681,2024-12-11,652,Dakar-Plateau,actif
cpt_005682,cli_005682,2026-05-22,125,Thiès,actif
cpt_005683,cli_005683,2026-05-10,137,Touba,actif
cpt_005684,cli_005684,2025-12-22,276,Kaolack,actif
cpt_005685,cli_005685,2026-08-05,50,Pikine,actif
cpt_005686,cli_005686,2025-05-17,495,Dakar-Plateau,actif
cpt_005687,cli_005687,2025-03-09,564,Touba,actif
cpt_005688,cli_005688,2026-01-10,257,Pikine,actif
cpt_005689,cli_005689,2025-01-02,630,Dakar-Plateau,actif
cpt_005690,cli_005690,2026-09-19,5,Saint-Louis,actif
cpt_005691,cli_005691,2025-09-02,387,Rufisque,actif
cpt_005692,cli_005692,2025-04-11,531,Guédiawaye,actif
cpt_005693,cli_005693,2025-12-27,271,Dakar-Plateau,actif
cpt_005694,cli_005694,2024-11-03,690,Dakar-Plateau,actif
cpt_005695,cli_005695,2025-11-16,312,Saint-Louis,actif
cpt_005696,cli_005696,2024-11-23,670,Parcelles Assainies,actif
cpt_005697,cli_005697,2025-05-31,481,Dakar-Plateau,actif
cpt_005698,cli_005698,2026-04-11,166,Guédiawaye,actif
cpt_005699,cli_005699,2025-01-29,603,Dakar-Plateau,actif
cpt_005700,cli_005700,2026-09-02,22,Dakar-Plateau,actif
cpt_005701,cli_005701,2026-05-11,136,Pikine,suspendu
cpt_005702,cli_005702,2025-03-05,568,Rufisque,actif
cpt_005703,cli_005703,2024-12-06,657,Dakar-Plateau,actif
cpt_005704,cli_005704,2025-12-17,281,Guédiawaye,actif
cpt_005705,cli_005705,2025-06-02,479,Parcelles Assainies,actif
cpt_005706,cli_005706,2025-05-07,505,Parcelles Assainies,actif
cpt_005707,cli_005707,2025-04-05,537,Dakar-Plateau,actif
cpt_005708,cli_005708,2024-12-03,660,Dakar-Plateau,actif
cpt_005709,cli_005709,2026-07-24,62,Dakar-Plateau,actif
cpt_005710,cli_005710,2026-05-09,138,Guédiawaye,actif
cpt_005711,cli_005711,2024-11-24,669,Touba,actif
cpt_005712,cli_005712,2025-08-27,393,Dakar-Plateau,actif
cpt_005713,cli_005713,2025-09-05,384,Touba,actif
cpt_005714,cli_005714,2025-12-07,291,Touba,actif
cpt_005715,cli_005715,2026-01-07,260,Dakar-Plateau,actif
cpt_005716,cli_005716,2026-03-31,177,Dakar-Plateau,actif
cpt_005717,cli_005717,2025-12-07,291,Dakar-Plateau,actif
cpt_005718,cli_005718,2026-08-04,51,Dakar-Plateau,actif
cpt_005719,cli_005719,2026-02-22,214,Rufisque,actif
cpt_005720,cli_005720,2024-10-01,723,Dakar-Plateau,actif
cpt_005721,cli_005721,2026-06-01,115,Saint-Louis,actif
cpt_005722,cli_005722,2025-04-10,532,Rufisque,actif
cpt_005723,cli_005723,2026-09-01,23,Touba,actif
cpt_005724,cli_005724,2025-04-09,533,Touba,actif
cpt_005725,cli_005725,2026-03-16,192,Rufisque,actif
cpt_005726,cli_005726,2025-04-30,512,Ziguinchor,actif
cpt_005727,cli_005727,2025-09-28,361,Diourbel,actif
cpt_005728,cli_005728,2025-03-07,566,Guédiawaye,actif
cpt_005729,cli_005729,2025-05-27,485,Dakar-Plateau,actif
cpt_005730,cli_005730,2025-08-15,405,Guédiawaye,actif
cpt_005731,cli_005731,2025-04-11,531,Pikine,actif
cpt_005732,cli_005732,2024-10-19,705,Rufisque,actif
cpt_005733,cli_005733,2025-07-20,431,Guédiawaye,actif
cpt_005734,cli_005734,2026-05-22,125,Parcelles Assainies,actif
cpt_005735,cli_005735,2026-07-04,82,Touba,actif
cpt_005736,cli_005736,2025-08-22,398,Pikine,actif
cpt_005737,cli_005737,2025-11-14,314,Rufisque,actif
cpt_005738,cli_005738,2025-07-11,440,Guédiawaye,actif
cpt_005739,cli_005739,2025-05-26,486,Touba,actif
cpt_005740,cli_005740,2026-05-10,137,Thiès,actif
cpt_005741,cli_005741,2025-04-03,539,Dakar-Plateau,actif
cpt_005742,cli_005742,2024-10-04,720,Mbour,actif
cpt_005743,cli_005743,2026-02-03,233,Dakar-Plateau,actif
cpt_005744,cli_005744,2024-11-17,676,Touba,actif
cpt_005745,cli_005745,2024-11-16,677,Thiès,actif
cpt_005746,cli_005746,2025-11-22,306,Parcelles Assainies,actif
cpt_005747,cli_005747,2025-02-23,578,Mbour,actif
cpt_005748,cli_005748,2024-11-14,679,Kaolack,actif
cpt_005749,cli_005749,2025-01-15,617,Touba,actif
cpt_005750,cli_005750,2025-12-14,284,Rufisque,actif
cpt_005751,cli_005751,2025-05-30,482,Touba,actif
cpt_005752,cli_005752,2025-07-20,431,Parcelles Assainies,actif
cpt_005753,cli_005753,2025-11-26,302,Touba,actif
cpt_005754,cli_005754,2025-06-15,466,Saint-Louis,actif
cpt_005755,cli_005755,2024-11-11,682,Dakar-Plateau,actif
cpt_005756,cli_005756,2026-09-07,17,Pikine,actif
cpt_005757,cli_005757,2024-12-06,657,Pikine,actif
cpt_005758,cli_005758,2025-12-31,267,Dakar-Plateau,actif
cpt_005759,cli_005759,2025-01-30,602,Guédiawaye,actif
cpt_005760,cli_005760,2026-07-07,79,Dakar-Plateau,actif
cpt_005761,cli_005761,2024-12-13,650,Thiès,actif
cpt_005762,cli_005762,2025-11-01,327,Dakar-Plateau,actif
cpt_005763,cli_005763,2024-11-24,669,Pikine,actif
cpt_005764,cli_005764,2025-11-16,312,Mbour,actif
cpt_005765,cli_005765,2025-03-29,544,Guédiawaye,actif
cpt_005766,cli_005766,2025-07-18,433,Parcelles Assainies,actif
cpt_005767,cli_005767,2026-05-01,146,Saint-Louis,actif
cpt_005768,cli_005768,2026-03-27,181,Diourbel,actif
cpt_005769,cli_005769,2025-08-29,391,Thiès,actif
cpt_005770,cli_005770,2025-10-06,353,Dakar-Plateau,actif
cpt_005771,cli_005771,2025-07-02,449,Dakar-Plateau,actif
cpt_005772,cli_005772,2025-02-13,588,Diourbel,actif
cpt_005773,cli_005773,2025-03-11,562,Mbour,actif
cpt_005774,cli_005774,2026-08-12,43,Touba,actif
cpt_005775,cli_005775,2025-09-30,359,Mbour,actif
cpt_005776,cli_005776,2026-06-11,105,Dakar-Plateau,actif
cpt_005777,cli_005777,2025-09-16,373,Parcelles Assainies,actif
cpt_005778,cli_005778,2025-08-29,391,Saint-Louis,actif
cpt_005779,cli_005779,2024-10-01,723,Kaolack,actif
cpt_005780,cli_005780,2025-12-14,284,Pikine,actif
cpt_005781,cli_005781,2025-10-29,330,Thiès,actif
cpt_005782,cli_005782,2025-09-16,373,Dakar-Plateau,actif
cpt_005783,cli_005783,2026-06-25,91,Ziguinchor,actif
cpt_005784,cli_005784,2026-08-15,40,Pikine,actif
cpt_005785,cli_005785,2025-04-26,516,Touba,actif
cpt_005786,cli_005786,2026-02-19,217,Pikine,actif
cpt_005787,cli_005787,2026-01-05,262,Thiès,actif
cpt_005788,cli_005788,2024-10-03,721,Mbour,actif
cpt_005789,cli_005789,2026-03-28,180,Guédiawaye,actif
cpt_005790,cli_005790,2024-12-07,656,Saint-Louis,actif
cpt_005791,cli_005791,2025-06-25,456,Kaolack,actif
cpt_005792,cli_005792,2026-03-14,194,Kaolack,actif
cpt_005793,cli_005793,2024-10-29,695,Guédiawaye,actif
cpt_005794,cli_005794,2025-07-01,450,Touba,actif
cpt_005795,cli_005795,2026-02-09,227,Rufisque,actif
cpt_005796,cli_005796,2025-10-30,329,Thiès,actif
cpt_005797,cli_005797,2025-12-30,268,Parcelles Assainies,actif
cpt_005798,cli_005798,2025-01-18,614,Thiès,actif
cpt_005799,cli_005799,2025-10-21,338,Dakar-Plateau,actif
cpt_005800,cli_005800,2026-08-30,25,Parcelles Assainies,actif
cpt_005801,cli_005801,2025-05-10,502,Dakar-Plateau,actif
cpt_005802,cli_005802,2025-03-22,551,Pikine,actif
cpt_005803,cli_005803,2025-12-11,287,Dakar-Plateau,actif
cpt_005804,cli_005804,2024-11-24,669,Dakar-Plateau,actif
cpt_005805,cli_005805,2025-11-19,309,Touba,actif
cpt_005806,cli_005806,2026-03-15,193,Rufisque,actif
cpt_005807,cli_005807,2025-05-03,509,Dakar-Plateau,actif
cpt_005808,cli_005808,2026-06-26,90,Touba,actif
cpt_005809,cli_005809,2024-10-07,717,Kaolack,actif
cpt_005810,cli_005810,2025-05-14,498,Kaolack,actif
cpt_005811,cli_005811,2026-02-08,228,Saint-Louis,actif
cpt_005812,cli_005812,2026-07-29,57,Diourbel,actif
cpt_005813,cli_005813,2025-07-25,426,Thiès,actif
cpt_005814,cli_005814,2025-07-27,424,Diourbel,actif
cpt_005815,cli_005815,2025-02-23,578,Ziguinchor,actif
cpt_005816,cli_005816,2026-03-01,207,Pikine,actif
cpt_005817,cli_005817,2026-04-24,153,Kaolack,actif
cpt_005818,cli_005818,2025-12-01,297,Saint-Louis,actif
cpt_005819,cli_005819,2025-02-05,596,Touba,actif
cpt_005820,cli_005820,2024-12-03,660,Kaolack,actif
cpt_005821,cli_005821,2026-01-11,256,Guédiawaye,actif
cpt_005822,cli_005822,2026-08-23,32,Parcelles Assainies,actif
cpt_005823,cli_005823,2026-07-09,77,Thiès,actif
cpt_005824,cli_005824,2025-08-23,397,Touba,actif
cpt_005825,cli_005825,2026-09-07,17,Kaolack,actif
cpt_005826,cli_005826,2025-04-16,526,Kaolack,actif
cpt_005827,cli_005827,2026-08-30,25,Touba,actif
cpt_005828,cli_005828,2025-11-22,306,Ziguinchor,actif
cpt_005829,cli_005829,2025-02-19,582,Dakar-Plateau,actif
cpt_005830,cli_005830,2025-10-19,340,Ziguinchor,actif
cpt_005831,cli_005831,2025-05-20,492,Dakar-Plateau,actif
cpt_005832,cli_005832,2026-01-23,244,Rufisque,actif
cpt_005833,cli_005833,2025-02-26,575,Dakar-Plateau,actif
cpt_005834,cli_005834,2025-11-17,311,Thiès,actif
cpt_005835,cli_005835,2025-03-25,548,Guédiawaye,actif
cpt_005836,cli_005836,2024-11-02,691,Dakar-Plateau,actif
cpt_005837,cli_005837,2025-12-24,274,Thiès,actif
cpt_005838,cli_005838,2026-04-07,170,Touba,actif
cpt_005839,cli_005839,2024-11-13,680,Dakar-Plateau,actif
cpt_005840,cli_005840,2025-05-18,494,Mbour,actif
cpt_005841,cli_005841,2024-12-25,638,Dakar-Plateau,actif
cpt_005842,cli_005842,2025-12-26,272,Dakar-Plateau,actif
cpt_005843,cli_005843,2026-01-15,252,Dakar-Plateau,actif
cpt_005844,cli_005844,2026-06-25,91,Thiès,actif
cpt_005845,cli_005845,2025-03-13,560,Touba,actif
cpt_005846,cli_005846,2025-01-16,616,Thiès,actif
cpt_005847,cli_005847,2025-02-03,598,Saint-Louis,actif
cpt_005848,cli_005848,2026-02-26,210,Thiès,actif
cpt_005849,cli_005849,2025-10-05,354,Saint-Louis,actif
cpt_005850,cli_005850,2025-09-29,360,Diourbel,actif
cpt_005851,cli_005851,2026-06-28,88,Guédiawaye,actif
cpt_005852,cli_005852,2026-09-25,-1,Dakar-Plateau,actif
cpt_005853,cli_005853,2026-01-24,243,Dakar-Plateau,actif
cpt_005854,cli_005854,2025-09-19,370,Thiès,actif
cpt_005855,cli_005855,2024-10-05,719,Rufisque,actif
cpt_005856,cli_005856,2024-12-28,635,Dakar-Plateau,actif
cpt_005857,cli_005857,2025-04-22,520,Kaolack,actif
cpt_005858,cli_005858,2024-10-23,701,Ziguinchor,actif
cpt_005859,cli_005859,2025-03-09,564,Pikine,actif
cpt_005860,cli_005860,2025-09-08,381,Dakar-Plateau,actif
cpt_005861,cli_005861,2024-11-30,663,Dakar-Plateau,actif
cpt_005862,cli_005862,2024-11-24,669,Guédiawaye,actif
cpt_005863,cli_005863,2026-05-01,146,Kaolack,actif
cpt_005864,cli_005864,2026-03-02,206,Thiès,actif
cpt_005865,cli_005865,2024-10-22,702,Dakar-Plateau,actif
cpt_005866,cli_005866,2026-09-21,3,Parcelles Assainies,actif
cpt_005867,cli_005867,2025-09-14,375,Dakar-Plateau,actif
cpt_005868,cli_005868,2025-12-22,276,Parcelles Assainies,actif
cpt_005869,cli_005869,2025-04-03,539,Parcelles Assainies,actif
cpt_005870,cli_005870,2024-10-28,696,Thiès,actif
cpt_005871,cli_005871,2026-02-07,229,Rufisque,actif
cpt_005872,cli_005872,2026-04-18,159,Kaolack,actif
cpt_005873,cli_005873,2026-01-29,238,Dakar-Plateau,actif
cpt_005874,cli_005874,2025-04-21,521,Touba,actif
cpt_005875,cli_005875,2026-01-07,260,Dakar-Plateau,actif
cpt_005876,cli_005876,2025-06-12,469,Pikine,actif
cpt_005877,cli_005877,2026-01-17,250,Kaolack,actif
cpt_005878,cli_005878,2025-04-03,539,Mbour,actif
cpt_005879,cli_005879,2026-08-12,43,Dakar-Plateau,actif
cpt_005880,cli_005880,2026-01-17,250,Rufisque,actif
cpt_005881,cli_005881,2026-02-10,226,Touba,actif
cpt_005882,cli_005882,2025-07-19,432,Ziguinchor,actif
cpt_005883,cli_005883,2025-06-13,468,Thiès,actif
cpt_005884,cli_005884,2025-04-12,530,Dakar-Plateau,actif
cpt_005885,cli_005885,2024-12-05,658,Rufisque,actif
cpt_005886,cli_005886,2025-02-24,577,Dakar-Plateau,actif
cpt_005887,cli_005887,2026-08-28,27,Dakar-Plateau,actif
cpt_005888,cli_005888,2025-05-18,494,Thiès,actif
cpt_005889,cli_005889,2026-09-14,10,Touba,actif
cpt_005890,cli_005890,2025-11-27,301,Dakar-Plateau,actif
cpt_005891,cli_005891,2025-07-22,429,Touba,fermé
cpt_005892,cli_005892,2026-02-05,231,Mbour,actif
cpt_005893,cli_005893,2025-05-01,511,Touba,actif
cpt_005894,cli_005894,2025-02-21,580,Pikine,actif
cpt_005895,cli_005895,2025-07-09,442,Guédiawaye,actif
cpt_005896,cli_005896,2025-09-09,380,Dakar-Plateau,actif
cpt_005897,cli_005897,2024-10-14,710,Pikine,actif
cpt_005898,cli_005898,2025-06-09,472,Pikine,actif
cpt_005899,cli_005899,2026-04-13,164,Pikine,actif
cpt_005900,cli_005900,2025-06-06,475,Dakar-Plateau,actif
cpt_005901,cli_005901,2025-10-12,347,Dakar-Plateau,actif
cpt_005902,cli_005902,2026-09-06,18,Kaolack,actif
cpt_005903,cli_005903,2024-11-25,668,Touba,actif
cpt_005904,cli_005904,2025-02-23,578,Guédiawaye,actif
cpt_005905,cli_005905,2025-06-30,451,Ziguinchor,actif
cpt_005906,cli_005906,2025-05-21,491,Pikine,actif
cpt_005907,cli_005907,2025-08-01,419,Parcelles Assainies,actif
cpt_005908,cli_005908,2026-01-20,247,Saint-Louis,actif
cpt_005909,cli_005909,2024-11-15,678,Parcelles Assainies,actif
cpt_005910,cli_005910,2025-08-18,402,Pikine,actif
cpt_005911,cli_005911,2026-01-19,248,Guédiawaye,actif
cpt_005912,cli_005912,2025-05-13,499,Rufisque,actif
cpt_005913,cli_005913,2026-06-04,112,Thiès,actif
cpt_005914,cli_005914,2026-02-03,233,Parcelles Assainies,actif
cpt_005915,cli_005915,2026-06-23,93,Parcelles Assainies,actif
cpt_005916,cli_005916,2026-07-23,63,Pikine,actif
cpt_005917,cli_005917,2025-02-02,599,Rufisque,actif
cpt_005918,cli_005918,2025-11-10,318,Dakar-Plateau,actif
cpt_005919,cli_005919,2025-01-10,622,Kaolack,actif
cpt_005920,cli_005920,2025-06-20,461,Touba,actif
cpt_005921,cli_005921,2026-04-06,171,Parcelles Assainies,actif
cpt_005922,cli_005922,2026-04-25,152,Touba,actif
cpt_005923,cli_005923,2025-10-28,331,Dakar-Plateau,actif
cpt_005924,cli_005924,2026-07-20,66,Guédiawaye,actif
cpt_005925,cli_005925,2025-07-28,423,Parcelles Assainies,actif
cpt_005926,cli_005926,2025-10-24,335,Parcelles Assainies,actif
cpt_005927,cli_005927,2026-06-17,99,Touba,actif
cpt_005928,cli_005928,2025-09-08,381,Diourbel,actif
cpt_005929,cli_005929,2025-01-13,619,Guédiawaye,actif
cpt_005930,cli_005930,2024-12-01,662,Guédiawaye,actif
cpt_005931,cli_005931,2025-11-26,302,Thiès,actif
cpt_005932,cli_005932,2026-08-03,52,Pikine,actif
cpt_005933,cli_005933,2025-01-03,629,Dakar-Plateau,actif
cpt_005934,cli_005934,2025-08-19,401,Diourbel,actif
cpt_005935,cli_005935,2025-03-22,551,Saint-Louis,actif
cpt_005936,cli_005936,2026-08-23,32,Ziguinchor,actif
cpt_005937,cli_005937,2026-02-20,216,Dakar-Plateau,actif
cpt_005938,cli_005938,2026-03-01,207,Dakar-Plateau,actif
cpt_005939,cli_005939,2025-04-23,519,Parcelles Assainies,actif
cpt_005940,cli_005940,2025-05-15,497,Ziguinchor,actif
cpt_005941,cli_005941,2025-04-03,539,Dakar-Plateau,actif
cpt_005942,cli_005942,2025-12-10,288,Dakar-Plateau,actif
cpt_005943,cli_005943,2026-02-09,227,Dakar-Plateau,actif
cpt_005944,cli_005944,2026-05-12,135,Touba,actif
cpt_005945,cli_005945,2026-03-24,184,Touba,actif
cpt_005946,cli_005946,2026-05-27,120,Mbour,actif
cpt_005947,cli_005947,2025-02-01,600,Dakar-Plateau,actif
cpt_005948,cli_005948,2025-05-22,490,Touba,actif
cpt_005949,cli_005949,2025-05-21,491,Parcelles Assainies,actif
cpt_005950,cli_005950,2024-12-19,644,Dakar-Plateau,actif
cpt_005951,cli_005951,2025-04-04,538,Pikine,actif
cpt_005952,cli_005952,2026-02-06,230,Rufisque,actif
cpt_005953,cli_005953,2026-02-07,229,Guédiawaye,actif
cpt_005954,cli_005954,2026-06-26,90,Diourbel,actif
cpt_005955,cli_005955,2025-04-18,524,Parcelles Assainies,actif
cpt_005956,cli_005956,2024-12-28,635,Guédiawaye,actif
cpt_005957,cli_005957,2025-04-22,520,Mbour,actif
cpt_005958,cli_005958,2025-10-18,341,Mbour,actif
cpt_005959,cli_005959,2026-01-27,240,Dakar-Plateau,actif
cpt_005960,cli_005960,2025-11-12,316,Thiès,actif
cpt_005961,cli_005961,2026-03-10,198,Pikine,actif
cpt_005962,cli_005962,2026-05-29,118,Guédiawaye,actif
cpt_005963,cli_005963,2025-11-17,311,Mbour,actif
cpt_005964,cli_005964,2026-04-05,172,Rufisque,suspendu
cpt_005965,cli_005965,2025-04-06,536,Guédiawaye,actif
cpt_005966,cli_005966,2024-12-02,661,Dakar-Plateau,actif
cpt_005967,cli_005967,2026-05-08,139,Rufisque,actif
cpt_005968,cli_005968,2026-09-22,2,Pikine,actif
cpt_005969,cli_005969,2024-12-25,638,Ziguinchor,actif
cpt_005970,cli_005970,2026-02-21,215,Rufisque,actif
cpt_005971,cli_005971,2026-03-24,184,Kaolack,actif
cpt_005972,cli_005972,2025-01-09,623,Guédiawaye,actif
cpt_005973,cli_005973,2025-01-21,611,Saint-Louis,actif
cpt_005974,cli_005974,2025-07-27,424,Dakar-Plateau,actif
cpt_005975,cli_005975,2026-06-06,110,Pikine,actif
cpt_005976,cli_005976,2025-04-29,513,Dakar-Plateau,actif
cpt_005977,cli_005977,2025-04-06,536,Dakar-Plateau,actif
cpt_005978,cli_005978,2025-11-04,324,Ziguinchor,actif
cpt_005979,cli_005979,2025-08-11,409,Touba,actif
cpt_005980,cli_005980,2025-08-31,389,Thiès,actif
cpt_005981,cli_005981,2025-06-01,480,Rufisque,actif
cpt_005982,cli_005982,2025-09-16,373,Thiès,actif
cpt_005983,cli_005983,2024-10-17,707,Thiès,actif
cpt_005984,cli_005984,2026-09-02,22,Saint-Louis,actif
cpt_005985,cli_005985,2026-08-16,39,Thiès,actif
cpt_005986,cli_005986,2026-06-06,110,Touba,actif
cpt_005987,cli_005987,2026-06-11,105,Pikine,actif
cpt_005988,cli_005988,2025-09-27,362,Diourbel,actif
cpt_005989,cli_005989,2026-08-01,54,Dakar-Plateau,actif
cpt_005990,cli_005990,2026-05-09,138,Guédiawaye,actif
cpt_005991,cli_005991,2025-09-10,379,Kaolack,actif
cpt_005992,cli_005992,2024-12-09,654,Dakar-Plateau,actif
cpt_005993,cli_005993,2025-02-19,582,Dakar-Plateau,actif
cpt_005994,cli_005994,2026-04-21,156,Guédiawaye,actif
cpt_005995,cli_005995,2026-08-15,40,Parcelles Assainies,actif
cpt_005996,cli_005996,2025-04-04,538,Ziguinchor,actif
cpt_005997,cli_005997,2025-03-08,565,Saint-Louis,actif
cpt_005998,cli_005998,2024-11-19,674,Parcelles Assainies,actif
cpt_005999,cli_005999,2025-11-15,313,Diourbel,actif
cpt_006000,cli_006000,2026-08-12,43,Thiès,actif
