id_credit,id_client,date_octroi_credit,montant_credit_demande,duree_credit_demande
cred_002026,cli_000017,2025-01-19,100000,3
cred_002225,cli_005153,2025-01-26,5000,3
cred_001582,cli_004772,2025-01-27,25000,6
cred_002437,cli_001070,2025-01-27,15000,3
cred_001682,cli_001210,2025-01-28,50000,6
cred_002571,cli_000340,2025-01-28,10000,6
cred_000721,cli_001247,2025-02-07,50000,6
cred_001948,cli_001500,2025-02-08,15000,6
cred_000720,cli_001247,2025-02-12,15000,3
cred_002314,cli_000689,2025-02-16,25000,6
cred_000090,cli_002202,2025-02-16,5000,6
cred_001922,cli_003554,2025-02-17,15000,6
cred_000162,cli_002631,2025-02-21,10000,3
cred_001163,cli_000113,2025-02-23,10000,6
cred_002334,cli_000348,2025-02-25,15000,3
cred_002213,cli_003664,2025-02-27,10000,9
cred_002289,cli_005367,2025-02-28,100000,9
cred_001421,cli_004305,2025-03-02,10000,6
cred_001394,cli_002883,2025-03-07,50000,6
cred_001246,cli_001696,2025-03-07,15000,3
cred_001336,cli_003256,2025-03-09,5000,3
cred_000312,cli_004136,2025-03-10,25000,9
cred_001510,cli_004039,2025-03-14,10000,3
cred_002325,cli_003312,2025-03-15,15000,6
cred_000852,cli_003904,2025-03-15,100000,9
cred_001817,cli_004326,2025-03-17,5000,6
cred_000094,cli_003503,2025-03-18,100000,9
cred_001315,cli_000723,2025-03-23,10000,3
cred_000997,cli_001148,2025-03-23,5000,6
cred_000793,cli_005804,2025-03-24,15000,6
cred_002247,cli_004218,2025-03-28,25000,9
cred_000676,cli_003285,2025-04-01,15000,6
cred_001364,cli_000078,2025-04-04,50000,6
cred_001037,cli_001235,2025-04-05,5000,6
cred_001683,cli_001210,2025-04-05,25000,9
cred_000494,cli_003615,2025-04-06,100000,6
cred_000680,cli_003624,2025-04-08,5000,12
cred_000542,cli_002496,2025-04-08,25000,6
cred_001316,cli_000723,2025-04-11,15000,3
cred_000141,cli_001078,2025-04-11,100000,6
cred_001343,cli_003651,2025-04-15,15000,9
cred_001095,cli_000498,2025-04-17,15000,6
cred_001930,cli_005029,2025-04-18,25000,9
cred_000652,cli_004495,2025-04-19,100000,6
cred_000261,cli_004847,2025-04-19,50000,3
cred_001361,cli_004256,2025-04-25,15000,6
cred_001900,cli_003942,2025-04-26,25000,9
cred_000035,cli_002102,2025-04-26,50000,6
cred_000323,cli_000241,2025-04-27,50000,6
cred_002147,cli_004954,2025-04-29,25000,3
cred_002315,cli_000689,2025-04-30,10000,3
cred_002441,cli_003905,2025-05-02,25000,9
cred_000334,cli_001681,2025-05-05,100000,6
cred_001583,cli_004772,2025-05-08,15000,3
cred_002296,cli_000823,2025-05-09,15000,12
cred_000369,cli_002265,2025-05-10,50000,9
cred_000042,cli_002346,2025-05-10,15000,6
cred_001091,cli_000757,2025-05-10,100000,9
cred_000513,cli_004909,2025-05-11,5000,3
cred_001649,cli_003853,2025-05-11,5000,6
cred_000370,cli_001753,2025-05-12,25000,3
cred_001614,cli_002454,2025-05-12,5000,6
cred_001306,cli_001802,2025-05-12,25000,12
cred_002447,cli_001773,2025-05-14,5000,6
cred_002067,cli_001444,2025-05-14,25000,9
cred_000406,cli_005594,2025-05-14,10000,6
cred_001949,cli_001500,2025-05-15,50000,6
cred_001885,cli_005689,2025-05-15,10000,6
cred_002039,cli_002352,2025-05-16,25000,3
cred_002226,cli_005153,2025-05-16,100000,12
cred_002555,cli_002242,2025-05-18,5000,3
cred_001906,cli_003556,2025-05-19,50000,3
cred_002561,cli_002848,2025-05-20,100000,3
cred_001348,cli_000630,2025-05-20,100000,3
cred_002465,cli_002625,2025-05-21,5000,6
cred_001252,cli_002198,2025-05-22,5000,6
cred_000651,cli_002207,2025-05-22,10000,9
cred_000625,cli_005068,2025-05-22,10000,6
cred_002333,cli_000348,2025-05-24,5000,9
cred_002346,cli_001944,2025-05-25,25000,3
cred_000817,cli_000461,2025-05-26,10000,6
cred_002113,cli_004863,2025-05-27,50000,6
cred_000124,cli_003699,2025-05-27,5000,6
cred_002168,cli_005678,2025-05-27,5000,12
cred_001023,cli_004011,2025-05-28,10000,9
cred_001152,cli_003419,2025-05-29,25000,6
cred_001858,cli_004459,2025-05-29,5000,9
cred_000609,cli_004998,2025-05-29,100000,6
cred_000517,cli_005569,2025-05-29,50000,6
cred_001035,cli_005419,2025-05-30,15000,6
cred_001169,cli_002859,2025-05-30,15000,6
cred_000216,cli_001176,2025-05-30,10000,6
cred_001164,cli_000113,2025-06-01,5000,3
cred_001904,cli_003556,2025-06-01,100000,9
cred_002551,cli_004812,2025-06-04,25000,12
cred_001549,cli_004971,2025-06-05,15000,9
cred_000010,cli_000779,2025-06-05,5000,6
cred_002699,cli_002140,2025-06-06,25000,6
cred_002432,cli_001883,2025-06-07,10000,6
cred_002360,cli_002295,2025-06-07,5000,9
cred_001552,cli_004483,2025-06-08,10000,9
cred_000768,cli_002031,2025-06-08,25000,6
cred_001915,cli_004420,2025-06-08,5000,3
cred_000416,cli_003310,2025-06-11,15000,3
cred_002086,cli_002645,2025-06-12,5000,3
cred_001370,cli_005998,2025-06-14,25000,12
cred_000126,cli_003825,2025-06-15,10000,6
cred_000567,cli_002473,2025-06-16,50000,3
cred_000631,cli_004030,2025-06-17,15000,12
cred_002433,cli_001883,2025-06-17,10000,6
cred_002644,cli_002933,2025-06-19,5000,6
cred_000307,cli_002745,2025-06-19,10000,6
cred_001276,cli_003049,2025-06-20,10000,9
cred_001414,cli_005836,2025-06-21,15000,3
cred_001081,cli_001927,2025-06-21,10000,3
cred_001556,cli_005123,2025-06-21,5000,6
cred_001923,cli_001816,2025-06-23,5000,3
cred_000116,cli_001827,2025-06-23,15000,6
cred_000636,cli_002092,2025-06-23,5000,9
cred_001019,cli_003326,2025-06-24,25000,6
cred_001877,cli_004118,2025-06-24,5000,6
cred_002560,cli_002848,2025-06-26,10000,3
cred_001264,cli_003807,2025-06-28,25000,6
cred_000532,cli_001702,2025-06-28,15000,9
cred_000894,cli_003203,2025-06-28,5000,9
cred_001569,cli_003117,2025-06-29,10000,3
cred_001745,cli_005229,2025-06-29,50000,6
cred_000621,cli_004670,2025-06-29,15000,3
cred_002686,cli_000073,2025-06-30,25000,6
cred_002626,cli_003780,2025-07-01,10000,3
cred_002568,cli_000574,2025-07-04,50000,6
cred_000119,cli_004773,2025-07-04,10000,6
cred_001140,cli_005861,2025-07-04,5000,3
cred_001443,cli_005276,2025-07-05,15000,9
cred_002695,cli_003133,2025-07-06,15000,12
cred_001491,cli_000116,2025-07-06,10000,6
cred_000433,cli_002035,2025-07-06,5000,3
cred_002199,cli_005087,2025-07-06,5000,6
cred_002016,cli_000537,2025-07-06,10000,3
cred_000279,cli_003273,2025-07-07,10000,6
cred_000612,cli_001094,2025-07-09,5000,6
cred_000810,cli_002632,2025-07-09,15000,6
cred_002093,cli_004685,2025-07-10,5000,12
cred_000818,cli_005237,2025-07-11,10000,9
cred_000742,cli_005416,2025-07-11,50000,9
cred_001494,cli_005073,2025-07-12,25000,3
cred_001575,cli_002983,2025-07-14,15000,3
cred_001446,cli_002163,2025-07-14,25000,3
cred_002204,cli_005433,2025-07-15,25000,3
cred_001428,cli_003424,2025-07-16,5000,3
cred_000173,cli_005412,2025-07-16,10000,3
cred_001390,cli_004364,2025-07-16,10000,6
cred_001516,cli_000992,2025-07-17,5000,3
cred_000324,cli_000241,2025-07-17,25000,6
cred_002185,cli_005319,2025-07-17,50000,6
cred_000722,cli_001217,2025-07-18,10000,9
cred_002559,cli_002848,2025-07-18,10000,3
cred_000467,cli_005972,2025-07-18,15000,6
cred_000975,cli_001192,2025-07-18,25000,6
cred_000535,cli_003015,2025-07-19,15000,6
cred_001679,cli_004820,2025-07-20,10000,3
cred_000989,cli_003401,2025-07-20,15000,12
cred_000505,cli_004214,2025-07-21,15000,3
cred_002170,cli_005346,2025-07-22,5000,6
cred_001492,cli_005846,2025-07-26,5000,6
cred_001783,cli_000343,2025-07-26,5000,6
cred_000543,cli_002496,2025-07-27,100000,9
cred_001074,cli_004514,2025-07-27,25000,6
cred_001022,cli_004654,2025-07-27,5000,12
cred_000350,cli_005479,2025-07-27,10000,12
cred_001691,cli_002333,2025-07-29,15000,6
cred_000608,cli_003236,2025-07-30,5000,6
cred_001653,cli_002059,2025-07-30,25000,6
cred_001189,cli_000638,2025-07-30,5000,9
cred_000956,cli_005438,2025-08-01,5000,3
cred_002373,cli_002729,2025-08-02,15000,3
cred_001713,cli_003788,2025-08-02,50000,6
cred_001291,cli_004350,2025-08-02,15000,12
cred_001378,cli_004308,2025-08-02,50000,6
cred_001701,cli_003687,2025-08-03,25000,3
cred_002111,cli_003289,2025-08-03,15000,9
cred_000965,cli_001957,2025-08-03,15000,9
cred_001852,cli_000846,2025-08-03,15000,3
cred_000824,cli_003112,2025-08-04,15000,3
cred_000766,cli_000413,2025-08-04,25000,3
cred_000367,cli_002880,2025-08-05,25000,3
cred_001444,cli_005276,2025-08-05,5000,6
cred_000961,cli_001923,2025-08-06,10000,12
cred_000363,cli_001666,2025-08-06,25000,6
cred_001753,cli_001002,2025-08-06,10000,3
cred_000400,cli_005692,2025-08-06,50000,6
cred_001029,cli_002486,2025-08-06,5000,3
cred_000281,cli_002794,2025-08-07,5000,3
cred_002512,cli_001972,2025-08-08,10000,6
cred_002495,cli_003032,2025-08-09,15000,6
cred_001927,cli_004500,2025-08-09,15000,12
cred_002348,cli_000418,2025-08-09,25000,6
cred_000743,cli_005416,2025-08-09,5000,3
cred_000165,cli_005933,2025-08-10,5000,6
cred_002145,cli_002108,2025-08-10,10000,6
cred_001211,cli_003637,2025-08-11,10000,6
cred_001505,cli_000857,2025-08-12,15000,12
cred_000585,cli_001630,2025-08-12,5000,12
cred_000877,cli_003175,2025-08-13,25000,6
cred_000635,cli_002092,2025-08-13,10000,12
cred_000978,cli_000514,2025-08-13,100000,6
cred_002051,cli_003190,2025-08-14,5000,12
cred_002237,cli_001332,2025-08-14,25000,9
cred_001799,cli_003339,2025-08-14,10000,3
cred_000738,cli_004164,2025-08-14,25000,3
cred_001018,cli_003326,2025-08-15,25000,6
cred_002627,cli_003780,2025-08-15,25000,6
cred_002572,cli_000340,2025-08-15,15000,6
cred_002200,cli_005087,2025-08-16,10000,3
cred_002641,cli_005870,2025-08-16,10000,9
cred_001560,cli_001587,2025-08-18,15000,3
cred_000770,cli_000551,2025-08-18,10000,9
cred_001335,cli_003256,2025-08-18,100000,6
cred_001725,cli_000036,2025-08-19,15000,3
cred_002160,cli_002937,2025-08-19,5000,6
cred_001170,cli_002859,2025-08-20,5000,3
cred_001739,cli_000594,2025-08-21,10000,3
cred_000783,cli_003538,2025-08-21,10000,12
cred_001500,cli_003397,2025-08-23,5000,3
cred_000618,cli_001888,2025-08-23,50000,3
cred_000723,cli_005815,2025-08-23,5000,9
cred_001110,cli_005841,2025-08-24,100000,12
cred_001593,cli_001295,2025-08-24,10000,3
cred_002091,cli_003730,2025-08-25,50000,3
cred_001769,cli_004732,2025-08-25,10000,6
cred_001186,cli_004876,2025-08-26,25000,6
cred_000170,cli_005772,2025-08-26,25000,12
cred_000977,cli_000514,2025-08-27,50000,12
cred_000204,cli_003244,2025-08-28,15000,6
cred_001353,cli_005741,2025-08-28,50000,3
cred_000121,cli_002213,2025-08-28,10000,6
cred_002488,cli_005951,2025-08-29,5000,3
cred_002293,cli_005708,2025-08-30,50000,9
cred_001656,cli_000233,2025-08-31,10000,6
cred_000063,cli_000908,2025-08-31,50000,3
cred_001266,cli_001082,2025-09-01,10000,3
cred_000759,cli_000344,2025-09-02,25000,9
cred_001045,cli_000871,2025-09-02,15000,3
cred_000825,cli_002622,2025-09-03,10000,9
cred_001419,cli_001000,2025-09-04,10000,6
cred_001891,cli_003571,2025-09-04,15000,6
cred_000874,cli_002237,2025-09-05,50000,6
cred_002326,cli_000975,2025-09-05,50000,9
cred_002055,cli_002088,2025-09-06,15000,9
cred_000049,cli_003580,2025-09-07,5000,6
cred_000697,cli_001911,2025-09-07,50000,3
cred_001132,cli_003858,2025-09-08,25000,9
cred_000698,cli_001911,2025-09-08,15000,9
cred_002139,cli_003635,2025-09-08,10000,6
cred_002518,cli_001556,2025-09-08,10000,6
cred_001658,cli_002325,2025-09-08,5000,3
cred_000032,cli_003006,2025-09-09,100000,12
cred_001544,cli_004614,2025-09-10,5000,6
cred_002632,cli_002714,2025-09-10,15000,12
cred_000617,cli_004292,2025-09-10,25000,12
cred_000988,cli_002974,2025-09-11,5000,6
cred_000951,cli_001783,2025-09-11,5000,9
cred_001167,cli_001822,2025-09-11,10000,3
cred_001254,cli_000072,2025-09-12,5000,6
cred_001248,cli_002205,2025-09-12,10000,6
cred_001909,cli_003254,2025-09-12,50000,3
cred_000349,cli_005479,2025-09-12,25000,3
cred_001929,cli_005029,2025-09-13,15000,3
cred_000229,cli_005245,2025-09-14,5000,6
cred_002618,cli_005227,2025-09-14,100000,9
cred_001203,cli_002979,2025-09-15,15000,3
cred_001815,cli_004326,2025-09-16,5000,3
cred_000347,cli_003131,2025-09-16,5000,3
cred_000360,cli_002554,2025-09-16,5000,6
cred_001267,cli_003241,2025-09-16,10000,3
cred_000359,cli_002554,2025-09-17,10000,6
cred_001527,cli_003734,2025-09-17,15000,9
cred_000524,cli_003045,2025-09-18,5000,12
cred_001230,cli_001487,2025-09-19,15000,6
cred_001629,cli_002808,2025-09-19,10000,6
cred_001150,cli_003855,2025-09-19,15000,3
cred_001543,cli_004614,2025-09-19,50000,9
cred_000210,cli_004469,2025-09-20,100000,3
cred_000952,cli_002037,2025-09-21,25000,6
cred_001695,cli_002736,2025-09-22,25000,9
cred_000056,cli_002711,2025-09-22,5000,6
cred_001712,cli_003788,2025-09-22,10000,9
cred_002392,cli_005085,2025-09-22,15000,12
cred_001647,cli_003853,2025-09-23,10000,6
cred_000196,cli_003394,2025-09-24,100000,6
cred_002018,cli_004261,2025-09-25,25000,9
cred_000111,cli_001007,2025-09-27,15000,6
cred_000422,cli_002784,2025-09-27,100000,12
cred_000657,cli_001687,2025-09-28,10000,3
cred_000280,cli_005869,2025-09-28,5000,6
cred_002174,cli_005364,2025-09-28,15000,6
cred_001260,cli_000298,2025-09-29,100000,12
cred_000112,cli_001007,2025-09-29,10000,6
cred_000230,cli_002896,2025-09-30,10000,3
cred_001430,cli_003696,2025-09-30,15000,9
cred_000077,cli_005480,2025-09-30,25000,3
cred_000272,cli_003478,2025-09-30,25000,9
cred_002193,cli_003471,2025-10-01,10000,6
cred_002438,cli_001070,2025-10-01,10000,6
cred_002378,cli_003435,2025-10-01,25000,6
cred_001001,cli_004645,2025-10-02,5000,3
cred_002457,cli_002268,2025-10-02,100000,6
cred_000268,cli_004539,2025-10-02,100000,3
cred_000661,cli_001416,2025-10-03,15000,3
cred_000834,cli_004485,2025-10-03,10000,3
cred_001272,cli_002360,2025-10-04,50000,6
cred_001911,cli_003254,2025-10-04,5000,9
cred_000357,cli_000781,2025-10-05,100000,6
cred_000950,cli_002206,2025-10-05,25000,6
cred_001299,cli_002164,2025-10-05,50000,6
cred_000314,cli_003979,2025-10-05,5000,12
cred_000526,cli_005997,2025-10-05,5000,6
cred_000795,cli_005185,2025-10-06,5000,3
cred_002394,cli_005085,2025-10-07,100000,12
cred_001326,cli_005126,2025-10-07,10000,3
cred_001220,cli_005898,2025-10-08,10000,12
cred_001693,cli_002333,2025-10-09,5000,3
cred_000362,cli_001666,2025-10-09,10000,6
cred_000624,cli_005068,2025-10-09,5000,9
cred_001289,cli_000829,2025-10-09,5000,6
cred_000685,cli_004302,2025-10-09,10000,6
cred_000380,cli_000093,2025-10-09,15000,6
cred_000699,cli_001911,2025-10-11,10000,3
cred_000929,cli_003954,2025-10-12,100000,3
cred_001108,cli_000020,2025-10-12,10000,9
cred_002473,cli_002266,2025-10-12,10000,6
cred_000441,cli_003670,2025-10-12,5000,9
cred_000493,cli_003615,2025-10-13,10000,6
cred_000875,cli_003278,2025-10-13,25000,12
cred_001624,cli_005633,2025-10-14,15000,6
cred_001046,cli_002322,2025-10-14,50000,6
cred_002002,cli_001323,2025-10-14,15000,6
cred_002205,cli_003012,2025-10-14,100000,12
cred_000262,cli_002026,2025-10-15,15000,6
cred_000949,cli_002206,2025-10-16,5000,9
cred_000755,cli_002299,2025-10-16,25000,3
cred_000045,cli_003320,2025-10-17,10000,12
cred_000322,cli_000241,2025-10-17,15000,6
cred_001746,cli_005229,2025-10-17,5000,12
cred_002658,cli_000666,2025-10-17,15000,9
cred_000955,cli_005438,2025-10-17,10000,6
cred_001789,cli_004246,2025-10-18,5000,3
cred_001845,cli_005731,2025-10-19,50000,6
cred_001468,cli_003940,2025-10-19,5000,3
cred_000816,cli_000461,2025-10-19,5000,3
cred_002216,cli_003593,2025-10-19,5000,12
cred_000751,cli_004884,2025-10-19,5000,9
cred_002015,cli_000537,2025-10-20,100000,9
cred_001160,cli_003666,2025-10-21,10000,6
cred_000007,cli_004059,2025-10-21,25000,6
cred_001596,cli_000166,2025-10-22,10000,6
cred_001553,cli_004483,2025-10-22,15000,12
cred_002000,cli_004544,2025-10-22,5000,9
cred_001901,cli_003942,2025-10-22,25000,3
cred_000802,cli_004382,2025-10-23,5000,6
cred_001539,cli_004249,2025-10-23,5000,6
cred_000060,cli_003945,2025-10-23,5000,9
cred_002049,cli_001023,2025-10-23,50000,9
cred_000525,cli_005878,2025-10-24,5000,9
cred_000982,cli_002521,2025-10-24,10000,6
cred_002027,cli_000017,2025-10-24,5000,3
cred_000957,cli_000345,2025-10-24,15000,6
cred_000880,cli_000263,2025-10-24,5000,6
cred_002602,cli_002853,2025-10-24,50000,3
cred_002061,cli_000605,2025-10-25,100000,6
cred_000969,cli_002368,2025-10-25,10000,6
cred_002140,cli_001372,2025-10-25,100000,6
cred_001435,cli_005430,2025-10-25,5000,3
cred_000805,cli_000766,2025-10-25,5000,6
cred_000632,cli_000860,2025-10-26,15000,6
cred_002554,cli_004052,2025-10-26,5000,6
cred_001044,cli_000871,2025-10-27,5000,3
cred_000858,cli_000749,2025-10-27,5000,9
cred_000733,cli_004245,2025-10-27,10000,3
cred_000833,cli_004485,2025-10-28,15000,6
cred_002507,cli_004508,2025-10-29,5000,6
cred_000180,cli_001120,2025-10-29,10000,9
cred_001805,cli_005207,2025-10-30,15000,3
cred_002375,cli_002992,2025-10-30,15000,6
cred_000538,cli_003524,2025-10-30,100000,9
cred_001572,cli_004923,2025-10-30,10000,3
cred_001243,cli_003382,2025-10-30,5000,6
cred_000732,cli_004245,2025-10-31,5000,6
cred_002683,cli_000316,2025-10-31,10000,3
cred_001281,cli_001756,2025-11-01,10000,9
cred_000274,cli_003595,2025-11-01,5000,3
cred_001702,cli_005183,2025-11-02,10000,12
cred_001796,cli_000844,2025-11-02,10000,3
cred_001380,cli_003901,2025-11-02,5000,6
cred_002302,cli_001968,2025-11-03,5000,6
cred_000922,cli_005042,2025-11-03,5000,9
cred_002651,cli_001841,2025-11-03,15000,9
cred_000471,cli_005150,2025-11-03,10000,9
cred_000562,cli_000874,2025-11-04,50000,6
cred_002386,cli_001743,2025-11-04,10000,3
cred_000653,cli_003373,2025-11-04,5000,12
cred_000143,cli_005306,2025-11-05,5000,3
cred_001247,cli_002205,2025-11-05,5000,9
cred_000315,cli_003979,2025-11-05,5000,6
cred_000605,cli_001206,2025-11-05,10000,3
cred_001144,cli_003491,2025-11-05,100000,6
cred_001292,cli_004350,2025-11-05,15000,6
cred_000923,cli_000071,2025-11-05,25000,12
cred_000474,cli_001337,2025-11-05,50000,6
cred_000292,cli_002252,2025-11-06,15000,9
cred_001964,cli_001947,2025-11-06,10000,6
cred_001228,cli_001584,2025-11-06,100000,9
cred_002335,cli_000348,2025-11-07,5000,3
cred_000161,cli_005518,2025-11-07,25000,3
cred_001648,cli_003853,2025-11-07,5000,3
cred_000821,cli_001901,2025-11-07,10000,12
cred_001889,cli_003571,2025-11-07,5000,9
cred_000171,cli_000372,2025-11-08,100000,3
cred_000375,cli_002404,2025-11-09,5000,9
cred_002439,cli_002482,2025-11-09,25000,6
cred_001344,cli_003651,2025-11-09,10000,9
cred_001249,cli_002205,2025-11-11,50000,9
cred_000123,cli_003699,2025-11-11,50000,6
cred_001618,cli_001830,2025-11-11,10000,6
cred_001438,cli_001062,2025-11-11,25000,3
cred_002019,cli_002626,2025-11-12,5000,9
cred_002290,cli_005367,2025-11-12,5000,9
cred_001445,cli_002697,2025-11-13,50000,3
cred_000807,cli_000766,2025-11-14,15000,12
cred_001791,cli_001405,2025-11-14,25000,6
cred_001342,cli_005876,2025-11-14,15000,9
cred_001548,cli_000618,2025-11-14,10000,3
cred_002232,cli_000389,2025-11-15,5000,6
cred_002120,cli_002727,2025-11-15,15000,3
cred_002312,cli_005131,2025-11-15,100000,6
cred_000891,cli_000801,2025-11-16,10000,6
cred_001586,cli_001052,2025-11-16,50000,9
cred_000030,cli_005528,2025-11-16,10000,6
cred_002322,cli_001053,2025-11-16,10000,3
cred_001490,cli_000116,2025-11-17,50000,6
cred_000133,cli_001384,2025-11-17,5000,3
cred_000918,cli_004816,2025-11-17,10000,6
cred_001652,cli_005771,2025-11-18,25000,12
cred_000208,cli_001971,2025-11-18,10000,9
cred_001384,cli_003294,2025-11-18,5000,6
cred_000970,cli_003150,2025-11-18,10000,3
cred_002311,cli_005131,2025-11-19,5000,9
cred_002546,cli_005059,2025-11-19,15000,6
cred_002327,cli_000975,2025-11-21,5000,3
cred_000696,cli_003392,2025-11-21,15000,3
cred_000915,cli_000826,2025-11-22,15000,12
cred_000920,cli_005111,2025-11-22,25000,3
cred_000515,cli_004909,2025-11-22,10000,9
cred_002421,cli_001881,2025-11-22,25000,3
cred_002151,cli_002283,2025-11-23,10000,9
cred_001304,cli_001802,2025-11-23,10000,12
cred_000232,cli_004432,2025-11-23,10000,6
cred_001146,cli_001698,2025-11-23,50000,6
cred_002595,cli_005293,2025-11-24,10000,6
cred_001054,cli_001250,2025-11-24,15000,9
cred_000432,cli_000959,2025-11-25,10000,6
cred_000101,cli_005375,2025-11-25,50000,12
cred_002566,cli_002881,2025-11-25,15000,6
cred_000440,cli_001680,2025-11-26,50000,9
cred_001645,cli_004296,2025-11-26,5000,3
cred_000472,cli_005150,2025-11-26,5000,9
cred_001894,cli_000725,2025-11-27,10000,3
cred_001975,cli_002001,2025-11-27,5000,12
cred_002017,cli_000537,2025-11-28,50000,3
cred_002092,cli_001874,2025-11-28,25000,3
cred_000491,cli_005356,2025-11-28,5000,6
cred_001265,cli_001082,2025-11-28,15000,3
cred_001506,cli_000857,2025-11-28,15000,6
cred_001439,cli_004671,2025-11-28,5000,6
cred_000523,cli_003045,2025-11-29,10000,3
cred_002295,cli_001711,2025-11-30,15000,3
cred_002294,cli_004611,2025-11-30,50000,9
cred_000903,cli_000435,2025-12-01,50000,6
cred_000079,cli_002210,2025-12-01,10000,6
cred_000912,cli_001044,2025-12-01,5000,3
cred_001566,cli_000902,2025-12-02,5000,6
cred_000146,cli_004795,2025-12-02,5000,12
cred_001876,cli_004328,2025-12-02,10000,3
cred_001131,cli_003858,2025-12-02,25000,3
cred_001737,cli_003870,2025-12-03,5000,3
cred_002098,cli_000189,2025-12-03,25000,6
cred_000947,cli_004266,2025-12-04,15000,3
cred_001109,cli_005841,2025-12-04,100000,9
cred_000553,cli_005372,2025-12-05,15000,9
cred_001540,cli_004249,2025-12-05,15000,6
cred_002702,cli_002104,2025-12-06,5000,3
cred_001976,cli_002001,2025-12-06,100000,6
cred_002163,cli_000487,2025-12-07,5000,3
cred_002318,cli_002560,2025-12-07,50000,6
cred_001681,cli_004820,2025-12-07,5000,3
cred_000382,cli_004833,2025-12-07,15000,6
cred_000368,cli_002265,2025-12-07,25000,3
cred_001141,cli_002925,2025-12-07,10000,6
cred_000434,cli_004806,2025-12-08,50000,6
cred_000844,cli_004995,2025-12-08,5000,6
cred_001032,cli_001322,2025-12-08,100000,3
cred_000672,cli_005955,2025-12-09,5000,3
cred_000914,cli_000826,2025-12-09,100000,6
cred_000225,cli_000633,2025-12-09,5000,6
cred_000018,cli_005860,2025-12-09,25000,6
cred_002508,cli_004508,2025-12-09,5000,6
cred_000574,cli_001527,2025-12-09,5000,3
cred_001589,cli_003085,2025-12-10,5000,9
cred_000053,cli_004153,2025-12-10,25000,6
cred_001229,cli_001487,2025-12-11,5000,6
cred_001488,cli_005826,2025-12-11,5000,6
cred_002218,cli_005465,2025-12-11,100000,12
cred_000713,cli_002009,2025-12-11,100000,6
cred_000092,cli_003912,2025-12-12,25000,3
cred_002345,cli_005053,2025-12-12,5000,3
cred_002483,cli_000494,2025-12-13,25000,6
cred_002148,cli_004954,2025-12-13,15000,3
cred_001143,cli_003491,2025-12-13,5000,6
cred_001429,cli_003424,2025-12-14,25000,9
cred_000089,cli_002202,2025-12-14,5000,3
cred_000619,cli_004670,2025-12-14,5000,9
cred_000285,cli_004938,2025-12-14,15000,6
cred_002063,cli_000029,2025-12-14,5000,6
cred_001826,cli_000555,2025-12-15,15000,9
cred_000325,cli_000301,2025-12-15,15000,12
cred_001639,cli_005091,2025-12-15,15000,9
cred_000939,cli_004882,2025-12-16,15000,3
cred_000601,cli_005730,2025-12-16,15000,3
cred_002623,cli_002910,2025-12-17,10000,3
cred_000163,cli_004354,2025-12-17,5000,9
cred_000213,cli_004613,2025-12-17,50000,6
cred_000294,cli_000332,2025-12-17,25000,3
cred_000677,cli_003285,2025-12-17,25000,9
cred_000883,cli_003395,2025-12-18,25000,12
cred_000777,cli_003784,2025-12-18,15000,9
cred_002556,cli_002242,2025-12-18,100000,12
cred_002448,cli_001773,2025-12-19,15000,6
cred_001442,cli_001512,2025-12-19,5000,3
cred_000848,cli_000214,2025-12-19,25000,9
cred_001738,cli_005086,2025-12-19,15000,3
cred_000034,cli_000506,2025-12-19,25000,6
cred_000102,cli_005375,2025-12-19,10000,6
cred_000014,cli_001430,2025-12-19,25000,9
cred_000881,cli_000263,2025-12-19,15000,6
cred_001436,cli_001062,2025-12-20,10000,6
cred_001727,cli_001567,2025-12-20,5000,6
cred_002530,cli_003710,2025-12-21,10000,3
cred_002033,cli_000427,2025-12-21,5000,6
cred_002466,cli_001840,2025-12-21,25000,3
cred_002389,cli_001238,2025-12-22,5000,6
cred_001288,cli_003952,2025-12-22,5000,6
cred_002056,cli_002088,2025-12-22,25000,3
cred_002095,cli_004753,2025-12-22,15000,3
cred_001882,cli_003961,2025-12-22,10000,6
cred_001696,cli_002736,2025-12-23,10000,3
cred_000799,cli_005589,2025-12-23,25000,6
cred_000641,cli_002939,2025-12-24,15000,3
cred_002043,cli_004325,2025-12-24,25000,3
cred_002463,cli_002625,2025-12-24,25000,6
cred_001594,cli_000166,2025-12-24,5000,9
cred_002248,cli_004218,2025-12-25,10000,6
cred_002562,cli_001882,2025-12-25,5000,6
cred_000823,cli_003112,2025-12-25,25000,3
cred_000311,cli_004172,2025-12-26,10000,9
cred_001317,cli_000723,2025-12-27,10000,6
cred_001496,cli_003628,2025-12-27,10000,3
cred_001521,cli_002250,2025-12-28,15000,12
cred_000760,cli_000344,2025-12-28,5000,6
cred_001014,cli_001291,2025-12-28,5000,6
cred_001451,cli_003014,2025-12-29,5000,6
cred_000227,cli_000633,2025-12-29,15000,6
cred_001462,cli_003772,2025-12-29,5000,6
cred_000736,cli_001786,2025-12-29,100000,3
cred_001102,cli_004570,2025-12-30,25000,3
cred_002443,cli_000606,2025-12-31,50000,6
cred_000876,cli_003278,2025-12-31,25000,9
cred_001832,cli_001650,2025-12-31,15000,6
cred_002578,cli_002215,2025-12-31,5000,9
cred_001202,cli_003468,2025-12-31,15000,6
cred_000925,cli_004866,2025-12-31,15000,6
cred_002552,cli_004812,2025-12-31,5000,3
cred_001865,cli_004827,2026-01-01,5000,9
cred_001475,cli_003617,2026-01-01,10000,9
cred_001676,cli_003432,2026-01-01,5000,3
cred_000889,cli_002766,2026-01-01,5000,9
cred_001680,cli_004820,2026-01-01,15000,9
cred_002631,cli_002714,2026-01-02,10000,3
cred_002517,cli_004669,2026-01-02,5000,12
cred_001290,cli_000829,2026-01-03,10000,3
cred_002370,cli_002733,2026-01-03,25000,3
cred_002588,cli_000876,2026-01-04,15000,6
cred_001655,cli_005905,2026-01-04,10000,6
cred_001375,cli_000899,2026-01-04,50000,9
cred_002304,cli_000976,2026-01-04,5000,6
cred_002643,cli_005498,2026-01-04,50000,9
cred_000892,cli_000051,2026-01-04,10000,6
cred_000329,cli_001832,2026-01-04,10000,3
cred_000573,cli_001527,2026-01-04,5000,6
cred_000814,cli_004503,2026-01-05,15000,9
cred_002030,cli_001121,2026-01-05,50000,6
cred_000048,cli_003580,2026-01-05,50000,3
cred_001056,cli_005483,2026-01-06,5000,6
cred_001636,cli_005030,2026-01-06,5000,6
cred_001754,cli_001002,2026-01-06,10000,3
cred_000822,cli_003112,2026-01-06,15000,6
cred_000613,cli_001094,2026-01-07,15000,9
cred_000958,cli_000345,2026-01-07,5000,3
cred_001630,cli_002877,2026-01-07,10000,12
cred_001352,cli_005741,2026-01-07,100000,6
cred_000586,cli_001950,2026-01-07,15000,6
cred_000648,cli_000158,2026-01-07,50000,12
cred_000095,cli_003503,2026-01-07,15000,9
cred_000831,cli_000265,2026-01-08,10000,3
cred_002025,cli_005457,2026-01-08,15000,3
cred_002317,cli_002560,2026-01-08,15000,6
cred_000731,cli_004245,2026-01-09,100000,3
cred_000257,cli_002407,2026-01-09,50000,6
cred_002581,cli_004336,2026-01-09,5000,3
cred_002022,cli_000546,2026-01-09,10000,3
cred_001757,cli_005230,2026-01-09,5000,3
cred_000278,cli_002443,2026-01-09,15000,12
cred_000724,cli_001893,2026-01-10,10000,12
cred_000895,cli_003203,2026-01-10,25000,3
cred_000174,cli_005412,2026-01-10,5000,12
cred_001507,cli_003359,2026-01-10,15000,3
cred_001755,cli_003374,2026-01-11,10000,6
cred_001833,cli_001579,2026-01-11,10000,6
cred_001225,cli_001432,2026-01-11,5000,6
cred_001530,cli_004391,2026-01-12,10000,6
cred_000691,cli_003451,2026-01-12,100000,9
cred_001199,cli_001398,2026-01-13,15000,9
cred_001587,cli_003533,2026-01-14,15000,6
cred_001286,cli_003975,2026-01-14,15000,12
cred_000482,cli_002909,2026-01-14,15000,9
cred_001628,cli_001180,2026-01-14,10000,3
cred_002094,cli_004753,2026-01-14,15000,3
cred_001779,cli_000331,2026-01-15,5000,6
cred_001690,cli_003616,2026-01-15,15000,6
cred_001981,cli_001590,2026-01-16,10000,9
cred_000260,cli_004847,2026-01-16,5000,6
cred_001237,cli_002811,2026-01-17,10000,6
cred_001107,cli_001777,2026-01-17,15000,9
cred_000819,cli_001901,2026-01-17,15000,3
cred_000835,cli_004485,2026-01-17,25000,3
cred_001531,cli_000799,2026-01-18,5000,6
cred_000664,cli_003988,2026-01-18,10000,3
cred_000663,cli_000341,2026-01-18,50000,6
cred_000954,cli_004210,2026-01-18,5000,6
cred_001601,cli_000558,2026-01-18,10000,6
cred_002297,cli_004789,2026-01-19,50000,3
cred_000453,cli_003627,2026-01-19,10000,12
cred_001795,cli_000844,2026-01-19,5000,6
cred_000945,cli_002756,2026-01-19,25000,9
cred_002550,cli_004812,2026-01-19,15000,3
cred_000882,cli_003395,2026-01-19,25000,3
cred_001463,cli_003772,2026-01-19,10000,3
cred_001860,cli_003726,2026-01-20,100000,6
cred_001526,cli_003734,2026-01-20,50000,6
cred_002228,cli_001758,2026-01-20,5000,6
cred_002034,cli_005601,2026-01-20,5000,12
cred_001895,cli_000725,2026-01-21,100000,12
cred_002275,cli_002311,2026-01-21,10000,3
cred_000840,cli_000886,2026-01-21,10000,12
cred_002068,cli_001318,2026-01-22,50000,6
cred_000803,cli_004382,2026-01-22,15000,6
cred_002064,cli_000029,2026-01-22,5000,3
cred_002579,cli_002211,2026-01-22,15000,6
cred_000916,cli_005243,2026-01-22,5000,6
cred_001198,cli_000237,2026-01-22,5000,3
cred_002541,cli_001403,2026-01-22,10000,6
cred_001385,cli_002371,2026-01-22,5000,9
cred_002189,cli_004431,2026-01-22,10000,12
cred_000080,cli_002210,2026-01-22,15000,9
cred_000674,cli_002182,2026-01-23,5000,3
cred_000546,cli_000580,2026-01-23,25000,6
cred_001770,cli_000811,2026-01-23,50000,12
cred_000185,cli_005125,2026-01-23,5000,3
cred_000145,cli_005306,2026-01-23,25000,6
cred_001580,cli_001357,2026-01-24,15000,9
cred_000981,cli_002326,2026-01-24,100000,9
cred_002563,cli_001882,2026-01-25,50000,3
cred_000655,cli_001687,2026-01-25,15000,12
cred_001040,cli_003398,2026-01-25,10000,6
cred_001502,cli_002747,2026-01-25,15000,6
cred_001259,cli_001026,2026-01-25,5000,3
cred_002587,cli_005288,2026-01-26,50000,6
cred_000610,cli_004998,2026-01-26,10000,6
cred_001116,cli_000715,2026-01-26,5000,6
cred_000224,cli_000589,2026-01-26,15000,9
cred_000037,cli_005996,2026-01-26,25000,9
cred_001080,cli_001927,2026-01-26,50000,6
cred_001224,cli_001432,2026-01-26,10000,3
cred_000886,cli_000697,2026-01-27,5000,6
cred_001422,cli_000212,2026-01-27,50000,9
cred_001092,cli_002043,2026-01-28,50000,3
cred_000550,cli_001400,2026-01-29,25000,9
cred_000785,cli_005934,2026-01-29,10000,9
cred_000366,cli_002401,2026-01-29,5000,3
cred_002586,cli_005288,2026-01-29,15000,6
cred_000565,cli_001629,2026-01-29,10000,3
cred_000815,cli_000719,2026-01-29,50000,3
cred_001724,cli_004032,2026-01-30,5000,6
cred_000797,cli_004592,2026-01-30,10000,6
cred_000011,cli_001846,2026-01-30,10000,6
cred_000284,cli_003856,2026-01-30,10000,3
cred_001465,cli_003307,2026-01-30,10000,6
cred_002121,cli_000745,2026-01-31,10000,6
cred_001887,cli_004489,2026-01-31,15000,9
cred_002032,cli_003991,2026-01-31,5000,3
cred_002564,cli_000814,2026-02-01,25000,9
cred_001103,cli_004570,2026-02-01,15000,3
cred_002356,cli_005888,2026-02-01,25000,9
cred_000031,cli_003006,2026-02-02,5000,3
cred_002009,cli_003124,2026-02-02,10000,3
cred_001711,cli_003788,2026-02-02,10000,6
cred_001563,cli_002635,2026-02-02,15000,6
cred_000737,cli_001740,2026-02-03,15000,6
cred_001875,cli_004328,2026-02-03,100000,3
cred_001133,cli_000778,2026-02-03,50000,9
cred_000606,cli_001206,2026-02-03,25000,9
cred_002696,cli_003499,2026-02-03,15000,12
cred_001179,cli_000890,2026-02-04,15000,6
cred_000215,cli_002147,2026-02-04,5000,6
cred_001961,cli_002066,2026-02-04,5000,3
cred_001360,cli_005799,2026-02-04,25000,6
cred_002224,cli_005153,2026-02-05,50000,6
cred_001886,cli_004489,2026-02-05,5000,9
cred_001379,cli_003901,2026-02-06,10000,9
cred_001181,cli_000890,2026-02-06,25000,9
cred_001305,cli_001802,2026-02-06,15000,6
cred_001844,cli_002651,2026-02-06,10000,6
cred_001637,cli_001497,2026-02-06,10000,3
cred_001790,cli_001405,2026-02-07,10000,9
cred_000735,cli_002271,2026-02-07,5000,6
cred_001362,cli_004977,2026-02-07,25000,12
cred_001064,cli_002948,2026-02-07,10000,9
cred_000044,cli_002346,2026-02-07,10000,9
cred_000756,cli_002612,2026-02-08,10000,3
cred_002703,cli_002104,2026-02-08,5000,3
cred_001093,cli_002043,2026-02-08,10000,9
cred_000392,cli_003831,2026-02-08,5000,3
cred_001659,cli_004980,2026-02-08,50000,6
cred_000946,cli_002756,2026-02-09,15000,6
cred_002470,cli_003802,2026-02-09,50000,3
cred_001866,cli_004827,2026-02-09,5000,3
cred_000027,cli_005814,2026-02-09,5000,3
cred_001099,cli_002006,2026-02-09,15000,6
cred_001584,cli_001249,2026-02-10,5000,3
cred_001684,cli_004652,2026-02-10,5000,6
cred_002347,cli_000418,2026-02-10,15000,12
cred_000259,cli_002168,2026-02-11,10000,6
cred_000383,cli_005449,2026-02-11,10000,9
cred_000725,cli_001893,2026-02-11,25000,6
cred_001862,cli_002800,2026-02-11,5000,12
cred_002372,cli_002729,2026-02-11,15000,6
cred_000021,cli_004662,2026-02-12,15000,6
cred_002634,cli_003450,2026-02-12,15000,3
cred_002516,cli_004042,2026-02-12,25000,6
cred_002605,cli_005903,2026-02-12,15000,9
cred_002584,cli_002065,2026-02-12,15000,12
cred_000345,cli_001657,2026-02-12,10000,3
cred_001075,cli_005978,2026-02-13,25000,6
cred_001573,cli_002629,2026-02-13,50000,3
cred_001294,cli_001915,2026-02-13,5000,3
cred_002084,cli_002991,2026-02-13,25000,12
cred_001752,cli_001258,2026-02-13,100000,6
cred_000843,cli_003837,2026-02-13,5000,6
cred_002128,cli_002453,2026-02-13,5000,12
cred_002127,cli_002453,2026-02-14,50000,9
cred_001828,cli_005291,2026-02-14,50000,3
cred_001006,cli_001041,2026-02-14,5000,3
cred_000147,cli_002087,2026-02-15,15000,6
cred_001758,cli_005230,2026-02-15,50000,3
cred_002241,cli_002356,2026-02-15,25000,6
cred_000473,cli_005150,2026-02-15,15000,9
cred_002638,cli_001208,2026-02-16,15000,3
cred_002192,cli_002331,2026-02-17,15000,3
cred_001883,cli_005509,2026-02-17,15000,6
cred_002599,cli_003729,2026-02-17,5000,9
cred_002097,cli_000189,2026-02-17,5000,9
cred_000327,cli_004529,2026-02-17,5000,3
cred_001762,cli_001312,2026-02-18,100000,6
cred_002600,cli_003729,2026-02-18,15000,6
cred_000921,cli_005111,2026-02-18,15000,6
cred_001600,cli_000558,2026-02-18,15000,6
cred_000966,cli_001957,2026-02-18,10000,6
cred_000932,cli_004471,2026-02-18,5000,9
cred_001664,cli_004994,2026-02-19,10000,12
cred_000043,cli_002346,2026-02-19,5000,12
cred_002557,cli_002242,2026-02-19,15000,3
cred_001846,cli_002526,2026-02-19,5000,6
cred_000642,cli_003732,2026-02-19,10000,6
cred_001295,cli_001915,2026-02-19,15000,6
cred_002514,cli_002428,2026-02-20,10000,12
cred_000907,cli_001962,2026-02-20,50000,3
cred_000909,cli_000161,2026-02-20,5000,3
cred_000125,cli_003825,2026-02-21,10000,9
cred_001536,cli_005560,2026-02-22,50000,3
cred_001861,cli_003726,2026-02-23,10000,3
cred_000773,cli_004509,2026-02-23,5000,6
cred_001088,cli_002987,2026-02-23,10000,6
cred_002384,cli_001222,2026-02-23,10000,6
cred_000328,cli_001832,2026-02-24,15000,6
cred_001218,cli_004778,2026-02-24,10000,9
cred_002380,cli_001755,2026-02-24,5000,6
cred_000576,cli_000180,2026-02-25,15000,9
cred_002273,cli_003094,2026-02-25,100000,3
cred_002078,cli_003918,2026-02-25,15000,6
cred_000081,cli_003557,2026-02-25,5000,9
cred_000407,cli_005594,2026-02-25,10000,6
cred_001854,cli_001907,2026-02-25,15000,6
cred_001391,cli_004364,2026-02-25,25000,3
cred_000856,cli_004369,2026-02-26,5000,3
cred_001358,cli_005799,2026-02-26,15000,3
cred_002365,cli_002281,2026-02-26,10000,3
cred_002592,cli_003447,2026-02-26,5000,12
cred_002390,cli_001238,2026-02-26,10000,9
cred_001377,cli_003161,2026-02-27,5000,6
cred_002230,cli_001758,2026-02-27,50000,3
cred_001437,cli_001062,2026-02-28,100000,3
cred_000275,cli_003595,2026-02-28,5000,12
cred_000343,cli_005173,2026-02-28,25000,9
cred_001760,cli_000253,2026-02-28,5000,3
cred_001811,cli_000264,2026-03-01,15000,9
cred_002610,cli_004174,2026-03-01,10000,3
cred_001958,cli_004579,2026-03-01,5000,6
cred_000910,cli_001931,2026-03-01,15000,3
cred_001722,cli_001763,2026-03-02,5000,6
cred_001839,cli_003220,2026-03-02,10000,3
cred_001312,cli_004152,2026-03-02,10000,6
cred_000868,cli_000747,2026-03-02,5000,3
cred_000972,cli_005194,2026-03-02,50000,6
cred_000033,cli_000506,2026-03-02,100000,9
cred_001813,cli_000750,2026-03-03,10000,9
cred_001988,cli_004512,2026-03-03,100000,6
cred_000394,cli_000893,2026-03-03,10000,3
cred_000271,cli_003478,2026-03-03,15000,9
cred_000242,cli_004545,2026-03-03,5000,6
cred_001881,cli_003961,2026-03-03,15000,6
cred_001675,cli_000369,2026-03-04,15000,12
cred_002268,cli_003345,2026-03-04,10000,3
cred_001255,cli_003897,2026-03-04,5000,6
cred_001831,cli_001650,2026-03-05,5000,9
cred_001726,cli_001112,2026-03-05,25000,3
cred_002509,cli_000772,2026-03-05,5000,3
cred_000267,cli_004539,2026-03-05,15000,3
cred_000435,cli_000172,2026-03-05,100000,3
cred_000298,cli_000954,2026-03-06,50000,9
cred_002065,cli_000029,2026-03-06,25000,3
cred_001156,cli_002562,2026-03-06,5000,3
cred_001303,cli_001761,2026-03-06,100000,9
cred_002023,cli_000546,2026-03-06,25000,9
cred_001388,cli_003742,2026-03-06,5000,9
cred_002500,cli_000303,2026-03-06,100000,3
cred_001474,cli_003617,2026-03-06,10000,3
cred_000086,cli_001683,2026-03-07,5000,3
cred_000071,cli_001595,2026-03-07,10000,12
cred_000066,cli_005344,2026-03-07,15000,3
cred_002288,cli_001910,2026-03-07,10000,9
cred_002177,cli_002557,2026-03-08,10000,3
cred_002320,cli_005336,2026-03-08,10000,9
cred_001396,cli_003001,2026-03-08,25000,3
cred_002079,cli_005752,2026-03-08,100000,9
cred_000832,cli_000265,2026-03-08,5000,6
cred_001476,cli_003617,2026-03-08,10000,9
cred_000047,cli_005090,2026-03-08,10000,3
cred_002050,cli_001023,2026-03-09,100000,9
cred_000346,cli_002634,2026-03-09,10000,3
cred_001604,cli_000713,2026-03-09,5000,6
cred_000544,cli_001502,2026-03-09,10000,6
cred_000668,cli_003550,2026-03-09,10000,3
cred_002403,cli_003536,2026-03-09,15000,6
cred_002231,cli_001408,2026-03-09,5000,3
cred_000650,cli_001640,2026-03-10,10000,12
cred_001808,cli_002439,2026-03-10,50000,9
cred_000277,cli_003700,2026-03-10,15000,6
cred_002053,cli_004499,2026-03-10,5000,6
cred_000607,cli_005279,2026-03-10,50000,6
cred_000662,cli_005907,2026-03-10,25000,6
cred_002202,cli_003189,2026-03-11,15000,9
cred_001532,cli_000262,2026-03-11,25000,3
cred_000287,cli_004047,2026-03-11,50000,12
cred_000597,cli_000108,2026-03-11,15000,6
cred_001129,cli_000440,2026-03-11,5000,6
cred_001219,cli_004778,2026-03-11,10000,3
cred_002708,cli_004366,2026-03-11,25000,9
cred_000849,cli_000214,2026-03-11,5000,6
cred_002355,cli_003596,2026-03-11,15000,12
cred_001124,cli_001818,2026-03-12,10000,12
cred_002021,cli_000546,2026-03-12,5000,6
cred_002501,cli_000303,2026-03-12,25000,6
cred_002706,cli_000124,2026-03-12,15000,9
cred_000739,cli_004586,2026-03-12,15000,9
cred_002629,cli_001905,2026-03-12,15000,6
cred_000706,cli_004703,2026-03-12,5000,12
cred_000084,cli_002300,2026-03-12,5000,12
cred_001121,cli_003077,2026-03-12,100000,3
cred_000150,cli_000075,2026-03-12,5000,3
cred_001843,cli_004112,2026-03-13,25000,6
cred_002567,cli_005057,2026-03-13,50000,9
cred_000498,cli_001614,2026-03-14,15000,9
cred_000516,cli_004718,2026-03-14,5000,6
cred_000534,cli_002878,2026-03-14,5000,6
cred_001794,cli_005196,2026-03-14,25000,6
cred_000243,cli_004545,2026-03-14,25000,3
cred_001761,cli_000253,2026-03-14,50000,6
cred_002249,cli_005988,2026-03-15,10000,3
cred_001434,cli_005430,2026-03-15,50000,3
cred_000861,cli_001058,2026-03-15,10000,3
cred_001980,cli_003440,2026-03-15,50000,3
cred_002133,cli_005650,2026-03-15,25000,12
cred_002191,cli_002331,2026-03-15,25000,12
cred_000093,cli_003503,2026-03-16,25000,12
cred_001412,cli_002828,2026-03-16,5000,6
cred_000649,cli_000158,2026-03-16,5000,6
cred_001314,cli_003962,2026-03-17,15000,3
cred_002321,cli_001397,2026-03-18,15000,6
cred_001721,cli_001763,2026-03-18,15000,6
cred_000301,cli_002070,2026-03-19,15000,6
cred_001644,cli_003250,2026-03-19,5000,3
cred_002277,cli_005500,2026-03-19,5000,3
cred_001765,cli_000810,2026-03-19,15000,3
cred_000890,cli_000801,2026-03-19,5000,6
cred_001258,cli_004125,2026-03-19,10000,6
cred_000431,cli_000959,2026-03-20,10000,6
cred_000996,cli_001678,2026-03-20,15000,6
cred_002540,cli_001403,2026-03-20,100000,6
cred_000547,cli_001454,2026-03-20,5000,6
cred_000269,cli_004539,2026-03-20,50000,12
cred_002149,cli_000930,2026-03-20,10000,6
cred_001153,cli_001224,2026-03-20,50000,3
cred_001816,cli_004326,2026-03-21,100000,12
cred_002332,cli_000250,2026-03-22,10000,6
cred_001597,cli_003263,2026-03-23,10000,6
cred_000688,cli_003903,2026-03-23,15000,3
cred_000564,cli_002738,2026-03-23,10000,3
cred_001201,cli_000953,2026-03-23,5000,3
cred_001460,cli_005022,2026-03-23,15000,6
cred_001367,cli_003925,2026-03-23,10000,9
cred_001741,cli_000247,2026-03-23,15000,6
cred_000589,cli_002507,2026-03-24,100000,3
cred_001359,cli_005799,2026-03-24,5000,6
cred_001072,cli_003105,2026-03-24,50000,3
cred_000464,cli_005413,2026-03-24,10000,3
cred_001668,cli_005078,2026-03-25,10000,12
cred_001251,cli_002198,2026-03-25,10000,6
cred_000798,cli_005589,2026-03-25,50000,12
cred_002442,cli_002834,2026-03-25,5000,9
cred_000449,cli_005679,2026-03-25,15000,9
cred_001403,cli_004792,2026-03-26,25000,3
cred_000847,cli_005448,2026-03-26,10000,9
cred_002354,cli_001765,2026-03-26,10000,3
cred_002440,cli_002482,2026-03-26,5000,3
cred_002266,cli_005684,2026-03-26,15000,6
cred_000214,cli_004613,2026-03-26,5000,6
cred_000906,cli_005736,2026-03-27,5000,6
cred_001282,cli_001756,2026-03-27,25000,3
cred_001061,cli_004145,2026-03-27,10000,6
cred_001953,cli_002710,2026-03-27,10000,6
cred_001834,cli_001579,2026-03-27,15000,9
cred_002217,cli_003593,2026-03-27,5000,3
cred_001097,cli_002590,2026-03-27,15000,6
cred_001994,cli_002218,2026-03-27,15000,9
cred_001632,cli_000234,2026-03-27,25000,6
cred_001784,cli_001214,2026-03-28,10000,3
cred_000828,cli_002489,2026-03-28,50000,9
cred_001171,cli_002859,2026-03-28,15000,6
cred_002278,cli_002872,2026-03-28,15000,9
cred_000709,cli_002258,2026-03-29,5000,6
cred_000477,cli_004470,2026-03-29,15000,9
cred_002357,cli_005466,2026-03-29,10000,6
cred_000791,cli_001338,2026-03-29,100000,9
cred_001750,cli_004698,2026-03-29,5000,12
cred_001837,cli_000240,2026-03-29,15000,3
cred_001453,cli_000337,2026-03-29,10000,3
cred_001206,cli_003738,2026-03-30,15000,9
cred_001810,cli_000264,2026-03-30,10000,3
cred_000384,cli_001967,2026-03-30,10000,3
cred_001402,cli_004792,2026-03-30,10000,6
cred_000212,cli_004613,2026-03-30,25000,6
cred_002515,cli_004042,2026-03-31,50000,3
cred_002256,cli_004655,2026-03-31,25000,3
cred_002549,cli_004700,2026-03-31,10000,9
cred_000683,cli_005842,2026-04-01,50000,3
cred_001588,cli_003533,2026-04-01,10000,6
cred_000616,cli_001273,2026-04-01,5000,6
cred_000403,cli_004358,2026-04-01,10000,6
cred_001142,cli_003491,2026-04-01,15000,6
cred_001533,cli_001441,2026-04-01,5000,3
cred_002645,cli_002933,2026-04-02,15000,3
cred_002604,cli_005903,2026-04-02,5000,3
cred_002272,cli_005420,2026-04-02,10000,6
cred_002259,cli_004918,2026-04-02,25000,12
cred_000144,cli_005306,2026-04-03,5000,12
cred_002689,cli_005883,2026-04-03,10000,9
cred_002484,cli_000494,2026-04-03,10000,3
cred_000671,cli_005977,2026-04-04,5000,3
cred_002399,cli_000865,2026-04-04,50000,9
cred_001461,cli_004742,2026-04-04,50000,6
cred_000860,cli_001530,2026-04-04,15000,9
cred_001985,cli_002904,2026-04-05,25000,3
cred_000926,cli_000112,2026-04-05,15000,3
cred_002591,cli_003120,2026-04-05,25000,6
cred_000008,cli_004059,2026-04-05,100000,9
cred_000438,cli_003334,2026-04-05,100000,3
cred_002125,cli_004233,2026-04-05,10000,3
cred_001441,cli_001512,2026-04-05,25000,12
cred_001347,cli_000630,2026-04-05,5000,6
cred_000944,cli_001429,2026-04-06,15000,3
cred_001221,cli_005898,2026-04-06,15000,3
cred_001418,cli_001000,2026-04-06,10000,9
cred_002035,cli_004131,2026-04-06,15000,6
cred_001694,cli_002736,2026-04-06,50000,12
cred_001114,cli_003010,2026-04-06,15000,6
cred_000507,cli_005818,2026-04-06,5000,6
cred_001477,cli_003348,2026-04-07,10000,3
cred_001489,cli_002172,2026-04-07,25000,3
cred_001559,cli_001587,2026-04-08,10000,9
cred_002276,cli_002311,2026-04-08,100000,6
cred_001209,cli_003689,2026-04-08,50000,6
cred_001113,cli_003166,2026-04-08,50000,3
cred_002260,cli_003714,2026-04-09,25000,9
cred_002580,cli_004336,2026-04-09,15000,12
cred_002138,cli_003635,2026-04-09,10000,9
cred_000107,cli_004869,2026-04-09,5000,12
cred_000088,cli_003371,2026-04-09,15000,9
cred_002680,cli_002908,2026-04-09,15000,9
cred_000423,cli_005282,2026-04-10,5000,6
cred_000549,cli_001241,2026-04-10,5000,9
cred_002462,cli_005885,2026-04-10,5000,6
cred_001602,cli_000558,2026-04-10,10000,6
cred_001302,cli_001886,2026-04-10,15000,9
cred_001440,cli_005348,2026-04-11,25000,9
cred_000750,cli_001129,2026-04-11,10000,3
cred_000002,cli_005713,2026-04-12,5000,12
cred_000333,cli_001681,2026-04-12,15000,9
cred_001073,cli_003105,2026-04-12,15000,6
cred_001123,cli_002846,2026-04-12,15000,3
cred_001082,cli_000277,2026-04-12,5000,9
cred_001235,cli_002811,2026-04-12,25000,6
cred_002521,cli_004473,2026-04-12,5000,6
cred_001778,cli_005142,2026-04-12,25000,3
cred_000640,cli_002501,2026-04-13,5000,6
cred_001926,cli_000086,2026-04-13,25000,3
cred_000381,cli_004833,2026-04-13,25000,3
cred_002090,cli_001304,2026-04-13,5000,12
cred_001982,cli_001784,2026-04-13,25000,3
cred_001591,cli_004901,2026-04-13,5000,9
cred_001917,cli_002821,2026-04-13,15000,6
cred_002254,cli_005330,2026-04-14,15000,3
cred_000186,cli_005125,2026-04-14,50000,6
cred_001127,cli_000440,2026-04-14,50000,6
cred_002071,cli_004237,2026-04-14,25000,3
cred_001008,cli_004497,2026-04-14,5000,3
cred_001657,cli_003116,2026-04-14,5000,9
cred_001466,cli_003068,2026-04-14,10000,6
cred_001386,cli_000446,2026-04-14,15000,6
cred_000335,cli_001681,2026-04-15,15000,6
cred_001951,cli_003662,2026-04-15,100000,6
cred_000913,cli_000826,2026-04-15,5000,3
cred_000181,cli_001120,2026-04-15,15000,12
cred_001641,cli_002513,2026-04-15,50000,12
cred_001622,cli_002505,2026-04-15,15000,3
cred_000231,cli_001390,2026-04-15,5000,6
cred_002126,cli_005854,2026-04-15,25000,6
cred_002244,cli_003830,2026-04-16,5000,3
cred_002267,cli_005684,2026-04-16,5000,12
cred_001550,cli_004971,2026-04-16,5000,6
cred_002654,cli_002691,2026-04-16,5000,6
cred_001484,cli_005755,2026-04-16,25000,9
cred_002359,cli_000307,2026-04-16,5000,9
cred_001914,cli_003442,2026-04-17,15000,6
cred_001512,cli_000364,2026-04-17,15000,12
cred_000675,cli_005018,2026-04-17,25000,12
cred_001968,cli_004557,2026-04-17,15000,3
cred_000726,cli_000701,2026-04-17,5000,9
cred_002203,cli_002975,2026-04-17,100000,6
cred_002175,cli_001376,2026-04-18,100000,6
cred_002351,cli_005253,2026-04-18,50000,9
cred_002198,cli_004303,2026-04-18,15000,6
cred_000295,cli_000332,2026-04-18,5000,9
cred_001742,cli_001347,2026-04-18,5000,12
cred_002609,cli_004174,2026-04-18,5000,3
cred_002558,cli_000378,2026-04-19,5000,9
cred_001236,cli_002811,2026-04-19,10000,9
cred_001763,cli_004606,2026-04-20,15000,6
cred_002253,cli_001209,2026-04-20,5000,6
cred_000393,cli_000893,2026-04-20,10000,6
cred_002694,cli_003826,2026-04-20,50000,9
cred_002164,cli_000206,2026-04-20,5000,12
cred_001309,cli_003370,2026-04-20,25000,9
cred_001401,cli_005418,2026-04-20,10000,12
cred_000637,cli_001904,2026-04-20,5000,3
cred_000223,cli_000589,2026-04-20,10000,12
cred_002029,cli_005188,2026-04-21,5000,6
cred_000980,cli_004687,2026-04-21,5000,12
cred_002082,cli_002991,2026-04-21,50000,6
cred_002565,cli_002881,2026-04-21,10000,9
cred_001819,cli_004157,2026-04-21,5000,6
cred_000771,cli_004509,2026-04-21,5000,3
cred_001120,cli_003077,2026-04-22,10000,6
cred_000527,cli_005877,2026-04-22,5000,12
cred_001212,cli_005327,2026-04-22,25000,3
cred_002402,cli_003536,2026-04-22,15000,12
cred_002503,cli_002176,2026-04-22,50000,12
cred_001338,cli_004400,2026-04-22,5000,6
cred_001383,cli_001392,2026-04-22,10000,3
cred_001374,cli_000181,2026-04-23,5000,6
cred_002693,cli_003824,2026-04-23,10000,6
cred_000984,cli_005617,2026-04-23,25000,6
cred_001925,cli_000086,2026-04-23,5000,6
cred_001079,cli_004462,2026-04-23,25000,3
cred_001869,cli_000135,2026-04-23,5000,6
cred_000244,cli_000947,2026-04-23,15000,3
cred_002464,cli_002625,2026-04-23,5000,9
cred_000488,cli_004090,2026-04-23,25000,3
cred_001321,cli_001220,2026-04-23,15000,12
cred_002123,cli_003811,2026-04-23,15000,6
cred_000561,cli_002419,2026-04-24,25000,6
cred_001137,cli_005613,2026-04-24,100000,6
cred_001642,cli_003172,2026-04-24,10000,9
cred_002590,cli_000399,2026-04-24,50000,6
cred_001905,cli_003556,2026-04-25,50000,9
cred_001193,cli_001183,2026-04-25,5000,9
cred_000456,cli_004096,2026-04-26,100000,3
cred_002011,cli_003124,2026-04-26,15000,6
cred_001449,cli_004572,2026-04-26,15000,9
cred_000846,cli_002805,2026-04-26,10000,6
cred_001427,cli_000053,2026-04-26,10000,3
cred_000678,cli_003285,2026-04-26,50000,6
cred_000555,cli_000812,2026-04-26,5000,9
cred_001623,cli_002505,2026-04-26,5000,9
cred_001020,cli_001272,2026-04-27,15000,6
cred_001774,cli_002003,2026-04-27,5000,6
cred_000899,cli_003134,2026-04-27,10000,3
cred_001145,cli_000088,2026-04-27,25000,6
cred_000800,cli_005589,2026-04-27,15000,6
cred_002393,cli_005085,2026-04-27,10000,3
cred_000158,cli_004595,2026-04-27,50000,12
cred_001538,cli_004549,2026-04-27,5000,6
cred_000179,cli_005234,2026-04-27,15000,6
cred_001615,cli_002454,2026-04-27,50000,3
cred_001558,cli_005070,2026-04-27,25000,3
cred_000134,cli_001384,2026-04-27,5000,6
cred_001063,cli_004793,2026-04-28,15000,6
cred_001957,cli_000741,2026-04-28,15000,9
cred_002505,cli_001364,2026-04-28,15000,6
cred_000489,cli_005515,2026-04-28,5000,6
cred_002635,cli_003891,2026-04-28,5000,6
cred_000782,cli_004541,2026-04-28,5000,3
cred_002698,cli_002558,2026-04-28,100000,6
cred_001959,cli_005821,2026-04-28,25000,3
cred_001899,cli_003208,2026-04-29,10000,6
cred_002451,cli_000380,2026-04-29,50000,3
cred_000682,cli_003042,2026-04-29,25000,9
cred_001896,cli_000725,2026-04-29,15000,6
cred_002166,cli_000649,2026-04-29,5000,6
cred_001021,cli_002977,2026-04-29,15000,3
cred_001337,cli_000658,2026-04-29,5000,9
cred_002004,cli_001323,2026-04-30,10000,3
cred_002239,cli_004078,2026-04-30,25000,3
cred_000987,cli_004646,2026-04-30,10000,6
cred_000757,cli_001602,2026-04-30,100000,3
cred_001633,cli_000234,2026-05-01,5000,6
cred_001239,cli_003058,2026-05-01,50000,6
cred_000967,cli_002056,2026-05-01,5000,3
cred_000504,cli_003459,2026-05-01,50000,6
cred_000673,cli_002731,2026-05-01,10000,6
cred_001125,cli_001818,2026-05-01,15000,9
cred_000128,cli_001810,2026-05-01,100000,9
cred_000896,cli_000419,2026-05-02,25000,6
cred_000478,cli_004470,2026-05-02,5000,9
cred_001708,cli_004738,2026-05-02,25000,3
cred_002367,cli_000062,2026-05-02,5000,9
cred_001888,cli_003180,2026-05-02,5000,6
cred_001638,cli_005091,2026-05-02,5000,9
cred_001609,cli_001686,2026-05-03,100000,6
cred_002621,cli_005853,2026-05-03,10000,6
cred_001565,cli_000902,2026-05-03,5000,9
cred_001700,cli_001615,2026-05-03,15000,9
cred_001912,cli_003442,2026-05-03,15000,6
cred_001850,cli_005368,2026-05-03,50000,3
cred_002687,cli_002383,2026-05-03,50000,3
cred_000019,cli_005860,2026-05-03,5000,3
cred_001743,cli_004929,2026-05-03,5000,6
cred_001801,cli_004910,2026-05-03,5000,3
cred_001736,cli_003870,2026-05-03,10000,12
cred_002667,cli_004868,2026-05-04,100000,6
cred_000578,cli_001566,2026-05-04,10000,6
cred_002520,cli_001289,2026-05-04,25000,3
cred_000100,cli_003093,2026-05-04,10000,6
cred_000772,cli_004509,2026-05-04,10000,6
cred_002539,cli_002427,2026-05-04,10000,6
cred_002490,cli_001522,2026-05-05,5000,6
cred_000342,cli_005173,2026-05-05,25000,12
cred_001407,cli_002138,2026-05-05,25000,12
cred_002411,cli_004139,2026-05-05,50000,12
cred_002088,cli_003630,2026-05-05,5000,3
cred_002339,cli_002071,2026-05-05,10000,6
cred_001134,cli_000717,2026-05-05,10000,9
cred_000009,cli_000779,2026-05-05,10000,3
cred_000702,cli_004818,2026-05-06,50000,6
cred_000623,cli_005596,2026-05-06,15000,3
cred_002535,cli_003898,2026-05-06,15000,6
cred_002340,cli_001492,2026-05-06,5000,12
cred_001872,cli_003623,2026-05-06,10000,3
cred_001205,cli_002979,2026-05-06,10000,6
cred_000530,cli_005712,2026-05-06,5000,9
cred_001244,cli_002843,2026-05-06,10000,6
cred_002222,cli_000743,2026-05-06,5000,3
cred_002480,cli_001635,2026-05-06,50000,3
cred_002271,cli_002170,2026-05-07,5000,6
cred_001938,cli_004003,2026-05-07,5000,3
cred_001835,cli_001579,2026-05-07,15000,9
cred_000152,cli_001467,2026-05-07,10000,3
cred_002529,cli_003710,2026-05-07,10000,3
cred_001764,cli_004606,2026-05-07,10000,9
cred_001493,cli_003923,2026-05-07,15000,3
cred_002542,cli_005130,2026-05-07,5000,9
cred_001355,cli_000988,2026-05-07,5000,6
cred_002220,cli_001415,2026-05-07,10000,6
cred_002283,cli_005531,2026-05-08,10000,3
cred_001749,cli_004698,2026-05-08,15000,6
cred_002639,cli_002841,2026-05-08,5000,6
cred_000157,cli_001912,2026-05-08,10000,6
cred_000168,cli_005205,2026-05-08,10000,6
cred_000148,cli_000075,2026-05-08,5000,6
cred_000164,cli_005933,2026-05-08,10000,3
cred_001864,cli_000371,2026-05-08,25000,3
cred_000156,cli_000935,2026-05-09,25000,6
cred_000197,cli_004066,2026-05-09,25000,3
cred_002188,cli_000674,2026-05-09,10000,3
cred_002020,cli_002626,2026-05-09,10000,3
cred_002196,cli_003473,2026-05-09,15000,12
cred_000837,cli_005930,2026-05-09,10000,9
cred_002104,cli_000767,2026-05-09,100000,9
cred_001607,cli_000543,2026-05-10,10000,12
cred_002661,cli_002981,2026-05-10,25000,3
cred_001195,cli_000535,2026-05-10,5000,6
cred_001325,cli_005126,2026-05-10,5000,3
cred_002313,cli_004601,2026-05-10,5000,6
cred_001942,cli_002724,2026-05-10,5000,6
cred_000520,cli_003789,2026-05-10,5000,6
cred_002374,cli_002992,2026-05-10,25000,6
cred_001939,cli_000593,2026-05-10,10000,6
cred_000963,cli_000637,2026-05-11,10000,6
cred_001333,cli_001469,2026-05-11,10000,6
cred_001048,cli_002322,2026-05-11,25000,3
cred_000693,cli_002290,2026-05-11,10000,12
cred_001776,cli_002882,2026-05-11,10000,6
cred_002044,cli_001724,2026-05-11,50000,3
cred_001222,cli_000142,2026-05-11,10000,6
cred_000962,cli_000637,2026-05-11,25000,12
cred_002385,cli_001298,2026-05-12,5000,9
cred_000569,cli_002048,2026-05-12,50000,3
cred_001311,cli_001817,2026-05-12,10000,3
cred_001486,cli_005478,2026-05-12,25000,12
cred_001554,cli_004483,2026-05-12,10000,6
cred_000070,cli_004754,2026-05-12,10000,6
cred_002169,cli_005510,2026-05-12,15000,6
cred_000774,cli_000105,2026-05-12,15000,9
cred_001240,cli_004068,2026-05-12,5000,6
cred_000354,cli_001673,2026-05-12,50000,6
cred_002227,cli_003585,2026-05-12,15000,3
cred_001759,cli_005230,2026-05-13,5000,3
cred_002387,cli_001743,2026-05-13,50000,3
cred_001557,cli_005070,2026-05-13,25000,6
cred_001634,cli_004638,2026-05-13,15000,9
cred_001483,cli_005755,2026-05-13,10000,3
cred_000199,cli_004066,2026-05-13,25000,3
cred_002047,cli_003545,2026-05-13,5000,9
cred_002171,cli_000736,2026-05-14,15000,6
cred_001590,cli_000679,2026-05-14,15000,6
cred_001273,cli_002360,2026-05-14,10000,12
cred_001670,cli_002297,2026-05-15,10000,6
cred_002575,cli_004016,2026-05-15,5000,9
cred_002069,cli_005160,2026-05-15,5000,6
cred_002418,cli_001079,2026-05-15,10000,6
cred_000075,cli_005480,2026-05-15,10000,9
cred_000999,cli_005909,2026-05-15,100000,3
cred_001771,cli_000219,2026-05-15,5000,6
cred_000117,cli_001827,2026-05-15,25000,3
cred_000352,cli_001673,2026-05-15,100000,3
cred_001685,cli_001697,2026-05-16,15000,9
cred_001471,cli_005456,2026-05-16,5000,3
cred_002349,cli_000418,2026-05-16,5000,3
cred_001966,cli_003835,2026-05-16,5000,6
cred_000470,cli_005163,2026-05-16,15000,3
cred_001301,cli_001886,2026-05-16,25000,3
cred_002048,cli_000586,2026-05-16,5000,6
cred_000361,cli_002554,2026-05-17,25000,9
cred_000238,cli_003598,2026-05-17,5000,6
cred_001703,cli_000183,2026-05-17,100000,6
cred_001497,cli_000415,2026-05-17,15000,3
cred_001241,cli_004068,2026-05-17,25000,3
cred_002130,cli_004715,2026-05-17,10000,3
cred_000390,cli_005926,2026-05-18,5000,6
cred_001400,cli_004527,2026-05-18,5000,3
cred_001520,cli_003130,2026-05-19,10000,6
cred_002475,cli_004675,2026-05-19,5000,9
cred_001389,cli_001020,2026-05-19,25000,6
cred_001416,cli_000943,2026-05-19,25000,12
cred_002682,cli_003572,2026-05-19,15000,6
cred_001838,cli_003220,2026-05-19,25000,6
cred_000811,cli_002632,2026-05-20,10000,3
cred_000934,cli_004471,2026-05-20,10000,3
cred_001640,cli_005321,2026-05-20,15000,6
cred_002257,cli_004655,2026-05-20,25000,6
cred_000466,cli_005972,2026-05-20,5000,6
cred_001376,cli_003161,2026-05-20,15000,9
cred_001298,cli_002164,2026-05-20,5000,9
cred_000013,cli_003868,2026-05-20,5000,6
cred_001090,cli_000757,2026-05-21,15000,3
cred_002060,cli_000605,2026-05-21,15000,3
cred_000290,cli_003071,2026-05-21,25000,6
cred_001744,cli_004158,2026-05-21,5000,6
cred_000099,cli_002468,2026-05-21,5000,6
cred_001296,cli_001016,2026-05-21,50000,3
cred_001567,cli_000902,2026-05-21,5000,3
cred_001944,cli_003034,2026-05-21,50000,9
cred_000990,cli_004443,2026-05-22,5000,3
cred_002081,cli_005646,2026-05-22,10000,3
cred_000151,cli_000965,2026-05-22,15000,6
cred_000319,cli_003663,2026-05-22,10000,3
cred_001671,cli_005627,2026-05-22,50000,6
cred_000594,cli_000013,2026-05-22,10000,6
cred_001399,cli_001779,2026-05-22,5000,6
cred_000563,cli_000874,2026-05-22,15000,9
cred_000139,cli_004097,2026-05-23,15000,9
cred_000700,cli_000512,2026-05-23,10000,9
cred_000994,cli_005715,2026-05-23,15000,9
cred_002506,cli_001364,2026-05-23,25000,6
cred_001619,cli_000545,2026-05-24,5000,6
cred_000234,cli_000528,2026-05-24,15000,6
cred_002435,cli_002038,2026-05-24,5000,6
cred_000887,cli_000697,2026-05-24,5000,3
cred_000209,cli_000563,2026-05-24,10000,9
cred_002434,cli_004287,2026-05-24,5000,6
cred_001800,cli_003339,2026-05-25,50000,9
cred_000741,cli_001871,2026-05-25,25000,3
cred_000659,cli_005645,2026-05-26,5000,6
cred_000085,cli_000039,2026-05-26,5000,3
cred_002305,cli_000976,2026-05-26,15000,3
cred_002630,cli_002714,2026-05-26,50000,6
cred_001650,cli_003309,2026-05-26,5000,6
cred_000122,cli_003699,2026-05-26,25000,12
cred_001024,cli_000080,2026-05-26,50000,3
cred_000385,cli_001967,2026-05-27,15000,6
cred_002611,cli_004174,2026-05-27,5000,9
cred_002096,cli_000189,2026-05-27,15000,9
cred_000595,cli_000013,2026-05-27,100000,12
cred_001096,cli_000498,2026-05-27,10000,12
cred_000264,cli_004565,2026-05-27,100000,6
cred_000015,cli_005653,2026-05-27,25000,6
cred_000443,cli_003187,2026-05-27,10000,3
cred_001122,cli_002846,2026-05-27,50000,6
cred_002458,cli_002958,2026-05-27,5000,3
cred_000506,cli_004214,2026-05-28,25000,3
cred_000096,cli_000442,2026-05-28,15000,6
cred_001117,cli_005304,2026-05-28,25000,3
cred_000571,cli_000566,2026-05-28,15000,6
cred_000240,cli_003598,2026-05-28,5000,12
cred_001009,cli_004752,2026-05-28,15000,6
cred_001928,cli_005824,2026-05-29,5000,6
cred_000160,cli_004465,2026-05-29,25000,6
cred_001809,cli_000264,2026-05-29,10000,12
cred_002099,cli_003708,2026-05-29,5000,6
cred_001836,cli_000240,2026-05-29,25000,3
cred_002186,cli_005319,2026-05-30,15000,3
cred_000964,cli_001957,2026-05-30,50000,3
cred_002537,cli_001652,2026-05-30,15000,3
cred_001410,cli_003430,2026-05-30,25000,6
cred_002419,cli_005426,2026-05-30,5000,6
cred_002089,cli_003630,2026-05-30,25000,3
cred_001848,cli_005368,2026-05-30,50000,3
cred_001704,cli_003906,2026-05-30,10000,6
cred_000167,cli_005205,2026-05-31,15000,9
cred_000667,cli_004082,2026-05-31,15000,9
cred_002344,cli_005053,2026-05-31,10000,3
cred_000184,cli_005125,2026-05-31,15000,3
cred_000188,cli_003765,2026-05-31,15000,12
cred_002031,cli_000293,2026-05-31,15000,9
cred_000983,cli_002521,2026-05-31,5000,12
cred_000098,cli_002372,2026-05-31,10000,3
cred_002270,cli_003345,2026-05-31,5000,6
cred_002710,cli_003399,2026-05-31,50000,6
cred_002493,cli_005557,2026-05-31,25000,3
cred_000850,cli_004826,2026-05-31,5000,6
cred_000801,cli_002050,2026-05-31,100000,6
cred_002499,cli_003218,2026-05-31,15000,12
cred_001432,cli_002166,2026-06-01,10000,6
cred_002709,cli_004366,2026-06-01,15000,9
cred_000790,cli_001338,2026-06-01,5000,6
cred_002028,cli_005188,2026-06-01,10000,12
cred_001328,cli_004450,2026-06-01,15000,3
cred_001515,cli_002707,2026-06-01,10000,12
cred_002280,cli_004986,2026-06-02,15000,9
cred_000187,cli_001977,2026-06-02,5000,3
cred_001366,cli_002041,2026-06-02,15000,12
cred_000710,cli_001143,2026-06-02,5000,3
cred_001687,cli_001843,2026-06-02,15000,3
cred_000753,cli_000526,2026-06-02,5000,3
cred_000866,cli_005514,2026-06-02,5000,9
cred_000483,cli_001796,2026-06-02,25000,3
cred_000851,cli_002052,2026-06-02,15000,12
cred_000444,cli_002839,2026-06-02,5000,3
cred_000036,cli_002706,2026-06-03,10000,6
cred_001706,cli_005640,2026-06-03,10000,3
cred_002150,cli_002283,2026-06-03,25000,6
cred_000026,cli_005814,2026-06-03,10000,9
cred_001151,cli_003855,2026-06-03,25000,3
cred_001662,cli_004994,2026-06-03,10000,3
cred_001884,cli_005391,2026-06-03,15000,6
cred_002310,cli_004643,2026-06-03,10000,6
cred_000863,cli_005798,2026-06-03,50000,3
cred_000839,cli_004537,2026-06-03,100000,6
cred_002400,cli_000865,2026-06-03,25000,6
cred_002679,cli_002908,2026-06-04,50000,6
cred_002396,cli_000035,2026-06-04,5000,9
cred_001960,cli_004329,2026-06-04,100000,6
cred_002548,cli_004700,2026-06-04,50000,6
cred_000911,cli_000055,2026-06-04,5000,6
cred_001782,cli_000520,2026-06-04,25000,9
cred_001954,cli_002710,2026-06-04,10000,3
cred_002538,cli_001652,2026-06-04,10000,12
cred_001943,cli_003034,2026-06-04,25000,6
cred_000068,cli_001303,2026-06-04,25000,9
cred_000205,cli_001283,2026-06-04,50000,6
cred_000017,cli_000216,2026-06-04,25000,6
cred_000263,cli_002026,2026-06-04,25000,6
cred_001053,cli_003908,2026-06-05,5000,6
cred_001892,cli_000387,2026-06-05,10000,6
cred_000115,cli_004162,2026-06-05,15000,6
cred_000502,cli_001297,2026-06-05,50000,6
cred_001027,cli_005157,2026-06-05,10000,6
cred_001069,cli_002890,2026-06-05,15000,12
cred_002036,cli_004232,2026-06-05,15000,6
cred_002382,cli_001788,2026-06-05,10000,12
cred_002364,cli_002281,2026-06-05,25000,3
cred_002533,cli_000134,2026-06-06,15000,9
cred_000812,cli_000245,2026-06-06,100000,3
cred_000445,cli_002839,2026-06-06,100000,3
cred_001509,cli_003384,2026-06-06,10000,3
cred_001947,cli_005737,2026-06-06,5000,12
cred_000273,cli_003237,2026-06-07,50000,9
cred_001962,cli_005252,2026-06-07,10000,3
cred_002681,cli_003572,2026-06-07,10000,6
cred_002650,cli_003281,2026-06-07,15000,3
cred_002673,cli_004913,2026-06-08,10000,6
cred_000405,cli_004358,2026-06-08,5000,3
cred_000198,cli_004066,2026-06-08,15000,9
cred_000580,cli_001566,2026-06-08,15000,6
cred_001339,cli_004400,2026-06-08,100000,3
cred_001820,cli_003009,2026-06-08,5000,3
cred_000902,cli_003106,2026-06-08,25000,6
cred_001002,cli_001480,2026-06-08,100000,6
cred_000452,cli_003943,2026-06-08,5000,3
cred_000593,cli_000013,2026-06-09,15000,9
cred_001999,cli_001484,2026-06-09,50000,3
cred_002674,cli_001987,2026-06-09,50000,3
cred_001511,cli_003031,2026-06-09,10000,12
cred_002042,cli_002254,2026-06-09,15000,9
cred_001956,cli_004999,2026-06-09,25000,9
cred_001893,cli_000387,2026-06-09,5000,6
cred_001525,cli_005959,2026-06-10,5000,6
cred_002576,cli_002636,2026-06-10,10000,3
cred_002158,cli_002962,2026-06-10,10000,6
cred_001508,cli_003384,2026-06-10,15000,6
cred_002194,cli_002971,2026-06-10,10000,9
cred_002144,cli_003327,2026-06-10,10000,9
cred_001541,cli_005662,2026-06-10,15000,6
cred_000252,cli_005961,2026-06-10,25000,6
cred_002363,cli_002281,2026-06-11,50000,6
cred_000020,cli_004662,2026-06-11,10000,6
cred_001480,cli_005848,2026-06-11,5000,9
cred_002178,cli_002557,2026-06-11,5000,3
cred_000255,cli_001626,2026-06-11,5000,3
cred_001154,cli_005015,2026-06-12,10000,3
cred_001233,cli_003537,2026-06-12,25000,6
cred_002617,cli_005227,2026-06-12,10000,3
cred_001495,cli_003628,2026-06-12,10000,12
cred_000841,cli_000886,2026-06-12,10000,6
cred_002598,cli_003729,2026-06-12,15000,6
cred_002459,cli_002608,2026-06-12,10000,3
cred_001698,cli_002982,2026-06-12,15000,3
cred_000602,cli_005957,2026-06-12,5000,6
cred_001631,cli_000234,2026-06-12,10000,6
cred_000654,cli_004948,2026-06-13,5000,6
cred_001967,cli_003835,2026-06-13,5000,6
cred_000827,cli_004785,2026-06-13,10000,3
cred_002362,cli_005704,2026-06-13,10000,6
cred_000046,cli_000284,2026-06-13,10000,3
cred_000313,cli_004136,2026-06-13,50000,6
cred_002525,cli_001601,2026-06-13,25000,3
cred_000545,cli_000580,2026-06-13,25000,3
cred_002308,cli_003656,2026-06-13,15000,6
cred_001660,cli_004980,2026-06-14,10000,6
cred_000001,cli_005713,2026-06-14,50000,6
cred_000418,cli_004340,2026-06-14,50000,6
cred_000769,cli_002639,2026-06-14,15000,12
cred_000391,cli_005926,2026-06-14,5000,3
cred_002342,cli_004341,2026-06-14,5000,6
cred_001126,cli_002057,2026-06-14,50000,3
cred_000149,cli_000075,2026-06-14,10000,3
cred_000136,cli_004394,2026-06-14,25000,12
cred_001902,cli_002247,2026-06-14,5000,3
cred_002206,cli_003012,2026-06-14,10000,9
cred_001300,cli_002164,2026-06-14,10000,9
cred_001204,cli_002979,2026-06-14,15000,3
cred_000604,cli_000662,2026-06-15,25000,3
cred_001026,cli_005157,2026-06-15,10000,12
cred_000293,cli_002252,2026-06-15,10000,6
cred_001710,cli_005476,2026-06-15,10000,3
cred_000142,cli_004428,2026-06-15,15000,3
cred_000305,cli_001271,2026-06-15,15000,3
cred_002412,cli_003101,2026-06-16,25000,6
cred_002240,cli_005583,2026-06-16,10000,6
cred_000836,cli_005930,2026-06-16,15000,9
cred_002449,cli_002993,2026-06-16,25000,6
cred_001086,cli_005035,2026-06-16,5000,6
cred_002482,cli_003749,2026-06-16,10000,3
cred_001878,cli_005999,2026-06-16,25000,6
cred_001005,cli_004835,2026-06-16,50000,3
cred_002642,cli_002503,2026-06-16,15000,3
cred_000704,cli_005474,2026-06-17,10000,9
cred_001524,cli_001126,2026-06-17,15000,9
cred_001003,cli_001480,2026-06-17,100000,6
cred_000306,cli_001271,2026-06-17,10000,3
cred_000410,cli_001478,2026-06-17,15000,6
cred_000426,cli_005727,2026-06-17,15000,6
cred_002472,cli_000052,2026-06-17,10000,6
cred_000076,cli_005480,2026-06-17,5000,3
cred_000462,cli_000117,2026-06-17,10000,9
cred_001200,cli_001913,2026-06-18,10000,3
cred_002528,cli_003710,2026-06-18,5000,9
cred_001083,cli_003955,2026-06-18,15000,6
cred_000458,cli_005116,2026-06-18,50000,6
cred_000579,cli_001566,2026-06-18,25000,3
cred_002243,cli_002493,2026-06-18,10000,3
cred_002187,cli_002735,2026-06-18,25000,6
cred_000194,cli_000128,2026-06-19,25000,9
cred_002083,cli_002991,2026-06-19,15000,6
cred_000935,cli_000808,2026-06-19,5000,12
cred_002620,cli_005853,2026-06-19,10000,6
cred_001781,cli_001651,2026-06-19,5000,6
cred_002406,cli_004181,2026-06-19,25000,9
cred_002024,cli_004519,2026-06-20,15000,9
cred_002453,cli_003366,2026-06-20,5000,3
cred_001797,cli_003836,2026-06-20,25000,9
cred_001320,cli_001220,2026-06-20,10000,9
cred_002054,cli_003038,2026-06-20,10000,6
cred_002569,cli_004346,2026-06-20,25000,6
cred_000005,cli_005880,2026-06-20,10000,3
cred_000870,cli_004468,2026-06-20,5000,9
cred_002481,cli_004804,2026-06-21,5000,3
cred_000253,cli_005961,2026-06-21,15000,3
cred_000660,cli_004583,2026-06-21,5000,6
cred_000761,cli_003731,2026-06-21,10000,12
cred_000082,cli_000560,2026-06-21,5000,3
cred_002159,cli_002962,2026-06-21,100000,6
cred_001868,cli_005385,2026-06-21,15000,3
cred_002534,cli_003898,2026-06-21,15000,12
cred_001529,cli_001704,2026-06-21,5000,9
cred_001283,cli_000677,2026-06-21,25000,12
cred_001853,cli_001907,2026-06-22,15000,9
cred_000948,cli_002206,2026-06-22,25000,6
cred_001564,cli_005101,2026-06-22,25000,3
cred_002343,cli_004341,2026-06-22,25000,3
cred_001177,cli_003353,2026-06-22,100000,3
cred_000436,cli_000172,2026-06-22,50000,6
cred_000941,cli_002125,2026-06-23,25000,9
cred_000804,cli_000079,2026-06-23,15000,6
cred_001798,cli_000322,2026-06-23,5000,6
cred_001705,cli_003145,2026-06-23,5000,6
cred_002059,cli_004050,2026-06-23,5000,6
cred_002299,cli_002787,2026-06-23,15000,9
cred_001606,cli_002699,2026-06-24,5000,12
cred_002077,cli_002563,2026-06-24,15000,6
cred_001993,cli_000393,2026-06-24,5000,9
cred_000221,cli_000671,2026-06-24,5000,9
cred_000633,cli_003456,2026-06-24,10000,9
cred_001625,cli_005633,2026-06-24,10000,9
cred_002625,cli_005482,2026-06-24,15000,6
cred_002234,cli_000773,2026-06-25,25000,6
cred_001119,cli_003077,2026-06-25,50000,3
cred_000727,cli_005484,2026-06-25,5000,9
cred_000211,cli_004469,2026-06-25,5000,6
cred_000511,cli_000352,2026-06-25,10000,9
cred_000022,cli_003875,2026-06-26,10000,3
cred_001469,cli_005456,2026-06-26,5000,6
cred_002672,cli_004913,2026-06-26,50000,3
cred_000129,cli_001231,2026-06-26,5000,12
cred_000679,cli_003624,2026-06-26,25000,6
cred_000153,cli_005079,2026-06-26,5000,6
cred_001748,cli_000361,2026-06-26,10000,9
cred_001238,cli_000160,2026-06-26,15000,6
cred_001608,cli_005283,2026-06-26,10000,9
cred_002003,cli_001323,2026-06-26,10000,6
cred_001293,cli_002774,2026-06-26,5000,9
cred_000765,cli_000699,2026-06-26,5000,9
cred_000566,cli_001629,2026-06-27,25000,6
cred_002405,cli_004181,2026-06-27,10000,9
cred_002660,cli_002981,2026-06-27,15000,9
cred_001987,cli_004494,2026-06-27,25000,6
cred_001522,cli_004663,2026-06-27,5000,3
cred_000985,cli_003415,2026-06-27,15000,3
cred_001071,cli_004438,2026-06-27,100000,3
cred_002545,cli_005059,2026-06-28,25000,12
cred_001191,cli_003951,2026-06-28,100000,6
cred_001542,cli_002776,2026-06-28,5000,6
cred_000587,cli_005081,2026-06-28,25000,3
cred_001112,cli_003166,2026-06-28,15000,9
cred_000666,cli_004082,2026-06-28,25000,12
cred_001106,cli_001767,2026-06-28,50000,6
cred_002597,cli_002852,2026-06-28,100000,6
cred_002544,cli_000831,2026-06-28,25000,6
cred_001274,cli_004148,2026-06-28,10000,6
cred_002471,cli_003408,2026-06-28,25000,3
cred_000888,cli_000697,2026-06-28,25000,3
cred_000884,cli_003395,2026-06-28,15000,6
cred_002593,cli_003447,2026-06-28,15000,6
cred_002619,cli_005534,2026-06-29,10000,9
cred_001308,cli_000859,2026-06-29,15000,3
cred_002381,cli_001788,2026-06-29,25000,3
cred_002494,cli_005557,2026-06-29,10000,3
cred_000299,cli_000954,2026-06-29,15000,3
cred_000644,cli_003907,2026-06-29,5000,6
cred_002209,cli_000386,2026-06-29,15000,9
cred_001663,cli_004994,2026-06-29,50000,12
cred_002523,cli_002567,2026-06-29,50000,6
cred_002519,cli_001289,2026-06-29,25000,6
cred_000371,cli_002523,2026-06-29,10000,9
cred_002182,cli_002054,2026-06-29,25000,9
cred_001972,cli_004689,2026-06-29,10000,6
cred_000178,cli_005234,2026-06-30,25000,3
cred_001499,cli_000415,2026-06-30,5000,9
cred_001719,cli_005795,2026-06-30,25000,9
cred_000598,cli_004033,2026-06-30,10000,9
cred_002134,cli_000038,2026-06-30,5000,9
cred_002583,cli_001891,2026-07-01,5000,6
cred_001535,cli_005560,2026-07-01,10000,6
cred_001190,cli_000885,2026-07-01,10000,6
cred_000455,cli_003674,2026-07-01,100000,3
cred_001933,cli_005494,2026-07-01,100000,6
cred_001178,cli_003353,2026-07-01,25000,9
cred_000409,cli_001478,2026-07-01,15000,6
cred_001978,cli_001377,2026-07-02,50000,12
cred_000226,cli_000633,2026-07-02,5000,6
cred_001678,cli_003947,2026-07-02,10000,3
cred_000237,cli_000394,2026-07-02,5000,6
cred_001545,cli_001719,2026-07-02,5000,3
cred_002146,cli_002108,2026-07-02,25000,6
cred_000061,cli_004617,2026-07-02,5000,3
cred_001879,cli_005999,2026-07-02,5000,9
cred_001840,cli_004610,2026-07-02,10000,6
cred_000476,cli_004470,2026-07-02,10000,9
cred_000054,cli_002711,2026-07-02,10000,6
cred_000820,cli_001901,2026-07-03,50000,3
cred_000862,cli_005798,2026-07-03,5000,6
cred_000718,cli_004970,2026-07-03,15000,6
cred_001616,cli_001830,2026-07-03,15000,9
cred_000715,cli_002972,2026-07-03,15000,12
cred_000781,cli_004541,2026-07-03,25000,6
cred_002633,cli_003450,2026-07-03,10000,3
cred_001921,cli_001033,2026-07-03,5000,9
cred_000643,cli_003907,2026-07-04,10000,6
cred_000686,cli_003754,2026-07-04,10000,9
cred_002628,cli_002643,2026-07-04,10000,9
cred_002001,cli_002100,2026-07-04,5000,6
cred_002101,cli_004154,2026-07-04,50000,6
cred_001098,cli_003414,2026-07-04,10000,9
cred_001518,cli_005021,2026-07-05,5000,6
cred_000183,cli_001239,2026-07-05,5000,6
cred_001207,cli_005871,2026-07-05,15000,3
cred_001448,cli_003849,2026-07-05,15000,9
cred_001627,cli_001180,2026-07-05,15000,3
cred_001991,cli_002855,2026-07-05,25000,6
cred_001478,cli_003102,2026-07-05,15000,3
cred_001234,cli_001745,2026-07-05,15000,9
cred_002181,cli_002054,2026-07-05,10000,6
cred_000166,cli_005205,2026-07-05,100000,9
cred_000251,cli_005148,2026-07-05,5000,9
cred_001481,cli_005848,2026-07-06,100000,6
cred_001411,cli_004822,2026-07-06,100000,3
cred_002647,cli_000795,2026-07-06,10000,6
cred_001242,cli_004068,2026-07-06,50000,6
cred_002691,cli_002694,2026-07-06,15000,3
cred_000734,cli_002271,2026-07-06,50000,3
cred_002422,cli_001881,2026-07-06,15000,6
cred_001231,cli_001487,2026-07-06,15000,6
cred_001070,cli_002890,2026-07-06,10000,3
cred_000716,cli_002972,2026-07-06,5000,6
cred_002398,cli_000865,2026-07-06,15000,6
cred_002005,cli_002391,2026-07-07,50000,9
cred_001089,cli_002987,2026-07-07,10000,9
cred_001275,cli_002579,2026-07-07,10000,6
cred_000448,cli_005679,2026-07-07,25000,6
cred_001322,cli_001220,2026-07-07,15000,9
cred_001004,cli_005850,2026-07-07,50000,6
cred_000050,cli_002573,2026-07-07,15000,9
cred_002212,cli_003664,2026-07-07,15000,6
cred_000250,cli_001974,2026-07-07,5000,3
cred_002383,cli_001788,2026-07-07,15000,12
cred_002707,cli_000124,2026-07-08,15000,6
cred_000025,cli_004775,2026-07-08,15000,9
cred_000603,cli_002658,2026-07-08,5000,6
cred_001970,cli_004689,2026-07-08,10000,9
cred_000933,cli_004471,2026-07-08,5000,12
cred_002135,cli_003654,2026-07-08,5000,3
cred_002087,cli_002578,2026-07-08,25000,3
cred_001280,cli_002781,2026-07-08,25000,12
cred_001857,cli_001855,2026-07-08,5000,6
cred_001821,cli_000939,2026-07-09,50000,6
cred_002183,cli_005536,2026-07-09,10000,9
cred_001827,cli_000555,2026-07-09,100000,12
cred_002688,cli_002383,2026-07-09,25000,9
cred_002712,cli_000607,2026-07-09,50000,6
cred_000109,cli_005204,2026-07-09,25000,12
cred_000412,cli_002231,2026-07-09,10000,3
cred_001297,cli_001016,2026-07-09,15000,6
cred_000195,cli_004498,2026-07-09,5000,9
cred_000480,cli_005140,2026-07-09,10000,3
cred_000600,cli_003688,2026-07-10,50000,6
cred_002307,cli_003656,2026-07-10,50000,6
cred_001898,cli_005912,2026-07-10,5000,6
cred_001740,cli_000594,2026-07-10,10000,9
cred_001485,cli_004190,2026-07-10,10000,6
cred_001217,cli_005084,2026-07-10,15000,3
cred_001356,cli_004673,2026-07-10,5000,9
cred_002436,cli_001462,2026-07-10,15000,6
cred_000233,cli_000271,2026-07-10,5000,9
cred_001047,cli_002322,2026-07-10,10000,3
cred_002446,cli_005805,2026-07-10,25000,6
cred_001051,cli_005971,2026-07-10,10000,9
cred_000450,cli_003943,2026-07-10,10000,6
cred_000588,cli_005081,2026-07-11,50000,6
cred_001689,cli_003616,2026-07-11,50000,9
cred_002664,cli_004282,2026-07-11,5000,9
cred_000289,cli_000500,2026-07-11,10000,6
cred_002401,cli_003536,2026-07-11,25000,6
cred_000024,cli_000191,2026-07-12,5000,3
cred_000332,cli_003694,2026-07-12,10000,6
cred_000348,cli_003131,2026-07-12,10000,9
cred_001871,cli_003623,2026-07-12,50000,3
cred_000979,cli_000514,2026-07-12,5000,3
cred_001688,cli_002796,2026-07-12,25000,9
cred_000931,cli_003181,2026-07-12,10000,9
cred_001910,cli_003254,2026-07-12,5000,6
cred_000531,cli_005712,2026-07-13,50000,9
cred_000465,cli_005413,2026-07-13,25000,3
cred_000552,cli_000664,2026-07-13,5000,12
cred_000495,cli_003615,2026-07-13,50000,12
cred_001334,cli_000326,2026-07-13,15000,3
cred_001227,cli_001584,2026-07-13,100000,3
cred_001062,cli_004145,2026-07-13,15000,6
cred_001017,cli_002481,2026-07-13,10000,3
cred_000568,cli_002473,2026-07-13,10000,3
cred_000942,cli_002125,2026-07-13,15000,3
cred_001997,cli_003081,2026-07-14,15000,9
cred_001010,cli_005762,2026-07-14,5000,3
cred_001214,cli_000769,2026-07-14,100000,6
cred_001424,cli_003405,2026-07-14,10000,6
cred_000928,cli_000573,2026-07-14,5000,3
cred_000829,cli_002489,2026-07-14,100000,3
cred_001332,cli_001174,2026-07-14,5000,6
cred_002612,cli_002019,2026-07-14,15000,3
cred_000266,cli_000182,2026-07-14,10000,3
cred_000485,cli_005066,2026-07-15,10000,3
cred_002223,cli_000743,2026-07-15,5000,9
cred_001025,cli_001228,2026-07-15,10000,9
cred_002461,cli_002608,2026-07-15,25000,3
cred_000717,cli_003597,2026-07-15,25000,6
cred_002045,cli_005868,2026-07-15,50000,6
cred_001950,cli_003662,2026-07-15,10000,6
cred_001168,cli_000744,2026-07-15,5000,6
cred_000249,cli_001974,2026-07-15,10000,6
cred_000500,cli_004968,2026-07-16,50000,9
cred_000853,cli_003252,2026-07-16,25000,3
cred_000581,cli_001795,2026-07-16,10000,12
cred_001665,cli_004333,2026-07-16,50000,6
cred_002157,cli_001926,2026-07-16,50000,6
cred_001354,cli_004838,2026-07-16,10000,9
cred_001138,cli_005613,2026-07-16,10000,3
cred_000779,cli_000030,2026-07-16,25000,9
cred_001118,cli_004405,2026-07-16,5000,6
cred_001612,cli_003255,2026-07-17,15000,9
cred_000399,cli_005584,2026-07-17,100000,3
cred_002420,cli_005426,2026-07-17,5000,3
cred_002287,cli_001910,2026-07-17,25000,6
cred_000754,cli_000783,2026-07-17,25000,12
cred_001458,cli_005716,2026-07-17,10000,6
cred_002397,cli_000035,2026-07-18,10000,3
cred_000454,cli_003627,2026-07-18,5000,3
cred_001346,cli_002778,2026-07-18,5000,6
cred_001382,cli_005248,2026-07-18,10000,6
cred_000217,cli_001176,2026-07-18,25000,6
cred_001245,cli_000224,2026-07-18,5000,3
cred_002073,cli_005621,2026-07-18,5000,6
cred_000645,cli_002534,2026-07-19,10000,3
cred_001130,cli_002216,2026-07-19,10000,6
cred_001952,cli_005764,2026-07-19,10000,6
cred_002637,cli_003891,2026-07-19,5000,6
cred_001728,cli_001567,2026-07-19,5000,6
cred_002445,cli_000223,2026-07-19,10000,6
cred_000304,cli_001271,2026-07-19,10000,12
cred_000364,cli_002401,2026-07-19,5000,9
cred_001340,cli_004520,2026-07-20,25000,3
cred_000083,cli_000560,2026-07-20,5000,9
cred_001851,cli_000776,2026-07-20,25000,6
cred_001287,cli_002475,2026-07-20,15000,6
cred_000057,cli_005636,2026-07-20,25000,9
cred_000514,cli_004909,2026-07-20,25000,3
cred_002574,cli_004016,2026-07-20,10000,6
cred_000719,cli_004970,2026-07-20,25000,9
cred_001135,cli_000807,2026-07-20,10000,9
cred_000855,cli_003245,2026-07-20,25000,9
cred_000496,cli_001435,2026-07-21,5000,3
cred_000270,cli_002584,2026-07-21,10000,9
cred_001077,cli_005978,2026-07-21,15000,3
cred_001984,cli_002274,2026-07-21,5000,9
cred_001284,cli_000677,2026-07-21,25000,3
cred_001050,cli_005971,2026-07-21,25000,6
cred_001767,cli_000675,2026-07-21,15000,3
cred_001215,cli_004600,2026-07-22,5000,3
cred_000865,cli_005914,2026-07-22,5000,6
cred_000297,cli_001842,2026-07-22,10000,3
cred_002136,cli_003654,2026-07-22,15000,12
cred_002214,cli_003664,2026-07-22,5000,3
cred_002282,cli_000211,2026-07-22,5000,6
cred_000069,cli_001303,2026-07-22,5000,12
cred_000557,cli_001325,2026-07-22,100000,12
cred_000872,cli_003967,2026-07-22,15000,6
cred_002455,cli_002804,2026-07-23,10000,3
cred_000140,cli_002082,2026-07-23,25000,3
cred_001537,cli_004549,2026-07-23,5000,3
cred_000052,cli_001722,2026-07-23,5000,6
cred_001413,cli_005836,2026-07-23,50000,3
cred_002622,cli_005853,2026-07-23,5000,3
cred_002155,cli_000273,2026-07-24,15000,12
cred_001916,cli_000938,2026-07-24,5000,6
cred_002010,cli_003124,2026-07-24,10000,6
cred_000528,cli_005877,2026-07-24,25000,3
cred_000155,cli_001182,2026-07-24,15000,6
cred_000901,cli_003106,2026-07-24,10000,6
cred_000786,cli_005934,2026-07-24,5000,6
cred_000258,cli_002407,2026-07-24,15000,3
cred_002467,cli_001840,2026-07-24,10000,3
cred_000246,cli_004447,2026-07-24,10000,6
cred_001514,cli_000364,2026-07-24,5000,6
cred_000971,cli_005194,2026-07-24,25000,9
cred_001147,cli_004975,2026-07-24,5000,12
cred_000236,cli_000033,2026-07-24,10000,3
cred_000127,cli_001906,2026-07-25,50000,9
cred_000584,cli_001486,2026-07-25,25000,9
cred_000583,cli_001795,2026-07-25,5000,3
cred_001780,cli_002051,2026-07-25,5000,6
cred_002570,cli_003547,2026-07-25,25000,3
cred_001907,cli_001759,2026-07-25,5000,6
cred_000974,cli_003328,2026-07-25,5000,6
cred_000792,cli_003037,2026-07-25,50000,12
cred_000689,cli_000131,2026-07-25,15000,6
cred_000379,cli_000093,2026-07-26,15000,3
cred_001720,cli_001763,2026-07-26,10000,9
cred_002415,cli_004337,2026-07-26,10000,3
cred_000206,cli_005249,2026-07-26,50000,6
cred_001686,cli_001697,2026-07-26,10000,6
cred_000159,cli_004595,2026-07-26,15000,9
cred_000830,cli_000265,2026-07-26,10000,6
cred_001387,cli_001305,2026-07-27,25000,12
cred_001148,cli_004975,2026-07-27,15000,6
cred_001060,cli_002471,2026-07-27,15000,6
cred_001598,cli_001858,2026-07-27,15000,3
cred_001395,cli_003001,2026-07-27,10000,3
cred_000938,cli_005639,2026-07-27,15000,3
cred_001423,cli_005797,2026-07-27,15000,6
cred_002074,cli_003693,2026-07-27,5000,12
cred_002336,cli_001327,2026-07-27,5000,9
cred_001285,cli_000677,2026-07-27,5000,9
cred_000108,cli_001296,2026-07-27,100000,9
cred_001729,cli_000894,2026-07-27,5000,6
cred_000182,cli_004841,2026-07-27,50000,6
cred_001672,cli_004576,2026-07-28,15000,12
cred_001487,cli_002334,2026-07-28,10000,3
cred_000341,cli_004661,2026-07-28,5000,12
cred_001824,cli_002739,2026-07-28,50000,3
cred_001562,cli_002930,2026-07-28,15000,9
cred_001667,cli_005078,2026-07-28,25000,12
cred_001751,cli_003657,2026-07-28,15000,6
cred_002416,cli_004337,2026-07-29,50000,6
cred_002154,cli_000273,2026-07-29,5000,3
cred_000189,cli_003765,2026-07-29,10000,9
cred_001278,cli_002781,2026-07-29,10000,3
cred_001194,cli_000535,2026-07-29,5000,9
cred_000487,cli_004090,2026-07-29,25000,9
cred_002498,cli_005095,2026-07-29,5000,12
cred_002489,cli_000951,2026-07-29,5000,3
cred_001986,cli_004494,2026-07-29,10000,6
cred_000064,cli_003650,2026-07-29,25000,12
cred_000758,cli_003652,2026-07-29,15000,6
cred_001277,cli_003049,2026-07-30,25000,3
cred_001185,cli_001046,2026-07-30,5000,6
cred_001078,cli_002084,2026-07-30,5000,3
cred_002274,cli_002311,2026-07-30,25000,6
cred_000746,cli_002099,2026-07-30,5000,9
cred_002263,cli_004690,2026-07-30,50000,6
cred_001406,cli_004949,2026-07-30,10000,6
cred_000239,cli_003598,2026-07-30,5000,3
cred_000752,cli_000526,2026-07-30,15000,9
cred_000630,cli_004706,2026-07-30,15000,12
cred_002614,cli_001764,2026-07-31,10000,3
cred_002613,cli_002019,2026-07-31,5000,9
cred_001654,cli_003119,2026-07-31,5000,6
cred_001940,cli_000593,2026-07-31,5000,12
cred_000590,cli_002507,2026-07-31,10000,3
cred_000442,cli_004577,2026-07-31,50000,6
cred_002117,cli_005656,2026-07-31,15000,3
cred_002369,cli_000062,2026-07-31,15000,3
cred_000614,cli_002574,2026-07-31,25000,3
cred_002486,cli_002682,2026-07-31,25000,6
cred_002037,cli_004232,2026-07-31,25000,9
cred_002646,cli_000795,2026-07-31,5000,3
cred_000775,cli_004805,2026-07-31,25000,6
cred_001599,cli_004739,2026-07-31,10000,3
cred_000344,cli_005173,2026-07-31,10000,6
cred_001351,cli_005838,2026-07-31,25000,9
cred_000222,cli_003902,2026-07-31,15000,9
cred_000879,cli_002609,2026-07-31,5000,3
cred_000497,cli_001435,2026-08-01,10000,6
cred_001498,cli_000415,2026-08-01,5000,6
cred_002142,cli_004681,2026-08-01,10000,6
cred_000959,cli_000990,2026-08-01,100000,9
cred_001937,cli_003592,2026-08-01,5000,3
cred_000420,cli_004036,2026-08-01,10000,6
cred_002124,cli_005038,2026-08-01,10000,6
cred_001772,cli_003308,2026-08-01,25000,3
cred_000867,cli_005514,2026-08-01,5000,9
cred_000582,cli_001795,2026-08-01,10000,3
cred_002062,cli_004015,2026-08-01,5000,6
cred_001803,cli_002680,2026-08-01,25000,3
cred_000404,cli_004358,2026-08-01,5000,6
cred_001066,cli_000451,2026-08-01,5000,12
cred_002417,cli_004337,2026-08-02,15000,3
cred_000038,cli_000950,2026-08-02,15000,6
cred_000132,cli_002324,2026-08-02,25000,3
cred_000430,cli_003603,2026-08-02,15000,3
cred_002324,cli_002234,2026-08-02,10000,9
cred_000556,cli_000812,2026-08-02,10000,6
cred_000446,cli_002839,2026-08-03,25000,9
cred_002328,cli_005817,2026-08-03,50000,12
cred_001425,cli_001095,2026-08-03,10000,6
cred_001216,cli_004600,2026-08-03,10000,3
cred_000694,cli_000957,2026-08-03,25000,3
cred_001464,cli_003772,2026-08-03,10000,3
cred_001094,cli_002043,2026-08-03,5000,3
cred_001208,cli_005871,2026-08-03,25000,6
cred_000745,cli_003357,2026-08-03,25000,6
cred_001433,cli_002166,2026-08-03,15000,3
cred_002172,cli_001920,2026-08-03,5000,6
cred_000437,cli_004230,2026-08-04,10000,3
cred_002119,cli_003290,2026-08-04,10000,3
cred_002659,cli_002981,2026-08-04,15000,3
cred_000559,cli_005450,2026-08-04,5000,3
cred_000857,cli_000749,2026-08-04,100000,3
cred_000767,cli_002031,2026-08-04,15000,9
cred_000778,cli_000030,2026-08-04,15000,3
cred_002303,cli_001968,2026-08-04,10000,3
cred_000169,cli_000816,2026-08-04,15000,3
cred_000900,cli_002472,2026-08-04,5000,3
cred_001829,cli_000660,2026-08-04,25000,9
cred_001307,cli_000859,2026-08-04,10000,6
cred_001175,cli_000676,2026-08-05,10000,6
cred_001592,cli_001295,2026-08-05,5000,3
cred_002532,cli_000134,2026-08-05,5000,9
cred_000355,cli_001054,2026-08-05,5000,6
cred_000845,cli_004995,2026-08-05,10000,6
cred_001802,cli_002680,2026-08-05,15000,6
cred_000419,cli_002822,2026-08-05,5000,9
cred_000091,cli_000027,2026-08-05,10000,6
cred_002603,cli_002492,2026-08-05,5000,12
cred_000878,cli_002609,2026-08-05,10000,3
cred_000943,cli_000381,2026-08-05,15000,3
cred_002426,cli_005427,2026-08-05,5000,12
cred_000376,cli_000272,2026-08-06,5000,6
cred_002608,cli_000095,2026-08-06,100000,6
cred_000924,cli_000873,2026-08-06,15000,3
cred_000695,cli_002810,2026-08-06,25000,3
cred_002491,cli_001847,2026-08-06,25000,12
cred_000490,cli_001998,2026-08-06,25000,6
cred_000540,cli_001335,2026-08-06,10000,12
cred_000551,cli_002485,2026-08-06,15000,9
cred_002167,cli_000649,2026-08-06,10000,3
cred_000995,cli_001678,2026-08-06,50000,3
cred_000670,cli_003769,2026-08-07,5000,12
cred_002460,cli_002608,2026-08-07,50000,3
cred_002376,cli_003466,2026-08-07,5000,6
cred_000707,cli_004205,2026-08-07,50000,3
cred_000339,cli_004661,2026-08-07,10000,6
cred_000051,cli_001722,2026-08-07,50000,3
cred_002265,cli_001157,2026-08-07,15000,6
cred_000897,cli_002028,2026-08-07,15000,3
cred_000421,cli_000103,2026-08-07,5000,9
cred_000560,cli_005450,2026-08-07,100000,3
cred_002215,cli_005806,2026-08-07,100000,3
cred_001709,cli_005476,2026-08-07,5000,9
cred_000518,cli_003480,2026-08-08,10000,6
cred_002368,cli_000062,2026-08-08,25000,6
cred_001849,cli_005368,2026-08-08,25000,12
cred_000078,cli_000906,2026-08-08,15000,9
cred_001841,cli_000480,2026-08-08,5000,6
cred_000055,cli_002711,2026-08-08,50000,3
cred_002338,cli_002755,2026-08-08,100000,9
cred_002428,cli_005427,2026-08-08,10000,12
cred_001793,cli_000229,2026-08-08,50000,3
cred_000309,cli_002416,2026-08-08,25000,9
cred_002366,cli_003154,2026-08-08,5000,12
cred_001804,cli_005207,2026-08-08,25000,6
cred_002485,cli_002682,2026-08-08,5000,9
cred_002468,cli_005920,2026-08-08,25000,6
cred_001210,cli_003177,2026-08-09,15000,6
cred_001504,cli_000857,2026-08-09,5000,12
cred_001049,cli_005395,2026-08-09,5000,6
cred_000220,cli_000646,2026-08-09,15000,3
cred_002573,cli_000340,2026-08-09,50000,9
cred_001773,cli_002003,2026-08-09,15000,6
cred_002669,cli_001792,2026-08-09,5000,3
cred_001989,cli_002855,2026-08-09,50000,12
cred_001945,cli_001379,2026-08-09,10000,3
cred_000684,cli_005842,2026-08-09,10000,3
cred_000317,cli_004593,2026-08-09,10000,9
cred_000340,cli_004661,2026-08-09,10000,6
cred_002153,cli_003843,2026-08-09,15000,3
cred_002705,cli_000124,2026-08-09,15000,9
cred_002492,cli_005557,2026-08-09,10000,3
cred_001913,cli_003442,2026-08-09,5000,3
cred_001128,cli_000440,2026-08-09,25000,6
cred_001995,cli_003404,2026-08-09,5000,9
cred_002102,cli_000738,2026-08-10,100000,6
cred_000202,cli_000490,2026-08-10,25000,9
cred_002425,cli_005012,2026-08-10,15000,6
cred_000634,cli_001442,2026-08-10,25000,6
cred_002582,cli_004336,2026-08-10,10000,6
cred_001405,cli_003880,2026-08-10,50000,3
cred_002670,cli_001792,2026-08-10,50000,6
cred_000459,cli_000596,2026-08-10,5000,9
cred_001372,cli_002340,2026-08-10,25000,3
cred_002353,cli_004477,2026-08-10,15000,6
cred_001969,cli_001031,2026-08-11,10000,6
cred_000838,cli_004537,2026-08-11,15000,9
cred_000235,cli_001952,2026-08-11,25000,9
cred_001087,cli_005485,2026-08-11,5000,6
cred_002666,cli_004868,2026-08-11,10000,9
cred_000908,cli_000161,2026-08-11,5000,3
cred_000842,cli_000882,2026-08-11,25000,6
cred_000873,cli_003967,2026-08-11,50000,3
cred_000387,cli_005300,2026-08-11,50000,6
cred_001756,cli_003374,2026-08-11,15000,3
cred_002112,cli_005102,2026-08-11,25000,3
cred_001788,cli_004246,2026-08-12,10000,3
cred_002161,cli_000487,2026-08-12,25000,12
cred_000207,cli_001971,2026-08-12,15000,6
cred_002379,cli_003435,2026-08-12,5000,3
cred_001692,cli_002333,2026-08-12,10000,9
cred_002201,cli_005087,2026-08-12,15000,3
cred_000475,cli_003658,2026-08-12,15000,6
cred_000548,cli_001241,2026-08-12,10000,12
cred_001551,cli_001716,2026-08-12,10000,6
cred_001172,cli_004502,2026-08-12,50000,9
cred_001585,cli_001249,2026-08-12,10000,6
cred_001262,cli_000748,2026-08-12,5000,3
cred_001085,cli_003955,2026-08-12,15000,6
cred_000302,cli_002070,2026-08-12,15000,6
cred_000898,cli_002028,2026-08-13,5000,9
cred_001547,cli_002799,2026-08-13,15000,9
cred_000175,cli_001825,2026-08-13,10000,6
cred_000386,cli_002060,2026-08-13,5000,3
cred_001365,cli_003147,2026-08-13,10000,9
cred_000533,cli_002878,2026-08-13,25000,3
cred_000428,cli_000849,2026-08-13,10000,6
cred_002655,cli_001201,2026-08-13,10000,6
cred_001052,cli_004647,2026-08-13,5000,12
cred_001161,cli_003666,2026-08-13,50000,6
cred_002057,cli_002088,2026-08-13,5000,6
cred_000611,cli_000582,2026-08-13,5000,6
cred_002701,cli_005143,2026-08-13,5000,12
cred_001136,cli_000283,2026-08-14,5000,12
cred_002162,cli_000487,2026-08-14,25000,6
cred_000396,cli_004973,2026-08-14,5000,3
cred_000154,cli_002595,2026-08-14,5000,6
cred_000059,cli_005636,2026-08-14,25000,6
cred_002014,cli_003679,2026-08-14,15000,9
cred_001182,cli_005668,2026-08-14,5000,3
cred_001318,cli_004021,2026-08-15,5000,6
cred_000893,cli_000252,2026-08-15,100000,12
cred_001785,cli_000642,2026-08-15,15000,6
cred_002684,cli_005605,2026-08-15,5000,9
cred_000484,cli_001796,2026-08-15,10000,3
cred_000041,cli_005719,2026-08-15,15000,3
cred_000395,cli_004973,2026-08-15,5000,9
cred_000451,cli_003943,2026-08-15,10000,6
cred_000120,cli_002213,2026-08-15,15000,12
cred_000749,cli_005970,2026-08-15,10000,6
cred_002070,cli_004237,2026-08-15,10000,9
cred_002165,cli_000649,2026-08-16,25000,6
cred_000062,cli_000908,2026-08-16,5000,3
cred_000976,cli_001192,2026-08-16,10000,6
cred_002657,cli_001201,2026-08-16,25000,3
cred_002547,cli_005059,2026-08-16,25000,12
cred_000927,cli_004771,2026-08-16,50000,6
cred_002281,cli_005683,2026-08-16,5000,3
cred_000509,cli_005818,2026-08-16,100000,3
cred_000065,cli_005425,2026-08-16,5000,3
cred_001111,cli_003166,2026-08-16,15000,3
cred_002410,cli_001688,2026-08-16,5000,3
cred_001341,cli_004520,2026-08-16,10000,9
cred_000411,cli_004026,2026-08-16,10000,3
cred_002233,cli_000773,2026-08-16,50000,6
cred_002636,cli_003891,2026-08-16,15000,9
cred_000245,cli_000947,2026-08-16,50000,3
cred_000522,cli_000274,2026-08-16,25000,12
cred_001452,cli_003014,2026-08-16,25000,3
cred_002195,cli_003473,2026-08-17,25000,9
cred_000787,cli_002196,2026-08-17,10000,3
cred_001561,cli_002930,2026-08-17,15000,12
cred_001415,cli_005836,2026-08-17,15000,6
cred_002190,cli_005114,2026-08-17,25000,6
cred_000408,cli_001478,2026-08-17,10000,6
cred_002143,cli_004681,2026-08-17,5000,6
cred_000276,cli_001001,2026-08-17,25000,9
cred_000479,cli_000600,2026-08-17,5000,6
cred_002358,cli_001451,2026-08-17,50000,12
cred_001398,cli_000448,2026-08-17,15000,6
cred_002122,cli_003811,2026-08-17,25000,9
cred_000986,cli_004646,2026-08-17,10000,3
cred_000201,cli_000490,2026-08-17,25000,9
cred_002606,cli_004946,2026-08-17,50000,6
cred_001979,cli_003440,2026-08-17,10000,3
cred_000960,cli_001923,2026-08-18,5000,6
cred_001673,cli_004576,2026-08-18,10000,3
cred_000599,cli_004033,2026-08-18,10000,3
cred_000705,cli_000842,2026-08-18,5000,6
cred_000308,cli_000907,2026-08-18,10000,6
cred_000521,cli_003789,2026-08-18,5000,3
cred_001733,cli_001868,2026-08-18,5000,6
cred_001983,cli_003088,2026-08-18,5000,6
cred_001747,cli_000361,2026-08-18,25000,6
cred_000869,cli_004736,2026-08-18,5000,3
cred_002246,cli_004107,2026-08-18,100000,6
cred_001534,cli_001441,2026-08-18,50000,6
cred_002176,cli_001376,2026-08-18,10000,6
cred_001417,cli_003513,2026-08-18,25000,3
cred_000097,cli_002372,2026-08-19,10000,6
cred_001576,cli_004824,2026-08-19,5000,3
cred_000356,cli_004803,2026-08-19,15000,6
cred_001998,cli_003081,2026-08-19,10000,6
cred_000826,cli_002622,2026-08-19,10000,9
cred_000714,cli_002972,2026-08-19,5000,6
cred_000413,cli_002689,2026-08-19,25000,3
cred_001149,cli_004291,2026-08-19,25000,3
cred_001714,cli_003706,2026-08-19,25000,12
cred_000627,cli_000987,2026-08-19,5000,3
cred_001863,cli_002800,2026-08-19,15000,9
cred_001371,cli_005998,2026-08-20,50000,3
cred_001279,cli_002781,2026-08-20,10000,6
cred_001310,cli_002530,2026-08-20,15000,3
cred_001577,cli_004824,2026-08-20,25000,6
cred_002106,cli_002109,2026-08-20,10000,9
cred_000796,cli_005185,2026-08-20,5000,3
cred_002502,cli_005768,2026-08-20,100000,3
cred_002640,cli_002841,2026-08-20,25000,3
cred_000288,cli_004047,2026-08-20,100000,12
cred_000537,cli_002106,2026-08-20,15000,6
cred_001065,cli_005351,2026-08-20,5000,6
cred_000003,cli_001074,2026-08-20,5000,6
cred_002132,cli_000619,2026-08-20,10000,6
cred_001610,cli_004004,2026-08-20,15000,9
cred_000469,cli_002771,2026-08-21,10000,3
cred_000468,cli_005972,2026-08-21,100000,6
cred_002692,cli_003431,2026-08-21,25000,3
cred_000808,cli_005899,2026-08-21,5000,3
cred_002284,cli_005004,2026-08-21,10000,3
cred_001059,cli_000922,2026-08-21,10000,6
cred_000425,cli_005727,2026-08-21,10000,6
cred_001261,cli_000748,2026-08-21,5000,6
cred_000871,cli_004468,2026-08-21,25000,9
cred_001965,cli_001947,2026-08-22,5000,6
cred_002685,cli_001320,2026-08-22,25000,3
cred_000639,cli_005159,2026-08-22,10000,6
cred_001669,cli_002058,2026-08-22,5000,9
cred_001030,cli_004933,2026-08-22,5000,6
cred_001381,cli_003901,2026-08-22,100000,9
cred_002258,cli_004918,2026-08-22,25000,6
cred_002269,cli_003345,2026-08-22,15000,6
cred_000303,cli_002070,2026-08-22,5000,3
cred_000628,cli_001420,2026-08-22,25000,3
cred_001830,cli_000660,2026-08-22,10000,9
cred_001482,cli_005848,2026-08-23,10000,6
cred_001392,cli_003534,2026-08-23,25000,9
cred_001568,cli_005259,2026-08-23,5000,3
cred_000936,cli_002162,2026-08-23,5000,6
cred_001223,cli_000142,2026-08-23,5000,3
cred_002329,cli_005817,2026-08-23,25000,6
cred_001867,cli_005385,2026-08-23,50000,6
cred_001723,cli_004032,2026-08-24,50000,6
cred_001666,cli_004333,2026-08-24,25000,6
cred_000809,cli_000864,2026-08-24,5000,6
cred_001897,cli_005359,2026-08-24,50000,9
cred_001715,cli_003706,2026-08-24,10000,6
cred_000992,cli_003796,2026-08-24,25000,6
cred_002624,cli_005482,2026-08-24,50000,6
cred_000859,cli_002863,2026-08-24,15000,12
cred_001184,cli_000061,2026-08-24,10000,9
cred_000417,cli_005232,2026-08-24,15000,6
cred_000219,cli_001458,2026-08-24,15000,9
cred_001084,cli_003955,2026-08-24,100000,3
cred_000953,cli_002224,2026-08-24,25000,12
cred_002427,cli_005427,2026-08-24,10000,6
cred_002585,cli_002065,2026-08-25,10000,12
cred_002076,cli_002563,2026-08-25,50000,6
cred_000973,cli_005194,2026-08-25,15000,6
cred_001331,cli_000376,2026-08-25,25000,9
cred_000172,cli_004680,2026-08-25,10000,3
cred_000638,cli_005159,2026-08-25,10000,3
cred_002309,cli_000734,2026-08-25,5000,6
cred_002331,cli_003755,2026-08-25,100000,6
cred_001822,cli_000939,2026-08-25,10000,6
cred_002424,cli_005012,2026-08-25,10000,9
cred_001635,cli_004638,2026-08-25,5000,3
cred_000114,cli_000092,2026-08-26,50000,3
cred_001699,cli_002982,2026-08-26,5000,9
cred_001603,cli_005886,2026-08-26,100000,3
cred_000006,cli_005880,2026-08-26,15000,3
cred_002395,cli_003165,2026-08-26,10000,3
cred_001076,cli_005978,2026-08-26,10000,6
cred_000265,cli_004565,2026-08-26,5000,9
cred_001158,cli_005910,2026-08-26,10000,3
cred_000762,cli_000690,2026-08-26,10000,6
cred_001420,cli_002097,2026-08-26,50000,12
cred_000620,cli_004670,2026-08-26,100000,12
cred_001855,cli_005305,2026-08-26,5000,3
cred_002038,cli_002866,2026-08-26,5000,6
cred_000554,cli_005372,2026-08-27,10000,6
cred_002286,cli_005004,2026-08-27,25000,6
cred_000447,cli_005679,2026-08-27,25000,12
cred_000646,cli_002599,2026-08-27,5000,6
cred_001368,cli_003925,2026-08-27,15000,6
cred_000541,cli_001335,2026-08-27,5000,6
cred_002250,cli_003873,2026-08-27,50000,3
cred_000658,cli_005645,2026-08-27,15000,12
cred_002173,cli_004108,2026-08-27,15000,3
cred_000316,cli_003782,2026-08-27,5000,6
cred_002504,cli_001364,2026-08-27,5000,12
cred_001162,cli_001373,2026-08-27,10000,3
cred_002496,cli_005095,2026-08-27,5000,3
cred_001180,cli_000890,2026-08-27,5000,12
cred_001574,cli_002629,2026-08-27,10000,3
cred_000806,cli_000766,2026-08-27,15000,6
cred_001115,cli_002564,2026-08-27,25000,6
cred_001197,cli_005503,2026-08-27,15000,3
cred_001033,cli_001322,2026-08-27,15000,6
cred_001213,cli_000769,2026-08-27,15000,6
cred_002527,cli_001601,2026-08-28,50000,6
cred_002085,cli_003926,2026-08-28,10000,3
cred_002197,cli_005918,2026-08-28,25000,6
cred_001919,cli_003140,2026-08-28,10000,3
cred_001408,cli_005144,2026-08-28,15000,6
cred_002677,cli_001378,2026-08-28,5000,3
cred_002648,cli_000795,2026-08-28,15000,12
cred_000794,cli_002717,2026-08-28,5000,3
cred_000389,cli_005926,2026-08-28,5000,3
cred_002221,cli_000743,2026-08-28,5000,3
cred_002487,cli_001668,2026-08-28,10000,9
cred_001330,cli_000376,2026-08-28,25000,3
cred_000004,cli_001074,2026-08-28,10000,12
cred_000728,cli_003588,2026-08-28,10000,6
cred_002110,cli_004076,2026-08-28,10000,9
cred_001101,cli_002006,2026-08-28,15000,9
cred_001842,cli_000480,2026-08-29,5000,6
cred_000512,cli_000352,2026-08-29,5000,6
cred_001028,cli_005863,2026-08-29,25000,3
cred_001990,cli_002855,2026-08-29,100000,3
cred_000176,cli_000098,2026-08-29,10000,3
cred_000087,cli_001564,2026-08-29,15000,6
cred_001934,cli_004716,2026-08-29,10000,3
cred_001363,cli_000353,2026-08-29,5000,6
cred_002450,cli_002993,2026-08-29,15000,6
cred_000326,cli_000351,2026-08-29,15000,6
cred_002656,cli_001201,2026-08-29,15000,6
cred_001155,cli_002214,2026-08-29,5000,6
cred_001250,cli_000611,2026-08-30,15000,12
cred_000247,cli_004447,2026-08-30,10000,9
cred_001768,cli_004629,2026-08-30,15000,12
cred_001263,cli_000748,2026-08-30,10000,6
cred_002601,cli_002853,2026-08-30,25000,6
cred_000228,cli_005434,2026-08-30,100000,3
cred_001786,cli_000642,2026-08-30,10000,3
cred_001459,cli_005716,2026-08-30,10000,3
cred_001626,cli_001180,2026-08-30,10000,9
cred_002238,cli_004078,2026-08-30,5000,6
cred_001513,cli_000364,2026-08-31,10000,9
cred_001651,cli_003695,2026-08-31,5000,3
cred_002242,cli_005504,2026-08-31,10000,6
cred_002543,cli_001545,2026-08-31,25000,3
cred_002456,cli_002268,2026-08-31,5000,9
cred_000296,cli_002204,2026-08-31,10000,9
cred_000300,cli_005622,2026-08-31,5000,12
cred_000067,cli_004885,2026-08-31,15000,3
cred_000592,cli_005547,2026-08-31,15000,9
cred_001034,cli_005419,2026-08-31,25000,9
cred_001470,cli_005456,2026-08-31,10000,9
cred_002577,cli_005546,2026-08-31,15000,6
cred_000291,cli_000204,2026-08-31,10000,3
cred_000499,cli_002741,2026-09-01,5000,9
cred_002103,cli_000738,2026-09-01,15000,6
cred_002589,cli_002239,2026-09-01,15000,3
cred_002292,cli_000260,2026-09-01,15000,6
cred_000904,cli_000435,2026-09-01,25000,6
cred_002279,cli_002872,2026-09-01,15000,9
cred_000338,cli_000409,2026-09-01,15000,6
cred_001920,cli_003882,2026-09-01,5000,12
cred_000365,cli_002401,2026-09-01,5000,6
cred_002665,cli_004868,2026-09-01,10000,3
cred_001269,cli_001940,2026-09-01,10000,6
cred_002330,cli_003755,2026-09-02,15000,3
cred_002058,cli_001616,2026-09-02,25000,3
cred_001349,cli_005838,2026-09-02,10000,9
cred_002180,cli_002054,2026-09-02,10000,6
cred_002100,cli_004154,2026-09-02,5000,3
cred_002118,cli_003290,2026-09-02,100000,3
cred_002536,cli_000312,2026-09-02,5000,9
cred_002323,cli_003887,2026-09-02,100000,6
cred_000703,cli_002895,2026-09-02,10000,6
cred_000397,cli_000294,2026-09-03,15000,3
cred_000016,cli_005609,2026-09-03,15000,3
cred_000378,cli_000093,2026-09-03,5000,3
cred_001792,cli_000229,2026-09-03,10000,6
cred_002350,cli_002395,2026-09-03,5000,6
cred_001431,cli_003696,2026-09-03,5000,6
cred_000486,cli_003073,2026-09-03,5000,6
cred_000492,cli_002758,2026-09-03,5000,9
cred_000241,cli_003261,2026-09-03,5000,3
cred_002668,cli_002649,2026-09-03,25000,3
cred_002513,cli_002192,2026-09-03,10000,12
cred_000572,cli_000566,2026-09-03,15000,6
cred_001718,cli_005677,2026-09-03,50000,3
cred_001870,cli_001139,2026-09-03,10000,6
cred_001996,cli_003081,2026-09-03,5000,6
cred_001971,cli_004689,2026-09-03,10000,3
cred_001409,cli_005144,2026-09-03,5000,6
cred_001319,cli_003727,2026-09-03,100000,9
cred_002129,cli_002007,2026-09-03,25000,6
cred_001918,cli_002821,2026-09-03,5000,6
cred_001931,cli_003745,2026-09-03,100000,3
cred_000708,cli_004205,2026-09-03,10000,6
cred_000864,cli_001625,2026-09-03,10000,3
cred_002006,cli_002391,2026-09-03,10000,3
cred_000615,cli_002574,2026-09-03,15000,3
cred_001936,cli_005952,2026-09-04,15000,6
cred_001613,cli_001541,2026-09-04,10000,6
cred_001055,cli_004092,2026-09-04,10000,9
cred_002316,cli_000689,2026-09-04,10000,3
cred_000254,cli_002314,2026-09-04,15000,3
cred_002607,cli_000095,2026-09-04,5000,12
cred_001734,cli_001868,2026-09-04,25000,6
cred_002116,cli_005656,2026-09-04,10000,3
cred_002337,cli_002755,2026-09-04,10000,6
cred_001393,cli_003534,2026-09-04,10000,6
cred_002109,cli_001266,2026-09-05,10000,6
cred_002300,cli_001309,2026-09-05,5000,3
cred_001963,cli_005252,2026-09-05,25000,3
cred_001697,cli_002982,2026-09-05,15000,6
cred_001100,cli_002006,2026-09-05,25000,9
cred_002391,cli_001238,2026-09-05,15000,12
cred_001067,cli_005064,2026-09-05,10000,9
cred_002452,cli_003366,2026-09-05,25000,6
cred_000503,cli_001411,2026-09-05,10000,3
cred_001823,cli_000939,2026-09-05,10000,9
cred_002291,cli_000260,2026-09-05,15000,9
cred_001157,cli_002562,2026-09-05,50000,6
cred_001814,cli_000750,2026-09-05,15000,9
cred_002652,cli_005133,2026-09-05,10000,6
cred_002072,cli_002657,2026-09-05,10000,9
cred_001932,cli_000107,2026-09-05,15000,3
cred_001038,cli_001885,2026-09-05,10000,3
cred_001016,cli_004475,2026-09-05,25000,6
cred_001039,cli_001885,2026-09-06,10000,9
cred_002255,cli_002973,2026-09-06,5000,6
cred_001617,cli_001830,2026-09-06,15000,6
cred_000190,cli_004628,2026-09-06,25000,12
cred_001908,cli_005553,2026-09-06,5000,3
cred_000218,cli_002433,2026-09-06,50000,3
cred_000191,cli_004628,2026-09-06,50000,3
cred_002653,cli_005133,2026-09-06,15000,3
cred_002264,cli_001157,2026-09-06,5000,6
cred_000993,cli_002857,2026-09-06,5000,12
cred_002236,cli_002228,2026-09-06,5000,12
cred_000968,cli_001391,2026-09-06,5000,9
cred_000372,cli_005994,2026-09-06,25000,6
cred_001946,cli_001379,2026-09-06,10000,3
cred_001605,cli_002699,2026-09-06,15000,6
cred_000336,cli_000409,2026-09-06,10000,6
cred_002615,cli_000597,2026-09-07,15000,12
cred_000351,cli_005326,2026-09-07,10000,6
cred_001058,cli_003713,2026-09-07,10000,3
cred_001357,cli_004673,2026-09-07,50000,3
cred_002152,cli_002283,2026-09-07,5000,3
cred_001992,cli_005353,2026-09-07,100000,3
cred_001935,cli_004716,2026-09-07,5000,3
cred_002114,cli_000391,2026-09-07,10000,3
cred_002553,cli_002892,2026-09-07,100000,6
cred_002219,cli_001929,2026-09-07,5000,6
cred_000118,cli_004567,2026-09-07,10000,3
cred_001472,cli_004837,2026-09-07,50000,9
cred_001941,cli_003889,2026-09-07,10000,3
cred_001717,cli_005677,2026-09-07,25000,3
cred_001455,cli_003993,2026-09-07,15000,6
cred_001766,cli_000810,2026-09-07,10000,6
cred_000529,cli_002690,2026-09-07,50000,6
cred_000028,cli_002022,2026-09-08,10000,3
cred_000105,cli_002667,2026-09-08,15000,9
cred_000536,cli_002106,2026-09-08,5000,9
cred_000193,cli_003520,2026-09-08,100000,12
cred_002671,cli_001792,2026-09-08,25000,6
cred_001192,cli_003951,2026-09-08,25000,9
cred_000539,cli_001335,2026-09-08,100000,6
cred_001041,cli_001824,2026-09-08,10000,6
cred_001519,cli_003130,2026-09-08,10000,6
cred_002131,cli_000898,2026-09-08,5000,6
cred_000463,cli_003487,2026-09-08,5000,6
cred_001856,cli_005305,2026-09-08,15000,3
cred_002352,cli_004477,2026-09-09,5000,3
cred_002008,cli_004404,2026-09-09,15000,9
cred_000138,cli_004407,2026-09-09,5000,3
cred_002474,cli_002266,2026-09-09,15000,6
cred_001716,cli_003706,2026-09-09,15000,6
cred_000789,cli_002196,2026-09-09,15000,3
cred_000629,cli_004706,2026-09-09,10000,9
cred_001057,cli_003713,2026-09-09,15000,9
cred_001226,cli_001432,2026-09-09,25000,12
cred_002414,cli_000525,2026-09-09,5000,6
cred_002319,cli_002560,2026-09-09,5000,12
cred_000374,cli_002404,2026-09-10,5000,3
cred_000388,cli_000604,2026-09-10,10000,6
cred_001256,cli_003321,2026-09-10,5000,3
cred_000424,cli_005282,2026-09-10,10000,3
cred_001270,cli_001940,2026-09-10,5000,9
cred_001036,cli_001156,2026-09-10,15000,3
cred_001571,cli_000257,2026-09-10,50000,6
cred_001807,cli_001387,2026-09-10,25000,3
cred_000854,cli_002130,2026-09-10,15000,6
cred_001646,cli_005044,2026-09-10,5000,12
cred_001787,cli_000642,2026-09-10,25000,3
cred_001595,cli_000166,2026-09-10,100000,3
cred_000283,cli_000966,2026-09-10,5000,6
cred_001735,cli_001868,2026-09-10,5000,6
cred_000885,cli_000997,2026-09-10,15000,9
cred_000577,cli_000180,2026-09-10,10000,6
cred_001166,cli_001528,2026-09-10,15000,3
cred_000558,cli_005450,2026-09-10,5000,3
cred_002407,cli_005913,2026-09-10,10000,9
cred_000591,cli_004488,2026-09-10,100000,12
cred_001369,cli_004616,2026-09-10,15000,3
cred_000460,cli_000596,2026-09-10,50000,12
cred_001043,cli_001824,2026-09-10,10000,12
cred_002388,cli_000652,2026-09-10,50000,9
cred_001196,cli_000535,2026-09-11,50000,12
cred_001890,cli_003571,2026-09-11,10000,3
cred_000681,cli_003042,2026-09-11,5000,6
cred_000656,cli_001687,2026-09-11,15000,9
cred_002429,cli_004163,2026-09-11,100000,6
cred_000072,cli_001595,2026-09-11,5000,6
cred_002115,cli_005656,2026-09-11,10000,3
cred_002662,cli_001427,2026-09-11,50000,6
cred_001183,cli_000061,2026-09-11,5000,9
cred_000940,cli_002125,2026-09-11,25000,6
cred_002409,cli_001688,2026-09-11,10000,9
cred_000744,cli_000496,2026-09-11,5000,6
cred_000012,cli_001846,2026-09-11,10000,3
cred_001165,cli_005986,2026-09-11,15000,6
cred_002301,cli_001309,2026-09-11,50000,12
cred_002700,cli_005143,2026-09-11,10000,6
cred_002408,cli_005913,2026-09-11,10000,6
cred_000106,cli_002667,2026-09-11,5000,6
cred_001176,cli_002673,2026-09-11,50000,6
cred_001777,cli_005142,2026-09-11,15000,9
cred_001450,cli_004572,2026-09-12,15000,12
cred_001068,cli_002890,2026-09-12,15000,3
cred_001373,cli_002752,2026-09-12,15000,9
cred_002676,cli_001378,2026-09-12,5000,3
cred_001426,cli_002856,2026-09-12,50000,3
cred_002208,cli_001839,2026-09-12,5000,3
cred_001268,cli_001940,2026-09-12,5000,6
cred_002179,cli_004851,2026-09-12,5000,6
cred_000110,cli_000707,2026-09-12,15000,3
cred_001031,cli_004933,2026-09-12,5000,3
cred_000690,cli_003451,2026-09-12,100000,9
cred_000113,cli_000092,2026-09-12,10000,6
cred_000481,cli_005140,2026-09-13,100000,3
cred_002080,cli_005752,2026-09-13,15000,9
cred_000748,cli_005970,2026-09-13,10000,6
cred_001329,cli_000376,2026-09-13,5000,3
cred_002235,cli_001063,2026-09-13,15000,9
cred_002649,cli_005776,2026-09-13,10000,3
cred_000337,cli_000409,2026-09-13,10000,9
cred_001775,cli_002882,2026-09-13,5000,6
cred_000192,cli_004628,2026-09-13,25000,6
cred_002007,cli_004404,2026-09-13,25000,6
cred_001570,cli_000257,2026-09-13,15000,3
cred_001955,cli_002710,2026-09-13,25000,6
cred_002075,cli_000521,2026-09-13,15000,6
cred_000398,cli_005584,2026-09-13,25000,6
cred_000692,cli_001909,2026-09-13,5000,9
cred_002107,cli_002109,2026-09-13,10000,3
cred_000131,cli_004220,2026-09-14,5000,3
cred_000729,cli_003588,2026-09-14,10000,6
cred_002454,cli_003366,2026-09-14,10000,6
cred_001397,cli_003470,2026-09-14,15000,3
cred_001503,cli_004747,2026-09-14,15000,6
cred_001501,cli_005069,2026-09-14,50000,3
cred_001581,cli_002618,2026-09-14,10000,9
cred_001479,cli_001212,2026-09-14,5000,9
cred_000353,cli_001673,2026-09-14,25000,3
cred_001859,cli_004459,2026-09-14,10000,3
cred_002108,cli_001266,2026-09-14,10000,6
cred_001977,cli_000423,2026-09-14,5000,6
cred_000665,cli_003872,2026-09-14,5000,3
cred_002040,cli_005174,2026-09-14,10000,3
cred_000647,cli_002599,2026-09-14,25000,3
cred_002012,cli_003066,2026-09-14,15000,6
cred_000103,cli_003128,2026-09-14,15000,9
cred_002156,cli_001018,2026-09-15,5000,6
cred_000058,cli_005636,2026-09-15,50000,6
cred_001000,cli_004645,2026-09-15,15000,6
cred_002046,cli_005868,2026-09-15,15000,12
cred_000074,cli_004386,2026-09-15,100000,6
cred_002663,cli_001427,2026-09-15,15000,6
cred_001579,cli_000238,2026-09-15,10000,6
cred_000135,cli_001384,2026-09-15,5000,9
cred_000570,cli_002048,2026-09-15,10000,6
cred_001350,cli_005838,2026-09-15,15000,6
cred_002510,cli_005005,2026-09-15,10000,3
cred_002711,cli_000324,2026-09-15,5000,6
cred_000429,cli_000849,2026-09-15,50000,3
cred_002423,cli_005012,2026-09-15,50000,3
cred_000730,cli_003588,2026-09-15,10000,6
cred_000427,cli_004006,2026-09-15,10000,3
cred_002497,cli_005095,2026-09-15,15000,6
cred_000763,cli_000690,2026-09-16,10000,3
cred_001818,cli_004157,2026-09-16,25000,3
cred_000203,cli_000009,2026-09-16,15000,9
cred_001447,cli_003849,2026-09-16,10000,3
cred_000622,cli_005596,2026-09-16,15000,6
cred_001007,cli_003996,2026-09-16,50000,3
cred_002704,cli_001460,2026-09-16,5000,6
cred_001187,cli_001594,2026-09-16,10000,12
cred_002524,cli_002567,2026-09-16,10000,9
cred_000137,cli_004407,2026-09-16,25000,3
cred_000596,cli_000108,2026-09-16,10000,6
cred_002285,cli_005004,2026-09-16,10000,6
cred_001731,cli_000365,2026-09-16,5000,3
cred_001578,cli_004824,2026-09-16,15000,3
cred_002361,cli_002294,2026-09-16,10000,6
cred_002413,cli_000525,2026-09-16,15000,3
cred_002041,cli_002254,2026-09-17,10000,9
cred_002476,cli_005992,2026-09-17,25000,3
cred_002596,cli_001269,2026-09-17,10000,6
cred_000177,cli_004722,2026-09-17,15000,6
cred_001042,cli_001824,2026-09-17,5000,12
cred_000991,cli_003796,2026-09-17,25000,9
cred_000776,cli_004805,2026-09-17,15000,3
cred_001139,cli_001674,2026-09-17,50000,3
cred_002690,cli_002694,2026-09-17,15000,3
cred_001345,cli_000726,2026-09-17,25000,6
cred_000788,cli_002196,2026-09-17,50000,6
cred_000320,cli_005937,2026-09-17,25000,3
cred_001404,cli_001424,2026-09-17,10000,3
cred_002141,cli_000884,2026-09-17,15000,6
cred_000310,cli_005629,2026-09-17,5000,12
cred_002522,cli_003064,2026-09-17,25000,9
cred_001159,cli_005119,2026-09-18,15000,6
cred_002371,cli_004088,2026-09-18,25000,12
cred_001620,cli_003640,2026-09-18,50000,12
cred_001313,cli_004152,2026-09-18,15000,6
cred_002184,cli_005536,2026-09-18,15000,6
cred_001730,cli_004530,2026-09-18,5000,6
cred_001806,cli_000133,2026-09-18,25000,12
cred_001674,cli_004211,2026-09-18,15000,9
cred_002341,cli_001170,2026-09-18,5000,9
cred_002431,cli_004163,2026-09-18,25000,6
cred_000318,cli_003298,2026-09-18,15000,6
cred_002105,cli_002500,2026-09-18,50000,3
cred_000813,cli_000653,2026-09-18,25000,9
cred_001104,cli_001244,2026-09-18,15000,3
cred_001253,cli_002198,2026-09-18,10000,3
cred_000040,cli_000517,2026-09-18,10000,6
cred_001232,cli_005872,2026-09-18,5000,3
cred_001847,cli_002152,2026-09-18,15000,6
cred_002207,cli_001389,2026-09-18,15000,3
cred_002511,cli_005005,2026-09-19,5000,6
cred_000248,cli_004447,2026-09-19,10000,9
cred_000415,cli_002769,2026-09-19,5000,12
cred_001188,cli_001689,2026-09-19,100000,6
cred_000687,cli_003860,2026-09-19,10000,6
cred_000917,cli_002194,2026-09-19,10000,12
cred_002306,cli_003656,2026-09-19,15000,6
cred_000711,cli_002984,2026-09-19,10000,6
cred_002526,cli_001601,2026-09-19,50000,12
cred_000905,cli_001667,2026-09-19,15000,6
cred_002137,cli_003654,2026-09-19,10000,6
cred_000130,cli_004220,2026-09-19,15000,3
cred_001517,cli_000434,2026-09-19,25000,6
cred_002245,cli_001853,2026-09-19,15000,6
cred_001924,cli_001701,2026-09-19,5000,3
cred_001105,cli_001244,2026-09-19,25000,9
cred_001011,cli_002321,2026-09-19,50000,12
cred_002594,cli_005343,2026-09-19,10000,3
cred_000256,cli_002407,2026-09-19,15000,3
cred_002229,cli_001758,2026-09-19,5000,6
cred_000669,cli_003550,2026-09-19,15000,6
cred_001454,cli_005390,2026-09-19,10000,6
cred_002013,cli_005225,2026-09-19,10000,6
cred_002469,cli_001359,2026-09-19,15000,9
cred_001457,cli_003993,2026-09-19,5000,12
cred_001473,cli_003169,2026-09-20,5000,6
cred_000439,cli_001680,2026-09-20,10000,12
cred_000023,cli_001362,2026-09-20,10000,9
cred_001707,cli_002497,2026-09-20,10000,3
cred_001271,cli_000145,2026-09-20,10000,12
cred_000764,cli_000299,2026-09-20,5000,12
cred_000747,cli_003686,2026-09-20,10000,9
cred_001467,cli_005493,2026-09-20,5000,3
cred_001621,cli_004008,2026-09-20,5000,6
cred_001528,cli_000023,2026-09-20,25000,3
cred_001555,cli_002677,2026-09-20,50000,6
cred_000780,cli_000220,2026-09-20,10000,6
cred_001903,cli_002247,2026-09-20,25000,9
cred_002675,cli_000291,2026-09-20,5000,9
cred_000039,cli_000517,2026-09-21,10000,3
cred_001874,cli_002809,2026-09-21,25000,9
cred_001174,cli_000676,2026-09-21,25000,9
cred_001880,cli_002023,2026-09-21,10000,3
cred_000461,cli_004894,2026-09-21,5000,3
cred_000104,cli_001103,2026-09-21,15000,3
cred_001825,cli_002739,2026-09-21,5000,3
cred_001173,cli_004502,2026-09-21,25000,9
cred_001012,cli_002321,2026-09-21,15000,12
cred_000937,cli_002162,2026-09-21,10000,6
cred_001015,cli_004475,2026-09-21,15000,3
cred_000200,cli_002392,2026-09-21,5000,3
cred_002251,cli_003873,2026-09-21,10000,6
cred_000358,cli_000781,2026-09-21,5000,9
cred_001812,cli_001447,2026-09-21,100000,6
cred_000712,cli_002984,2026-09-21,25000,6
cred_000330,cli_000469,2026-09-21,50000,3
cred_000377,cli_000285,2026-09-22,10000,9
cred_002210,cli_001243,2026-09-22,25000,6
cred_001643,cli_002463,2026-09-22,5000,3
cred_001611,cli_004004,2026-09-22,15000,3
cred_000501,cli_004968,2026-09-22,10000,6
cred_000029,cli_002022,2026-09-22,5000,6
cred_001257,cli_004691,2026-09-22,10000,6
cred_002477,cli_004135,2026-09-22,5000,6
cred_001327,cli_004450,2026-09-22,25000,3
cred_000073,cli_004386,2026-09-22,5000,6
cred_002211,cli_001243,2026-09-22,25000,9
cred_002479,cli_004135,2026-09-22,25000,9
cred_000414,cli_002769,2026-09-22,15000,6
cred_000457,cli_003484,2026-09-22,5000,3
cred_002052,cli_002754,2026-09-22,15000,9
cred_002261,cli_000962,2026-09-22,5000,3
cred_002444,cli_003997,2026-09-22,10000,6
cred_000919,cli_005111,2026-09-22,5000,12
cred_000740,cli_005210,2026-09-22,5000,3
cred_000286,cli_004895,2026-09-22,10000,3
cred_000321,cli_005937,2026-09-22,50000,9
cred_002377,cli_003036,2026-09-22,5000,3
cred_001661,cli_002946,2026-09-22,15000,3
cred_002404,cli_004181,2026-09-22,100000,9
cred_001013,cli_002321,2026-09-22,5000,3
cred_002616,cli_000597,2026-09-22,50000,3
cred_000282,cli_000966,2026-09-22,50000,3
cred_001323,cli_005783,2026-09-23,5000,6
cred_002697,cli_003804,2026-09-23,5000,6
cred_000626,cli_000963,2026-09-23,100000,9
cred_000575,cli_002238,2026-09-23,25000,3
cred_000373,cli_004768,2026-09-23,5000,3
cred_002531,cli_000134,2026-09-23,50000,3
cred_001873,cli_002809,2026-09-23,15000,3
cred_000331,cli_000469,2026-09-23,5000,3
cred_000930,cli_003181,2026-09-23,10000,6
cred_002678,cli_001378,2026-09-23,100000,9
cred_000784,cli_004167,2026-09-23,5000,6
cred_002252,cli_003873,2026-09-23,50000,6
cred_001974,cli_001232,2026-09-23,5000,3
cred_002430,cli_004163,2026-09-23,10000,9
cred_002066,cli_002474,2026-09-23,5000,3
cred_002262,cli_000962,2026-09-23,15000,6
cred_001732,cli_003047,2026-09-23,10000,9
cred_001677,cli_000202,2026-09-23,10000,6
cred_000701,cli_000567,2026-09-23,50000,3
cred_001973,cli_001232,2026-09-23,15000,6
cred_001546,cli_001203,2026-09-23,10000,6
cred_001456,cli_003993,2026-09-23,10000,9
cred_000998,cli_005440,2026-09-23,5000,12
cred_002478,cli_004135,2026-09-23,15000,6
cred_000508,cli_005818,2026-09-23,5000,3
cred_002298,cli_003121,2026-09-23,25000,9
cred_000510,cli_002627,2026-09-23,10000,9
cred_000402,cli_002630,2026-09-23,10000,6
cred_000401,cli_002630,2026-09-23,5000,12
cred_000519,cli_003480,2026-09-23,50000,3
cred_001324,cli_005783,2026-09-23,10000,12
cred_001523,cli_005839,2026-09-23,15000,9
