id_credit,nb_transactions_30j,nb_transactions_60j,nb_transactions_90j,nb_jours_actifs_90j,volume_entrant_90j,volume_sortant_90j,ratio_flux_entrant_sortant,montant_moyen_90j,montant_median_90j,regularite_transactions,variation_volume_mensuel,nb_credits_precedents,nb_credits_impayes,nb_retards,retard_moyen_jours,taux_remboursement,montant_credit_demande,duree_credit_demande,defaut
cred_002026,8,13,22,19,122738.0,136689.0,0.8979361909151431,11792.136363636364,6776.0,0.2111111111111111,-0.4484389881419615,0,0,0,,,100000,3,0
cred_002225,6,10,13,13,39424.0,17171.0,2.295964125560538,4353.461538461538,4152.0,0.1444444444444444,0.12657726755406,0,0,0,,,5000,3,0
cred_001582,6,11,21,21,43873.0,77845.0,0.563594322050228,5796.095238095239,4109.0,0.2333333333333333,-0.4727101038715769,0,0,0,,,25000,6,1
cred_002437,5,14,19,18,49221.0,71995.0,0.683672477255365,6379.789473684211,6067.0,0.2,-0.2483958085772928,0,0,0,,,15000,3,0
cred_001682,10,16,25,21,63284.0,67362.0,0.9394614174163476,5225.84,4348.0,0.2333333333333333,0.1581319721730539,0,0,0,,,50000,6,0
cred_002571,8,15,24,21,55719.0,54208.0,1.0278741145218415,4580.291666666667,3236.5,0.2333333333333333,-0.4311533200042092,0,0,0,,,10000,6,0
cred_000721,6,16,26,24,66866.0,206616.0,0.323624501490688,10518.53846153846,4734.0,0.2666666666666666,-0.5312023562023562,0,0,0,,,50000,6,0
cred_001948,6,12,18,15,9946.0,70398.0,0.1412824227961021,4463.555555555556,3935.0,0.1666666666666666,-0.210918462158798,0,0,0,,,15000,6,0
cred_000720,5,14,25,23,66866.0,200986.0,0.3326898390932701,10714.08,4702.0,0.2555555555555555,-0.5786190193472995,1,0,1,1.0,1.0,15000,3,0
cred_002314,2,7,13,11,31485.0,33559.0,0.9381983968533032,5003.384615384615,5181.0,0.1222222222222222,-0.3376302180918833,0,0,0,,,25000,6,0
cred_000090,7,14,17,16,40787.0,135552.0,0.3008955972615675,10372.882352941177,6251.0,0.1777777777777777,0.5266177104810743,0,0,0,,,5000,6,0
cred_001922,3,8,10,10,46385.0,56672.0,0.8184817899491813,10305.7,4161.5,0.1111111111111111,-0.1686758217858696,0,0,0,,,15000,6,0
cred_000162,9,19,22,19,82853.0,115816.0,0.7153847482213166,9030.40909090909,4364.5,0.2111111111111111,0.4280794718817706,0,0,0,,,10000,3,0
cred_001163,7,12,18,17,33095.0,63974.0,0.517319536061525,5392.722222222223,4374.5,0.1888888888888888,-0.0927038496053051,0,0,0,,,10000,6,0
cred_002334,3,16,25,20,58445.0,83018.0,0.7040039509503963,5658.52,4659.0,0.2222222222222222,-0.4586293332749543,0,0,0,,,15000,3,0
cred_002213,8,14,20,20,26986.0,90013.0,0.2998011398353571,5849.95,3168.5,0.2222222222222222,0.0915708961018791,0,0,0,,,10000,9,0
cred_002289,7,16,22,21,186237.0,95024.0,1.9598943424818995,12784.59090909091,5626.5,0.2333333333333333,0.3457510026751253,0,0,0,,,100000,9,0
cred_001421,5,9,17,16,56202.0,16904.0,3.324775201135826,4300.35294117647,3100.0,0.1777777777777777,0.5615489166644458,0,0,0,,,10000,6,0
cred_001394,7,10,15,13,12199.0,40237.0,0.3031786664015707,3495.733333333333,2720.0,0.1444444444444444,0.2539765214952522,0,0,0,,,50000,6,1
cred_001246,6,12,16,16,12265.0,64589.0,0.1898930158386103,4803.375,3805.5,0.1777777777777777,0.1234554050805353,0,0,0,,,15000,3,0
cred_001336,9,13,14,13,34940.0,69679.0,0.5014423283916245,7472.785714285715,3720.5,0.1444444444444444,0.4014865283369464,0,0,0,,,5000,3,0
cred_000312,9,13,17,16,122594.0,32313.0,3.793952898214341,9112.176470588236,3350.0,0.1777777777777777,0.603557927507227,0,0,0,,,25000,9,0
cred_001510,14,25,34,24,69428.0,85384.0,0.8131265810924764,4553.294117647059,3552.5,0.2666666666666666,-0.2501131482541011,0,0,0,,,10000,3,0
cred_002325,10,13,18,15,87852.0,65350.0,1.3443305279265494,8511.222222222223,4912.0,0.1666666666666666,0.7909148688252533,0,0,0,,,15000,6,0
cred_000852,3,13,23,20,270986.0,68743.0,3.9420159143476425,14770.826086956522,6334.0,0.2222222222222222,-0.8473439882145365,0,0,0,,,100000,9,0
cred_001817,5,13,21,20,19208.0,61997.0,0.3098214429730471,3866.904761904762,3492.0,0.2222222222222222,-0.3604980192416525,0,0,0,,,5000,6,0
cred_000094,12,20,24,23,65082.0,214159.0,0.3038957036594306,11635.041666666666,6238.5,0.2555555555555555,0.4555218360282612,0,0,0,,,100000,9,1
cred_001315,3,8,15,14,18731.0,202854.0,0.0923373460715588,14772.333333333334,3371.0,0.1555555555555555,0.7398573006537899,0,0,0,,,10000,3,0
cred_000997,6,8,11,11,8181.0,82498.0,0.0991660403888579,8243.545454545454,5908.0,0.1222222222222222,0.7897096941420425,0,0,0,,,5000,6,0
cred_000793,9,13,21,18,38397.0,59304.0,0.6474605422905706,4652.428571428572,4102.0,0.2,0.4101092456507357,0,0,0,,,15000,6,0
cred_002247,4,7,11,11,11056.0,17457.0,0.6333276049722174,2592.090909090909,1852.0,0.1222222222222222,0.5133090701491472,0,0,0,,,25000,9,1
cred_000676,6,9,17,17,39578.0,70729.0,0.5595724526007719,6488.64705882353,3807.0,0.1888888888888888,0.2439011828529245,0,0,0,,,15000,6,0
cred_001364,6,11,14,13,250081.0,61691.0,4.053767972637824,22269.42857142857,4658.0,0.1444444444444444,-0.7213597843526451,0,0,0,,,50000,6,0
cred_001037,7,15,20,17,141984.0,63212.0,2.246155793203822,10259.8,6551.5,0.1888888888888888,-0.261004190641102,0,0,0,,,5000,6,0
cred_001683,12,17,25,21,132772.0,59039.0,2.2488863293754977,7672.44,6447.0,0.2333333333333333,0.4077292696320703,1,0,0,0.0,1.0,25000,9,0
cred_000494,3,6,17,16,54090.0,21436.0,2.523325247247621,4442.705882352941,3153.0,0.1777777777777777,0.121608040201005,0,0,0,,,100000,6,1
cred_000680,5,9,14,13,61029.0,31894.0,1.9134947011977173,6637.357142857143,3719.5,0.1444444444444444,0.4038557195182611,0,0,0,,,5000,12,0
cred_000542,3,9,16,15,1004376.0,24726.0,40.62023780635768,64318.875,6482.5,0.1666666666666666,-0.6209790656114373,0,0,0,,,25000,6,0
cred_001316,8,11,14,14,12231.0,241104.0,0.0507291459287278,18095.35714285714,3817.0,0.1555555555555555,-0.480504061312721,1,0,0,0.0,1.0,15000,3,1
cred_000141,6,12,19,17,46116.0,152157.0,0.303081685364459,10435.421052631578,5905.0,0.1888888888888888,-0.3163648364341405,0,0,0,,,100000,6,0
cred_001343,7,20,29,24,54164.0,164241.0,0.3297836715558234,7531.206896551724,3716.0,0.2666666666666666,0.0342790712288308,0,0,0,,,15000,9,0
cred_001095,3,7,13,12,31585.0,43503.0,0.7260418821690459,5776.0,3567.0,0.1333333333333333,0.2311964264155499,0,0,0,,,15000,6,0
cred_001930,3,7,15,13,22360.0,91084.0,0.2454876817004084,7562.933333333333,5632.0,0.1444444444444444,-0.2914943623003004,0,0,0,,,25000,9,0
cred_000652,7,9,17,16,128229.0,40367.0,3.176579879604628,9917.411764705885,4016.0,0.1777777777777777,0.5638500685373962,0,0,0,,,100000,6,1
cred_000261,7,12,17,16,210757.0,131870.0,1.5982179419124896,20154.529411764703,4732.0,0.1777777777777777,-0.5922529785019847,0,0,0,,,50000,3,1
cred_001361,5,11,15,15,24639.0,84113.0,0.2929273715121325,7250.133333333333,3447.0,0.1666666666666666,-0.4917114117564304,0,0,0,,,15000,6,0
cred_001900,9,14,20,16,90975.0,112170.0,0.811045734153517,10157.25,6106.0,0.1777777777777777,-0.1731105717672292,0,0,0,,,25000,9,0
cred_000035,6,15,23,21,67302.0,97611.0,0.6894919629959738,7170.130434782609,4715.0,0.2333333333333333,-0.2851089588377724,0,0,0,,,50000,6,0
cred_000323,3,9,14,12,64241.0,26747.0,2.4018020712603283,6499.142857142857,4310.5,0.1333333333333333,0.0400212314225053,0,0,0,,,50000,6,0
cred_002147,3,9,12,11,156132.0,18655.0,8.369445188957384,14565.583333333334,5620.0,0.1222222222222222,-0.294982892591053,0,0,0,,,25000,3,0
cred_002315,5,17,21,20,135883.0,86579.0,1.5694683468277526,10593.42857142857,6094.0,0.2222222222222222,-0.7541253162093793,1,0,0,0.0,1.0,10000,3,0
cred_002441,4,7,14,13,263926.0,73615.0,3.585220403450384,24110.071428571428,4123.5,0.1444444444444444,-0.8399837292802553,0,0,0,,,25000,9,1
cred_000334,4,9,18,15,39698.0,78593.0,0.5051085974577889,6571.722222222223,6112.0,0.1666666666666666,-0.2044198895027624,0,0,0,,,100000,6,0
cred_001583,3,6,11,11,20251.0,30085.0,0.673126142595978,4576.0,4169.0,0.1222222222222222,-0.4652005701486459,1,1,1,77.0,0.0,15000,3,0
cred_002296,6,8,12,12,33379.0,37103.0,0.8996307576206776,5873.5,3504.5,0.1333333333333333,0.6017981438515081,0,0,0,,,15000,12,0
cred_000369,8,14,20,19,73179.0,49606.0,1.4752046123452809,6139.25,3848.5,0.2111111111111111,0.3025997239631649,0,0,0,,,50000,9,0
cred_000042,5,12,17,15,150547.0,68370.0,2.201945297645166,12877.470588235294,5626.0,0.1666666666666666,0.1938006600660066,0,0,0,,,15000,6,1
cred_001091,2,5,8,8,33572.0,4604.0,7.291920069504778,4772.0,4720.5,0.0888888888888888,-0.2378430208666271,0,0,0,,,100000,9,0
cred_000513,3,9,15,13,36419.0,61553.0,0.5916689682062612,6531.466666666666,4539.0,0.1444444444444444,-0.6077928885523749,0,0,0,,,5000,3,1
cred_001649,5,13,21,20,101829.0,77417.0,1.3153312579924306,8535.52380952381,6462.0,0.2222222222222222,-0.1230275292028144,0,0,0,,,5000,6,0
cred_000370,4,9,12,12,21268.0,35422.0,0.6004178194342499,4724.166666666667,3329.0,0.1333333333333333,0.0426652988902359,0,0,0,,,25000,3,0
cred_001614,4,7,11,10,14417.0,157431.0,0.0915766272208142,15622.545454545454,3989.0,0.1111111111111111,0.7711340744901825,0,0,0,,,5000,6,0
cred_001306,5,12,18,16,94102.0,35984.0,2.6151067140951536,7227.0,3829.5,0.1777777777777777,-0.5966129673218599,0,0,0,,,25000,12,0
cred_002447,6,11,20,20,60280.0,100087.0,0.6022760198627194,8018.35,3777.5,0.2222222222222222,-0.5297188476223533,0,0,0,,,5000,6,0
cred_002067,11,21,25,24,49187.0,168837.0,0.29132832258332,8720.96,3397.0,0.2666666666666666,0.2647119156901459,0,0,0,,,25000,9,0
cred_000406,4,14,24,22,1011564.0,50913.0,19.868481527311296,44269.875,7771.0,0.2444444444444444,-0.2245870858209374,0,0,0,,,10000,6,0
cred_001949,10,16,20,18,83060.0,629236.0,0.1320013476660585,35614.8,4871.5,0.2,0.9346926385024033,1,0,0,0.0,1.0,50000,6,0
cred_001885,9,16,21,19,43493.0,88397.0,0.4920189599194542,6280.476190476191,3121.0,0.2111111111111111,-0.1736697920283983,0,0,0,,,10000,6,0
cred_002039,4,9,13,12,47260.0,61714.0,0.7657905823638073,8382.615384615385,6124.0,0.1333333333333333,0.1894785008111593,0,0,0,,,25000,3,0
cred_002226,6,10,15,14,57621.0,84135.0,0.6848636120520591,9450.4,5965.0,0.1555555555555555,0.3694824765349178,1,0,0,0.0,1.0,100000,12,0
cred_002555,8,14,24,19,69693.0,96137.0,0.7249342084733246,6909.583333333333,5310.5,0.2111111111111111,0.068590802399374,0,0,0,,,5000,3,1
cred_001906,10,15,29,26,89373.0,142288.0,0.6281134038007422,7988.310344827586,4413.0,0.2888888888888888,-0.0724428048197887,0,0,0,,,50000,3,0
cred_002561,6,12,22,19,21903.0,70141.0,0.3122709969917737,4183.818181818182,3747.5,0.2111111111111111,0.1082591383700463,0,0,0,,,100000,3,0
cred_001348,7,15,23,19,86192.0,51595.0,1.6705494718480474,5990.739130434783,3286.0,0.2111111111111111,-0.0470218111948649,0,0,0,,,100000,3,0
cred_002465,19,24,30,26,124185.0,172985.0,0.717894615140041,9905.666666666666,8919.5,0.2888888888888888,0.52865696540014,0,0,0,,,5000,6,0
cred_001252,4,12,19,18,21226.0,100810.0,0.2105545084813014,6422.9473684210525,3783.0,0.2,-0.4098085371156124,0,0,0,,,5000,6,0
cred_000651,9,13,19,16,36198.0,64355.0,0.5624737782612074,5292.263157894737,5935.0,0.1777777777777777,0.168675987470395,0,0,0,,,10000,9,0
cred_000625,5,9,16,13,21599.0,54941.0,0.3931308130540034,4783.75,4919.0,0.1444444444444444,0.1219460242401005,0,0,0,,,10000,6,0
cred_002333,6,12,23,20,62400.0,37210.0,1.6769685568395594,4330.869565217391,2980.0,0.2222222222222222,0.0051308696499318,1,0,0,0.0,1.0,5000,9,0
cred_002346,8,14,20,19,88646.0,92846.0,0.9547638024255218,9074.6,6196.5,0.2111111111111111,0.5501359785564751,0,0,0,,,25000,3,1
cred_000817,7,15,26,22,97736.0,58680.0,1.665576005453306,6016.0,3765.5,0.2444444444444444,-0.2634169229967155,0,0,0,,,10000,6,1
cred_002113,4,9,20,16,40789.0,227074.0,0.1796286673066929,13393.15,4400.5,0.1777777777777777,0.7407182666006964,0,0,0,,,50000,6,0
cred_000124,7,12,14,13,59466.0,334432.0,0.177811931872548,28135.571428571428,5456.0,0.1444444444444444,-0.8262328371747825,0,0,0,,,5000,6,0
cred_002168,4,8,14,14,67646.0,22161.0,3.0524795812463337,6414.785714285715,4137.5,0.1555555555555555,0.3890165589227035,0,0,0,,,5000,12,0
cred_001023,12,18,27,23,78357.0,158669.0,0.4938393763116929,8778.74074074074,5693.0,0.2555555555555555,0.0350846700104285,0,0,0,,,10000,9,0
cred_001152,8,22,28,23,88448.0,72687.0,1.2168338217287824,5754.821428571428,2624.0,0.2555555555555555,-0.3714762301918265,0,0,0,,,25000,6,0
cred_001858,9,17,26,25,35154.0,217152.0,0.1618866047745358,9704.076923076924,4139.5,0.2777777777777778,0.5864287137449122,0,0,0,,,5000,9,0
cred_000609,7,15,19,18,78484.0,55049.0,1.425711638721866,7028.052631578948,4070.0,0.2,0.4582073649286636,0,0,0,,,100000,6,0
cred_000517,3,4,12,10,27807.0,36655.0,0.7586141044877915,5371.833333333333,4246.5,0.1111111111111111,0.3353366406803685,0,0,0,,,50000,6,0
cred_001035,10,16,24,20,39533.0,188977.0,0.2091947697338829,9521.25,3920.5,0.2222222222222222,-0.0361336451254231,0,0,0,,,15000,6,0
cred_001169,4,6,16,14,149651.0,21370.0,7.00285446888161,10688.8125,5074.0,0.1555555555555555,0.1144759450171821,0,0,0,,,15000,6,0
cred_000216,5,8,18,18,53008.0,70816.0,0.7485314053321284,6879.111111111111,4364.5,0.2,0.3479449255370782,0,0,0,,,10000,6,1
cred_001164,4,10,17,15,18432.0,59728.0,0.3085989820519689,4597.64705882353,3196.0,0.1666666666666666,-0.5070976569180776,1,0,0,0.0,1.0,5000,3,0
cred_001904,9,15,25,23,75567.0,123577.0,0.6114972850935044,7965.76,4413.0,0.2555555555555555,-0.308574689501728,1,0,0,0.0,1.0,100000,9,0
cred_002551,9,14,22,21,135617.0,54128.0,2.505486993792492,8624.772727272728,6266.0,0.2333333333333333,0.5518520665468668,0,0,0,,,25000,12,0
cred_001549,5,13,19,19,53421.0,84593.0,0.6315061529913822,7263.894736842105,6808.0,0.2111111111111111,0.0553543813814102,0,0,0,,,15000,9,0
cred_000010,4,12,15,14,55688.0,87939.0,0.633257144156745,9575.133333333331,4133.0,0.1555555555555555,-0.6269695363342093,0,0,0,,,5000,6,0
cred_002699,7,11,16,16,19841.0,81205.0,0.2443322455513823,6315.375,2398.0,0.1777777777777777,-0.0169441795642925,0,0,0,,,25000,6,1
cred_002432,6,11,16,16,27214.0,50472.0,0.5391900459660802,4855.375,5154.5,0.1777777777777777,0.1332597645799893,0,0,0,,,10000,6,0
cred_002360,1,7,14,12,49658.0,61531.0,0.8070403536428792,7942.071428571428,3796.0,0.1333333333333333,-0.6296783844427823,0,0,0,,,5000,9,0
cred_001552,2,4,8,8,10762.0,46535.0,0.2312667884388095,7162.125,4720.5,0.0888888888888888,-0.2319598866361456,0,0,0,,,10000,9,1
cred_000768,5,10,15,15,40475.0,55282.0,0.7321551318693246,6383.8,4017.0,0.1666666666666666,-0.5701833998321831,0,0,0,,,25000,6,1
cred_001915,4,8,14,14,39835.0,71422.0,0.5577413122007224,7946.928571428572,6781.5,0.1555555555555555,-0.0451924498546153,0,0,0,,,5000,3,0
cred_000416,8,19,29,27,78428.0,209789.0,0.3738422891572008,9938.51724137931,3394.0,0.3,0.5841594669192702,0,0,0,,,15000,3,0
cred_002086,4,8,15,15,15475.0,60781.0,0.2546025896250473,5083.733333333334,3097.0,0.1666666666666666,-0.0505202023115829,0,0,0,,,5000,3,0
cred_001370,4,13,16,16,37954.0,275304.0,0.1378621451195769,19578.625,3514.5,0.1777777777777777,-0.7863019381777181,0,0,0,,,25000,12,0
cred_000126,7,11,15,14,47409.0,43425.0,1.0917443868739205,6055.6,4730.0,0.1555555555555555,0.1969183004657046,0,0,0,,,10000,6,1
cred_000567,7,10,15,12,9801.0,110576.0,0.0886358703516133,8025.133333333333,3124.0,0.1333333333333333,0.3827005466095435,0,0,0,,,50000,3,0
cred_000631,3,6,11,11,49867.0,30869.0,1.6154394376235055,7339.636363636364,5500.0,0.1222222222222222,-0.4881439911016735,0,0,0,,,15000,12,0
cred_002433,4,8,14,14,19426.0,48805.0,0.3980329884233173,4873.642857142857,5154.5,0.1555555555555555,0.0937329158590527,1,0,0,0.0,1.0,10000,6,0
cred_002644,6,10,16,15,18172.0,58529.0,0.3104785661808676,4793.8125,2925.0,0.1666666666666666,0.3711115016696377,0,0,0,,,5000,6,0
cred_000307,6,11,18,15,83172.0,91420.0,0.9097790417851672,9699.555555555557,5914.0,0.1666666666666666,0.1571905176891048,0,0,0,,,10000,6,0
cred_001276,5,17,24,19,217102.0,96954.0,2.239226849846319,13085.666666666666,4134.0,0.2111111111111111,0.3679099040443969,0,0,0,,,10000,9,0
cred_001414,7,16,22,17,30581.0,120365.0,0.2540688738420637,6861.181818181818,4090.5,0.1888888888888888,0.1499275572297884,0,0,0,,,15000,3,1
cred_001081,3,9,15,13,195995.0,34215.0,5.728335525354376,15347.333333333334,5411.0,0.1444444444444444,-0.6524975908335187,0,0,0,,,10000,3,0
cred_001556,3,9,15,14,37193.0,245069.0,0.1517654211670998,18817.466666666667,7086.0,0.1555555555555555,0.4784022659917648,0,0,0,,,5000,6,0
cred_001923,4,9,12,11,45509.0,34160.0,1.3322306791569087,6639.083333333333,3436.0,0.1222222222222222,0.360457800281631,0,0,0,,,5000,3,0
cred_000116,4,12,21,18,130341.0,83941.0,1.552769206942972,10203.90476190476,5690.0,0.2,-0.5549056785679853,0,0,0,,,15000,6,0
cred_000636,7,12,21,20,49913.0,109439.0,0.4560805562916328,7588.190476190476,3367.0,0.2222222222222222,0.7704122060187136,0,0,0,,,5000,9,1
cred_001019,5,12,16,15,48962.0,51886.0,0.9436456847704584,6303.0,4168.5,0.1666666666666666,-0.0470868159355744,0,0,0,,,25000,6,0
cred_001877,10,18,26,23,80265.0,64315.0,1.2479981341833164,5560.769230769231,3875.0,0.2555555555555555,0.1947228508819197,0,0,0,,,5000,6,0
cred_002560,7,11,18,17,70810.0,93718.0,0.7555645660385412,9140.444444444443,4000.0,0.1888888888888888,0.6322706181709324,1,0,0,0.0,1.0,10000,3,0
cred_001264,7,9,17,15,70092.0,41569.0,1.686160359883567,6568.294117647059,3662.0,0.1666666666666666,0.0607512620860785,0,0,0,,,25000,6,0
cred_000532,3,9,15,13,25754.0,69264.0,0.3718237468237468,6334.533333333334,3292.0,0.1444444444444444,-0.5180257601799393,0,0,0,,,15000,9,0
cred_000894,7,18,24,20,89922.0,98634.0,0.9116734594561712,7856.5,5126.0,0.2222222222222222,-0.3152891175483727,0,0,0,,,5000,9,1
cred_001569,7,12,22,20,52410.0,115909.0,0.4521650605216161,7650.863636363636,3510.0,0.2222222222222222,0.3392611981472215,0,0,0,,,10000,3,1
cred_001745,3,10,16,14,728979.0,35848.0,20.335276723945547,47801.6875,7364.5,0.1555555555555555,-0.4914003024632815,0,0,0,,,50000,6,0
cred_000621,5,10,16,12,56547.0,54892.0,1.0301501129490636,6964.9375,7030.0,0.1333333333333333,0.3366097081506124,0,0,0,,,15000,3,0
cred_002686,6,13,20,17,249264.0,105631.0,2.359761812346754,17744.75,7597.5,0.1888888888888888,0.3703295437719024,0,0,0,,,25000,6,0
cred_002626,7,11,15,15,300966.0,45915.0,6.55485135576609,23125.4,4491.0,0.1666666666666666,0.9418382456851794,0,0,0,,,10000,3,0
cred_002568,6,10,14,13,38144.0,29344.0,1.2998909487459105,4820.571428571428,4328.5,0.1444444444444444,0.1626881225310811,0,0,0,,,50000,6,0
cred_000119,7,9,17,14,40187.0,40151.0,1.000896615277328,4725.764705882353,4141.0,0.1555555555555555,0.7741033532476415,0,0,0,,,10000,6,0
cred_001140,4,13,17,14,41848.0,45209.0,0.9256563958503836,5121.0,4261.0,0.1555555555555555,-0.4666666666666667,0,0,0,,,5000,3,0
cred_001443,5,10,19,17,29882.0,82425.0,0.3625356384592053,5910.894736842105,3760.0,0.1888888888888888,-0.1815207909275952,0,0,0,,,15000,9,0
cred_002695,7,10,16,14,28441.0,42473.0,0.6696254090834177,4432.125,2519.0,0.1555555555555555,0.6808447478902506,0,0,0,,,15000,12,1
cred_001491,9,13,19,16,66947.0,307739.0,0.2175447375860713,19720.315789473683,4044.0,0.1777777777777777,0.9518949800290752,0,0,0,,,10000,6,1
cred_000433,3,9,14,11,39617.0,89670.0,0.4418088546894168,9234.785714285714,6313.5,0.1222222222222222,-0.3984014543011549,0,0,0,,,5000,3,1
cred_002199,8,15,19,19,39091.0,47583.0,0.821532900405607,4561.789473684211,3321.0,0.2111111111111111,0.3325268922100389,0,0,0,,,5000,6,0
cred_002016,8,16,26,23,131346.0,61612.0,2.131824969161852,7421.461538461538,3507.0,0.2555555555555555,0.4654341571168281,0,0,0,,,10000,3,0
cred_000279,6,15,24,18,154781.0,315340.0,0.4908384600748398,19588.375,4881.0,0.2,0.3942599609329034,0,0,0,,,10000,6,0
cred_000612,7,12,21,19,90898.0,381632.0,0.2381823327184303,22501.42857142857,4398.0,0.2111111111111111,0.8958213654234961,0,0,0,,,5000,6,0
cred_000810,8,18,27,21,90236.0,176391.0,0.5115680505241197,9875.074074074077,5655.0,0.2333333333333333,-0.0755786423879869,0,0,0,,,15000,6,1
cred_002093,8,13,21,18,42460.0,83204.0,0.5103120042305659,5984.0,3780.0,0.2,0.5648557233254033,0,0,0,,,5000,12,0
cred_000818,5,9,16,15,93434.0,25232.0,3.702996195307546,7416.625,3319.0,0.1666666666666666,0.1797644287396937,0,0,0,,,10000,9,0
cred_000742,9,14,25,23,32202.0,399768.0,0.0805517199975986,17278.8,3082.0,0.2555555555555555,0.762821604150897,0,0,0,,,50000,9,0
cred_001494,5,8,18,16,62897.0,45937.0,1.3692012974290877,6046.333333333333,3129.0,0.1777777777777777,-0.443836096876644,0,0,0,,,25000,3,0
cred_001575,7,14,19,19,44568.0,53201.0,0.8377286141237946,5145.736842105263,3683.0,0.2111111111111111,-0.032766786686799,0,0,0,,,15000,3,0
cred_001446,5,13,18,18,244136.0,31984.0,7.633066533266633,15340.0,3296.5,0.2,-0.8265519832451358,0,0,0,,,25000,3,1
cred_002204,10,16,22,20,20258.0,128772.0,0.1573168080017395,6774.090909090909,4647.5,0.2222222222222222,0.2344149701830146,0,0,0,,,25000,3,0
cred_001428,8,14,23,19,31302.0,65790.0,0.4757865937072503,4221.391304347826,3073.0,0.2111111111111111,0.3686812461082703,0,0,0,,,5000,3,0
cred_000173,5,11,15,15,44016.0,56238.0,0.7826736370425691,6683.6,5033.0,0.1666666666666666,-0.1884232150593233,0,0,0,,,10000,3,1
cred_001390,5,7,19,18,21540.0,105090.0,0.2049671709962889,6664.736842105263,4609.0,0.2,0.5393609731026212,0,0,0,,,10000,6,0
cred_001516,7,14,16,15,253737.0,31017.0,8.18057839249444,17797.125,6718.5,0.1666666666666666,-0.5851465931147206,0,0,0,,,5000,3,0
cred_000324,7,18,23,22,55711.0,78641.0,0.7084218155923755,5841.391304347826,2594.0,0.2444444444444444,-0.211641500243546,1,0,0,0.0,1.0,25000,6,0
cred_002185,5,12,18,17,105780.0,275791.0,0.3835513124068588,21198.38888888889,4533.5,0.1888888888888888,-0.8083233035304906,0,0,0,,,50000,6,0
cred_000722,4,9,16,15,14547.0,121461.0,0.1197668387383604,8500.5,2790.5,0.1666666666666666,0.0554442529003401,0,0,0,,,10000,9,0
cred_002559,2,8,15,15,69870.0,85124.0,0.8208025938630703,10332.933333333332,4205.0,0.1666666666666666,-0.8735199764089825,2,0,0,0.0,1.0,10000,3,0
cred_000467,6,14,20,18,57348.0,202747.0,0.2828549867568941,13004.75,4729.5,0.2,-0.2131661835385059,0,0,0,,,15000,6,0
cred_000975,8,15,17,16,34797.0,43585.0,0.7983709991969714,4610.705882352941,3193.0,0.1777777777777777,-0.0145338837289301,0,0,0,,,25000,6,0
cred_000535,6,15,17,16,49291.0,111633.0,0.4415450628398412,9466.117647058823,4355.0,0.1777777777777777,-0.571593340829132,0,0,0,,,15000,6,0
cred_001679,8,19,26,23,55819.0,193907.0,0.28786480116757,9604.846153846154,4938.0,0.2555555555555555,0.5124834624834624,0,0,0,,,10000,3,0
cred_000989,8,16,24,21,61918.0,125690.0,0.4926247115920121,7817.0,5260.5,0.2333333333333333,0.3466605625921969,0,0,0,,,15000,12,0
cred_000505,8,15,17,16,31553.0,34888.0,0.9044083925705112,3908.294117647059,2245.0,0.1777777777777777,0.0681861917081827,0,0,0,,,15000,3,0
cred_002170,10,12,17,17,11868.0,282123.0,0.0420667581161408,17293.58823529412,3246.0,0.1888888888888888,0.9361116445810128,0,0,0,,,5000,6,0
cred_001492,5,9,16,16,24377.0,72936.0,0.334224525611495,6082.0625,3943.0,0.1777777777777777,-0.0135153444888557,0,0,0,,,5000,6,0
cred_001783,1,7,11,10,6724.0,49885.0,0.1347900170391901,5146.272727272727,3434.0,0.1111111111111111,-0.756910770537642,0,0,0,,,5000,6,0
cred_000543,9,18,21,18,29626.0,71822.0,0.4124919940965164,4830.857142857143,4052.0,0.2,0.0823425137273552,1,0,0,0.0,1.0,100000,9,0
cred_001074,5,12,14,14,7555.0,82778.0,0.0912682113605064,6452.357142857143,3652.5,0.1555555555555555,-0.4356934768841038,0,0,0,,,25000,6,0
cred_001022,6,8,13,11,39339.0,31371.0,1.253992540881706,5439.2307692307695,4427.0,0.1222222222222222,0.8002893142413887,0,0,0,,,5000,12,0
cred_000350,12,20,26,22,60203.0,133173.0,0.4520661094966697,7437.538461538462,5466.0,0.2444444444444444,0.0517904435927302,0,0,0,,,10000,12,0
cred_001691,8,12,18,17,20280.0,41456.0,0.4891933616364338,3429.777777777778,3386.5,0.1888888888888888,0.1529824934816155,0,0,0,,,15000,6,0
cred_000608,3,12,18,15,19517.0,43368.0,0.4500322818668142,3493.6111111111118,3572.0,0.1666666666666666,-0.5464791356184798,0,0,0,,,5000,6,0
cred_001653,7,10,14,12,48952.0,31422.0,1.557889376869709,5741.0,5637.0,0.1333333333333333,0.2650017079743424,0,0,0,,,25000,6,0
cred_001189,8,11,19,17,18862.0,289547.0,0.0651431373835681,16232.052631578948,3034.0,0.1888888888888888,-0.7384176977877766,0,0,0,,,5000,9,0
cred_000956,7,10,15,14,35454.0,36521.0,0.970783932531968,4798.333333333333,4457.0,0.1555555555555555,0.4248133336415544,0,0,0,,,5000,3,1
cred_002373,5,13,22,19,43521.0,85683.0,0.5079303945940268,5872.909090909091,4244.5,0.2111111111111111,-0.4092432058714035,0,0,0,,,15000,3,0
cred_001713,4,12,17,16,55923.0,69240.0,0.8076689774696707,7362.529411764706,3464.0,0.1777777777777777,-0.6656709331539694,0,0,0,,,50000,6,0
cred_001291,9,11,19,17,39886.0,65143.0,0.6122837449917873,5527.8421052631575,3955.0,0.1888888888888888,0.791130735265886,0,0,0,,,15000,12,0
cred_001378,4,6,12,10,34480.0,14675.0,2.3495741056218056,4096.25,3028.5,0.1111111111111111,0.218984962406015,0,0,0,,,50000,6,0
cred_001701,8,16,21,21,59292.0,106459.0,0.5569468058125664,7892.9047619047615,5712.0,0.2333333333333333,-0.1567650002382881,0,0,0,,,25000,3,0
cred_002111,5,9,17,16,72228.0,31112.0,2.3215479557726924,6078.823529411765,3577.0,0.1777777777777777,-0.0667505383107928,0,0,0,,,15000,9,0
cred_000965,6,14,16,14,88638.0,20154.0,4.398035129502828,6799.5,3386.5,0.1555555555555555,-0.4688901928864828,0,0,0,,,15000,9,0
cred_001852,10,16,25,20,131239.0,70047.0,1.873584878724285,8051.44,4509.0,0.2222222222222222,-0.3517531355970815,0,0,0,,,15000,3,1
cred_000824,5,14,23,21,35070.0,84300.0,0.4160142348754448,5190.0,4333.0,0.2333333333333333,-0.2181867605866849,0,0,0,,,15000,3,0
cred_000766,3,5,16,12,13706.0,57403.0,0.2387680086406634,4444.3125,3518.5,0.1333333333333333,0.6570874257305687,0,0,0,,,25000,3,0
cred_000367,4,13,22,20,111587.0,32619.0,3.4209203225114195,6554.818181818182,3773.0,0.2222222222222222,-0.5639340123702531,0,0,0,,,25000,3,0
cred_001444,7,12,17,17,21918.0,78216.0,0.2802239950905185,5890.235294117647,3285.0,0.1888888888888888,0.3340628142189625,1,0,1,1.0,1.0,5000,6,0
cred_000961,8,10,15,13,39941.0,23567.0,1.6947850808333689,4233.866666666667,3712.0,0.1444444444444444,0.764345830145371,0,0,0,,,10000,12,0
cred_000363,6,9,15,15,34038.0,56229.0,0.6053459958384464,6017.8,3577.0,0.1666666666666666,0.4847991235530697,0,0,0,,,25000,6,1
cred_001753,5,10,15,13,27603.0,36092.0,0.7647955225534745,4246.333333333333,3072.0,0.1444444444444444,-0.2444082781675427,0,0,0,,,10000,3,1
cred_000400,8,12,18,17,63163.0,54179.0,1.1658207054393768,6519.0,6858.5,0.1888888888888888,0.4967366441924242,0,0,0,,,50000,6,0
cred_001029,5,8,17,13,302266.0,89311.0,3.384420732048684,23033.941176470587,4576.0,0.1444444444444444,0.2272750163670242,0,0,0,,,5000,3,0
cred_000281,10,17,24,21,47633.0,56201.0,0.8475471966690984,4326.416666666667,3275.5,0.2333333333333333,0.1951222713728784,0,0,0,,,5000,3,0
cred_002512,8,15,20,19,59484.0,94012.0,0.632727736884653,7674.8,2941.0,0.2111111111111111,-0.0761449077238551,0,0,0,,,10000,6,0
cred_002495,7,12,21,19,499303.0,100141.0,4.985999740366084,28544.95238095238,6073.0,0.2111111111111111,0.7796465542406754,0,0,0,,,15000,6,0
cred_001927,9,14,23,22,99698.0,44572.0,2.236785425827874,6272.608695652174,2994.0,0.2444444444444444,-0.0890181462239289,0,0,0,,,15000,12,0
cred_002348,12,23,26,22,28253.0,125792.0,0.2246009285169168,5924.807692307692,3615.0,0.2444444444444444,0.3031195462478185,0,0,0,,,25000,6,0
cred_000743,4,14,19,19,32363.0,373446.0,0.0866604542557692,21358.36842105263,4192.0,0.2111111111111111,-0.8774171308506331,1,0,0,0.0,1.0,5000,3,0
cred_000165,6,12,15,14,23879.0,59749.0,0.3996552243552193,5575.2,4788.0,0.1555555555555555,-0.0473216618761431,0,0,0,,,5000,6,0
cred_002145,3,6,13,12,25489.0,53715.0,0.4745229451736014,6092.615384615385,4885.0,0.1333333333333333,-0.029402862455139,0,0,0,,,10000,6,0
cred_001211,8,14,18,16,62743.0,381899.0,0.1642921295944739,24702.33333333333,2420.5,0.1777777777777777,0.8553866382185575,0,0,0,,,10000,6,0
cred_001505,3,9,18,18,68001.0,114931.0,0.5916680443048438,10162.888888888889,4706.5,0.2,0.2870657099697885,0,0,0,,,15000,12,0
cred_000585,7,9,12,11,27598.0,33775.0,0.8171132494448556,5114.416666666667,3982.0,0.1222222222222222,0.6109041652556721,0,0,0,,,5000,12,1
cred_000877,7,15,20,18,63922.0,80379.0,0.7952574677465507,7215.05,6132.0,0.2,0.1045448025510035,0,0,0,,,25000,6,0
cred_000635,8,13,21,20,66796.0,121380.0,0.5503048278134783,8960.761904761905,5929.0,0.2222222222222222,0.5196487181761732,1,1,1,84.0,0.0,10000,12,0
cred_000978,4,10,16,15,134570.0,199657.0,0.6740059201530625,20889.1875,5538.5,0.1666666666666666,0.2876128556403917,0,0,0,,,100000,6,0
cred_002051,9,13,18,18,48113.0,87948.0,0.5470619002137627,7558.944444444444,5169.5,0.2,0.1519399187827193,0,0,0,,,5000,12,0
cred_002237,8,20,28,22,57096.0,53097.0,1.075314989547432,3935.464285714286,2812.5,0.2444444444444444,-0.1420114485402459,0,0,0,,,25000,9,0
cred_001799,7,12,21,20,70014.0,122555.0,0.5712863612255722,9169.952380952382,5740.0,0.2222222222222222,-0.3017905055854655,0,0,0,,,10000,3,0
cred_000738,6,18,25,24,449822.0,101250.0,4.442686419753087,22042.88,5368.0,0.2666666666666666,0.607896464774012,0,0,0,,,25000,3,0
cred_001018,4,11,16,15,34798.0,107998.0,0.3222096705494546,8924.75,4924.0,0.1666666666666666,-0.5510396174734801,1,0,0,0.0,1.0,25000,6,1
cred_002627,3,10,12,12,294870.0,79585.0,3.705095181252749,31204.58333333333,5029.0,0.1333333333333333,-0.7251088265258868,1,0,0,0.0,1.0,25000,6,0
cred_002572,1,10,15,14,20280.0,64714.0,0.3133788670148654,5666.266666666666,4877.0,0.1555555555555555,-0.7960898892616239,1,0,1,5.0,1.0,15000,6,0
cred_002200,4,11,17,17,39234.0,78043.0,0.502722857911664,6898.64705882353,4011.0,0.1888888888888888,-0.4389575491314686,1,0,0,0.0,1.0,10000,3,0
cred_002641,8,11,15,14,40447.0,117326.0,0.3447402962685167,10518.2,4054.0,0.1555555555555555,0.5415117330293621,0,0,0,,,10000,9,0
cred_001560,4,5,14,11,21986.0,111387.0,0.1973838957867614,9526.642857142857,3138.5,0.1222222222222222,0.6918272233700091,0,0,0,,,15000,3,0
cred_000770,12,17,25,23,98612.0,65929.0,1.4957302552746137,6581.64,3542.0,0.2555555555555555,0.5759036697774258,0,0,0,,,10000,9,0
cred_001335,5,11,16,16,42597.0,39946.0,1.066364592199469,5158.9375,4574.0,0.1777777777777777,-0.2851399686659375,1,0,0,0.0,1.0,100000,6,0
cred_001725,4,7,14,13,22870.0,211453.0,0.1081564224674041,16737.35714285714,5463.5,0.1444444444444444,0.0810053770163811,0,0,0,,,15000,3,0
cred_002160,5,11,19,17,69148.0,80336.0,0.8607349133638718,7867.578947368421,2822.0,0.1888888888888888,-0.319520198179013,0,0,0,,,5000,6,1
cred_001170,8,18,23,19,96332.0,91801.0,1.0493567608195988,8179.695652173913,4914.0,0.2111111111111111,-0.4928044901777362,1,0,0,0.0,1.0,5000,3,1
cred_001739,9,15,19,18,15742.0,80890.0,0.1946099641488441,5085.894736842105,4939.0,0.2,0.3191598937796733,0,0,0,,,10000,3,0
cred_000783,5,10,19,17,87561.0,31877.0,2.746839413997553,6286.210526315789,5473.0,0.1888888888888888,0.0910337383491109,0,0,0,,,10000,12,0
cred_001500,12,19,23,21,235716.0,78564.0,3.000305483427524,13664.347826086956,4545.0,0.2333333333333333,-0.5070522406869088,0,0,0,,,5000,3,1
cred_000618,3,7,14,13,11790.0,38607.0,0.3053850338021602,3599.785714285714,2887.0,0.1444444444444444,-0.4056363971265426,0,0,0,,,50000,3,0
cred_000723,9,11,18,12,31618.0,32360.0,0.977070457354759,3554.333333333333,3108.0,0.1333333333333333,0.5792760610526841,0,0,0,,,5000,9,0
cred_001110,6,12,16,16,41477.0,186248.0,0.2226976933980499,14232.8125,3993.5,0.1777777777777777,-0.3743008696279724,0,0,0,,,100000,12,0
cred_001593,8,16,20,17,43092.0,116490.0,0.3699201648210147,7979.1,5510.5,0.1888888888888888,0.4142059451469864,0,0,0,,,10000,3,0
cred_002091,9,14,19,17,32684.0,67160.0,0.4866587254318046,5254.9473684210525,3286.0,0.1888888888888888,0.3443818483472807,0,0,0,,,50000,3,0
cred_001769,5,8,12,11,14020.0,64397.0,0.2177120052176343,6534.75,2513.0,0.1222222222222222,0.8347026663816011,0,0,0,,,10000,6,0
cred_001186,6,12,20,17,58253.0,31334.0,1.859098742579945,4479.35,2209.5,0.1888888888888888,-0.1503126954346466,0,0,0,,,25000,6,0
cred_000170,6,11,18,16,93355.0,61227.0,1.5247358191647475,8587.888888888889,7700.0,0.1777777777777777,-0.073550646717257,0,0,0,,,25000,12,0
cred_000977,8,13,19,17,137975.0,44466.0,3.102932577699816,9602.157894736842,3305.0,0.1888888888888888,-0.3174919322307382,1,0,0,0.0,1.0,50000,12,0
cred_000204,3,9,15,13,23289.0,53785.0,0.433001766291717,5138.266666666666,4250.0,0.1444444444444444,-0.0239281788200806,0,0,0,,,15000,6,0
cred_001353,6,7,13,10,19212.0,38068.0,0.5046758432279079,4406.153846153846,3808.0,0.1111111111111111,0.5297092288242731,0,0,0,,,50000,3,0
cred_000121,9,15,21,19,62878.0,54372.0,1.1564408151254322,5583.333333333333,2989.0,0.2111111111111111,0.1648540613922618,0,0,0,,,10000,6,0
cred_002488,10,20,28,23,34231.0,93259.0,0.3670530458186341,4553.214285714285,3139.5,0.2555555555555555,-0.1009532587867174,0,0,0,,,5000,3,0
cred_002293,9,11,23,16,16357.0,122467.0,0.1335625107171728,6035.826086956522,3208.0,0.1777777777777777,0.7822203528218324,0,0,0,,,50000,9,0
cred_001656,6,13,22,21,38991.0,77843.0,0.5008928227329368,5310.636363636364,3082.0,0.2333333333333333,-0.0812302731359394,0,0,0,,,10000,6,0
cred_000063,7,14,18,15,37179.0,32764.0,1.1347515565864974,3885.722222222222,3157.0,0.1666666666666666,-0.0210858897080242,0,0,0,,,50000,3,0
cred_001266,3,11,18,17,24436.0,90635.0,0.269608870745297,6392.833333333333,5204.0,0.1888888888888888,-0.1997647870939701,0,0,0,,,10000,3,0
cred_000759,3,12,18,16,95075.0,99432.0,0.9561811086974012,10805.944444444443,7009.0,0.1777777777777777,-0.4834268361727314,0,0,0,,,25000,9,0
cred_001045,11,15,22,22,59322.0,107027.0,0.5542713520887252,7561.318181818182,6321.5,0.2444444444444444,0.7177767448037718,0,0,0,,,15000,3,0
cred_000825,10,22,29,29,108969.0,77338.0,1.4089968708784817,6424.379310344828,3558.0,0.3222222222222222,-0.4030744390998688,0,0,0,,,10000,9,0
cred_001419,8,15,25,20,74910.0,414699.0,0.1806370403593932,19584.36,4050.0,0.2222222222222222,-0.6796928369114125,0,0,0,,,10000,6,0
cred_001891,5,10,16,14,71985.0,25981.0,2.7706785728032024,6122.875,5077.0,0.1555555555555555,0.6480770135306753,0,0,0,,,15000,6,0
cred_000874,2,6,11,11,36205.0,40426.0,0.8955869984663335,6966.454545454545,5035.0,0.1222222222222222,-0.2683593405624614,0,0,0,,,50000,6,1
cred_002326,9,14,19,17,48187.0,15954.0,3.0203710668170998,3375.842105263158,2584.0,0.1888888888888888,0.3850808194312387,0,0,0,,,50000,9,0
cred_002055,4,13,17,14,15003.0,98569.0,0.1522080978806724,6680.705882352941,3727.0,0.1555555555555555,-0.737956765060902,0,0,0,,,15000,9,0
cred_000049,7,13,27,25,94847.0,70955.0,1.33672045662744,6140.814814814815,4248.0,0.2777777777777778,-0.1782542592040013,0,0,0,,,5000,6,0
cred_000697,8,14,23,20,80683.0,51864.0,1.555664815671757,5762.913043478261,4715.0,0.2222222222222222,0.0884912709172004,0,0,0,,,50000,3,0
cred_001132,4,9,14,14,49263.0,93814.0,0.525113522501972,10219.785714285714,6936.5,0.1555555555555555,0.2694750055379162,0,0,0,,,25000,9,0
cred_000698,9,15,24,21,85262.0,51864.0,1.6439534166281042,5713.583333333333,4711.0,0.2333333333333333,0.1297302638079241,1,0,0,0.0,1.0,15000,9,0
cred_002139,5,17,28,22,100808.0,295171.0,0.3415240657110624,14142.107142857143,5696.5,0.2444444444444444,0.3951142774346757,0,0,0,,,10000,6,0
cred_002518,3,7,10,10,4762.0,42526.0,0.1119785542961952,4728.8,3546.5,0.1111111111111111,-0.1297611362169141,0,0,0,,,10000,6,0
cred_001658,6,10,16,13,37103.0,59498.0,0.6236007933039766,6037.5625,4602.5,0.1444444444444444,0.2415955813083147,0,0,0,,,5000,3,0
cred_000032,7,15,16,15,129224.0,86193.0,1.499240077500493,13463.5625,2921.0,0.1666666666666666,-0.594326910782607,0,0,0,,,100000,12,0
cred_001544,9,19,24,21,21373.0,64250.0,0.3326536964980545,3567.625,2675.5,0.2333333333333333,-0.2073586441987882,0,0,0,,,5000,6,0
cred_002632,10,16,21,18,65336.0,91042.0,0.7176468003778476,7446.571428571428,6795.0,0.2,0.3558627830138404,0,0,0,,,15000,12,0
cred_000617,2,6,10,9,33640.0,18107.0,1.8578450323079472,5174.7,3513.0,0.1,-0.5254083189921096,0,0,0,,,25000,12,0
cred_000988,6,10,25,23,47579.0,110997.0,0.4286512248078777,6343.04,3788.0,0.2555555555555555,0.3710787748876705,0,0,0,,,5000,6,0
cred_000951,7,15,19,17,44359.0,244582.0,0.1813665764447097,15207.421052631578,5509.0,0.1888888888888888,-0.7353445142530765,0,0,0,,,5000,9,0
cred_001167,6,19,22,19,55863.0,46663.0,1.1971583481559265,4660.272727272727,2362.0,0.2111111111111111,0.0328393230694307,0,0,0,,,10000,3,0
cred_001254,7,13,13,12,30377.0,24871.0,1.2213823328374411,4249.846153846154,3259.0,0.1333333333333333,0.1620692151752099,0,0,0,,,5000,6,0
cred_001248,4,7,14,13,66332.0,143931.0,0.460859717503526,15018.785714285714,5697.5,0.1444444444444444,0.8443102778660453,0,0,0,,,10000,6,1
cred_001909,7,12,15,14,33124.0,33590.0,0.9861268234593628,4447.6,3845.0,0.1555555555555555,-0.2113495013432451,0,0,0,,,50000,3,1
cred_000349,9,15,25,22,78753.0,130971.0,0.6013010513777859,8388.96,6089.0,0.2444444444444444,0.3996732300499196,1,0,0,0.0,1.0,25000,3,1
cred_001929,3,6,14,13,31177.0,112041.0,0.2782642068528485,10229.857142857143,4622.5,0.1444444444444444,-0.4666970067601521,1,0,1,1.0,1.0,15000,3,0
cred_000229,10,15,20,19,22753.0,86591.0,0.2627640285941957,5467.2,4739.0,0.2111111111111111,0.5082670410232413,0,0,0,,,5000,6,0
cred_002618,3,8,13,13,52281.0,81428.0,0.6420518740482389,10285.307692307691,6609.0,0.1444444444444444,0.4508604350029088,0,0,0,,,100000,9,0
cred_001203,6,13,17,16,28368.0,60787.0,0.4666787306496455,5244.411764705882,3512.0,0.1777777777777777,-0.3879591547298255,0,0,0,,,15000,3,0
cred_001815,9,15,20,18,95015.0,85362.0,1.1130831048944496,9018.85,8192.5,0.2,0.5276020408163266,1,0,0,0.0,1.0,5000,3,0
cred_000347,6,11,15,14,37348.0,39263.0,0.9512263454142575,5107.4,2766.0,0.1555555555555555,-0.1049268018018018,0,0,0,,,5000,3,0
cred_000360,9,12,18,17,69008.0,40868.0,1.6885582852109229,6104.222222222223,3108.0,0.1888888888888888,0.3484033116499113,0,0,0,,,5000,6,0
cred_001267,11,17,20,17,14434.0,127774.0,0.112965078967552,7110.4,6012.0,0.1888888888888888,0.3489571990954016,0,0,0,,,10000,3,0
cred_000359,9,12,18,17,69008.0,40868.0,1.6885582852109229,6104.222222222223,3108.0,0.1888888888888888,0.3484033116499113,1,0,1,10.0,1.0,10000,6,0
cred_001527,5,10,12,11,57452.0,43282.0,1.3273878286585648,8394.5,3760.0,0.1222222222222222,-0.0517080821447826,0,0,0,,,15000,9,0
cred_000524,5,10,12,10,34747.0,79446.0,0.4373662613599174,9516.083333333334,3260.5,0.1111111111111111,-0.6410081961113651,0,0,0,,,5000,12,0
cred_001230,2,11,20,18,9696.0,95028.0,0.1020330849854779,5236.2,3122.0,0.2,-0.9086204383108994,0,0,0,,,15000,6,0
cred_001629,4,11,17,16,543898.0,38535.0,14.114389516024394,34260.76470588235,4037.0,0.1777777777777777,-0.7415903974296607,0,0,0,,,10000,6,1
cred_001150,6,14,18,16,36092.0,76368.0,0.47260632725749,6247.777777777777,3763.0,0.1777777777777777,0.2606714451094855,0,0,0,,,15000,3,0
cred_001543,5,16,24,21,21373.0,64250.0,0.3326536964980545,3567.625,2675.5,0.2333333333333333,-0.3897165399040688,1,0,0,0.0,1.0,50000,9,0
cred_000210,10,22,29,26,120670.0,52862.0,2.282736180999584,5983.862068965517,4044.0,0.2888888888888888,0.316099636353183,0,0,0,,,100000,3,0
cred_000952,8,15,23,20,92236.0,141837.0,0.6502957620367041,10177.08695652174,3152.0,0.2222222222222222,-0.2461427963396467,0,0,0,,,25000,6,0
cred_001695,1,8,17,13,40081.0,28767.0,1.3932978760385164,4049.8823529411766,3376.0,0.1444444444444444,-0.8874174684021883,0,0,0,,,25000,9,1
cred_000056,4,11,19,18,91148.0,169374.0,0.5381463506795612,13711.684210526317,6428.0,0.2,0.5314950904711913,0,0,0,,,5000,6,0
cred_001712,5,10,15,14,24792.0,64796.0,0.3826162108772146,5972.533333333334,3472.0,0.1555555555555555,0.294639156680782,1,0,0,0.0,1.0,10000,9,0
cred_002392,4,11,18,16,36195.0,80067.0,0.4520589006706883,6459.0,4761.0,0.1777777777777777,0.1259529488798466,0,0,0,,,15000,12,0
cred_001647,5,10,18,17,42897.0,241757.0,0.1774385022977618,15814.111111111111,3896.5,0.1888888888888888,-0.0929582032675234,1,0,0,0.0,1.0,10000,6,1
cred_000196,9,15,21,19,71843.0,64025.0,1.12210855134713,6469.9047619047615,5312.0,0.2111111111111111,0.0634392171545957,0,0,0,,,100000,6,0
cred_002018,5,8,15,12,36452.0,36231.0,1.0060997488338717,4845.533333333334,3693.0,0.1333333333333333,0.4202789900666684,0,0,0,,,25000,9,0
cred_000111,9,11,18,15,69689.0,73491.0,0.9482657740403588,7954.444444444444,5385.5,0.1666666666666666,0.7109624600638977,0,0,0,,,15000,6,1
cred_000422,8,10,16,13,53075.0,24576.0,2.159627278645833,4853.1875,4052.5,0.1444444444444444,0.5831086850961941,0,0,0,,,100000,12,0
cred_000657,5,13,16,14,38626.0,79877.0,0.4835684865480676,7406.4375,6677.0,0.1555555555555555,-0.2622874974160079,0,0,0,,,10000,3,0
cred_000280,5,12,24,22,63916.0,856548.0,0.0746204532612299,38352.66666666666,3995.5,0.2444444444444444,-0.960506872922592,0,0,0,,,5000,6,0
cred_002174,4,14,25,21,48917.0,86115.0,0.5680427335539685,5401.28,4286.0,0.2333333333333333,-0.478109909406553,0,0,0,,,15000,6,1
cred_001260,4,14,20,18,59337.0,68081.0,0.8715647537492105,6370.9,4661.5,0.2,-0.5121307645050507,0,0,0,,,100000,12,0
cred_000112,9,11,18,15,69689.0,73491.0,0.9482657740403588,7954.444444444444,5385.5,0.1666666666666666,0.7109624600638977,1,1,1,51.0,0.0,10000,6,0
cred_000230,9,13,20,17,67181.0,52393.0,1.2822514458038288,5978.7,4353.0,0.1888888888888888,0.4777995585957312,0,0,0,,,10000,3,0
cred_001430,3,6,12,11,48502.0,39533.0,1.226873751043432,7336.25,3868.0,0.1222222222222222,-0.784377436963868,0,0,0,,,15000,9,0
cred_000077,6,10,16,15,30837.0,53810.0,0.5730719197175246,5290.4375,4442.5,0.1666666666666666,0.1501730760111906,0,0,0,,,25000,3,0
cred_000272,8,10,21,19,61092.0,76598.0,0.797566516097026,6556.666666666667,4446.0,0.2111111111111111,0.6729498952795231,0,0,0,,,25000,9,0
cred_002193,8,12,19,18,52868.0,53095.0,0.9957246445051324,5577.0,4609.0,0.2,0.466045101967432,0,0,0,,,10000,6,0
cred_002438,8,15,21,19,17904.0,165538.0,0.108156435380396,8735.333333333334,3718.0,0.2111111111111111,-0.292758614043316,1,0,1,1.0,1.0,10000,6,0
cred_002378,5,9,14,13,102935.0,35062.0,2.935799440990246,9856.92857142857,5814.0,0.1444444444444444,-0.0337923674983484,0,0,0,,,25000,6,0
cred_001001,4,11,19,17,74036.0,44249.0,1.6731677552035074,6225.526315789473,5170.0,0.1888888888888888,-0.6467060473855578,0,0,0,,,5000,3,0
cred_002457,2,6,12,11,65837.0,39355.0,1.6729005208995045,8766.0,7231.0,0.1222222222222222,-0.7465266354548905,0,0,0,,,100000,6,1
cred_000268,10,15,26,25,197063.0,92692.0,2.1259979286238293,11144.423076923076,4915.0,0.2777777777777778,0.2796703296703297,0,0,0,,,100000,3,0
cred_000661,7,10,13,13,99876.0,16909.0,5.906676917617837,8983.461538461539,3113.0,0.1444444444444444,0.383634490118868,0,0,0,,,15000,3,0
cred_000834,5,12,19,18,27315.0,96443.0,0.2832242879213629,6513.578947368421,4396.0,0.2,-0.248583544168478,0,0,0,,,10000,3,1
cred_001272,7,14,21,19,29076.0,70757.0,0.4109275407380188,4753.952380952381,4173.0,0.2111111111111111,0.1089481038885944,0,0,0,,,50000,6,0
cred_001911,2,9,14,13,31915.0,31892.0,1.0007211839959864,4557.642857142857,4084.0,0.1444444444444444,-0.5764046375334437,1,1,1,108.0,0.0,5000,9,0
cred_000357,5,14,20,18,69794.0,324566.0,0.2150379275709717,19718.0,6368.0,0.2,-0.4656621483017392,0,0,0,,,100000,6,0
cred_000950,7,14,21,19,61027.0,82117.0,0.7431713287139082,6816.380952380952,4563.0,0.2111111111111111,0.3712282156242983,0,0,0,,,25000,6,0
cred_001299,6,12,19,18,107196.0,108949.0,0.9839099027985572,11376.052631578948,4294.0,0.2,-0.0739655664415485,0,0,0,,,50000,6,0
cred_000314,9,15,21,18,56538.0,118635.0,0.4765709950689088,8341.57142857143,4369.0,0.2,-0.0923768373133752,0,0,0,,,5000,12,0
cred_000526,8,11,16,16,18760.0,53756.0,0.3489842994270407,4532.25,4022.5,0.1777777777777777,0.4868293455243523,0,0,0,,,5000,6,0
cred_000795,10,12,18,16,25498.0,58630.0,0.4348968105065666,4673.777777777777,3335.0,0.1777777777777777,0.5774957765292893,0,0,0,,,5000,3,0
cred_002394,4,10,15,14,17868.0,75804.0,0.2357131549786291,6244.8,4598.0,0.1555555555555555,0.0816591271953166,1,0,1,5.0,1.0,100000,12,0
cred_001326,6,11,28,21,43058.0,200368.0,0.2148945939471372,8693.785714285714,3747.0,0.2333333333333333,0.2441428929213815,0,0,0,,,10000,3,0
cred_001220,11,17,19,16,248651.0,57467.0,4.32684845215515,16111.473684210529,3934.0,0.1777777777777777,0.7661942950425864,0,0,0,,,10000,12,0
cred_001693,0,6,11,11,21679.0,14997.0,1.4455557778222312,3334.181818181818,2322.0,0.1222222222222222,-1.0,1,0,0,0.0,1.0,5000,3,1
cred_000362,6,12,19,17,45969.0,105147.0,0.4371879368883563,7953.473684210527,5751.0,0.1888888888888888,0.3129966357763513,1,1,1,85.0,0.0,10000,6,1
cred_000624,1,7,12,11,56429.0,50204.0,1.1239941040554535,8886.083333333334,5546.5,0.1222222222222222,-0.5911289080548283,1,0,0,0.0,1.0,5000,9,0
cred_001289,5,12,17,16,23723.0,187072.0,0.1268121365035922,12399.70588235294,3811.0,0.1777777777777777,-0.7493353316156318,0,0,0,,,5000,6,0
cred_000685,7,11,21,16,91539.0,91006.0,1.0058567566973606,8692.619047619048,4734.0,0.1777777777777777,0.6810230258074487,0,0,0,,,10000,6,0
cred_000380,5,11,16,16,27206.0,57967.0,0.4693360015181051,5323.3125,3339.5,0.1777777777777777,0.1739266407541437,0,0,0,,,15000,6,1
cred_000699,15,23,28,22,97774.0,76789.0,1.2732813293570693,6234.392857142857,5079.0,0.2444444444444444,0.2445421504047754,2,0,0,0.0,1.0,10000,3,0
cred_000929,6,11,19,17,49312.0,173593.0,0.2840667538437609,11731.842105263158,5628.0,0.1888888888888888,0.588844676180022,0,0,0,,,100000,3,0
cred_001108,5,14,22,19,311716.0,101600.0,3.068070866141732,18787.090909090908,5561.5,0.2111111111111111,-0.7024759677485145,0,0,0,,,10000,9,1
cred_002473,5,7,15,15,194790.0,41438.0,4.700757758579082,15748.533333333333,4250.0,0.1666666666666666,0.1538170028211714,0,0,0,,,10000,6,1
cred_000441,5,10,17,16,5666.0,235113.0,0.0240990502439252,14163.470588235294,2748.0,0.1777777777777777,-0.6527474120332902,0,0,0,,,5000,9,0
cred_000493,7,12,17,17,53133.0,38315.0,1.3867414850580713,5379.294117647059,3467.0,0.1888888888888888,-0.4058623619371282,1,1,1,61.0,0.0,10000,6,0
cred_000875,2,8,13,12,62240.0,59713.0,1.0423190929948252,9381.0,3412.0,0.1333333333333333,-0.8407701525275707,0,0,0,,,25000,12,0
cred_001624,9,17,27,24,93983.0,96152.0,0.9774419668857642,7042.037037037037,4729.0,0.2666666666666666,0.3686936316017487,0,0,0,,,15000,6,0
cred_001046,5,13,22,21,237539.0,169084.0,1.4048579404319743,18482.86363636364,5351.5,0.2333333333333333,0.0558790136299826,0,0,0,,,50000,6,0
cred_002002,7,9,23,18,54113.0,56549.0,0.9569223151603036,4811.391304347826,3781.0,0.2,0.1871422529254194,0,0,0,,,15000,6,0
cred_002205,8,12,15,15,33761.0,86907.0,0.3884727352227093,8044.533333333334,8978.0,0.1666666666666666,0.2566413572415882,0,0,0,,,100000,12,0
cred_000262,12,21,23,21,45459.0,175722.0,0.2586983986068904,9616.565217391304,4714.0,0.2333333333333333,-0.3012348423792717,0,0,0,,,15000,6,1
cred_000949,6,14,19,17,54809.0,80182.0,0.6835574068993041,7104.789473684211,4798.0,0.1888888888888888,0.0009475493689992,1,0,0,0.0,1.0,5000,9,0
cred_000755,6,9,16,14,24717.0,69955.0,0.353327138874991,5917.0,2741.0,0.1555555555555555,-0.0078591463245299,0,0,0,,,25000,3,0
cred_000045,2,12,24,19,64697.0,65997.0,0.980302134945528,5445.583333333333,5190.0,0.2111111111111111,-0.8103202447894138,0,0,0,,,10000,12,0
cred_000322,7,10,15,14,68890.0,163435.0,0.4215131397803408,15488.333333333334,4563.0,0.1555555555555555,0.4495769369940964,2,0,0,0.0,1.0,15000,6,0
cred_001746,5,10,12,11,22143.0,14119.0,1.5683122034138397,3021.833333333333,2571.5,0.1222222222222222,0.0893445169307238,1,0,0,0.0,1.0,5000,12,0
cred_002658,7,13,18,16,104770.0,49434.0,2.1193915119148765,8566.888888888889,5922.0,0.1777777777777777,-0.1655444219833917,0,0,0,,,15000,9,0
cred_000955,2,16,23,19,39810.0,264726.0,0.1503819043086058,13240.695652173914,3895.0,0.2111111111111111,-0.8682574715584983,1,1,1,64.0,0.0,10000,6,1
cred_001789,3,10,17,14,56150.0,96198.0,0.5836919686479969,8961.64705882353,6645.0,0.1555555555555555,-0.3864765720529698,0,0,0,,,5000,3,0
cred_001845,7,11,17,16,41947.0,42194.0,0.9941460871213916,4949.470588235294,3817.0,0.1777777777777777,0.0713851257948576,0,0,0,,,50000,6,0
cred_001468,3,13,20,18,73537.0,29316.0,2.5084254332105336,5142.65,2660.5,0.2,-0.726318430847727,0,0,0,,,5000,3,0
cred_000816,8,15,23,19,44927.0,82042.0,0.5476097608541967,5520.391304347826,3869.0,0.2111111111111111,0.245086279586238,1,1,1,80.0,0.0,5000,3,0
cred_002216,10,14,19,17,20222.0,393251.0,0.0514226282959229,21761.736842105263,4317.0,0.1888888888888888,0.7756397633919078,0,0,0,,,5000,12,0
cred_000751,6,18,25,21,55447.0,562459.0,0.0985796298041279,24716.24,3635.0,0.2333333333333333,-0.1902329109405675,0,0,0,,,5000,9,0
cred_002015,5,13,20,20,28661.0,80455.0,0.356236405444037,5455.8,3045.0,0.2222222222222222,-0.5382861013887321,1,0,1,5.0,1.0,100000,9,0
cred_001160,6,9,19,18,45271.0,32380.0,1.3981161210623845,4086.8947368421054,2997.0,0.2,0.1493682923515826,0,0,0,,,10000,6,1
cred_000007,5,9,14,13,299289.0,8185.0,36.56554673182652,21962.42857142857,2688.5,0.1444444444444444,-0.7069172525314216,0,0,0,,,25000,6,1
cred_001596,9,12,16,16,26612.0,81683.0,0.3257960652767405,6768.4375,4300.0,0.1777777777777777,-0.0938652598160511,0,0,0,,,10000,6,0
cred_001553,7,18,23,20,63613.0,54874.0,1.159255749535299,5151.608695652174,4368.0,0.2222222222222222,-0.0526819515930069,1,1,1,37.0,0.0,15000,12,0
cred_002000,8,16,27,25,69194.0,158131.0,0.437573910238979,8419.444444444445,3634.0,0.2777777777777778,0.0836080311657177,0,0,0,,,5000,9,0
cred_001901,5,7,14,14,38157.0,30424.0,1.2541743360504864,4898.642857142857,2854.0,0.1555555555555555,0.1650186954715413,1,0,0,0.0,1.0,25000,3,0
cred_000802,8,12,17,16,34813.0,119185.0,0.2920921256869572,9058.70588235294,3696.0,0.1777777777777777,0.2998016598948604,0,0,0,,,5000,6,0
cred_001539,4,8,13,12,24148.0,57444.0,0.4203746257224427,6276.307692307692,4660.0,0.1333333333333333,0.2538945291627276,0,0,0,,,5000,6,0
cred_000060,9,12,17,15,18225.0,39229.0,0.464579775166331,3379.6470588235293,3198.0,0.1666666666666666,0.6016460905349794,0,0,0,,,5000,9,0
cred_002049,4,12,16,13,33188.0,19049.0,1.7422436873326683,3264.8125,3161.0,0.1444444444444444,-0.2511038961038961,0,0,0,,,50000,9,0
cred_000525,10,17,24,22,46900.0,224855.0,0.2085788619332458,11323.125,4024.0,0.2444444444444444,0.7536478084075079,0,0,0,,,5000,9,0
cred_000982,7,16,21,19,38529.0,84029.0,0.4585202727629747,5836.095238095239,3383.0,0.2111111111111111,-0.1213457961753064,0,0,0,,,10000,6,0
cred_002027,8,9,12,10,36993.0,16479.0,2.244857090842891,4456.0,3158.5,0.1111111111111111,0.4742040196146143,1,0,0,0.0,1.0,5000,3,0
cred_000957,3,14,22,18,36497.0,75028.0,0.4864450605107426,5069.318181818182,2999.0,0.2,-0.6368180448106099,0,0,0,,,15000,6,0
cred_000880,5,13,19,17,49009.0,54211.0,0.9040416151703528,5432.631578947368,4095.0,0.1888888888888888,-0.1365138446488434,0,0,0,,,5000,6,0
cred_002602,6,15,19,18,44399.0,55033.0,0.8067704831646466,5233.263157894737,4295.0,0.2,-0.2851525636992765,0,0,0,,,50000,3,0
cred_002061,7,15,20,19,59256.0,92245.0,0.6423762805572117,7575.05,4901.5,0.2111111111111111,0.3127843460592764,0,0,0,,,100000,6,0
cred_000969,6,13,21,21,102418.0,47711.0,2.14663285196286,7149.0,3387.0,0.2333333333333333,0.5175599372066837,0,0,0,,,10000,6,0
cred_002140,5,13,25,21,44525.0,108495.0,0.4103875754643071,6120.8,3471.0,0.2333333333333333,-0.2040885094911827,0,0,0,,,100000,6,0
cred_001435,2,8,13,12,147552.0,23793.0,6.201487832555793,13180.384615384615,3399.0,0.1333333333333333,-0.4347114203847728,0,0,0,,,5000,3,1
cred_000805,7,15,22,20,140790.0,44358.0,3.1739483295008792,8415.818181818182,3312.0,0.2222222222222222,0.6564827923839264,0,0,0,,,5000,6,1
cred_000632,3,9,17,17,29172.0,45798.0,0.6369710467706013,4410.0,3748.0,0.1888888888888888,-0.2462516395923721,0,0,0,,,15000,6,0
cred_002554,11,20,24,22,313933.0,160670.0,1.9538992966950888,19775.125,4396.0,0.2444444444444444,0.3275748025368662,0,0,0,,,5000,6,0
cred_001044,8,15,23,21,310327.0,103830.0,2.988798998362708,18006.82608695652,5099.0,0.2333333333333333,0.3738623477935632,1,0,0,0.0,1.0,5000,3,1
cred_000858,9,12,18,18,103290.0,66332.0,1.5571669782307185,9423.444444444443,3391.5,0.2,0.554315178639802,0,0,0,,,5000,9,1
cred_000733,4,13,19,17,320528.0,48422.0,6.619470488620875,19418.42105263158,4254.0,0.1888888888888888,-0.8265300934579439,0,0,0,,,10000,3,1
cred_000833,5,9,17,15,25675.0,64956.0,0.3952675657368064,5331.235294117647,4259.0,0.1666666666666666,0.1257370517928286,1,1,1,67.0,0.0,15000,6,1
cred_002507,6,10,14,13,36052.0,31974.0,1.1275411271658222,4859.0,4409.5,0.1444444444444444,-0.0275799679896082,0,0,0,,,5000,6,0
cred_000180,5,9,13,12,37708.0,55912.0,0.6744169409071398,7201.538461538462,4884.0,0.1333333333333333,0.0770714794983992,0,0,0,,,10000,9,0
cred_001805,7,13,16,14,31100.0,83929.0,0.3705512993125141,7189.3125,6202.5,0.1555555555555555,0.0385046412788361,0,0,0,,,15000,3,1
cred_002375,7,11,17,16,83603.0,35917.0,2.327672132973244,7030.588235294118,5991.0,0.1777777777777777,0.2155470914127424,0,0,0,,,15000,6,1
cred_000538,6,9,14,13,39299.0,41554.0,0.9457332627424556,5775.214285714285,5537.5,0.1444444444444444,0.4011927395635288,0,0,0,,,100000,9,0
cred_001572,3,8,15,14,24131.0,35429.0,0.681108696265771,3970.6666666666665,4296.0,0.1555555555555555,-0.325851983723296,0,0,0,,,10000,3,0
cred_001243,7,13,15,14,78125.0,61783.0,1.2645064176229708,9327.2,7236.0,0.1555555555555555,0.0667513029533609,0,0,0,,,5000,6,0
cred_000732,4,12,20,18,320528.0,51555.0,6.217204926777228,18604.15,4129.5,0.2,-0.3227936332858434,1,1,1,35.0,0.0,5000,6,1
cred_002683,4,11,19,18,332444.0,26387.0,12.598779702126048,18885.84210526316,5001.0,0.2,0.6880731633578555,0,0,0,,,10000,3,1
cred_001281,6,11,20,19,63247.0,273782.0,0.2310122652329225,16851.45,3287.0,0.2111111111111111,-0.7743742800293224,0,0,0,,,10000,9,0
cred_000274,3,9,16,15,30212.0,56565.0,0.5341111995049943,5423.5625,3564.0,0.1666666666666666,-0.4246006213577954,0,0,0,,,5000,3,0
cred_001702,10,17,25,22,148610.0,227746.0,0.6525251815619154,15054.24,5009.0,0.2444444444444444,0.7651706917626244,0,0,0,,,10000,12,0
cred_001796,9,16,21,17,41760.0,329283.0,0.1268210019952442,17668.714285714286,2744.0,0.1888888888888888,-0.6950130256791961,0,0,0,,,10000,3,0
cred_001380,13,16,25,23,127378.0,73189.0,1.7403981472625667,8022.68,5601.0,0.2555555555555555,0.5785568010731589,0,0,0,,,5000,6,0
cred_002302,8,16,23,19,79878.0,46800.0,1.7067948717948718,5507.739130434783,3613.0,0.2111111111111111,0.215622267560478,0,0,0,,,5000,6,0
cred_000922,6,22,31,23,84742.0,77949.0,1.087146724140143,5248.096774193548,3181.0,0.2555555555555555,-0.4864459662060861,0,0,0,,,5000,9,0
cred_002651,5,10,17,15,24737.0,44326.0,0.558069755899472,4062.529411764706,2845.0,0.1666666666666666,0.2279714891157773,0,0,0,,,15000,9,1
cred_000471,4,8,16,16,26788.0,57888.0,0.4627556661138751,5292.25,4737.5,0.1777777777777777,0.0298853508604003,0,0,0,,,10000,9,0
cred_000562,10,16,24,21,91345.0,82383.0,1.1087845793428257,7238.666666666667,3071.5,0.2333333333333333,0.6781824750959172,0,0,0,,,50000,6,1
cred_002386,7,20,25,22,85910.0,65007.0,1.321549986924485,6036.68,4216.0,0.2444444444444444,-0.2254022253085938,0,0,0,,,10000,3,0
cred_000653,3,11,17,16,24983.0,75733.0,0.3298826139199556,5924.470588235294,2806.0,0.1777777777777777,-0.3325356125356125,0,0,0,,,5000,12,1
cred_000143,11,20,32,27,62287.0,151707.0,0.4105743307823634,6687.3125,4893.0,0.3,0.2110042893063156,0,0,0,,,5000,3,0
cred_001247,1,8,14,13,24401.0,151796.0,0.1607486363277029,12585.5,4364.5,0.1444444444444444,-0.7472977440931865,1,1,1,55.0,0.0,5000,9,0
cred_000315,5,14,20,17,53833.0,73054.0,0.7368932570427356,6344.35,3920.5,0.1888888888888888,-0.3394727852425415,1,0,0,0.0,1.0,5000,6,0
cred_000605,6,10,17,15,138534.0,77992.0,1.7762591034977946,12736.823529411764,3430.0,0.1666666666666666,-0.4671748005081338,0,0,0,,,10000,3,0
cred_001144,6,14,23,22,157499.0,45649.0,3.450217967534886,8832.521739130434,3594.0,0.2444444444444444,0.1936223957729832,0,0,0,,,100000,6,0
cred_001292,4,9,15,13,18551.0,67380.0,0.2753190857821312,5728.733333333334,4687.0,0.1444444444444444,-0.1264091439722614,1,0,0,0.0,1.0,15000,6,0
cred_000923,6,10,13,12,18628.0,59440.0,0.3133916554508748,6005.2307692307695,3885.0,0.1333333333333333,0.3750380517503805,0,0,0,,,25000,12,0
cred_000474,10,14,23,21,91246.0,118557.0,0.7696382330861948,9121.869565217392,4796.0,0.2333333333333333,0.0419894473043503,0,0,0,,,50000,6,0
cred_000292,11,17,23,21,114811.0,66208.0,1.734095577573707,7870.391304347826,5223.0,0.2333333333333333,0.3259849842046962,0,0,0,,,15000,9,0
cred_001964,8,15,21,19,31880.0,66216.0,0.4814546333212516,4671.238095238095,4682.0,0.2111111111111111,0.0207545630117237,0,0,0,,,10000,6,0
cred_001228,3,9,18,16,71134.0,79309.0,0.8969221652019317,8357.944444444445,4454.0,0.1777777777777777,-0.0529426835517165,0,0,0,,,100000,9,0
cred_002335,6,17,22,18,161278.0,173617.0,0.9289297707021776,15222.5,6829.5,0.2,0.3241506773121241,2,0,1,1.0,1.0,5000,3,0
cred_000161,5,10,15,13,26255.0,46626.0,0.5630978424055249,4858.733333333334,3106.0,0.1444444444444444,-0.5353069128335721,0,0,0,,,25000,3,0
cred_001648,7,12,19,18,62947.0,73948.0,0.8512332990750257,7205.0,5150.0,0.2,0.2956462881040443,2,1,1,43.5,0.5,5000,3,1
cred_000821,7,17,24,23,70766.0,312393.0,0.2265287634486048,15964.958333333334,5584.0,0.2555555555555555,-0.7854230684260207,0,0,0,,,10000,12,1
cred_001889,4,14,20,17,64121.0,53395.0,1.2008802322314824,5875.8,5505.0,0.1888888888888888,-0.6425164367667913,1,0,0,0.0,1.0,5000,9,1
cred_000171,7,11,18,16,33545.0,76873.0,0.4363690762686509,6134.333333333333,2656.0,0.1777777777777777,0.0799607317174342,0,0,0,,,100000,3,0
cred_000375,15,25,26,20,157118.0,58039.0,2.7071107358844912,8275.26923076923,3164.0,0.2222222222222222,0.5992446868675538,0,0,0,,,5000,9,0
cred_002439,8,16,27,23,73608.0,134614.0,0.5468079100242174,7711.925925925926,4909.0,0.2555555555555555,-0.3960374208586638,0,0,0,,,25000,6,0
cred_001344,8,13,22,19,45935.0,54226.0,0.8471028657839412,4552.772727272727,3731.5,0.2111111111111111,0.1058890526597882,1,0,0,0.0,1.0,10000,9,0
cred_001249,2,9,13,12,18114.0,152883.0,0.1184827613272894,13153.615384615385,4280.0,0.1333333333333333,-0.700292035836262,2,1,1,27.5,0.5,50000,9,1
cred_000123,8,14,17,16,53528.0,271014.0,0.1975100917295785,19090.70588235294,5789.0,0.1777777777777777,-0.6566426831713434,1,0,0,0.0,1.0,50000,6,1
cred_001618,3,6,10,10,7667.0,54469.0,0.1407589638142797,6213.6,4422.5,0.1111111111111111,-0.0862556909068537,0,0,0,,,10000,6,0
cred_001438,8,15,20,19,36128.0,50680.0,0.7128650355169692,4340.4,4107.5,0.2111111111111111,0.077712658521241,0,0,0,,,25000,3,1
cred_002019,6,9,16,16,60744.0,15888.0,3.823262839879154,4789.5,3638.0,0.1777777777777777,-0.4999324910791783,0,0,0,,,5000,9,0
cred_002290,6,7,10,10,41694.0,19675.0,2.119135959339263,6136.9,4996.0,0.1111111111111111,0.4168813984260742,1,0,0,0.0,1.0,5000,9,1
cred_001445,8,17,23,21,48107.0,239904.0,0.2005260437508336,12522.217391304348,3659.0,0.2333333333333333,-0.7008643425029357,0,0,0,,,50000,3,0
cred_000807,9,17,25,22,146398.0,58102.0,2.519672300437162,8180.0,2944.0,0.2444444444444444,-0.4703523679640055,1,1,1,81.0,0.0,15000,12,0
cred_001791,4,13,18,15,71883.0,39467.0,1.821344414320825,6186.111111111111,4858.0,0.1666666666666666,-0.5253360504761532,0,0,0,,,25000,6,0
cred_001342,5,7,11,9,4050.0,41161.0,0.0983941109302495,4110.090909090909,4050.0,0.1,0.4669646510749473,0,0,0,,,15000,9,0
cred_001548,9,20,30,27,100908.0,79069.0,1.27620179842922,5999.233333333334,4378.5,0.3,-0.1680441652998359,0,0,0,,,10000,3,0
cred_002232,7,14,21,18,55534.0,19844.0,2.798528522475308,3589.428571428572,3004.0,0.2,-0.359202526030114,0,0,0,,,5000,6,1
cred_002120,3,7,14,14,46282.0,22035.0,2.100385749943272,4879.785714285715,2728.0,0.1555555555555555,-0.1563397191627081,0,0,0,,,15000,3,1
cred_002312,7,13,22,19,58172.0,84424.0,0.6890457689756467,6481.636363636364,4084.5,0.2111111111111111,-0.0632375119440958,0,0,0,,,100000,6,0
cred_000891,6,9,10,9,24989.0,33184.0,0.7530436354869817,5817.3,3714.5,0.1,0.6137849504737681,0,0,0,,,10000,6,0
cred_001586,3,14,24,21,105209.0,79847.0,1.3176324721028967,7710.666666666667,4356.0,0.2333333333333333,-0.766863687587682,0,0,0,,,50000,9,0
cred_000030,7,16,27,22,80794.0,109640.0,0.7369025902955126,7053.111111111111,4515.0,0.2444444444444444,0.4310288434747846,0,0,0,,,10000,6,0
cred_002322,6,13,19,18,35517.0,176982.0,0.2006814252296843,11184.157894736842,3489.0,0.2,-0.6851627667019119,0,0,0,,,10000,3,0
cred_001490,7,12,20,20,64339.0,52424.0,1.2272813978330537,5838.15,4422.5,0.2222222222222222,-0.1654778178203057,1,1,1,73.0,0.0,50000,6,0
cred_000133,10,14,22,18,52059.0,82663.0,0.6297739012617495,6123.727272727273,3467.0,0.2,-0.0080569216281259,0,0,0,,,5000,3,1
cred_000918,8,14,20,16,43432.0,36174.0,1.2006413446121524,3980.3,2746.0,0.1777777777777777,0.1658265749838251,0,0,0,,,10000,6,0
cred_001652,3,6,15,14,12848.0,45690.0,0.2811993871744364,3902.533333333333,2940.0,0.1555555555555555,-0.3043160932886574,0,0,0,,,25000,12,1
cred_000208,4,12,18,15,33482.0,29803.0,1.123443948595779,3515.833333333333,2707.0,0.1666666666666666,-0.5204657796534006,0,0,0,,,10000,9,0
cred_001384,4,11,14,14,52443.0,176665.0,0.2968499702827385,16364.857142857143,6680.0,0.1555555555555555,-0.6053966692432015,0,0,0,,,5000,6,0
cred_000970,5,7,18,15,40425.0,108964.0,0.3709940897911237,8299.388888888889,4726.0,0.1666666666666666,0.5531008556188896,0,0,0,,,10000,3,0
cred_002311,7,11,22,19,58172.0,84424.0,0.6890457689756467,6481.636363636364,4084.5,0.2111111111111111,0.0437002167694932,1,0,0,0.0,1.0,5000,9,0
cred_002546,4,10,13,12,40589.0,19621.0,2.0686509352224656,4631.538461538462,5094.0,0.1333333333333333,-0.3775728205929863,0,0,0,,,15000,6,0
cred_002327,6,13,21,20,51175.0,61176.0,0.8365208578527528,5350.047619047619,2969.0,0.2222222222222222,0.1103288329329909,1,0,0,0.0,1.0,5000,3,0
cred_000696,6,14,20,19,56431.0,304062.0,0.1855904387920884,18024.65,5555.0,0.2111111111111111,0.533486366413391,0,0,0,,,15000,3,0
cred_000915,6,12,17,15,220038.0,272496.0,0.8074907521578298,28972.58823529412,5404.0,0.1666666666666666,0.7627902025623328,0,0,0,,,15000,12,0
cred_000920,4,9,15,13,28811.0,34097.0,0.8449716983898877,4193.866666666667,3618.0,0.1444444444444444,0.2443682532879758,0,0,0,,,25000,3,0
cred_000515,10,15,21,20,36380.0,220401.0,0.1650627719474957,12227.666666666666,5771.0,0.2222222222222222,0.7671994784289922,1,1,1,95.0,0.0,10000,9,0
cred_002421,6,15,20,16,54423.0,256213.0,0.2124131094050653,15531.8,4936.0,0.1777777777777777,-0.6287792704295652,0,0,0,,,25000,3,0
cred_002151,5,9,18,16,58415.0,59871.0,0.9756810475856424,6571.444444444444,3816.5,0.1777777777777777,0.2456207159177456,0,0,0,,,10000,9,0
cred_001304,9,14,14,13,66821.0,65128.0,1.0259949637636654,9424.92857142857,5658.0,0.1444444444444444,0.6123956983379942,1,0,0,0.0,1.0,10000,12,1
cred_000232,9,13,18,17,27498.0,47235.0,0.5821530644649094,4151.833333333333,2838.0,0.1888888888888888,0.5554928285376568,0,0,0,,,10000,6,1
cred_001146,9,14,19,15,42473.0,39992.0,1.0620374074814962,4340.263157894737,3855.0,0.1666666666666666,-0.0005329482352536,0,0,0,,,50000,6,0
cred_002595,10,14,18,17,92241.0,45288.0,2.036764705882353,7640.5,3352.5,0.1888888888888888,0.3562059919922684,0,0,0,,,10000,6,0
cred_001054,5,10,16,13,38914.0,36440.0,1.0678924259055982,4709.625,4146.0,0.1444444444444444,0.1176412191005658,0,0,0,,,15000,9,0
cred_000432,5,9,14,14,11750.0,223010.0,0.0526882202591812,16768.571428571428,4842.0,0.1555555555555555,-0.4279329142212661,0,0,0,,,10000,6,0
cred_000101,8,17,21,18,511314.0,45733.0,11.180416766886056,26526.04761904762,3450.0,0.2,0.8638587879932037,0,0,0,,,50000,12,0
cred_002566,6,10,17,16,43484.0,61603.0,0.7058747138938039,6181.588235294118,4212.0,0.1777777777777777,0.4004042975330363,0,0,0,,,15000,6,0
cred_000440,11,15,18,16,71127.0,47684.0,1.491632413388139,6600.611111111111,4943.0,0.1777777777777777,0.4584176253308775,0,0,0,,,50000,9,1
cred_001645,6,13,16,14,67883.0,43436.0,1.5628280688829543,6957.4375,4398.5,0.1555555555555555,-0.2971243847219563,0,0,0,,,5000,3,0
cred_000472,6,10,17,16,24731.0,68910.0,0.3588884051661588,5508.294117647059,2726.0,0.1777777777777777,-0.0781819285887782,1,0,0,0.0,1.0,5000,9,0
cred_001894,4,7,14,14,34213.0,46464.0,0.7363335055096418,5762.642857142857,4072.0,0.1555555555555555,-0.4184008994675322,0,0,0,,,10000,3,0
cred_001975,4,6,12,12,29319.0,111706.0,0.2624657583299017,11752.083333333334,4232.0,0.1333333333333333,0.829272646140116,0,0,0,,,5000,12,0
cred_002017,2,5,14,14,10356.0,76465.0,0.1354345125220689,6201.5,1495.0,0.1555555555555555,-0.6882775250726146,2,0,1,2.5,1.0,50000,3,0
cred_002092,6,10,17,16,33427.0,56810.0,0.588399929589861,5308.058823529412,4301.0,0.1777777777777777,0.2187700071555003,0,0,0,,,25000,3,0
cred_000491,9,13,20,15,50809.0,61325.0,0.8285201793721974,5606.7,3230.0,0.1666666666666666,0.6207232522345698,0,0,0,,,5000,6,0
cred_001265,6,10,14,14,53999.0,94388.0,0.5720960291562487,10599.07142857143,6930.5,0.1555555555555555,0.0203493134973948,1,0,1,5.0,1.0,15000,3,0
cred_001506,4,12,18,16,50740.0,36282.0,1.3984896091725925,4834.555555555556,4298.0,0.1777777777777777,-0.387997370557983,1,0,1,10.0,1.0,15000,6,1
cred_001439,12,20,28,24,41401.0,81619.0,0.5072470870753133,4393.571428571428,2425.0,0.2666666666666666,0.1178921792744895,0,0,0,,,5000,6,0
cred_000523,12,18,23,21,34704.0,71810.0,0.4832753098454254,4631.04347826087,3106.0,0.2333333333333333,-0.029188122899774,1,0,0,0.0,1.0,10000,3,0
cred_002295,10,15,24,19,49072.0,87877.0,0.5584168781364862,5706.208333333333,5123.0,0.2111111111111111,0.3352911544356438,0,0,0,,,15000,3,1
cred_002294,8,15,22,20,60079.0,46236.0,1.299398736914958,4832.5,3429.0,0.2222222222222222,0.0445581115457206,0,0,0,,,50000,9,0
cred_000903,8,16,18,18,43005.0,60361.0,0.7124633455376816,5742.555555555556,3214.5,0.2,-0.0463411572737542,0,0,0,,,50000,6,0
cred_000079,5,6,15,14,29382.0,19726.0,1.489506235425327,3273.866666666667,2332.0,0.1555555555555555,0.9545953440009244,0,0,0,,,10000,6,0
cred_000912,7,16,23,22,197599.0,64693.0,3.054410832702147,11404.0,3163.0,0.2444444444444444,-0.6054051078819903,0,0,0,,,5000,3,0
cred_001566,8,12,16,13,14581.0,73175.0,0.1992620430474889,5484.75,4468.5,0.1444444444444444,0.1959658272286369,0,0,0,,,5000,6,0
cred_000146,9,17,24,23,94812.0,31384.0,3.021029824114198,5258.166666666667,3104.0,0.2555555555555555,-0.1262174256383259,0,0,0,,,5000,12,0
cred_001876,6,16,20,19,64126.0,718143.0,0.0892941934962813,39113.45,4535.0,0.2111111111111111,-0.0180600381654961,0,0,0,,,10000,3,0
cred_001131,6,12,21,18,61915.0,124523.0,0.4972173815279105,8878.0,4190.0,0.2,-0.0143183785823695,1,0,0,0.0,1.0,25000,3,0
cred_001737,6,14,22,19,18711.0,153593.0,0.1218219580319415,7832.0,4841.0,0.2111111111111111,-0.36806510558936,0,0,0,,,5000,3,0
cred_002098,7,13,22,21,66663.0,59193.0,1.1261973544169075,5720.727272727273,3735.5,0.2333333333333333,0.058550693731757,0,0,0,,,25000,6,0
cred_000947,5,15,22,19,44577.0,72228.0,0.6171706263498921,5309.318181818182,3327.0,0.2111111111111111,-0.3895175699821322,0,0,0,,,15000,3,0
cred_001109,4,11,16,15,21307.0,48922.0,0.43553002739054,4389.3125,3238.0,0.1666666666666666,0.1262135922330097,1,0,0,0.0,1.0,100000,9,0
cred_000553,7,13,15,14,38339.0,43593.0,0.8794760626706123,5462.133333333333,3832.0,0.1555555555555555,0.6500501840080294,0,0,0,,,15000,9,0
cred_001540,8,13,17,16,108045.0,362116.0,0.2983712401550884,27656.529411764703,9323.0,0.1777777777777777,0.4399620082609944,1,0,0,0.0,1.0,15000,6,0
cred_002702,5,16,20,19,23706.0,100084.0,0.2368610367291475,6189.5,5984.0,0.2111111111111111,-0.2849165312453833,0,0,0,,,5000,3,0
cred_001976,4,6,11,11,33041.0,101293.0,0.3261923331325955,12212.181818181818,4369.0,0.1222222222222222,0.8807271603439332,1,0,0,0.0,1.0,100000,6,1
cred_002163,16,20,25,21,52361.0,68150.0,0.7683198826118856,4820.44,4036.0,0.2333333333333333,0.6244129512775421,0,0,0,,,5000,3,0
cred_002318,5,10,17,17,71941.0,37417.0,1.9226822032765856,6432.823529411765,4294.0,0.1888888888888888,-0.5808817698834351,0,0,0,,,50000,6,1
cred_001681,7,13,24,20,215165.0,81002.0,2.6562924372237724,12340.291666666666,5135.5,0.2222222222222222,-0.7526969955578897,1,0,0,0.0,1.0,5000,3,0
cred_000382,9,18,25,22,27608.0,123537.0,0.2234796053004363,6045.8,4312.0,0.2444444444444444,-0.0514977318224393,0,0,0,,,15000,6,0
cred_000368,4,6,13,13,51261.0,39420.0,1.3003805175038052,6975.461538461538,4461.0,0.1444444444444444,0.0405683305290708,1,0,0,0.0,1.0,25000,3,0
cred_001141,8,14,21,20,76180.0,67453.0,1.129378974989993,6839.666666666667,4496.0,0.2222222222222222,-0.0544901690109316,0,0,0,,,10000,6,0
cred_000434,5,18,28,26,69919.0,355519.0,0.19666740736782,15194.214285714286,7252.5,0.2888888888888888,-0.8495221140797595,0,0,0,,,50000,6,0
cred_000844,4,12,19,17,66082.0,63556.0,1.0397444773113476,6823.052631578948,5119.0,0.1888888888888888,-0.0150596951821055,0,0,0,,,5000,6,0
cred_001032,4,6,16,13,45414.0,50301.0,0.9028448738593666,5982.1875,4325.0,0.1444444444444444,-0.0975554378263831,0,0,0,,,100000,3,0
cred_000672,2,9,14,13,113906.0,9839.0,11.57698953145645,8838.92857142857,2506.5,0.1444444444444444,0.6069264397682336,0,0,0,,,5000,3,0
cred_000914,6,9,18,17,229511.0,272782.0,0.8413714981193774,27905.166666666668,5593.0,0.1888888888888888,-0.7152407458553754,1,0,0,0.0,1.0,100000,6,0
cred_000225,5,15,21,20,57585.0,51775.0,1.1122163206180589,5207.619047619048,4637.0,0.2222222222222222,-0.2993611266554747,0,0,0,,,5000,6,0
cred_000018,7,12,17,16,45147.0,52391.0,0.8617319768662557,5737.529411764706,4523.0,0.1777777777777777,0.2242935105635705,0,0,0,,,25000,6,0
cred_002508,5,11,15,15,42741.0,12973.0,3.294611886225237,3714.266666666667,3504.0,0.1666666666666666,0.0104312237971651,1,0,0,0.0,1.0,5000,6,0
cred_000574,3,12,20,18,31963.0,100476.0,0.3181157689398463,6621.95,4033.0,0.2,-0.5076099045835041,0,0,0,,,5000,3,0
cred_001589,7,14,16,13,9854.0,54970.0,0.1792614153174458,4051.5,3624.5,0.1444444444444444,-0.0821901467255159,0,0,0,,,5000,9,0
cred_000053,2,14,24,21,52868.0,59762.0,0.8846424149124862,4692.916666666667,2264.5,0.2333333333333333,-0.871887913370955,0,0,0,,,25000,6,0
cred_001229,4,10,13,11,22401.0,269888.0,0.0830010967512449,22483.76923076923,3885.0,0.1222222222222222,-0.8083142343358838,1,0,0,0.0,1.0,5000,6,0
cred_001488,6,10,15,14,37684.0,51817.0,0.7272516741609897,5966.733333333334,4342.0,0.1555555555555555,0.2746138078231652,0,0,0,,,5000,6,0
cred_002218,6,8,12,12,78154.0,78182.0,0.999641861297997,13028.0,6347.0,0.1333333333333333,0.4629090210110748,0,0,0,,,100000,12,0
cred_000713,6,10,14,14,63183.0,114636.0,0.5511619386580132,12701.357142857143,3308.0,0.1555555555555555,0.3090630877618031,0,0,0,,,100000,6,0
cred_000092,5,12,20,18,49921.0,59424.0,0.8400814485729672,5467.25,4832.5,0.2,-0.388381186942338,0,0,0,,,25000,3,0
cred_002345,8,10,15,13,25834.0,31851.0,0.8110891337791593,3845.6666666666665,3265.0,0.1444444444444444,0.6976110309443643,0,0,0,,,5000,3,1
cred_002483,5,9,17,16,33186.0,92415.0,0.3590975490991722,7388.294117647059,3537.0,0.1777777777777777,-0.443350454774812,0,0,0,,,25000,6,0
cred_002148,8,13,18,17,43770.0,265315.0,0.1649737104950719,17171.38888888889,3459.0,0.1888888888888888,0.1054196462175385,1,0,0,0.0,1.0,15000,3,1
cred_001143,2,7,14,14,48020.0,64343.0,0.7463127302115227,8025.928571428572,2579.0,0.1555555555555555,0.6125956548509104,1,0,0,0.0,1.0,5000,6,0
cred_001429,7,17,22,19,95715.0,118006.0,0.8111028252800705,9714.59090909091,4387.0,0.2111111111111111,-0.505983894063399,1,0,0,0.0,1.0,25000,9,0
cred_000089,9,16,21,18,49467.0,49583.0,0.997660488473872,4716.666666666667,3784.0,0.2,0.3684385106559416,1,0,0,0.0,1.0,5000,3,0
cred_000619,12,19,24,20,73237.0,62738.0,1.1673467436003695,5665.625,4568.0,0.2222222222222222,0.6792460140645886,1,0,0,0.0,1.0,5000,9,0
cred_000285,6,15,19,18,31115.0,70254.0,0.4428929313633387,5335.210526315789,4259.0,0.2,-0.1688685679642307,0,0,0,,,15000,6,1
cred_002063,2,5,13,12,25162.0,58227.0,0.4321362941590671,6414.538461538462,3619.0,0.1333333333333333,0.0904309124013756,0,0,0,,,5000,6,0
cred_001826,4,7,15,14,38860.0,44558.0,0.8721217289824499,5561.2,4340.0,0.1555555555555555,-0.1331171485407526,0,0,0,,,15000,9,1
cred_000325,3,9,18,15,35723.0,79312.0,0.4504110349001412,6390.833333333333,2985.0,0.1666666666666666,-0.6353270477312906,0,0,0,,,15000,12,1
cred_001639,11,16,23,20,20915.0,115871.0,0.1805024553166883,5947.217391304348,4991.0,0.2222222222222222,-0.0822781790597597,0,0,0,,,15000,9,0
cred_000939,6,8,13,13,64302.0,23216.0,2.7697277739490005,6732.153846153846,2837.0,0.1444444444444444,-0.1725212243944232,0,0,0,,,15000,3,0
cred_000601,5,8,17,16,32316.0,304596.0,0.1060946302643501,19818.352941176472,6008.0,0.1777777777777777,0.1945563169246626,0,0,0,,,15000,3,0
cred_002623,7,15,18,17,42405.0,43484.0,0.9751862754116456,4771.611111111111,3226.0,0.1888888888888888,-0.2108923363647345,0,0,0,,,10000,3,0
cred_000163,3,12,23,19,111236.0,272218.0,0.4086283787258741,16671.91304347826,5301.0,0.2111111111111111,-0.8427464638567063,0,0,0,,,5000,9,0
cred_000213,3,9,16,15,37460.0,114918.0,0.3259715623314015,9523.625,4973.5,0.1666666666666666,-0.1968772463598522,0,0,0,,,50000,6,0
cred_000294,7,14,18,18,46731.0,69387.0,0.6734835055557957,6451.0,6542.0,0.2,0.2281615005700273,0,0,0,,,25000,3,0
cred_000677,4,10,15,15,25752.0,80600.0,0.3195037220843672,7090.133333333333,4921.0,0.1666666666666666,-0.4597805524025728,1,0,0,0.0,1.0,25000,9,0
cred_000883,6,16,21,20,35045.0,72936.0,0.4804897444334759,5141.952380952381,5864.0,0.2222222222222222,-0.5133501665413129,0,0,0,,,25000,12,0
cred_000777,8,12,16,16,139592.0,37611.0,3.7114673898593495,11075.1875,4065.5,0.1777777777777777,-0.562205347578989,0,0,0,,,15000,9,0
cred_002556,2,8,10,9,44142.0,15243.0,2.89588663648888,5938.5,2611.0,0.1,-0.8149637687578619,1,1,1,58.0,0.0,100000,12,0
cred_002448,5,12,21,18,80931.0,86044.0,0.9405769141369532,7951.190476190476,7449.0,0.2,0.3339242093430468,1,0,0,0.0,1.0,15000,6,0
cred_001442,3,8,12,10,26841.0,26884.0,0.9984005356345782,4477.083333333333,2850.0,0.1111111111111111,-0.290733908807622,0,0,0,,,5000,3,0
cred_000848,5,11,15,15,72498.0,19349.0,3.7468603028580287,6123.133333333333,5191.0,0.1666666666666666,-0.3746181874563919,0,0,0,,,25000,9,0
cred_001738,4,10,16,13,19667.0,34379.0,0.5720643416038861,3377.875,2724.5,0.1444444444444444,0.0471061289143414,0,0,0,,,15000,3,0
cred_000034,7,14,19,17,36076.0,98978.0,0.3644850370789468,7108.105263157895,5159.0,0.1888888888888888,-0.0535518133539104,0,0,0,,,25000,6,0
cred_000102,6,16,23,19,506142.0,71327.0,7.096078623803048,25107.34782608696,3937.0,0.2111111111111111,-0.8833483675106181,1,0,0,0.0,1.0,10000,6,0
cred_000014,3,9,13,13,90353.0,16485.0,5.480922050348802,8218.307692307691,3716.0,0.1444444444444444,-0.708779443254818,0,0,0,,,25000,9,0
cred_000881,9,12,17,15,64200.0,47983.0,1.3379738657441178,6599.0,4095.0,0.1666666666666666,0.4024639910840834,1,0,1,1.0,1.0,15000,6,1
cred_001436,6,11,20,18,39879.0,55760.0,0.7151901004304161,4781.95,3143.0,0.2,0.3188240963855421,1,1,1,113.0,0.0,10000,6,0
cred_001727,8,15,18,18,70328.0,26888.0,2.615590598036299,5400.888888888889,3570.5,0.2,-0.2041036960291898,0,0,0,,,5000,6,0
cred_002530,5,9,11,11,11227.0,39846.0,0.2817597751342669,4643.0,5270.0,0.1222222222222222,-0.1294880910060433,0,0,0,,,10000,3,0
cred_002033,5,9,18,16,11107.0,109237.0,0.1016780028744839,6685.777777777777,2581.5,0.1777777777777777,-0.2071665875652586,0,0,0,,,5000,6,0
cred_002466,7,12,16,15,40985.0,64363.0,0.6367788947065861,6584.25,6803.0,0.1666666666666666,0.4048693188173446,0,0,0,,,25000,3,0
cred_002389,5,12,20,19,30354.0,85635.0,0.354457873533018,5799.45,5058.0,0.2111111111111111,-0.3039072801721146,0,0,0,,,5000,6,0
cred_001288,6,7,14,14,26863.0,65208.0,0.411958655379708,6576.5,4183.5,0.1555555555555555,0.904405678020664,0,0,0,,,5000,6,1
cred_002056,3,15,21,19,139962.0,43573.0,3.2121267757556287,8739.761904761905,4165.0,0.2111111111111111,-0.7349316871246381,1,0,0,0.0,1.0,25000,3,0
cred_002095,7,17,26,22,106154.0,49038.0,2.164729393531547,5968.923076923077,3689.5,0.2444444444444444,-0.3418638399899047,0,0,0,,,15000,3,0
cred_001882,5,12,18,18,86002.0,33044.0,2.602651010773514,6613.666666666667,4795.0,0.2,0.1021342319573153,0,0,0,,,10000,6,0
cred_001696,7,18,26,23,90913.0,82391.0,1.10343362745931,6665.538461538462,5265.5,0.2555555555555555,-0.5777877888938945,1,1,1,45.0,0.0,10000,3,0
cred_000799,5,12,18,15,38048.0,51633.0,0.7368930722599888,4982.277777777777,4255.0,0.1666666666666666,0.1046818181818181,0,0,0,,,25000,6,0
cred_000641,3,8,18,16,39853.0,62425.0,0.6384140969162996,5682.111111111111,3335.5,0.1777777777777777,-0.4144502108336036,0,0,0,,,15000,3,0
cred_002043,8,14,19,16,68339.0,67803.0,1.007905254929723,7165.368421052632,3628.0,0.1777777777777777,0.0145188145188145,0,0,0,,,25000,3,0
cred_002463,11,21,31,29,83892.0,97114.0,0.8638507321292501,5838.903225806452,4193.0,0.3222222222222222,0.2753646713346565,1,0,0,0.0,1.0,25000,6,1
cred_001594,5,9,16,16,35779.0,291249.0,0.1228467737228282,20439.25,3648.5,0.1777777777777777,0.9135479498475092,1,0,0,0.0,1.0,5000,9,0
cred_002248,7,15,21,18,79575.0,54639.0,1.456377312908362,6391.142857142857,3493.0,0.2,-0.5120988222215833,1,1,1,101.0,0.0,10000,6,0
cred_002562,9,19,28,24,89296.0,107215.0,0.8328685351863079,7018.25,3618.0,0.2666666666666666,0.2006760071962056,0,0,0,,,5000,6,0
cred_000823,4,10,14,13,13173.0,77387.0,0.1702223887733081,6468.571428571428,3422.0,0.1444444444444444,0.1482016553799849,1,0,0,0.0,1.0,25000,3,0
cred_000311,7,11,15,14,26281.0,89352.0,0.2941288387501119,7708.866666666667,3917.0,0.1555555555555555,0.7067428919224416,0,0,0,,,10000,9,0
cred_001317,4,10,17,17,26386.0,43531.0,0.6061427488456502,4112.764705882353,3016.0,0.1888888888888888,-0.2501408649105507,2,1,1,34.5,0.5,10000,6,0
cred_001496,7,13,23,20,529789.0,132846.0,3.9879936166689247,28810.217391304348,5006.0,0.2222222222222222,0.2717340742510152,0,0,0,,,10000,3,0
cred_001521,7,11,16,16,65000.0,23261.0,2.7943768539615665,5516.3125,2466.5,0.1777777777777777,-0.000798124407642,0,0,0,,,15000,12,0
cred_000760,4,7,18,18,56899.0,48881.0,1.1640310140954564,5876.666666666667,3382.5,0.2,-0.2515097515097515,1,0,0,0.0,1.0,5000,6,0
cred_001014,3,9,17,16,61370.0,27484.0,2.2329355261242907,5226.705882352941,2470.0,0.1777777777777777,-0.5785618787420799,0,0,0,,,5000,6,0
cred_001451,7,11,19,17,40172.0,73843.0,0.544019067481007,6000.789473684211,4280.0,0.1888888888888888,0.1296132479388556,0,0,0,,,5000,6,0
cred_000227,4,9,21,20,111728.0,52654.0,2.121928058647016,7827.714285714285,5170.0,0.2222222222222222,0.3717115697489997,1,0,0,0.0,1.0,15000,6,0
cred_001462,5,11,20,16,37578.0,75282.0,0.4991631465689009,5643.0,3441.5,0.1777777777777777,-0.3289042791557637,0,0,0,,,5000,6,0
cred_000736,7,10,14,12,15870.0,158878.0,0.0998879643500044,12482.0,5162.5,0.1333333333333333,0.5245678954517776,0,0,0,,,100000,3,0
cred_001102,12,18,26,23,53703.0,190859.0,0.281375256079095,9406.23076923077,3382.5,0.2555555555555555,-0.363098568596029,0,0,0,,,25000,3,0
cred_002443,4,12,15,14,93200.0,21658.0,4.303259765444639,7657.2,5263.0,0.1555555555555555,-0.0238804814800479,0,0,0,,,50000,6,1
cred_000876,8,14,17,16,51453.0,123712.0,0.4159095318158303,10303.823529411764,5090.0,0.1777777777777777,-0.549439804694555,1,0,0,0.0,1.0,25000,9,0
cred_001832,6,12,18,15,22999.0,54864.0,0.419200204141149,4325.722222222223,2834.5,0.1666666666666666,-0.1925130834134358,0,0,0,,,15000,6,0
cred_002578,2,7,14,14,54951.0,14723.0,3.732323575358283,4976.714285714285,3924.0,0.1555555555555555,-0.4400043613367497,0,0,0,,,5000,9,0
cred_001202,7,11,20,18,52540.0,69630.0,0.7545598161711906,6108.5,4035.0,0.2,0.0896115565385678,0,0,0,,,15000,6,0
cred_000925,7,15,24,24,60213.0,332627.0,0.1810225868615596,16368.333333333334,5415.0,0.2666666666666666,0.6494956691768721,0,0,0,,,15000,6,0
cred_002552,4,9,14,13,32551.0,37055.0,0.878450951288625,4971.857142857143,4553.5,0.1444444444444444,-0.0647775595431055,1,0,0,0.0,1.0,5000,3,0
cred_001865,4,10,19,17,44442.0,51673.0,0.8600623149420393,5058.684210526316,4074.0,0.1888888888888888,-0.1339572974553963,0,0,0,,,5000,9,0
cred_001475,0,6,13,12,30535.0,60602.0,0.5038612587043332,7010.538461538462,4746.0,0.1333333333333333,-1.0,0,0,0,,,10000,9,1
cred_001676,5,7,15,13,58299.0,66503.0,0.876637144188984,8320.133333333333,5447.0,0.1444444444444444,0.6432081381648898,0,0,0,,,5000,3,0
cred_000889,2,13,17,14,19595.0,53553.0,0.3658992026590481,4302.823529411765,3278.0,0.1555555555555555,-0.7863007110714163,0,0,0,,,5000,9,0
cred_001680,8,18,22,19,206171.0,37857.0,5.446046966214967,11092.181818181818,4168.5,0.2111111111111111,0.1721091144407387,2,0,0,0.0,1.0,15000,9,1
cred_002631,5,11,17,17,39374.0,84296.0,0.4670921514662617,7274.705882352941,4270.0,0.1888888888888888,0.1506973726889393,1,0,0,0.0,1.0,10000,3,0
cred_002517,9,17,18,17,83376.0,55417.0,1.5045202735622645,7710.722222222223,4690.5,0.1888888888888888,-0.1630419374333186,0,0,0,,,5000,12,0
cred_001290,8,11,20,18,91918.0,40318.0,2.2798253881640957,6611.8,4045.0,0.2,0.2514285714285714,1,0,1,10.0,1.0,10000,3,0
cred_002370,6,13,20,19,79559.0,142666.0,0.5576591479399436,11111.25,6815.0,0.2111111111111111,-0.2294438285291943,0,0,0,,,25000,3,0
cred_002588,3,11,22,20,124089.0,48556.0,2.5555853035670157,7847.5,4088.0,0.2222222222222222,-0.8397557010413462,0,0,0,,,15000,6,0
cred_001655,1,11,21,20,22103.0,173341.0,0.127511667753157,9306.857142857143,3748.0,0.2222222222222222,-0.9042522831050228,0,0,0,,,10000,6,1
cred_001375,6,11,19,17,24854.0,85515.0,0.2906390691691516,5808.894736842105,6566.0,0.1888888888888888,0.0733244798583444,0,0,0,,,50000,9,0
cred_002304,11,16,23,21,45286.0,94653.0,0.478442310333534,6084.304347826087,5638.0,0.2333333333333333,0.3805138343907925,0,0,0,,,5000,6,0
cred_002643,5,10,15,14,52160.0,56615.0,0.9213106067296652,7251.666666666667,4336.0,0.1555555555555555,-0.4090863571118603,0,0,0,,,50000,9,1
cred_000892,8,16,21,18,30338.0,126958.0,0.2389609162085099,7490.285714285715,4418.0,0.2,0.3349357573638667,0,0,0,,,10000,6,0
cred_000329,7,15,16,16,75472.0,59646.0,1.2653321262113135,8444.875,6004.0,0.1777777777777777,0.4163503253796095,0,0,0,,,10000,3,0
cred_000573,8,14,21,17,23775.0,100774.0,0.2359239486375454,5930.9047619047615,4003.0,0.1888888888888888,-0.2811939964157706,1,0,0,0.0,1.0,5000,6,0
cred_000814,5,14,20,19,55499.0,58193.0,0.9537057721719108,5684.6,3334.5,0.2111111111111111,-0.5159978377821823,0,0,0,,,15000,9,0
cred_002030,5,13,17,16,12008.0,77338.0,0.1552664925392433,5255.64705882353,4916.0,0.1777777777777777,-0.3374206886718471,0,0,0,,,50000,6,0
cred_000048,9,14,22,20,104121.0,35814.0,2.907270899648182,6360.681818181818,4417.5,0.2222222222222222,-0.0804359842954941,1,0,0,0.0,1.0,50000,3,0
cred_001056,7,10,16,15,50209.0,53287.0,0.9422373186705952,6468.5,6021.5,0.1666666666666666,0.1748872264196476,0,0,0,,,5000,6,0
cred_001636,5,16,21,20,70145.0,59033.0,1.1882336997950298,6151.333333333333,5417.0,0.2222222222222222,-0.47615558964262,0,0,0,,,5000,6,0
cred_001754,12,19,27,26,129870.0,102314.0,1.2693277557323532,8599.407407407407,3028.0,0.2888888888888888,0.463973962346609,1,1,1,95.0,0.0,10000,3,0
cred_000822,3,10,14,13,23549.0,84522.0,0.27861385201486,7719.357142857143,4554.5,0.1444444444444444,0.3057605450933827,2,0,0,0.0,1.0,15000,6,1
cred_000613,6,12,19,18,33536.0,57098.0,0.5873410627342464,4770.210526315789,3738.0,0.2,0.0185295087372238,1,0,0,0.0,1.0,15000,9,0
cred_000958,8,13,19,18,44317.0,325919.0,0.1359755031158048,19486.105263157893,4325.0,0.2,0.1073628113923732,1,0,0,0.0,1.0,5000,3,0
cred_001630,2,5,15,13,8518.0,133236.0,0.063931670119187,9450.266666666666,5361.0,0.1444444444444444,0.1900494032265116,0,0,0,,,10000,12,0
cred_001352,10,17,25,21,268200.0,157939.0,1.6981239592500903,17045.56,5938.0,0.2333333333333333,0.3238365443175235,1,0,0,0.0,1.0,100000,6,0
cred_000586,4,9,13,12,26032.0,53027.0,0.4909197201425689,6081.461538461538,3541.0,0.1333333333333333,-0.4119932703092453,0,0,0,,,15000,6,0
cred_000648,8,16,31,24,123093.0,531350.0,0.2316608638373953,21111.064516129038,4045.0,0.2666666666666666,-0.7400198418574347,0,0,0,,,50000,12,0
cred_000095,10,17,22,21,33893.0,150415.0,0.2253299205531363,8377.636363636364,3935.0,0.2333333333333333,0.6765601309964219,1,1,1,101.0,0.0,15000,9,0
cred_000831,9,13,19,18,449550.0,34261.0,13.121333294416392,25463.736842105263,4252.0,0.2,0.9417551652407838,0,0,0,,,10000,3,0
cred_002025,4,13,19,17,54116.0,316375.0,0.1710501777953378,19499.526315789477,4277.0,0.1888888888888888,0.7258105647176711,0,0,0,,,15000,3,0
cred_002317,4,9,13,12,35925.0,26001.0,1.3816776277835467,4763.538461538462,2869.0,0.1333333333333333,0.2075415120506765,1,1,1,88.0,0.0,15000,6,0
cred_000731,5,10,13,12,38396.0,20379.0,1.8840963737180432,4521.153846153846,3234.0,0.1333333333333333,-0.0224842767295597,2,2,2,51.0,0.0,100000,3,1
cred_000257,2,8,14,10,26990.0,165207.0,0.1633708014793562,13728.357142857143,4780.5,0.1111111111111111,0.1804990025414696,0,0,0,,,50000,6,0
cred_002581,7,11,14,14,49136.0,49601.0,0.990625189008286,7052.642857142857,3080.5,0.1555555555555555,-0.0042381698115273,0,0,0,,,5000,3,1
cred_002022,6,16,21,21,181136.0,60343.0,3.0017731965596672,11499.0,4566.0,0.2333333333333333,-0.7644253957118429,0,0,0,,,10000,3,0
cred_001757,5,11,16,14,46325.0,26088.0,1.775720637841153,4525.8125,3450.5,0.1555555555555555,-0.327809235980804,0,0,0,,,5000,3,0
cred_000278,5,11,16,15,47154.0,74774.0,0.6306202690774868,7620.5,3664.0,0.1666666666666666,-0.5543413799473065,0,0,0,,,15000,12,1
cred_000724,6,15,19,15,49505.0,76844.0,0.6442272656290666,6649.9473684210525,3793.0,0.1666666666666666,-0.0487062976454241,0,0,0,,,10000,12,0
cred_000895,5,9,16,15,44494.0,50006.0,0.8897732272127344,5906.25,4965.0,0.1666666666666666,0.4538855963241659,1,1,1,80.0,0.0,25000,3,0
cred_000174,5,13,18,17,27882.0,74527.0,0.3741194466434983,5689.388888888889,4880.0,0.1888888888888888,-0.2210066762832378,1,1,1,31.0,0.0,5000,12,0
cred_001507,6,10,16,14,31549.0,38671.0,0.8158309844586382,4388.75,2758.0,0.1555555555555555,-0.1105860972285324,0,0,0,,,15000,3,0
cred_001755,6,8,13,13,29036.0,33359.0,0.8704097844659612,4799.615384615385,4274.0,0.1444444444444444,0.3198382809038547,0,0,0,,,10000,6,0
cred_001833,5,10,14,13,36031.0,21274.0,1.6936636269624894,4093.214285714286,2986.5,0.1444444444444444,-0.158924539919272,0,0,0,,,10000,6,0
cred_001225,4,8,13,12,40532.0,24239.0,1.6721811955938777,4982.384615384615,3456.0,0.1333333333333333,-0.1165391014975041,0,0,0,,,5000,6,0
cred_001530,5,11,23,20,111640.0,476982.0,0.234054953855701,25592.260869565216,5887.0,0.2222222222222222,0.5031672117594135,0,0,0,,,10000,6,0
cred_000691,9,16,20,16,55166.0,92859.0,0.5940835029453257,7401.25,3669.5,0.1777777777777777,-0.0486838126527243,0,0,0,,,100000,9,1
cred_001199,7,13,18,14,30650.0,100579.0,0.3047355809860905,7290.5,5555.5,0.1555555555555555,-0.0063622266343966,0,0,0,,,15000,9,0
cred_001587,9,12,15,15,62466.0,16658.0,3.749909953175652,5274.933333333333,4024.0,0.1666666666666666,0.6487513133435707,0,0,0,,,15000,6,0
cred_001286,6,12,18,18,210850.0,117178.0,1.7993992046288552,18223.777777777777,4049.5,0.2,0.3164339880489831,0,0,0,,,15000,12,0
cred_000482,6,14,22,20,85459.0,83240.0,1.0266578567996156,7668.136363636364,2249.0,0.2222222222222222,0.5278528728629631,0,0,0,,,15000,9,0
cred_001628,9,21,27,23,231462.0,45743.0,5.060052904269506,10266.851851851852,3569.0,0.2555555555555555,0.4877900224952695,0,0,0,,,10000,3,0
cred_002094,9,19,26,20,59470.0,97372.0,0.6107505237645319,6032.384615384615,3219.0,0.2222222222222222,0.3193209377526273,1,0,0,0.0,1.0,15000,3,0
cred_001779,4,13,19,17,40372.0,40921.0,0.9865839055741552,4278.578947368421,3673.0,0.1888888888888888,-0.2464348261195897,0,0,0,,,5000,6,1
cred_001690,4,11,17,15,48124.0,45373.0,1.060630771604258,5499.823529411765,3549.0,0.1666666666666666,0.0246842366981601,0,0,0,,,15000,6,1
cred_001981,11,19,24,21,77145.0,102748.0,0.7508175341612489,7495.541666666667,4804.0,0.2333333333333333,-0.0636329214140649,0,0,0,,,10000,9,0
cred_000260,8,16,22,21,83530.0,96198.0,0.8683132705461653,8169.454545454545,4798.0,0.2333333333333333,-0.0749644023787586,1,1,1,33.0,0.0,5000,6,0
cred_001237,4,8,17,17,44590.0,25170.0,1.7715534366309098,4103.529411764706,2947.0,0.1888888888888888,0.1487521086552186,0,0,0,,,10000,6,0
cred_001107,5,9,13,13,18042.0,32353.0,0.5576608042530832,3876.538461538461,2738.0,0.1444444444444444,0.1178870931465475,0,0,0,,,15000,9,0
cred_000819,8,15,26,23,276782.0,286040.0,0.967633897357013,21647.0,7861.5,0.2555555555555555,-0.3553777876269037,1,1,1,96.0,0.0,15000,3,0
cred_000835,7,12,19,17,65342.0,77192.0,0.846486682557778,7501.789473684211,4079.0,0.1888888888888888,0.5481015841086246,2,2,2,59.5,0.0,25000,3,0
cred_001531,6,12,17,13,35392.0,528914.0,0.0669144700272634,33194.470588235294,2458.0,0.1444444444444444,-0.0116750830851568,0,0,0,,,5000,6,0
cred_000664,4,13,20,17,107790.0,90229.0,1.194627004621574,9900.95,5765.0,0.1888888888888888,-0.7552612563067931,0,0,0,,,10000,3,0
cred_000663,5,12,18,16,105103.0,35349.0,2.973294859826304,7802.888888888889,3516.0,0.1777777777777777,-0.1528147389969293,0,0,0,,,50000,6,1
cred_000954,4,11,19,18,112527.0,98262.0,1.1451731086279535,11094.157894736842,4297.0,0.2,-0.8781845641653162,0,0,0,,,5000,6,0
cred_001601,6,12,16,15,25895.0,94614.0,0.2736909971040226,7531.8125,3200.0,0.1666666666666666,0.5650622503199783,0,0,0,,,10000,6,0
cred_002297,8,12,19,17,74231.0,42791.0,1.734733939379776,6159.052631578948,4434.0,0.1888888888888888,0.5589748854638553,0,0,0,,,50000,3,1
cred_000453,0,3,8,8,14990.0,4536.0,3.304673721340388,2440.75,2217.5,0.0888888888888888,-1.0,0,0,0,,,10000,12,0
cred_001795,14,18,26,23,278117.0,51785.0,5.370609249782755,12688.53846153846,4008.0,0.2555555555555555,0.8536558877032934,1,0,0,0.0,1.0,5000,6,0
cred_000945,8,13,18,15,474010.0,78110.0,6.068493150684931,30673.33333333333,3637.5,0.1666666666666666,-0.7346679304608662,0,0,0,,,25000,9,0
cred_002550,5,10,17,15,39122.0,516324.0,0.0757702527870097,32673.29411764706,4890.0,0.1666666666666666,0.8943417748652621,2,0,0,0.0,1.0,15000,3,1
cred_000882,4,10,18,17,28986.0,40062.0,0.7235285307772952,3836.0,2655.0,0.1888888888888888,-0.4099929955638571,1,0,1,2.0,1.0,25000,3,0
cred_001463,4,12,15,13,33539.0,45820.0,0.731972937581842,5290.6,3615.0,0.1444444444444444,-0.4167660239279694,1,0,0,0.0,1.0,10000,3,1
cred_001860,7,12,19,18,27147.0,77749.0,0.3491620471002842,5520.8421052631575,4279.0,0.2,0.2259495028967885,0,0,0,,,100000,6,0
cred_001526,5,12,19,19,29017.0,67824.0,0.4278279075253597,5096.894736842105,4340.0,0.2111111111111111,-0.0503801761391608,1,0,0,0.0,1.0,50000,6,0
cred_002228,8,15,17,15,20244.0,162975.0,0.1242153704555913,10777.588235294115,2579.0,0.1666666666666666,-0.2806592858922787,0,0,0,,,5000,6,1
cred_002034,6,9,18,13,31835.0,46627.0,0.6827589165076029,4359.0,3620.0,0.1444444444444444,0.6175219960955259,0,0,0,,,5000,12,0
cred_001895,6,16,19,18,44234.0,69050.0,0.6406082548877625,5962.315789473684,4374.0,0.2,-0.0376419082773569,1,0,1,10.0,1.0,100000,12,0
cred_002275,5,8,11,10,49983.0,397847.0,0.1256337235168293,40711.81818181818,5258.0,0.1111111111111111,0.9602168624387406,0,0,0,,,10000,3,0
cred_000840,8,14,21,21,54970.0,65731.0,0.8362872921452587,5747.666666666667,4933.0,0.2333333333333333,0.1325364816308572,0,0,0,,,10000,12,0
cred_002068,7,16,28,25,95670.0,93015.0,1.0285437832607645,6738.75,4139.5,0.2777777777777778,-0.0739451127394349,0,0,0,,,50000,6,0
cred_000803,6,18,24,22,195958.0,75607.0,2.591797055828164,11315.208333333334,4560.0,0.2444444444444444,-0.7141046189124703,1,0,0,0.0,1.0,15000,6,0
cred_002064,8,13,15,14,25319.0,70907.0,0.3570733495987702,6415.066666666667,3702.0,0.1555555555555555,0.1848941127377682,1,0,0,0.0,1.0,5000,3,0
cred_002579,5,13,21,19,118101.0,268389.0,0.440036663201547,18404.285714285717,4514.0,0.2111111111111111,-0.771796358160076,0,0,0,,,15000,6,0
cred_000916,9,14,20,17,26832.0,51441.0,0.5216072782410918,3913.65,3666.5,0.1888888888888888,0.1336582248142526,0,0,0,,,5000,6,1
cred_001198,6,11,18,17,29963.0,50781.0,0.5900435202142533,4485.777777777777,3085.0,0.1888888888888888,-0.3160197029848551,0,0,0,,,5000,3,0
cred_002541,3,13,22,17,46497.0,111426.0,0.4172903990092079,7178.318181818182,3505.5,0.1888888888888888,-0.6468248801562407,0,0,0,,,10000,6,0
cred_001385,5,10,14,14,15111.0,25774.0,0.5862885077985567,2920.3571428571427,2550.0,0.1555555555555555,0.0686482116043583,0,0,0,,,5000,9,0
cred_002189,9,14,25,23,70577.0,172516.0,0.4091040830995386,9723.72,4213.0,0.2555555555555555,0.4298804109819774,0,0,0,,,10000,12,0
cred_000080,6,16,20,18,52239.0,58674.0,0.890326209223847,5545.65,3454.0,0.2,-0.3413684636706219,1,0,1,15.0,1.0,15000,9,0
cred_000674,7,10,18,16,91383.0,496757.0,0.1839591591059612,32674.444444444445,4159.0,0.1777777777777777,0.6765760692373811,0,0,0,,,5000,3,0
cred_000546,4,9,16,14,37124.0,99078.0,0.37469468499566,8512.625,6957.5,0.1555555555555555,0.1165249367961388,0,0,0,,,25000,6,0
cred_001770,7,11,17,17,99412.0,30940.0,3.2130575307045897,7667.764705882353,3013.0,0.1888888888888888,0.6947547812914221,0,0,0,,,50000,12,0
cred_000185,3,9,15,15,24704.0,484930.0,0.0509434351349679,33975.6,2802.0,0.1666666666666666,0.8690599603250784,0,0,0,,,5000,3,0
cred_000145,6,11,17,17,217800.0,40823.0,5.3352276902726405,15213.117647058823,4916.0,0.1888888888888888,-0.5828177368191995,1,0,0,0.0,1.0,25000,6,0
cred_001580,8,13,19,16,115271.0,519148.0,0.222038802037184,33390.47368421053,5385.0,0.1777777777777777,0.5633644691934615,0,0,0,,,15000,9,0
cred_000981,8,16,24,23,45476.0,70909.0,0.6413290273449068,4849.375,4145.5,0.2555555555555555,-0.1801366856856229,0,0,0,,,100000,9,0
cred_002563,10,19,29,25,74480.0,89398.0,0.8331282579028614,5650.96551724138,3493.0,0.2777777777777778,-0.3696395732091932,1,0,0,0.0,1.0,50000,3,0
cred_000655,7,9,16,15,49286.0,314022.0,0.1569507868875429,22706.75,3017.0,0.1666666666666666,0.4666729730049307,1,0,0,0.0,1.0,15000,12,0
cred_001040,13,22,27,24,96309.0,64325.0,1.4972250291488536,5949.407407407408,4851.0,0.2666666666666666,0.2635800786573731,0,0,0,,,10000,6,0
cred_001502,8,13,24,20,32171.0,110689.0,0.2906431533395369,5952.5,3045.0,0.2222222222222222,0.3737512982721178,0,0,0,,,15000,6,0
cred_001259,9,22,25,22,69771.0,156335.0,0.4462916173601561,9044.24,4269.0,0.2444444444444444,-0.0415875835089124,0,0,0,,,5000,3,0
cred_002587,10,15,20,19,5127.0,130848.0,0.0391828686720469,6798.75,3737.0,0.2111111111111111,0.2683182226721001,0,0,0,,,50000,6,1
cred_000610,10,14,20,18,36434.0,163012.0,0.223505018035482,9972.3,5409.5,0.2,0.7573950822702903,1,0,0,0.0,1.0,10000,6,1
cred_001116,7,14,18,18,59907.0,21578.0,2.776299935119103,4526.944444444444,2730.0,0.2,0.2521167735305611,0,0,0,,,5000,6,0
cred_000224,6,11,19,18,65491.0,86961.0,0.7531077149526799,8023.789473684211,4006.0,0.2,0.2003401300288756,0,0,0,,,15000,9,0
cred_000037,4,13,21,16,48572.0,45569.0,1.065900063639755,4482.9047619047615,2776.0,0.1777777777777777,-0.0328352453485009,0,0,0,,,25000,9,0
cred_001080,4,9,16,13,21828.0,28663.0,0.7615392666503855,3155.6875,2226.0,0.1444444444444444,0.2896821890371417,1,0,0,0.0,1.0,50000,6,1
cred_001224,2,7,10,9,16221.0,21364.0,0.759267927354428,3758.5,3399.5,0.1,-0.4392989348039586,1,0,1,1.0,1.0,10000,3,0
cred_000886,5,14,18,16,64083.0,40971.0,1.5641063191037563,5836.333333333333,5057.0,0.1777777777777777,-0.3262486716259298,0,0,0,,,5000,6,0
cred_001422,11,16,21,18,14953.0,174265.0,0.0858060999053166,9010.380952380952,4542.0,0.2,0.3464850229290662,0,0,0,,,50000,9,0
cred_001092,4,10,13,12,48550.0,196188.0,0.2474667155993231,18826.0,8212.0,0.1333333333333333,-0.0797469115134657,0,0,0,,,50000,3,1
cred_000550,3,6,14,13,63230.0,48603.0,1.30094850112133,7988.071428571428,6640.0,0.1444444444444444,0.1033554789336473,0,0,0,,,25000,9,0
cred_000785,5,12,14,12,48573.0,47455.0,1.0235591613107151,6859.142857142857,4259.5,0.1333333333333333,0.365488632196553,0,0,0,,,10000,9,0
cred_000366,3,6,9,9,138936.0,22191.0,6.260916587805867,17903.0,4164.0,0.1,0.6599044646173697,0,0,0,,,5000,3,0
cred_002586,11,14,21,20,5127.0,143371.0,0.0357603699492923,7071.333333333333,3771.0,0.2222222222222222,0.7064826591621516,1,1,1,108.0,0.0,15000,6,0
cred_000565,3,8,14,12,106152.0,83165.0,1.2764023327120784,13522.642857142857,5393.0,0.1333333333333333,0.2930768990991552,0,0,0,,,10000,3,0
cred_000815,5,7,16,15,51242.0,66062.0,0.7756652841270322,7331.5,6847.0,0.1666666666666666,0.7765410101899862,0,0,0,,,50000,3,0
cred_001724,7,11,20,18,97477.0,37998.0,2.565319227327754,6773.75,5516.0,0.2,0.2838236937469069,0,0,0,,,5000,6,0
cred_000797,9,15,19,17,78998.0,66680.0,1.184733053389322,7667.263157894737,3825.0,0.1888888888888888,-0.3020780495106314,0,0,0,,,10000,6,0
cred_000011,2,8,12,12,90222.0,83569.0,1.079610860486544,14482.583333333334,6505.0,0.1333333333333333,-0.8901535682023487,0,0,0,,,10000,6,0
cred_000284,12,23,29,27,117171.0,78023.0,1.5017494841264756,6730.827586206897,3895.0,0.3,-0.0506126717337435,0,0,0,,,10000,3,0
cred_001465,10,17,23,19,49457.0,152696.0,0.3238919159637449,8789.260869565218,5390.0,0.2111111111111111,-0.0697737766095092,0,0,0,,,10000,6,0
cred_002121,7,14,21,19,105073.0,78032.0,1.346537318023375,8719.285714285714,6301.0,0.2111111111111111,-0.2047861875125476,0,0,0,,,10000,6,0
cred_001887,7,11,16,14,26749.0,44559.0,0.6003052133126866,4456.75,3618.0,0.1555555555555555,0.1939714051543575,0,0,0,,,15000,9,1
cred_002032,4,6,16,15,17490.0,85329.0,0.2049713462011742,6426.1875,3877.0,0.1666666666666666,0.6761703301756645,0,0,0,,,5000,3,0
cred_002564,6,13,20,18,212973.0,101486.0,2.098545612202668,15722.95,4534.0,0.2,-0.7984138766261671,0,0,0,,,25000,9,0
cred_001103,7,20,26,24,62499.0,171539.0,0.3643428025113822,9001.461538461539,3418.5,0.2666666666666666,-0.2285332719318443,1,0,0,0.0,1.0,15000,3,0
cred_002356,5,12,20,17,168944.0,73810.0,2.2889039425552093,12137.7,5060.0,0.1888888888888888,0.6416369669411331,0,0,0,,,25000,9,0
cred_000031,4,10,18,18,364943.0,44525.0,8.196361594609769,22748.222222222223,6002.5,0.2,-0.9096195494619804,1,0,1,1.0,1.0,5000,3,0
cred_002009,5,10,21,17,271607.0,92572.0,2.9340081234066457,17341.85714285714,3472.0,0.1888888888888888,0.1948016968554306,0,0,0,,,10000,3,0
cred_001711,6,15,20,18,95712.0,124211.0,0.7705597732890002,10996.15,5708.0,0.2,-0.3233086933303353,2,0,0,0.0,1.0,10000,6,0
cred_001563,6,12,18,17,45809.0,27130.0,1.6884998157021749,4052.1666666666665,3960.0,0.1888888888888888,0.1292844257366205,0,0,0,,,15000,6,1
cred_000737,3,9,13,13,97392.0,139801.0,0.6966473773435097,18245.615384615383,6418.0,0.1444444444444444,-0.7497956168431421,0,0,0,,,15000,6,0
cred_001875,8,15,21,20,56688.0,372179.0,0.1523138059912031,20422.23809523809,3468.0,0.2222222222222222,0.382262996941896,1,0,0,0.0,1.0,100000,3,0
cred_001133,8,14,22,18,32930.0,68018.0,0.4841365520891528,4588.545454545455,2469.5,0.2,0.5944238291044027,0,0,0,,,50000,9,0
cred_000606,10,17,26,23,56904.0,84576.0,0.6728149829738933,5441.538461538462,3494.5,0.2555555555555555,0.175337036167827,1,0,0,0.0,1.0,25000,9,0
cred_002696,6,11,18,17,49432.0,48160.0,1.0264119601328905,5421.777777777777,3413.0,0.1888888888888888,-0.1390545885566306,0,0,0,,,15000,12,0
cred_001179,5,11,14,13,23327.0,56071.0,0.4160261097537051,5671.285714285715,3270.0,0.1444444444444444,-0.130528200537153,0,0,0,,,15000,6,0
cred_000215,4,9,19,17,29750.0,112285.0,0.2649507948523845,7475.526315789473,3709.0,0.1888888888888888,-0.0326299242604677,0,0,0,,,5000,6,0
cred_001961,7,13,22,22,49590.0,67649.0,0.7330485299117504,5329.045454545455,4073.5,0.2444444444444444,-0.0039682539682539,0,0,0,,,5000,3,0
cred_001360,7,12,19,16,56050.0,58048.0,0.965580209481808,6005.1578947368425,4905.0,0.1777777777777777,0.1396059989522544,0,0,0,,,25000,6,0
cred_002224,3,7,9,9,75745.0,63954.0,1.184366888701254,15522.111111111111,5617.0,0.1,-0.1105725811307122,2,0,0,0.0,1.0,50000,6,0
cred_001886,4,11,17,15,31286.0,44559.0,0.7021252721111335,4461.470588235294,3715.0,0.1666666666666666,-0.6679108456862536,1,1,1,99.0,0.0,5000,9,1
cred_001379,7,11,19,18,7314.0,195285.0,0.0374529533758353,10663.105263157897,2519.0,0.2,-0.7867681948618298,1,0,0,0.0,1.0,10000,9,1
cred_001181,6,12,15,14,23327.0,72720.0,0.3207783278327832,6403.133333333333,3493.0,0.1555555555555555,0.0944316293967897,1,0,1,15.0,1.0,25000,9,0
cred_001305,7,17,20,19,74379.0,52765.0,1.4096275940490857,6357.2,4559.0,0.2111111111111111,-0.2799929272389709,2,1,1,34.5,0.5,15000,6,0
cred_001844,6,9,18,18,27345.0,55469.0,0.4929780598171951,4600.777777777777,3682.5,0.2,0.3868496844169373,0,0,0,,,10000,6,0
cred_001637,9,13,24,20,63764.0,176802.0,0.3606520288232033,10023.583333333334,2938.0,0.2222222222222222,0.4957903651671399,0,0,0,,,10000,3,1
cred_001790,9,16,22,20,35363.0,56822.0,0.6223469782830594,4190.227272727273,2793.5,0.2222222222222222,-0.1364078871380249,1,0,0,0.0,1.0,10000,9,0
cred_000735,8,12,21,20,59551.0,528535.0,0.112671819274031,28004.09523809524,3597.0,0.2222222222222222,0.1137958209320652,0,0,0,,,5000,6,0
cred_001362,7,12,14,13,97240.0,34668.0,2.8048921195338643,9422.0,5240.0,0.1444444444444444,-0.2188040581607368,0,0,0,,,25000,12,0
cred_001064,9,18,23,21,107744.0,55022.0,1.958198538766312,7076.782608695652,4063.0,0.2333333333333333,-0.1228457477272964,0,0,0,,,10000,9,0
cred_000044,10,18,26,22,179889.0,186407.0,0.9650335019607632,14088.307692307691,5946.0,0.2444444444444444,0.2613952246675454,1,1,1,116.0,0.0,10000,9,0
cred_000756,6,10,18,17,37467.0,249731.0,0.1500294316684752,15955.444444444443,3998.0,0.1888888888888888,0.8748616626521711,0,0,0,,,10000,3,0
cred_002703,4,9,15,15,51074.0,41515.0,1.2302541250150547,6172.6,4637.0,0.1666666666666666,-0.2624557187545317,1,0,1,2.0,1.0,5000,3,1
cred_001093,4,9,12,11,48550.0,193716.0,0.2506246257407751,20188.83333333333,10022.0,0.1222222222222222,0.155995556849677,1,1,1,69.0,0.0,10000,9,0
cred_000392,5,8,14,14,36780.0,32459.0,1.1331217844049415,4945.642857142857,3318.0,0.1555555555555555,0.4810600534889375,0,0,0,,,5000,3,0
cred_001659,2,9,16,16,58134.0,20720.0,2.8056949806949807,4928.375,3183.0,0.1777777777777777,-0.8592039573123254,0,0,0,,,50000,6,0
cred_000946,6,14,17,16,474550.0,64616.0,7.344156246130989,31715.647058823528,3556.0,0.1777777777777777,-0.3573109754113474,1,0,0,0.0,1.0,15000,6,0
cred_002470,6,9,18,16,16915.0,72511.0,0.2332749513866861,4968.111111111111,1953.0,0.1777777777777777,0.34083583720295,0,0,0,,,50000,3,0
cred_001866,9,12,18,15,47229.0,57677.0,0.8188532690673925,5828.111111111111,4750.5,0.1666666666666666,0.5213734997218027,1,0,1,15.0,1.0,5000,3,1
cred_000027,4,7,12,12,24378.0,36522.0,0.6674880893707902,5075.0,4281.5,0.1333333333333333,0.5145358262185237,0,0,0,,,5000,3,1
cred_001099,7,12,19,19,86067.0,176042.0,0.4889003760466252,13795.21052631579,5182.0,0.2111111111111111,-0.7097863749745222,0,0,0,,,15000,6,0
cred_001584,7,13,18,17,44361.0,106702.0,0.415746658919233,8392.388888888889,3901.5,0.1888888888888888,-0.6412139050838138,0,0,0,,,5000,3,0
cred_001684,3,13,15,12,35265.0,57937.0,0.6086783920465333,6213.466666666666,6804.0,0.1333333333333333,-0.7418438700746999,0,0,0,,,5000,6,1
cred_002347,5,14,23,20,31554.0,191202.0,0.1650296545015219,9685.04347826087,2058.0,0.2222222222222222,-0.6980887593132491,1,0,0,0.0,1.0,15000,12,0
cred_000259,5,10,14,13,11573.0,44307.0,0.2612002618096463,3991.428571428572,3709.5,0.1444444444444444,0.1005562888930794,0,0,0,,,10000,6,0
cred_000383,2,6,13,11,24941.0,52459.0,0.4754379610743628,5953.846153846154,5073.0,0.1222222222222222,-0.2984490736143932,0,0,0,,,10000,9,0
cred_000725,9,15,24,19,71854.0,48009.0,1.496677706263409,4994.291666666667,3318.0,0.2111111111111111,0.0253674301690307,1,0,0,0.0,1.0,25000,6,0
cred_001862,7,15,20,20,35431.0,59031.0,0.6002100591214785,4723.1,3344.0,0.2222222222222222,-0.1790039958331389,0,0,0,,,5000,12,0
cred_002372,4,11,14,13,28515.0,77159.0,0.3695615547116992,7548.142857142857,5522.0,0.1444444444444444,0.1681587488292056,1,0,0,0.0,1.0,15000,6,0
cred_000021,8,15,17,16,240195.0,66752.0,3.598319151486098,18055.70588235294,4821.0,0.1777777777777777,-0.669943782981093,0,0,0,,,15000,6,0
cred_002634,6,14,18,16,83453.0,73142.0,1.1409723551447868,8699.722222222223,5387.5,0.1777777777777777,0.0540292590226241,0,0,0,,,15000,3,0
cred_002516,2,10,16,15,32707.0,196890.0,0.1661181370308294,14349.8125,5603.0,0.1666666666666666,0.3983374955043487,0,0,0,,,25000,6,0
cred_002605,6,15,26,23,35623.0,137753.0,0.2586005386452563,6668.307692307692,4988.0,0.2555555555555555,-0.1332322767506699,0,0,0,,,15000,9,0
cred_002584,2,4,10,9,21411.0,73241.0,0.2923362597452246,9465.2,5216.5,0.1,-0.499530482519503,0,0,0,,,15000,12,0
cred_000345,5,11,18,15,45131.0,80539.0,0.5603620606165957,6981.666666666667,4857.0,0.1666666666666666,0.3311485841552656,0,0,0,,,10000,3,0
cred_001075,7,13,20,15,35827.0,95613.0,0.3747084601466328,6572.0,4206.5,0.1666666666666666,0.1057977630677927,0,0,0,,,25000,6,0
cred_001573,8,16,22,19,46200.0,321173.0,0.1438477082444663,16698.772727272728,4406.0,0.2111111111111111,-0.842067940630569,0,0,0,,,50000,3,0
cred_001294,5,11,19,18,56143.0,68773.0,0.8163523475782647,6574.526315789473,3889.0,0.2,-0.2573442294255248,0,0,0,,,5000,3,1
cred_002084,6,8,16,16,37203.0,81439.0,0.4568204422942325,7415.125,5583.0,0.1777777777777777,0.5048491668006215,0,0,0,,,25000,12,0
cred_001752,4,13,19,17,355595.0,85324.0,4.167584735830482,23206.263157894737,5698.0,0.1888888888888888,-0.2026510145765906,0,0,0,,,100000,6,0
cred_000843,8,12,19,16,29849.0,36443.0,0.8190599017643992,3489.0526315789475,2201.0,0.1777777777777777,-0.2875986141837459,0,0,0,,,5000,6,0
cred_002128,7,15,20,20,43797.0,62245.0,0.7036227809462607,5302.1,4288.0,0.2222222222222222,-0.1062769673310047,0,0,0,,,5000,12,0
cred_002127,7,15,19,19,43797.0,57458.0,0.7622437258519267,5329.210526315789,4183.0,0.2111111111111111,-0.1062769673310047,1,0,0,0.0,1.0,50000,9,1
cred_001828,9,17,20,19,48247.0,224839.0,0.2145846583555344,13654.3,4376.0,0.2111111111111111,-0.6551700181404145,0,0,0,,,50000,3,0
cred_001006,6,12,16,16,62557.0,126195.0,0.4957169459962756,11797.0,3531.0,0.1777777777777777,-0.5065181583829824,0,0,0,,,5000,3,0
cred_000147,3,15,18,14,23448.0,188018.0,0.1247114637960195,11748.111111111111,5614.0,0.1555555555555555,-0.726872057735408,0,0,0,,,15000,6,0
cred_001758,10,13,20,16,60944.0,28902.0,2.1086430004843955,4492.3,3463.5,0.1777777777777777,0.592765629515461,1,0,1,15.0,1.0,50000,3,0
cred_002241,1,7,12,11,20541.0,43435.0,0.4729135489812363,5331.333333333333,3996.0,0.1222222222222222,-0.583294686226171,0,0,0,,,25000,6,1
cred_000473,13,21,25,21,39973.0,94968.0,0.4209102013309746,5397.64,2872.0,0.2333333333333333,0.645146584924939,2,0,0,0.0,1.0,15000,9,0
cred_002638,8,15,22,20,65093.0,33196.0,1.9608687793710085,4467.681818181818,3904.0,0.2222222222222222,0.3351061042703694,0,0,0,,,15000,3,1
cred_002192,7,15,21,21,88735.0,78729.0,1.1270942092494507,7974.476190476191,4657.0,0.2333333333333333,0.1561999711682182,0,0,0,,,15000,3,0
cred_001883,7,16,24,23,190676.0,76960.0,2.4775987525987526,11151.5,4861.0,0.2555555555555555,-0.6807220303182634,0,0,0,,,15000,6,0
cred_002599,5,6,7,7,6703.0,10711.0,0.6258052469423957,2487.714285714286,2083.0,0.0777777777777777,0.7490052834126932,0,0,0,,,5000,9,1
cred_002097,2,13,21,18,73187.0,32885.0,2.2255435608940246,5051.047619047619,2307.0,0.2,-0.9248833544479808,1,0,0,0.0,1.0,5000,9,0
cred_000327,3,5,7,6,23036.0,16459.0,1.3995990035846648,5642.142857142857,6941.0,0.0666666666666666,-0.3097533363065628,0,0,0,,,5000,3,0
cred_001762,8,11,18,16,32956.0,52952.0,0.622374981114972,4772.666666666667,3740.5,0.1777777777777777,0.271610613610871,0,0,0,,,100000,6,0
cred_002600,6,7,8,8,17703.0,10711.0,1.6527868546354216,3551.75,2389.5,0.0888888888888888,0.8538604686491208,1,1,1,102.0,0.0,15000,6,0
cred_000921,3,6,12,10,23742.0,19390.0,1.2244455905105724,3594.333333333333,2463.0,0.1111111111111111,-0.1202997275204359,1,0,1,1.0,1.0,15000,6,0
cred_001600,3,8,15,14,13200.0,94221.0,0.1400961569076957,7161.4,2218.0,0.1555555555555555,-0.8898986009498139,1,0,0,0.0,1.0,15000,6,0
cred_000966,7,8,11,11,2847.0,61779.0,0.0460836206477929,5875.090909090909,2847.0,0.1222222222222222,0.6528749619714025,1,0,0,0.0,1.0,10000,6,0
cred_000932,3,8,11,10,16085.0,40706.0,0.395150592050312,5162.818181818182,3693.0,0.1111111111111111,-0.1100601891659501,0,0,0,,,5000,9,0
cred_001664,4,11,14,12,37641.0,51549.0,0.7301984519583309,6370.714285714285,3880.5,0.1333333333333333,0.089169046121086,0,0,0,,,10000,12,1
cred_000043,3,11,20,17,138116.0,175498.0,0.7869947235865936,15680.7,5946.0,0.1888888888888888,-0.8821841788388043,2,1,2,63.0,0.5,5000,12,0
cred_002557,6,14,17,12,67424.0,12261.0,5.499062066715602,4687.35294117647,2680.0,0.1333333333333333,-0.2867373485886927,2,1,1,29.0,0.5,15000,3,1
cred_001846,5,10,18,18,115681.0,75481.0,1.532584358977756,10620.111111111111,4886.5,0.2,0.2878962213908595,0,0,0,,,5000,6,0
cred_000642,7,18,23,21,57384.0,91554.0,0.6267776394259126,6475.565217391304,4125.0,0.2333333333333333,-0.1765522818367203,0,0,0,,,10000,6,0
cred_001295,4,11,18,17,53389.0,68773.0,0.7763075625608887,6786.777777777777,4116.5,0.1888888888888888,-0.5524804812103169,1,1,1,85.0,0.0,15000,6,0
cred_002514,3,5,12,12,51204.0,31894.0,1.6054430300369975,6924.833333333333,5006.5,0.1333333333333333,-0.4835281615302869,0,0,0,,,10000,12,1
cred_000907,10,14,20,17,12271.0,80083.0,0.1532285254048924,4617.7,3262.0,0.1888888888888888,0.72260942734215,0,0,0,,,50000,3,0
cred_000909,11,15,23,19,44147.0,50436.0,0.8753073201681338,4112.304347826087,3665.0,0.2111111111111111,0.2411459508233701,0,0,0,,,5000,3,0
cred_000125,7,15,19,18,126730.0,221047.0,0.5733169868851421,18304.052631578947,9008.0,0.2,-0.1578407766990291,1,1,1,114.0,0.0,10000,9,0
cred_001536,9,13,24,20,69437.0,113410.0,0.6122652323428269,7618.625,6233.5,0.2222222222222222,0.468032974582093,0,0,0,,,50000,3,0
cred_001861,9,15,22,20,44523.0,62308.0,0.7145631379598125,4855.954545454545,3386.0,0.2222222222222222,-0.0426802009098798,1,0,1,1.0,1.0,10000,3,0
cred_000773,9,19,26,22,21116.0,127082.0,0.1661604318471538,5699.923076923077,4315.0,0.2444444444444444,-0.1217188567753346,0,0,0,,,5000,6,0
cred_001088,6,10,11,10,53766.0,15479.0,3.4734801989792623,6295.0,3782.0,0.1111111111111111,0.76030186306108,0,0,0,,,10000,6,0
cred_002384,9,18,24,19,79996.0,51485.0,1.5537729435757988,5478.375,3114.0,0.2111111111111111,0.2198502210592799,0,0,0,,,10000,6,1
cred_000328,6,13,21,21,83883.0,70255.0,1.193979076222333,7339.9047619047615,4720.0,0.2333333333333333,-0.2025179197589106,1,0,1,1.0,1.0,15000,6,0
cred_001218,7,15,21,20,25858.0,125241.0,0.2064659336798652,7195.190476190476,4409.0,0.2222222222222222,-0.0652019996138084,0,0,0,,,10000,9,0
cred_002380,4,13,16,15,91233.0,38366.0,2.377964864723974,8099.9375,4509.0,0.1666666666666666,-0.3216625496724304,0,0,0,,,5000,6,0
cred_000576,3,8,12,12,30858.0,17680.0,1.7453619909502265,4044.8333333333335,3522.0,0.1333333333333333,-0.3837285662167092,0,0,0,,,15000,9,0
cred_002273,6,10,16,16,94583.0,89503.0,1.0567578740377417,11505.375,4381.0,0.1777777777777777,0.4656333808716555,0,0,0,,,100000,3,0
cred_002078,7,16,26,23,95748.0,86228.0,1.1104049728626433,6999.076923076923,4030.0,0.2555555555555555,-0.1025901325521362,0,0,0,,,15000,6,0
cred_000081,10,20,26,24,149697.0,205393.0,0.728832043935285,13657.307692307691,5191.0,0.2666666666666666,0.7065332866626137,0,0,0,,,5000,9,0
cred_000407,7,15,20,17,40396.0,50734.0,0.7962313241613119,4556.5,3984.0,0.1888888888888888,0.1057737689443599,1,0,0,0.0,1.0,10000,6,1
cred_001854,4,13,21,19,47799.0,77216.0,0.6190297347699959,5953.095238095239,5177.0,0.2111111111111111,-0.179005755058462,0,0,0,,,15000,6,0
cred_001391,8,12,19,18,50631.0,82880.0,0.6108952702702702,7026.894736842105,4799.0,0.2,0.3227674095158003,1,0,0,0.0,1.0,25000,3,0
cred_000856,3,9,15,13,27108.0,42773.0,0.6337642905571271,4658.733333333334,4611.0,0.1444444444444444,-0.2926390446142212,0,0,0,,,5000,3,0
cred_001358,6,13,19,18,54886.0,56495.0,0.971519603504735,5862.1578947368425,4304.0,0.2,-0.4358643773631687,1,0,0,0.0,1.0,15000,3,0
cred_002365,5,11,13,12,35042.0,17266.0,2.02953781999305,4023.692307692308,3664.0,0.1333333333333333,0.1422347983632921,0,0,0,,,10000,3,0
cred_002592,8,14,19,16,56767.0,25567.0,2.2203230727109164,4333.368421052632,3606.0,0.1777777777777777,0.1399443929564411,0,0,0,,,5000,12,0
cred_002390,6,18,23,21,62374.0,233631.0,0.2669765570493642,12869.782608695652,4821.0,0.2333333333333333,-0.7984665210070411,1,0,0,0.0,1.0,10000,9,0
cred_001377,6,13,20,19,107970.0,34409.0,3.1378418437036824,7118.95,4420.0,0.2111111111111111,0.3737592429308493,0,0,0,,,5000,6,0
cred_002230,3,13,18,17,53105.0,68500.0,0.7752554744525547,6755.833333333333,3854.5,0.1888888888888888,-0.4222831254544437,1,1,1,106.0,0.0,50000,3,1
cred_001437,6,13,21,19,60835.0,37409.0,1.62621294340934,4678.285714285715,3923.0,0.2111111111111111,-0.2432110213273281,2,1,1,56.5,0.5,100000,3,0
cred_000275,3,7,16,16,37506.0,90994.0,0.4121810229245884,8031.25,5669.0,0.1777777777777777,-0.6083491738558269,1,0,0,0.0,1.0,5000,12,0
cred_000343,7,13,20,19,59014.0,103384.0,0.5708233382341562,8119.9,3976.5,0.2111111111111111,-0.014843388914566,0,0,0,,,25000,9,0
cred_001760,4,8,13,11,33502.0,223318.0,0.150019255053332,19755.384615384617,6853.0,0.1222222222222222,0.1269870031462599,0,0,0,,,5000,3,0
cred_001811,11,23,29,24,124390.0,80737.0,1.540681471939755,7073.344827586207,4465.0,0.2666666666666666,-0.1782698887774707,0,0,0,,,15000,9,0
cred_002610,9,16,24,22,46267.0,210465.0,0.2198322761504288,10697.166666666666,4358.0,0.2444444444444444,-0.0678270077098706,0,0,0,,,10000,3,0
cred_001958,5,13,19,17,32246.0,56672.0,0.5689935064935064,4679.894736842105,3720.0,0.1888888888888888,0.0209084354722422,0,0,0,,,5000,6,0
cred_000910,3,11,16,16,58071.0,19139.0,3.03417106431893,4825.625,3044.5,0.1777777777777777,-0.1978071469615319,0,0,0,,,15000,3,0
cred_001722,5,10,18,17,35323.0,116935.0,0.3020738016846966,8458.777777777777,5614.5,0.1888888888888888,-0.1362546457259321,0,0,0,,,5000,6,0
cred_001839,5,10,16,15,74243.0,25306.0,2.933810163597566,6221.8125,3664.5,0.1666666666666666,-0.7196701614628767,0,0,0,,,10000,3,0
cred_001312,8,15,21,17,70812.0,95948.0,0.7380247634135156,7940.952380952381,5429.0,0.1888888888888888,-0.1025109740000613,0,0,0,,,10000,6,0
cred_000868,5,8,13,12,36193.0,18093.0,2.000386889957442,4175.846153846154,3327.0,0.1333333333333333,-0.026508962321668,0,0,0,,,5000,3,1
cred_000972,5,9,17,15,29599.0,190377.0,0.155475713978054,12939.764705882351,3633.0,0.1666666666666666,0.8709852934116404,0,0,0,,,50000,6,0
cred_000033,5,7,17,17,41691.0,60037.0,0.6944217732398354,5984.0,5291.0,0.1888888888888888,0.2194974995481111,1,0,0,0.0,1.0,100000,9,0
cred_001813,8,12,16,15,61161.0,55543.0,1.101146859190177,7294.0,3294.0,0.1666666666666666,0.5139893798714406,0,0,0,,,10000,9,0
cred_001988,8,15,15,11,111012.0,49275.0,2.252907153729072,10685.8,4614.0,0.1222222222222222,-0.3750210559808344,0,0,0,,,100000,6,0
cred_000394,4,8,14,14,75292.0,72187.0,1.0430132849405018,10534.214285714286,4890.5,0.1555555555555555,0.232968960441006,0,0,0,,,10000,3,0
cred_000271,6,13,20,19,51193.0,38369.0,1.334228152935964,4478.1,3268.0,0.2111111111111111,0.1316451184984259,1,0,0,0.0,1.0,15000,9,0
cred_000242,6,11,21,17,55127.0,56902.0,0.9688060173631858,5334.714285714285,2830.0,0.1888888888888888,0.0980333218825146,0,0,0,,,5000,6,0
cred_001881,6,9,15,14,91567.0,402876.0,0.2272833328369026,32962.86666666667,4892.0,0.1555555555555555,-0.8470639810314837,1,0,0,0.0,1.0,15000,6,0
cred_001675,4,8,12,11,21598.0,68690.0,0.3144271364099578,7524.0,5426.5,0.1222222222222222,-0.0959508034517741,0,0,0,,,15000,12,0
cred_002268,2,8,12,11,49146.0,38748.0,1.2683493341591825,7324.5,3840.0,0.1222222222222222,-0.0583487084870848,0,0,0,,,10000,3,0
cred_001255,6,14,17,15,43732.0,52723.0,0.8294672154467689,5673.823529411765,4346.0,0.1666666666666666,-0.1656353645859115,0,0,0,,,5000,6,0
cred_001831,2,4,9,9,28855.0,11448.0,2.5205276030747727,4478.111111111111,3316.0,0.1,0.1229589124325966,1,0,0,0.0,1.0,5000,9,0
cred_001726,3,8,14,14,49557.0,46495.0,1.065856543714378,6860.857142857143,6197.5,0.1555555555555555,-0.7151215315121532,0,0,0,,,25000,3,1
cred_002509,7,11,13,13,16356.0,36624.0,0.4465923984272608,4075.3846153846152,3711.0,0.1444444444444444,0.263139497141145,0,0,0,,,5000,3,0
cred_000267,6,15,21,19,39713.0,138737.0,0.2862466393247656,8497.619047619048,5698.0,0.2111111111111111,-0.0831106974045284,1,0,0,0.0,1.0,15000,3,0
cred_000435,5,15,21,17,39343.0,55637.0,0.7071373366644499,4522.857142857143,3352.0,0.1888888888888888,-0.3648732305237237,0,0,0,,,100000,3,0
cred_000298,8,11,22,20,52831.0,68514.0,0.7710978778059958,5515.681818181818,3785.5,0.2222222222222222,0.0247600683640825,0,0,0,,,50000,9,0
cred_002065,0,9,15,14,48690.0,46566.0,1.0456126787785078,6350.4,3781.0,0.1555555555555555,-1.0,2,0,0,0.0,1.0,25000,3,0
cred_001156,5,8,16,13,10754.0,64793.0,0.165974719491303,4721.6875,3132.5,0.1444444444444444,0.3717519583146416,0,0,0,,,5000,3,0
cred_001303,5,12,23,21,83515.0,718698.0,0.1162031896568517,34878.82608695652,3151.0,0.2333333333333333,-0.7994970132609308,0,0,0,,,100000,9,0
cred_002023,10,13,20,18,81003.0,63626.0,1.273111621035426,7231.45,4554.0,0.2,0.5960597780251662,1,0,1,1.0,1.0,25000,9,0
cred_001388,6,10,14,13,16354.0,242117.0,0.0675458559291582,18462.214285714286,8079.5,0.1444444444444444,0.8140117881200245,0,0,0,,,5000,9,0
cred_002500,8,11,15,13,44575.0,43170.0,1.0325457493629835,5849.666666666667,5078.0,0.1444444444444444,0.0434342609973067,0,0,0,,,100000,3,0
cred_001474,7,15,15,14,33081.0,136754.0,0.2419015165918364,11322.333333333334,3088.0,0.1555555555555555,-0.6402272794182589,1,1,1,114.0,0.0,10000,3,0
cred_000086,6,13,21,19,46370.0,436013.0,0.1063500400217424,22970.61904761905,3138.0,0.2111111111111111,0.9211750789642325,0,0,0,,,5000,3,0
cred_000071,7,11,18,17,35021.0,87620.0,0.3996918511755307,6813.388888888889,3659.0,0.1888888888888888,0.4548661623508874,0,0,0,,,10000,12,0
cred_000066,6,9,12,12,45690.0,79121.0,0.5774699510875747,10400.916666666666,5106.5,0.1333333333333333,-0.362651957371606,0,0,0,,,15000,3,1
cred_002288,7,10,18,16,17945.0,80744.0,0.2222456157733082,5482.722222222223,4855.0,0.1777777777777777,0.3312114829549887,0,0,0,,,10000,9,0
cred_002177,2,6,12,12,24834.0,12455.0,1.9938980329185063,3107.4166666666665,2564.5,0.1333333333333333,-0.316208808719485,0,0,0,,,10000,3,0
cred_002320,6,10,16,15,123518.0,34781.0,3.551306747937092,9893.6875,5303.0,0.1666666666666666,0.6168535702769518,0,0,0,,,10000,9,0
cred_001396,3,6,10,9,48536.0,30484.0,1.5921795040020994,7902.0,4507.0,0.1,-0.6059388408363413,0,0,0,,,25000,3,0
cred_002079,5,9,13,12,29988.0,29559.0,1.014513346188978,4580.538461538462,4727.0,0.1333333333333333,-0.2322517470067209,0,0,0,,,100000,9,1
cred_000832,6,7,17,17,434057.0,291556.0,1.488760306767825,42683.117647058825,4720.0,0.1888888888888888,0.271140460591278,1,0,0,0.0,1.0,5000,6,0
cred_001476,8,15,16,15,38085.0,136754.0,0.2784927680360355,10927.4375,3354.5,0.1666666666666666,-0.5838819350572594,2,1,1,57.0,0.5,10000,9,0
cred_000047,9,14,24,22,41257.0,135129.0,0.3053156613310244,7349.416666666667,3928.0,0.2444444444444444,0.424643252752981,0,0,0,,,10000,3,1
cred_002050,4,9,11,10,6791.0,20018.0,0.3392446797881906,2437.181818181818,2139.0,0.1111111111111111,0.2663852287748923,1,0,0,0.0,1.0,100000,9,1
cred_000346,3,9,15,15,44017.0,40284.0,1.0926670638466884,5620.066666666667,4419.0,0.1666666666666666,-0.2933605508078746,0,0,0,,,10000,3,0
cred_001604,3,14,20,15,28750.0,138725.0,0.2072445485673094,8373.75,4447.0,0.1666666666666666,-0.2405204224456037,0,0,0,,,5000,6,0
cred_000544,4,7,14,13,59916.0,36355.0,1.6480814193370923,6876.5,3896.5,0.1444444444444444,-0.311779841145542,0,0,0,,,10000,6,0
cred_000668,6,13,16,16,17546.0,167006.0,0.1050620935774762,11534.5,2368.0,0.1777777777777777,-0.0094698685999093,0,0,0,,,10000,3,1
cred_002403,6,11,18,17,57232.0,45910.0,1.2466129383576563,5730.111111111111,4352.5,0.1888888888888888,0.0824174628392348,0,0,0,,,15000,6,0
cred_002231,5,15,25,20,69638.0,150436.0,0.4629078146188412,8802.96,4832.0,0.2222222222222222,-0.5343105142482804,0,0,0,,,5000,3,0
cred_000650,4,9,12,11,38573.0,41125.0,0.9379452887537992,6641.5,6006.0,0.1222222222222222,0.2403326199539298,0,0,0,,,10000,12,1
cred_001808,5,14,20,18,25442.0,77330.0,0.329005560584508,5138.6,5643.0,0.2,-0.3463057669119787,0,0,0,,,50000,9,0
cred_000277,6,15,19,17,31178.0,75099.0,0.415158657239111,5593.526315789473,3751.0,0.1888888888888888,-0.5507363615208165,0,0,0,,,15000,6,0
cred_002053,4,5,12,11,41537.0,49301.0,0.8425184073345369,7569.833333333333,6673.0,0.1222222222222222,0.306710895636642,0,0,0,,,5000,6,0
cred_000607,10,16,21,18,535111.0,39319.0,13.609476334596506,27353.809523809523,3796.0,0.2,0.4408647493744904,0,0,0,,,50000,6,0
cred_000662,6,13,16,16,48302.0,40536.0,1.1915827906058811,5552.375,4145.5,0.1777777777777777,-0.3223051757402902,0,0,0,,,25000,6,0
cred_002202,7,14,20,18,67298.0,56718.0,1.186536901865369,6200.8,3976.5,0.2,0.1156086903750455,0,0,0,,,15000,9,0
cred_001532,4,11,17,17,53142.0,43807.0,1.213093797794873,5702.882352941177,4022.0,0.1888888888888888,-0.0855975738070186,0,0,0,,,25000,3,0
cred_000287,5,9,17,17,104403.0,55226.0,1.8904682577047045,9389.941176470587,5205.0,0.1888888888888888,0.6484410013445163,0,0,0,,,50000,12,0
cred_000597,9,18,25,24,54046.0,69048.0,0.7827308538987371,4923.76,4109.0,0.2666666666666666,-0.3052515832989712,0,0,0,,,15000,6,0
cred_001129,2,9,16,12,15125.0,65699.0,0.2302165938598761,5051.5,3136.0,0.1333333333333333,-0.7183358218584674,0,0,0,,,5000,6,0
cred_001219,6,14,19,19,28238.0,106071.0,0.2662179106447568,7068.894736842105,4409.0,0.2111111111111111,-0.237650258205436,1,0,0,0.0,1.0,10000,3,0
cred_002708,7,11,17,15,45132.0,206104.0,0.2189768272328533,14778.588235294115,6477.0,0.1666666666666666,-0.5243941030213225,0,0,0,,,25000,9,0
cred_000849,4,13,21,18,42661.0,583909.0,0.0730610420459352,29836.666666666668,5083.0,0.2,-0.644966032667189,1,0,0,0.0,1.0,5000,6,0
cred_002355,8,10,15,15,12028.0,81470.0,0.1476371670553578,6233.2,3105.0,0.1666666666666666,0.060729203539823,0,0,0,,,15000,12,0
cred_001124,4,8,12,11,43787.0,208976.0,0.2095312380369037,21063.58333333333,7195.5,0.1222222222222222,-0.0715151008814069,0,0,0,,,10000,12,0
cred_002021,9,13,19,17,81003.0,59060.0,1.3715374195733152,7371.736842105263,4542.0,0.1888888888888888,-0.099568194852073,2,0,1,0.5,1.0,5000,6,0
cred_002501,8,11,16,14,44575.0,73080.0,0.6099480021893815,7353.4375,5126.0,0.1555555555555555,0.40756873834306,1,0,1,5.0,1.0,25000,6,0
cred_002706,4,14,17,15,31140.0,40410.0,0.7706013363028953,4208.823529411765,3362.0,0.1666666666666666,-0.4613546825308925,0,0,0,,,15000,9,0
cred_000739,5,15,20,16,18204.0,117723.0,0.1546341836344639,6796.35,3444.0,0.1777777777777777,-0.4591099499365084,0,0,0,,,15000,9,0
cred_002629,4,10,17,16,13189.0,68579.0,0.1923183481823882,4809.882352941177,3980.0,0.1777777777777777,-0.306718460316059,0,0,0,,,15000,6,0
cred_000706,8,12,16,15,36172.0,209245.0,0.1728691247102678,15338.5625,5986.5,0.1666666666666666,0.711078912335155,0,0,0,,,5000,12,0
cred_000084,3,7,10,10,27473.0,20426.0,1.345001468716342,4789.9,4580.0,0.1111111111111111,0.0078673602080624,0,0,0,,,5000,12,0
cred_001121,9,14,22,21,112193.0,79874.0,1.404624784034855,8730.318181818182,4175.5,0.2333333333333333,0.7432704061959028,0,0,0,,,100000,3,0
cred_000150,6,7,10,8,32512.0,17760.0,1.8306306306306304,5027.2,4537.5,0.0888888888888888,0.6852600932677195,0,0,0,,,5000,3,1
cred_001843,10,11,15,14,27939.0,53489.0,0.5223316943670662,5428.533333333334,3149.0,0.1555555555555555,0.93986568986569,0,0,0,,,25000,6,0
cred_002567,6,18,23,20,56991.0,81118.0,0.7025690968712246,6004.739130434783,3971.0,0.2222222222222222,-0.4028261791687806,0,0,0,,,50000,9,0
cred_000498,6,11,15,15,34031.0,32440.0,1.0490443896424169,4431.4,2483.0,0.1666666666666666,-0.0743823845327604,0,0,0,,,15000,9,0
cred_000516,5,10,16,16,39741.0,73010.0,0.5443226955211615,7046.9375,4445.0,0.1777777777777777,-0.4192067728609557,0,0,0,,,5000,6,1
cred_000534,9,13,20,18,30551.0,717883.0,0.0425570740636008,37421.7,4025.5,0.2,-0.6205155592750017,0,0,0,,,5000,6,0
cred_001794,7,14,16,15,67915.0,43051.0,1.5775475598708508,6935.375,4878.5,0.1666666666666666,0.3867526571648465,0,0,0,,,25000,6,0
cred_000243,6,12,19,16,36335.0,42741.0,0.8501204932032475,4161.894736842105,2830.0,0.1777777777777777,0.1371588124679469,1,0,0,0.0,1.0,25000,3,0
cred_001761,8,11,14,11,35068.0,36425.0,0.962745367192862,5106.642857142857,4583.0,0.1222222222222222,-0.1517269669374025,1,0,1,1.0,1.0,50000,6,0
cred_002249,7,16,23,22,91163.0,44927.0,2.029136154205712,5916.95652173913,5458.0,0.2444444444444444,0.0283227795274714,0,0,0,,,10000,3,0
cred_001434,6,13,17,16,32523.0,31503.0,1.0323778687744023,3766.235294117647,3032.0,0.1777777777777777,0.1681231869515243,1,1,1,46.0,0.0,50000,3,0
cred_000861,3,10,18,17,37520.0,107379.0,0.3494165525847698,8049.944444444444,3184.0,0.1888888888888888,-0.5190827065755482,0,0,0,,,10000,3,1
cred_001980,6,11,17,15,129879.0,103015.0,1.260777556666505,13699.64705882353,4771.0,0.1666666666666666,-0.3119500130174433,0,0,0,,,50000,3,0
cred_002133,5,12,16,15,31528.0,56264.0,0.560358310820418,5487.0,5228.0,0.1666666666666666,-0.476188539590874,0,0,0,,,25000,12,0
cred_002191,7,16,22,20,87762.0,68254.0,1.285814750783837,7091.636363636364,3274.5,0.2222222222222222,-0.5574055120988376,1,0,0,0.0,1.0,25000,12,0
cred_000093,7,19,29,24,44579.0,357554.0,0.1246776710650699,13866.655172413792,8332.0,0.2666666666666666,-0.4146668991330734,2,1,1,50.5,0.5,25000,12,0
cred_001412,6,10,19,16,107359.0,59213.0,1.8130984749970445,8766.947368421053,3326.0,0.1777777777777777,0.5502645502645502,0,0,0,,,5000,6,0
cred_000649,4,13,20,19,46019.0,87479.0,0.5260576824152082,6674.9,4981.0,0.2111111111111111,-0.2420116054158607,1,0,0,0.0,1.0,5000,6,0
cred_001314,2,6,12,11,33124.0,28985.0,1.142797998964982,5175.75,3272.5,0.1222222222222222,-0.2668061793129394,0,0,0,,,15000,3,0
cred_002321,6,11,14,13,24902.0,93970.0,0.2649994679152921,8490.857142857143,5539.0,0.1444444444444444,-0.1650423517688091,0,0,0,,,15000,6,0
cred_001721,3,8,13,13,17578.0,62726.0,0.2802346714281159,6177.2307692307695,5900.0,0.1444444444444444,-0.274055595153243,1,0,0,0.0,1.0,15000,6,0
cred_000301,6,13,20,19,264164.0,72503.0,3.643490614181482,16833.35,5536.5,0.2111111111111111,0.6834892656030033,0,0,0,,,15000,6,0
cred_001644,6,12,20,19,34935.0,100865.0,0.3463540375749764,6790.0,4624.5,0.2111111111111111,0.2551524780440443,0,0,0,,,5000,3,1
cred_002277,8,12,20,19,48025.0,87821.0,0.5468509809726603,6792.3,4437.5,0.2111111111111111,0.2509239498204154,0,0,0,,,5000,3,1
cred_001765,6,10,16,15,40994.0,35782.0,1.1456598289642836,4798.5,4678.0,0.1666666666666666,-0.0759170653907496,0,0,0,,,15000,3,0
cred_000890,4,9,12,11,8017.0,62252.0,0.1287830109875987,5855.75,4474.5,0.1222222222222222,-0.4486465280502157,1,0,0,0.0,1.0,5000,6,1
cred_001258,8,12,18,18,26438.0,59783.0,0.4422327417493267,4790.055555555556,2784.0,0.2,0.6849848264942604,0,0,0,,,10000,6,0
cred_000431,3,10,20,16,111060.0,66771.0,1.6632969402884483,8891.55,5401.5,0.1777777777777777,0.3053339344872876,1,0,0,0.0,1.0,10000,6,0
cred_000996,7,18,19,16,47036.0,56137.0,0.8378787608885405,5430.1578947368425,2639.0,0.1777777777777777,-0.1093162959837663,0,0,0,,,15000,6,0
cred_002540,4,13,17,16,43816.0,59749.0,0.733334449112119,6092.058823529412,3828.0,0.1777777777777777,-0.633626161580257,1,0,0,0.0,1.0,100000,6,0
cred_000547,4,10,21,16,136963.0,63364.0,2.161527050059971,9539.380952380952,3387.0,0.1777777777777777,0.5434127958816305,0,0,0,,,5000,6,0
cred_000269,7,13,21,18,41883.0,110707.0,0.3783229606077303,7266.190476190476,6420.0,0.2,0.3315247451734401,2,0,0,0.0,1.0,50000,12,0
cred_002149,9,17,23,20,48202.0,71777.0,0.6715521685219499,5216.478260869565,4076.0,0.2222222222222222,-0.0472211781130859,0,0,0,,,10000,6,0
cred_001153,6,17,19,17,21888.0,125937.0,0.1738011863074394,7780.263157894737,3229.0,0.1888888888888888,-0.2767710049423393,0,0,0,,,50000,3,0
cred_001816,5,7,15,15,50905.0,46952.0,1.0841923666723463,6523.8,4137.0,0.1666666666666666,0.296917674600078,2,0,0,0.0,1.0,100000,12,0
cred_002332,8,13,18,17,54096.0,88041.0,0.6144409990799741,7896.5,3519.0,0.1888888888888888,0.1470314804128999,0,0,0,,,10000,6,0
cred_001597,5,9,13,11,23421.0,24793.0,0.9446617997015286,3708.769230769231,3398.0,0.1222222222222222,0.1502648660747594,0,0,0,,,10000,6,0
cred_000688,5,10,26,23,61174.0,164423.0,0.3720525717205014,8676.807692307691,5605.5,0.2555555555555555,-0.0468321267459345,0,0,0,,,15000,3,0
cred_000564,9,14,17,15,112200.0,75080.0,1.4944059669685668,11016.470588235294,5651.0,0.1666666666666666,0.5596704499625511,0,0,0,,,10000,3,0
cred_001201,7,20,27,26,85917.0,215391.0,0.398888532947059,11159.555555555557,3552.0,0.2888888888888888,-0.7541515394043435,0,0,0,,,5000,3,0
cred_001460,7,9,17,17,49967.0,45936.0,1.0877525252525253,5641.35294117647,4189.0,0.1888888888888888,0.4483252609318507,0,0,0,,,15000,6,0
cred_001367,9,14,24,21,55275.0,149252.0,0.3703467960228339,8521.958333333334,4940.5,0.2333333333333333,-0.2989547369609527,0,0,0,,,10000,9,0
cred_001741,8,16,22,21,74028.0,278056.0,0.2662341398854907,16003.818181818182,6287.0,0.2333333333333333,0.0499687543114992,0,0,0,,,15000,6,0
cred_000589,5,14,20,15,18384.0,79766.0,0.2304741368502871,4907.5,3079.0,0.1666666666666666,-0.4733013654096228,0,0,0,,,100000,3,0
cred_001359,9,16,23,20,60100.0,60800.0,0.9884868421052632,5256.521739130435,4007.0,0.2222222222222222,-0.1489829993928354,2,0,0,0.0,1.0,5000,6,1
cred_001072,5,12,17,16,49002.0,37361.0,1.3115815957816974,5080.176470588235,2743.0,0.1777777777777777,-0.2333702082631908,0,0,0,,,50000,3,0
cred_000464,5,10,19,16,585171.0,50622.0,11.559618347753942,33462.78947368421,5026.0,0.1777777777777777,-0.4195316308861355,0,0,0,,,10000,3,1
cred_001668,3,12,17,14,34584.0,89971.0,0.3843905258361027,7326.764705882353,3334.0,0.1555555555555555,-0.6525112853846224,0,0,0,,,10000,12,0
cred_001251,10,23,28,22,66454.0,103620.0,0.6413240687126037,6074.071428571428,4747.5,0.2444444444444444,0.199104688718932,1,0,0,0.0,1.0,10000,6,0
cred_000798,4,11,16,16,100070.0,121944.0,0.8206225808567867,13875.875,3916.5,0.1777777777777777,0.4393465649442483,1,0,0,0.0,1.0,50000,12,0
cred_002442,9,16,18,16,32599.0,44905.0,0.7259547934528449,4305.777777777777,3938.0,0.1777777777777777,0.0291954986059546,0,0,0,,,5000,9,0
cred_000449,7,11,17,15,40564.0,56974.0,0.7119738828237442,5737.529411764706,4647.0,0.1666666666666666,0.2353263643409387,0,0,0,,,15000,9,0
cred_001403,1,6,7,7,17057.0,14945.0,1.141318166610907,4571.714285714285,3768.0,0.0777777777777777,-0.3016752136752136,0,0,0,,,25000,3,0
cred_000847,8,15,18,16,20546.0,68274.0,0.300934469929988,4934.444444444444,4501.5,0.1777777777777777,0.012519726459758,0,0,0,,,10000,9,0
cred_002354,7,13,13,11,19080.0,27706.0,0.6886594961380207,3598.923076923077,2477.0,0.1222222222222222,0.2697388107553541,0,0,0,,,10000,3,1
cred_002440,4,10,17,17,171120.0,106363.0,1.6088301382999728,16322.529411764706,4703.0,0.1888888888888888,-0.6024558871212359,1,0,1,2.0,1.0,5000,3,0
cred_002266,7,10,16,15,50099.0,33308.0,1.5041131259757416,5212.9375,3533.5,0.1666666666666666,0.4756637641471085,0,0,0,,,15000,6,0
cred_000214,3,7,12,12,34735.0,35179.0,0.987378833963444,5826.166666666667,2858.5,0.1333333333333333,-0.7092614302461899,1,0,0,0.0,1.0,5000,6,0
cred_000906,6,11,15,14,52900.0,35110.0,1.5066932497863856,5867.333333333333,3842.0,0.1555555555555555,0.3314822432469491,0,0,0,,,5000,6,0
cred_001282,3,10,14,13,33095.0,58765.0,0.5631753594826853,6561.428571428572,3554.0,0.1444444444444444,-0.5297474152597828,1,0,0,0.0,1.0,25000,3,0
cred_001061,7,11,18,15,32186.0,34240.0,0.9400116822429908,3690.3333333333335,3409.0,0.1666666666666666,-0.0620899202959179,0,0,0,,,10000,6,1
cred_001953,5,12,20,18,111959.0,100042.0,1.1191199696127627,10600.05,7601.5,0.2,0.328384336952945,0,0,0,,,10000,6,0
cred_001834,9,14,18,16,778080.0,48049.0,16.193469166892132,45896.05555555556,4651.5,0.1777777777777777,0.4421527438326413,1,0,0,0.0,1.0,15000,9,1
cred_002217,6,9,15,15,34368.0,51120.0,0.672300469483568,5699.2,4305.0,0.1666666666666666,0.2726859910694013,1,0,0,0.0,1.0,5000,3,0
cred_001097,5,9,17,17,12411.0,46316.0,0.2679635547111149,3454.529411764706,3139.0,0.1888888888888888,0.219973835833774,0,0,0,,,15000,6,0
cred_001994,6,13,20,18,60016.0,24011.0,2.4995210528507767,4201.35,2781.5,0.2,0.26823958766847,0,0,0,,,15000,9,0
cred_001632,6,15,21,19,205641.0,55360.0,3.7146134393063583,12428.619047619048,3930.0,0.2111111111111111,-0.8332685782371073,0,0,0,,,25000,6,0
cred_001784,8,12,15,14,57523.0,35308.0,1.6291775235074204,6188.733333333334,4917.0,0.1555555555555555,0.3373931107095599,0,0,0,,,10000,3,0
cred_000828,12,16,21,17,84607.0,138756.0,0.60975381244775,10636.333333333334,5032.0,0.1888888888888888,0.7789756117095831,0,0,0,,,50000,9,0
cred_001171,6,11,14,14,23998.0,41510.0,0.5781257528306433,4679.142857142857,4100.0,0.1555555555555555,-0.1915534446522249,2,1,1,22.0,0.5,15000,6,0
cred_002278,5,13,20,19,34724.0,79759.0,0.4353615265988791,5724.15,4877.0,0.2111111111111111,-0.4449049439824594,0,0,0,,,15000,9,0
cred_000709,10,16,22,20,98584.0,61961.0,1.5910653475573344,7297.5,5176.5,0.2222222222222222,-0.2960048702534054,0,0,0,,,5000,6,0
cred_000477,6,9,14,12,8942.0,60260.0,0.1483903086624626,4943.0,3189.0,0.1333333333333333,0.3342852708365668,0,0,0,,,15000,9,0
cred_002357,7,10,16,16,64836.0,39824.0,1.6280634793089594,6541.25,3883.5,0.1777777777777777,0.8274301617184485,0,0,0,,,10000,6,0
cred_000791,6,13,23,21,678026.0,80186.0,8.455665577532237,32965.739130434784,4464.0,0.2333333333333333,0.8822147956726771,0,0,0,,,100000,9,0
cred_001750,7,14,19,16,59673.0,44504.0,1.3408457666726583,5483.0,3663.0,0.1777777777777777,0.0911458665815512,0,0,0,,,5000,12,0
cred_001837,7,13,16,16,25749.0,86443.0,0.2978725865599296,7012.0,3270.0,0.1777777777777777,-0.1950195481771084,0,0,0,,,15000,3,0
cred_001453,4,8,17,16,69740.0,102163.0,0.6826346133140178,10111.941176470587,6240.0,0.1777777777777777,-0.2945421909765719,0,0,0,,,10000,3,0
cred_001206,4,10,17,16,26260.0,45765.0,0.5738009395826505,4236.764705882353,3269.0,0.1777777777777777,-0.4510571652310102,0,0,0,,,15000,9,0
cred_001810,11,23,34,29,153670.0,94089.0,1.6332408676891028,7287.029411764706,4304.0,0.3222222222222222,0.3072668724153519,1,0,1,15.0,1.0,10000,3,0
cred_000384,7,13,17,16,42191.0,54273.0,0.7773847032594476,5674.35294117647,4383.0,0.1777777777777777,-0.0799931456700886,0,0,0,,,10000,3,0
cred_001402,1,6,7,7,17057.0,14945.0,1.141318166610907,4571.714285714285,3768.0,0.0777777777777777,-0.3016752136752136,1,0,0,0.0,1.0,10000,6,0
cred_000212,3,6,11,11,34735.0,33242.0,1.0449130617893028,6179.727272727273,3033.0,0.1222222222222222,-0.1516905670306538,2,0,1,5.0,1.0,25000,6,0
cred_002515,11,15,20,17,93355.0,185652.0,0.5028494171891496,13950.35,5138.5,0.1888888888888888,-0.09254002679084,1,0,0,0.0,1.0,50000,3,0
cred_002256,3,9,14,13,29588.0,101868.0,0.2904543134252169,9389.714285714286,5794.0,0.1444444444444444,-0.7168035249349088,0,0,0,,,25000,3,0
cred_002549,8,17,22,20,31778.0,91340.0,0.3479089117582658,5596.272727272727,4140.0,0.2222222222222222,-0.2396417023156795,0,0,0,,,10000,9,0
cred_000683,8,15,18,17,93099.0,64027.0,1.454058444093898,8729.222222222223,5472.0,0.1888888888888888,0.000298227365634,0,0,0,,,50000,3,0
cred_001588,6,11,19,18,43947.0,38858.0,1.1309640228524371,4358.1578947368425,2664.0,0.2,0.1475996421826856,1,0,1,1.0,1.0,10000,6,0
cred_000616,11,16,18,15,70025.0,33878.0,2.0669756183954187,5772.388888888889,5139.5,0.1666666666666666,0.3892618782774511,0,0,0,,,5000,6,0
cred_000403,10,20,29,27,123282.0,72863.0,1.6919698612464489,6763.620689655172,3339.0,0.3,0.0899408284023668,0,0,0,,,10000,6,1
cred_001142,8,15,22,21,132848.0,27587.0,4.815601551455396,7292.5,2685.0,0.2333333333333333,-0.6709431204579595,2,0,0,0.0,1.0,15000,6,0
cred_001533,8,16,24,22,57822.0,116384.0,0.4968208688479516,7258.583333333333,3272.0,0.2444444444444444,0.2420998362346091,0,0,0,,,5000,3,0
cred_002645,5,14,21,20,31748.0,140163.0,0.2265077088818019,8186.238095238095,5126.0,0.2222222222222222,0.1343307193382901,1,0,0,0.0,1.0,15000,3,1
cred_002604,4,9,16,15,49540.0,23306.0,2.125632884235819,4552.875,2244.5,0.1666666666666666,-0.3090421139554087,1,0,1,5.0,1.0,5000,3,0
cred_002272,8,13,23,22,232649.0,82374.0,2.8243013572243667,13696.652173913044,4093.0,0.2444444444444444,-0.6869500305381501,0,0,0,,,10000,6,0
cred_002259,7,11,14,14,27575.0,24923.0,1.106407735826345,3749.857142857143,3734.5,0.1555555555555555,0.3262367556620316,0,0,0,,,25000,12,0
cred_000144,3,12,24,21,68213.0,98183.0,0.6947536742613284,6933.166666666667,4925.0,0.2333333333333333,-0.6707751525326563,2,0,0,0.0,1.0,5000,12,0
cred_002689,6,17,20,19,47569.0,82319.0,0.5778617330142495,6494.4,4611.5,0.2111111111111111,0.1072071608621842,0,0,0,,,10000,9,0
cred_002484,4,9,19,18,149641.0,55346.0,2.703736494055577,10788.78947368421,4570.0,0.2,-0.7662510781776837,1,0,0,0.0,1.0,10000,3,1
cred_000671,3,9,13,11,25777.0,41618.0,0.619371425825364,5184.2307692307695,5072.0,0.1222222222222222,-0.0851048877332302,0,0,0,,,5000,3,0
cred_002399,4,10,16,14,30144.0,47004.0,0.6413071227980598,4821.75,3185.5,0.1555555555555555,-0.375015610040378,0,0,0,,,50000,9,0
cred_001461,6,15,23,20,69715.0,43503.0,1.602533158632738,4922.521739130435,3743.0,0.2222222222222222,-0.1955658796201005,0,0,0,,,50000,6,0
cred_000860,6,13,15,12,20903.0,294352.0,0.0710136163504919,21017.0,3882.0,0.1333333333333333,-0.2167340431589136,0,0,0,,,15000,9,0
cred_001985,3,9,13,13,22340.0,219809.0,0.1016336910681546,18626.846153846152,4011.0,0.1444444444444444,-0.9277988380700298,0,0,0,,,25000,3,0
cred_000926,8,16,22,21,38041.0,460128.0,0.0826748209193963,22644.045454545456,3052.0,0.2333333333333333,-0.9062467175847426,0,0,0,,,15000,3,0
cred_002591,6,10,16,15,230880.0,75994.0,3.038134589572861,19179.625,4529.0,0.1666666666666666,0.3416298811544991,0,0,0,,,25000,6,0
cred_000008,2,9,13,13,77523.0,47152.0,1.6441084153376315,9590.384615384615,5217.0,0.1444444444444444,-0.822386158757464,1,1,1,63.0,0.0,100000,9,0
cred_000438,2,5,10,9,33570.0,204512.0,0.1641468471287748,23808.2,6250.5,0.1,-0.5090394357802722,0,0,0,,,100000,3,1
cred_002125,4,11,16,13,57403.0,52797.0,1.0872398052919674,6887.5,3695.0,0.1444444444444444,0.3228597658939637,0,0,0,,,10000,3,0
cred_001441,1,11,18,17,38558.0,100782.0,0.3825881605842313,7741.111111111111,3477.0,0.1888888888888888,-0.9803474419437646,1,0,0,0.0,1.0,25000,12,0
cred_001347,2,10,22,19,87636.0,62528.0,1.401548106448311,6825.636363636364,6601.0,0.2111111111111111,-0.753208345768782,1,0,0,0.0,1.0,5000,6,0
cred_000944,8,13,20,18,33024.0,52763.0,0.625893144817391,4289.35,3832.0,0.2,0.4370185003128072,0,0,0,,,15000,3,1
cred_001221,9,13,17,17,55842.0,25285.0,2.208503065058335,4772.176470588235,3366.0,0.1888888888888888,0.520737720665144,1,0,0,0.0,1.0,15000,3,0
cred_001418,7,11,18,18,220371.0,65195.0,3.380182529335072,15864.777777777776,4088.0,0.2,-0.2050487745730758,1,0,0,0.0,1.0,10000,9,1
cred_002035,3,11,18,16,65935.0,41346.0,1.5947129105596671,5960.055555555556,2681.5,0.1777777777777777,-0.5490962977358858,0,0,0,,,15000,6,0
cred_001694,4,13,21,19,69515.0,45564.0,1.525656219822667,5479.952380952381,3898.0,0.2111111111111111,-0.1858141084238414,2,1,1,22.5,0.5,50000,12,0
cred_001114,4,10,17,15,46247.0,48750.0,0.9486564102564102,5588.058823529412,5829.0,0.1666666666666666,-0.1765200289129082,0,0,0,,,15000,6,0
cred_000507,10,13,20,18,100530.0,33392.0,3.010601341638716,6696.1,4843.5,0.2,0.651173164421447,0,0,0,,,5000,6,0
cred_001477,5,12,18,17,41350.0,60711.0,0.6810956828251882,5670.055555555556,4965.5,0.1888888888888888,-0.2860676009892827,0,0,0,,,10000,3,1
cred_001489,4,8,14,13,43950.0,35707.0,1.2308510936230992,5689.785714285715,2957.0,0.1444444444444444,-0.6364241717995671,0,0,0,,,25000,3,0
cred_001559,1,6,10,9,10859.0,87515.0,0.1240815860138262,9837.4,3451.0,0.1,0.4297922291348749,1,0,0,0.0,1.0,10000,9,0
cred_002276,9,16,21,18,148045.0,36722.0,4.031506998529492,8798.42857142857,3615.0,0.2,-0.5200101674810066,1,0,0,0.0,1.0,100000,6,0
cred_001209,12,19,27,22,132946.0,75017.0,1.7722116320300731,7702.333333333333,5699.0,0.2444444444444444,0.4549329260030303,0,0,0,,,50000,6,0
cred_001113,4,13,21,18,34017.0,70587.0,0.4819159335288367,4981.142857142857,3308.0,0.2,-0.6512955752652726,0,0,0,,,50000,3,0
cred_002260,14,18,28,25,188018.0,83664.0,2.247298718684261,9702.92857142857,3294.0,0.2777777777777778,0.9080253587576176,0,0,0,,,25000,9,0
cred_002580,6,11,17,16,50977.0,142703.0,0.3572244451763453,11392.941176470587,6957.0,0.1777777777777777,0.0076797428669283,1,1,1,61.0,0.0,15000,12,0
cred_002138,9,15,21,18,38759.0,149425.0,0.2593876526685628,8961.142857142857,3347.0,0.2,0.5743567223699202,1,0,0,0.0,1.0,10000,9,0
cred_000107,3,9,15,13,19077.0,30984.0,0.6157048799380326,3337.4,2459.0,0.1444444444444444,-0.0833627485586539,0,0,0,,,5000,12,0
cred_000088,2,7,15,14,42243.0,61278.0,0.6893664936845197,6901.4,4947.0,0.1555555555555555,-0.8216573984526112,0,0,0,,,15000,9,0
cred_002680,8,14,21,18,65520.0,42649.0,1.536261108115079,5150.9047619047615,3076.0,0.2,-0.0378462648191453,0,0,0,,,15000,9,0
cred_000423,7,12,19,14,40526.0,87003.0,0.4658000298840269,6712.052631578948,3909.0,0.1555555555555555,0.1444990200585545,0,0,0,,,5000,6,0
cred_000549,6,9,11,11,12500.0,11498.0,1.0871455905374847,2181.6363636363635,1639.0,0.1222222222222222,0.4372250207230759,0,0,0,,,5000,9,1
cred_002462,5,15,23,18,58903.0,60469.0,0.9741024326514413,5190.086956521739,3672.0,0.2,-0.4011440575719294,0,0,0,,,5000,6,0
cred_001602,5,11,14,14,33137.0,88417.0,0.3747808679326374,8682.42857142857,2037.0,0.1555555555555555,0.284393911608289,2,0,0,0.0,1.0,10000,6,0
cred_001302,7,15,26,22,72198.0,130066.0,0.5550874171574431,7779.384615384615,4369.0,0.2444444444444444,-0.3401920593025215,0,0,0,,,15000,9,0
cred_001440,8,19,24,21,94470.0,253742.0,0.3723073042696913,14508.833333333334,5022.0,0.2333333333333333,0.2660338041213244,0,0,0,,,25000,9,0
cred_000750,7,11,18,16,148982.0,66283.0,2.247665313881388,11959.166666666666,6739.0,0.1777777777777777,0.1620217837900693,0,0,0,,,10000,3,0
cred_000002,7,12,19,16,48049.0,73271.0,0.6557710417491232,6385.263157894737,4935.0,0.1777777777777777,0.2826297273526825,0,0,0,,,5000,12,0
cred_000333,8,15,23,20,65104.0,51386.0,1.2669598723387694,5064.782608695652,4420.0,0.2222222222222222,0.2786071432833327,1,0,0,0.0,1.0,15000,9,0
cred_001073,8,11,18,17,49867.0,21698.0,2.2982302516360957,3975.8333333333335,2376.5,0.1888888888888888,0.0122392278029268,1,0,0,0.0,1.0,15000,6,1
cred_001123,8,15,25,21,168787.0,87478.0,1.9294794119664371,10250.6,3921.0,0.2333333333333333,0.3864770953446451,0,0,0,,,15000,3,0
cred_001082,4,9,15,13,57658.0,48021.0,1.200683034505737,7045.266666666666,5444.0,0.1444444444444444,0.1456188954722857,0,0,0,,,5000,9,1
cred_001235,8,12,23,21,46607.0,175111.0,0.2661568947696033,9639.91304347826,3240.0,0.2333333333333333,0.5653422522632953,1,0,0,0.0,1.0,25000,6,0
cred_002521,5,17,23,19,74391.0,91913.0,0.8093632021585629,7230.608695652174,5280.0,0.2111111111111111,-0.3454199587842179,0,0,0,,,5000,6,0
cred_001778,4,13,20,20,54055.0,54213.0,0.9970855698817628,5413.4,4065.0,0.2222222222222222,-0.2792088254659303,0,0,0,,,25000,3,0
cred_000640,3,7,12,11,24191.0,56155.0,0.4307897782922268,6695.5,6833.5,0.1222222222222222,-0.2706074590942213,0,0,0,,,5000,6,0
cred_001926,6,14,20,19,45967.0,87262.0,0.5267699571405652,6661.45,5207.5,0.2111111111111111,-0.2508978836044589,0,0,0,,,25000,3,0
cred_000381,6,11,21,20,30429.0,64608.0,0.4709788261515601,4525.571428571428,2872.0,0.2222222222222222,0.6169315457693332,1,0,1,2.0,1.0,25000,3,0
cred_002090,4,11,16,15,66636.0,46333.0,1.4381973971035762,7060.5625,4124.5,0.1666666666666666,-0.21741270112975,0,0,0,,,5000,12,0
cred_001982,2,6,15,12,36289.0,35974.0,1.0087563240117865,4817.533333333334,3967.0,0.1333333333333333,-0.6613652079423096,0,0,0,,,25000,3,1
cred_001591,4,8,18,17,67423.0,62215.0,1.083709716306357,7202.111111111111,3551.5,0.1888888888888888,-0.4429098805646037,0,0,0,,,5000,9,1
cred_001917,10,21,25,21,19016.0,119521.0,0.1591017478100082,5541.48,3165.0,0.2333333333333333,-0.5611305769679982,0,0,0,,,15000,6,0
cred_002254,5,8,11,11,6446.0,341468.0,0.0188773179331591,31628.545454545456,4499.0,0.1222222222222222,0.8998368962834581,0,0,0,,,15000,3,0
cred_000186,4,11,16,16,57784.0,479104.0,0.1206084691423991,33555.5,4605.5,0.1777777777777777,-0.6421700223713647,1,0,0,0.0,1.0,50000,6,0
cred_001127,6,9,16,15,28984.0,78513.0,0.3691617948619973,6718.5625,7038.0,0.1666666666666666,0.5832064464252109,1,0,0,0.0,1.0,50000,6,1
cred_002071,8,17,27,25,43198.0,65997.0,0.6545449035562223,4044.259259259259,3842.0,0.2777777777777778,0.044678553710567,0,0,0,,,25000,3,0
cred_001008,9,22,26,23,114721.0,105747.0,1.0848629275535004,8479.538461538461,4998.5,0.2555555555555555,-0.0729688274299738,0,0,0,,,5000,3,0
cred_001657,5,10,12,12,6923.0,130594.0,0.0530116238112011,11459.75,4543.5,0.1333333333333333,-0.7272845662981944,0,0,0,,,5000,9,0
cred_001466,4,13,24,20,148597.0,194976.0,0.7621296980141146,14315.541666666666,3838.0,0.2222222222222222,-0.2121057805042693,0,0,0,,,10000,6,0
cred_001386,7,11,17,14,37712.0,117532.0,0.3208658067590103,9132.0,4878.0,0.1555555555555555,0.0330999833761244,0,0,0,,,15000,6,0
cred_000335,7,15,21,19,65104.0,44084.0,1.4768169857544688,5199.428571428572,4420.0,0.2111111111111111,-0.0234251005381925,2,0,1,7.5,1.0,15000,6,0
cred_001951,8,14,22,19,39535.0,72307.0,0.5467658732902761,5083.727272727273,3548.0,0.2111111111111111,0.0295446131062569,0,0,0,,,100000,6,0
cred_000913,8,16,22,18,25093.0,87095.0,0.2881106837361502,5099.454545454545,4365.0,0.2,-0.0040505544611434,2,0,0,0.0,1.0,5000,3,0
cred_000181,6,9,12,12,9775.0,45813.0,0.21336738480344,4632.333333333333,3752.0,0.1333333333333333,0.2637349070347416,1,0,0,0.0,1.0,15000,12,0
cred_001641,5,15,22,21,32139.0,52736.0,0.6094318871359223,3857.9545454545455,3076.5,0.2333333333333333,-0.1280381100524985,0,0,0,,,50000,12,1
cred_001622,3,9,15,15,36411.0,21108.0,1.7249857873791927,3834.6,2630.0,0.1666666666666666,-0.6359222122411323,0,0,0,,,15000,3,0
cred_000231,8,17,20,19,98422.0,70899.0,1.3882001156574846,8466.05,8718.0,0.2111111111111111,0.1169113299226161,0,0,0,,,5000,6,0
cred_002126,8,16,21,20,36336.0,97632.0,0.372173058013766,6379.428571428572,4968.0,0.2222222222222222,0.2254317264192246,0,0,0,,,25000,6,0
cred_002244,9,12,17,15,70225.0,88868.0,0.7902169509834811,9358.411764705885,6623.0,0.1666666666666666,0.3965850968348887,0,0,0,,,5000,3,0
cred_002267,5,13,17,16,49251.0,41306.0,1.192344937781436,5326.882352941177,3144.0,0.1777777777777777,-0.1860117101803019,1,0,0,0.0,1.0,5000,12,0
cred_001550,8,14,21,19,72109.0,66734.0,1.0805436509125783,6611.571428571428,5281.0,0.2111111111111111,0.01386051772092,1,0,1,1.0,1.0,5000,6,0
cred_002654,2,11,20,17,71133.0,100935.0,0.7047406746916333,8603.4,3548.5,0.1888888888888888,-0.7412943381383188,0,0,0,,,5000,6,0
cred_001484,7,8,15,14,43729.0,78438.0,0.5574976414492976,8144.466666666666,4196.0,0.1555555555555555,0.83953847983823,0,0,0,,,25000,9,0
cred_002359,5,8,18,13,43004.0,39297.0,1.0943329007303355,4572.277777777777,3720.0,0.1444444444444444,0.1955781598083308,0,0,0,,,5000,9,0
cred_001914,5,9,18,16,633943.0,47655.0,13.302759416640436,37866.55555555556,5228.5,0.1777777777777777,0.4861770675284242,0,0,0,,,15000,6,0
cred_001512,6,11,16,14,13129.0,77454.0,0.1695070622563069,5661.4375,5646.0,0.1555555555555555,0.1416752456715021,0,0,0,,,15000,12,0
cred_000675,5,15,19,17,64388.0,125623.0,0.5125494535236382,10000.578947368422,5302.0,0.1888888888888888,0.3713023823150251,0,0,0,,,25000,12,0
cred_001968,9,15,29,24,33444.0,104131.0,0.3211723694192891,4743.96551724138,3209.0,0.2666666666666666,0.4542948695861902,0,0,0,,,15000,3,0
cred_000726,6,18,26,22,48740.0,81176.0,0.600423770572583,4996.769230769231,3733.5,0.2444444444444444,-0.5092038525104007,0,0,0,,,5000,9,0
cred_002203,6,12,17,16,53312.0,41906.0,1.2721805946642486,5601.058823529412,5260.0,0.1777777777777777,-0.4695851544028086,0,0,0,,,100000,6,0
cred_002175,7,17,25,23,33643.0,55650.0,0.6045462713387242,3571.72,3472.0,0.2555555555555555,-0.2611223892922272,0,0,0,,,100000,6,0
cred_002351,2,4,8,8,28203.0,18583.0,1.5176774471290966,5848.25,4481.0,0.0888888888888888,-0.5212098393574297,0,0,0,,,50000,9,0
cred_002198,7,14,15,12,45570.0,53408.0,0.8532429598562014,6598.533333333334,3236.0,0.1333333333333333,0.0511429718296812,0,0,0,,,15000,6,0
cred_000295,10,18,21,17,152717.0,62520.0,2.4426903390914907,10249.380952380952,3816.0,0.1888888888888888,0.041500137816979,1,0,0,0.0,1.0,5000,9,0
cred_001742,7,9,13,11,64497.0,98035.0,0.6578976896006529,12502.46153846154,5292.0,0.1222222222222222,0.5466662801064007,0,0,0,,,5000,12,0
cred_002609,4,12,21,20,33059.0,153142.0,0.2158715440571495,8866.714285714286,4734.0,0.2222222222222222,-0.6356775380576812,1,0,1,2.0,1.0,5000,3,0
cred_002558,3,8,14,13,71177.0,44348.0,1.6049652746459817,8251.785714285714,6666.5,0.1444444444444444,-0.750545990487037,0,0,0,,,5000,9,0
cred_001236,8,14,24,22,56231.0,176627.0,0.3183601601114212,9702.416666666666,3438.0,0.2444444444444444,0.1312269659199138,2,0,1,0.5,1.0,10000,9,0
cred_001763,4,10,19,19,109398.0,66305.0,1.6499208204509463,9247.526315789471,3868.0,0.2111111111111111,0.422521195717072,0,0,0,,,15000,6,0
cred_002253,7,12,17,16,42660.0,65704.0,0.649275538779983,6374.35294117647,2887.0,0.1777777777777777,0.5812697903138726,0,0,0,,,5000,6,0
cred_000393,8,16,20,18,39830.0,70059.0,0.5685208181675445,5494.45,3313.0,0.2,-0.388348313216419,1,0,0,0.0,1.0,10000,6,0
cred_002694,10,19,21,17,83590.0,46500.0,1.7976344086021503,6194.761904761905,2900.0,0.1888888888888888,0.0239528546986882,0,0,0,,,50000,9,0
cred_002164,5,9,15,13,42982.0,44689.0,0.9618026807491776,5844.733333333334,4433.0,0.1444444444444444,0.2643460279165948,0,0,0,,,5000,12,0
cred_001309,3,12,18,18,82496.0,122685.0,0.672421241390553,11398.944444444443,8510.5,0.2,-0.5855283320160652,0,0,0,,,25000,9,0
cred_001401,5,7,13,12,42190.0,51489.0,0.8193983180873584,7206.076923076923,5346.0,0.1333333333333333,-0.1354004745152581,0,0,0,,,10000,12,1
cred_000637,10,14,18,16,67940.0,60121.0,1.130054390312869,7114.5,4696.0,0.1777777777777777,0.2954926285255643,0,0,0,,,5000,3,1
cred_000223,2,9,20,17,66736.0,155900.0,0.4280692751763951,11131.8,4647.5,0.1888888888888888,-0.8112907219412119,1,0,1,2.0,1.0,10000,12,0
cred_002029,8,13,19,17,41443.0,60005.0,0.6906591117406883,5339.368421052632,3219.0,0.1888888888888888,-0.0303995686961636,0,0,0,,,5000,6,1
cred_000980,2,8,22,18,229939.0,83952.0,2.738934152849247,14267.772727272728,3201.0,0.2,-0.7589954398695203,0,0,0,,,5000,12,0
cred_002082,2,12,20,19,73490.0,38038.0,1.9320153530679849,5576.4,4184.5,0.2111111111111111,-0.5246792954469923,1,0,0,0.0,1.0,50000,6,0
cred_002565,7,12,18,16,72791.0,26781.0,2.718009036257048,5531.777777777777,4124.0,0.1777777777777777,0.0655877746666033,1,0,0,0.0,1.0,10000,9,0
cred_001819,7,15,20,19,58184.0,216206.0,0.2691137156230632,13719.5,4315.0,0.2111111111111111,-0.4064009992658902,0,0,0,,,5000,6,0
cred_000771,8,11,18,17,7478.0,73954.0,0.1011169105119398,4524.0,3903.5,0.1888888888888888,0.47085346215781,1,0,0,0.0,1.0,5000,3,0
cred_001120,4,11,19,18,80188.0,80955.0,0.9905256006423322,8481.21052631579,3381.0,0.2,-0.7847119882104184,1,0,0,0.0,1.0,10000,6,0
cred_000527,6,9,20,19,46084.0,108229.0,0.4258008482014986,7715.65,6294.0,0.2111111111111111,0.5604820052706754,0,0,0,,,5000,12,0
cred_001212,2,8,14,14,14006.0,97304.0,0.1439406396448244,7950.714285714285,3667.5,0.1555555555555555,-0.7918335317675073,0,0,0,,,25000,3,1
cred_002402,4,11,14,14,36143.0,26445.0,1.366723388164114,4470.571428571428,2697.0,0.1555555555555555,0.0265742345465049,1,0,0,0.0,1.0,15000,12,1
cred_002503,8,14,23,19,249946.0,56151.0,4.451318765471674,13308.565217391304,3879.0,0.2111111111111111,-0.6988111673569566,0,0,0,,,50000,12,0
cred_001338,6,11,16,15,186865.0,49173.0,3.800154556362232,14752.375,5797.5,0.1666666666666666,0.8158985426972516,0,0,0,,,5000,6,0
cred_001383,8,17,20,18,25075.0,95053.0,0.2638001956803046,6006.4,3942.5,0.2,-0.3883377868882463,0,0,0,,,10000,3,0
cred_001374,5,9,16,14,48221.0,139566.0,0.3455067853202069,11736.6875,3718.5,0.1555555555555555,-0.2373385187959738,0,0,0,,,5000,6,0
cred_002693,4,9,17,15,20054.0,59099.0,0.3393289226552056,4656.058823529412,3442.0,0.1666666666666666,-0.1141783468984309,0,0,0,,,10000,6,1
cred_000984,6,10,18,15,39494.0,94035.0,0.4199925559632051,7418.277777777777,4437.0,0.1666666666666666,-0.3364074804245887,0,0,0,,,25000,6,1
cred_001925,7,14,20,19,43265.0,94506.0,0.4578016210610967,6888.55,5976.0,0.2111111111111111,-0.1157172309778472,1,0,0,0.0,1.0,5000,6,0
cred_001079,10,22,28,22,39634.0,236797.0,0.1673754312765786,9872.535714285714,5370.0,0.2444444444444444,0.3640662464356731,0,0,0,,,25000,3,0
cred_001869,1,8,14,14,48187.0,54223.0,0.8886819246445236,7315.0,3969.5,0.1555555555555555,-0.8826318909306461,0,0,0,,,5000,6,0
cred_000244,4,8,13,12,41578.0,135069.0,0.307827850950255,13588.23076923077,3387.0,0.1333333333333333,-0.5666599533048389,0,0,0,,,15000,3,0
cred_002464,6,13,22,20,146182.0,126402.0,1.1564848657457951,12390.181818181818,3516.5,0.2222222222222222,0.4581860862687062,2,1,1,39.0,0.5,5000,9,0
cred_000488,8,19,22,20,103343.0,81944.0,1.2611417553451136,8422.136363636364,3955.5,0.2222222222222222,0.0542661074242818,0,0,0,,,25000,3,0
cred_001321,7,18,29,27,116401.0,139580.0,0.8339375268663132,8826.931034482759,6404.0,0.3,-0.0868164660777455,0,0,0,,,15000,12,0
cred_002123,10,17,25,23,106959.0,28112.0,3.8047453044963007,5402.84,3142.0,0.2555555555555555,0.3818501924820328,0,0,0,,,15000,6,0
cred_000561,4,13,19,17,107182.0,81961.0,1.3077195251400056,9954.894736842103,7138.0,0.1888888888888888,0.2245730146531081,0,0,0,,,25000,6,0
cred_001137,6,12,19,17,50385.0,46196.0,1.09067884665339,5083.210526315789,3732.0,0.1888888888888888,-0.0535658139202515,0,0,0,,,100000,6,1
cred_001642,5,11,15,12,72168.0,27350.0,2.6386837294332723,6634.533333333334,2657.0,0.1333333333333333,-0.0373118044948723,0,0,0,,,10000,9,0
cred_002590,6,12,16,16,36749.0,100017.0,0.3674275373186558,8547.875,5919.5,0.1777777777777777,0.3100473319896763,0,0,0,,,50000,6,0
cred_001905,4,15,20,18,38070.0,92635.0,0.4109677767582447,6535.25,4758.0,0.2,-0.5471494135645079,2,0,1,1.0,1.0,50000,9,0
cred_001193,8,20,28,24,676429.0,45755.0,14.783717626488908,25792.285714285717,4761.5,0.2666666666666666,0.6894096995502212,0,0,0,,,5000,9,1
cred_000456,6,14,21,20,64222.0,121756.0,0.5274647655967674,8856.095238095239,5113.0,0.2222222222222222,-0.4366047463392596,0,0,0,,,100000,3,0
cred_002011,7,14,28,26,101807.0,67030.0,1.518827390720573,6029.892857142857,3643.5,0.2888888888888888,0.2936768251623694,1,0,0,0.0,1.0,15000,6,0
cred_001449,11,16,25,24,24833.0,448030.0,0.0554270919358078,18914.52,2330.0,0.2666666666666666,0.9392178213015044,0,0,0,,,15000,9,0
cred_000846,12,16,21,20,174938.0,86570.0,2.0207693196257366,12452.761904761905,4516.0,0.2222222222222222,0.7304673512247525,0,0,0,,,10000,6,0
cred_001427,4,7,17,17,30851.0,53106.0,0.5809324746732949,4938.64705882353,3655.0,0.1888888888888888,0.0483129635432988,0,0,0,,,10000,3,0
cred_000678,10,15,22,20,127434.0,956820.0,0.1331849250642754,49284.27272727273,5168.5,0.2222222222222222,0.950748979544416,2,0,0,0.0,1.0,50000,6,0
cred_000555,7,13,23,19,32110.0,2356831.0,0.0136242267689113,103867.0,2952.0,0.2111111111111111,0.7270849932519228,0,0,0,,,5000,9,0
cred_001623,3,9,13,13,29906.0,24189.0,1.236347099921452,4161.153846153846,2630.0,0.1444444444444444,-0.5090623723420267,1,0,1,1.0,1.0,5000,9,0
cred_001020,6,10,17,16,103692.0,39370.0,2.6337820675641352,8415.411764705883,4589.0,0.1777777777777777,-0.2239979235418443,0,0,0,,,15000,6,0
cred_001774,3,11,19,15,55318.0,89181.0,0.6202890750271919,7605.210526315789,5062.0,0.1666666666666666,-0.4812585144339928,0,0,0,,,5000,6,0
cred_000899,4,11,17,13,18473.0,90134.0,0.2049504071715445,6388.64705882353,4325.0,0.1444444444444444,0.0734383895153768,0,0,0,,,10000,3,0
cred_001145,6,11,17,16,66171.0,20726.0,3.1926565666312845,5111.588235294118,4218.0,0.1777777777777777,0.3766265523204024,0,0,0,,,25000,6,0
cred_000800,8,14,21,20,239527.0,129900.0,1.8439337952270975,17591.761904761905,4244.0,0.2222222222222222,-0.0032942204910156,2,0,1,0.5,1.0,15000,6,0
cred_002393,7,14,21,15,43027.0,115773.0,0.3716496937973448,7561.9047619047615,5308.0,0.1666666666666666,-0.43195339999377,2,0,2,10.0,1.0,10000,3,0
cred_000158,6,13,19,18,57178.0,49308.0,1.1596089883994485,5604.526315789473,3029.0,0.2,-0.2735103890455547,0,0,0,,,50000,12,0
cred_001538,4,5,9,9,3791.0,31400.0,0.1207324840764331,3910.1111111111113,4044.0,0.1,0.934997972307514,0,0,0,,,5000,6,0
cred_000179,3,7,14,14,29184.0,24225.0,1.204705882352941,3814.928571428572,2879.5,0.1555555555555555,-0.4527740543368097,0,0,0,,,15000,6,1
cred_001615,2,7,14,12,19127.0,25954.0,0.7369576943823688,3220.0714285714284,2362.0,0.1333333333333333,-0.3311705626166563,1,0,0,0.0,1.0,50000,3,0
cred_001558,7,17,24,22,65685.0,95690.0,0.6864353641968858,6723.958333333333,5326.5,0.2444444444444444,-0.0119601816447491,0,0,0,,,25000,3,1
cred_000134,9,12,15,15,51803.0,61018.0,0.8489789898062867,7521.4,5505.0,0.1666666666666666,0.5546766383815139,1,1,1,34.0,0.0,5000,6,0
cred_001063,5,12,16,16,66320.0,58060.0,1.1422666207371683,7773.75,6492.5,0.1777777777777777,0.2124792981513808,0,0,0,,,15000,6,0
cred_001957,7,12,25,21,64014.0,77498.0,0.8260084131203386,5660.48,3498.0,0.2333333333333333,0.1713400997763633,0,0,0,,,15000,9,0
cred_002505,3,10,20,19,84850.0,72237.0,1.1746058114262774,7854.35,5248.0,0.2111111111111111,-0.1075543153278851,0,0,0,,,15000,6,0
cred_000489,6,10,15,15,15097.0,44268.0,0.3410364145658263,3957.6666666666665,3007.0,0.1666666666666666,0.2896645512239347,0,0,0,,,5000,6,0
cred_002635,1,12,20,20,53544.0,81643.0,0.6558308734367919,6759.35,3504.0,0.2222222222222222,-0.9913678047100356,0,0,0,,,5000,6,0
cred_000782,2,10,15,13,39717.0,57377.0,0.6922111647524269,6472.933333333333,5036.0,0.1444444444444444,-0.7842609566155726,0,0,0,,,5000,3,0
cred_002698,7,12,19,18,44187.0,65459.0,0.6750332269053911,5770.8421052631575,3182.0,0.2,-0.1159664437524461,0,0,0,,,100000,6,1
cred_001959,10,18,23,21,34385.0,589569.0,0.0583222659264649,27128.434782608696,3176.0,0.2333333333333333,-0.882043944477337,0,0,0,,,25000,3,0
cred_001899,13,20,25,21,74988.0,136324.0,0.5500718875619847,8452.48,4116.0,0.2333333333333333,-0.1687439715050895,0,0,0,,,10000,6,0
cred_002451,5,11,13,10,12890.0,78516.0,0.1641703601813643,7031.2307692307695,3690.0,0.1111111111111111,-0.0819675917905362,0,0,0,,,50000,3,0
cred_000682,7,14,18,17,29029.0,36884.0,0.7870350287387485,3661.8333333333335,2664.5,0.1888888888888888,0.0360395616906218,0,0,0,,,25000,9,1
cred_001896,10,17,27,25,53981.0,52630.0,1.0256697700931028,3948.555555555556,2660.0,0.2777777777777778,-0.2109003994087492,2,0,1,5.0,1.0,15000,6,0
cred_002166,13,24,27,22,143318.0,66699.0,2.1487278669845127,7778.407407407408,3853.0,0.2444444444444444,0.546002618519036,0,0,0,,,5000,6,0
cred_001021,3,8,18,17,62091.0,53756.0,1.1550524592603617,6435.944444444444,6057.5,0.1888888888888888,-0.4282072504552226,0,0,0,,,15000,3,0
cred_001337,5,7,8,7,51583.0,4662.0,11.064564564564565,7030.625,7610.5,0.0777777777777777,0.3120663732043548,0,0,0,,,5000,9,0
cred_002004,4,6,14,12,34711.0,54628.0,0.6354067511166435,6381.357142857143,3669.0,0.1333333333333333,0.6448622535579057,1,0,0,0.0,1.0,10000,3,0
cred_002239,7,13,21,20,67783.0,68536.0,0.9890130734212677,6491.380952380952,3923.0,0.2222222222222222,-0.0117441072991856,0,0,0,,,25000,3,1
cred_000987,8,9,16,14,67697.0,27086.0,2.499335450047995,5923.9375,3773.0,0.1555555555555555,0.8774318503743532,0,0,0,,,10000,6,0
cred_000757,6,12,15,14,48308.0,49210.0,0.981670392196708,6501.2,5094.0,0.1555555555555555,-0.2600655646874134,0,0,0,,,100000,3,0
cred_001633,4,9,17,17,36993.0,52554.0,0.7039045553145337,5267.470588235294,3930.0,0.1888888888888888,0.0975193331324696,1,0,0,0.0,1.0,5000,6,0
cred_001239,7,18,21,19,49781.0,32822.0,1.5166961184571324,3933.4761904761904,3620.0,0.2111111111111111,-0.4273920710600222,0,0,0,,,50000,6,0
cred_000967,4,10,14,13,34383.0,52079.0,0.6602085293496419,6175.857142857143,3676.5,0.1444444444444444,-0.0566837238531286,0,0,0,,,5000,3,0
cred_000504,7,14,24,23,679350.0,147856.0,4.594673195541608,34466.916666666664,7014.5,0.2555555555555555,0.9052729671732644,0,0,0,,,50000,6,0
cred_000673,4,7,15,15,15316.0,200670.0,0.0763243135496088,14399.066666666668,3744.0,0.1666666666666666,0.4031548569667423,0,0,0,,,10000,6,1
cred_001125,3,12,18,16,26024.0,36328.0,0.7163620347940982,3464.0,1965.5,0.1777777777777777,-0.7063790191956439,1,0,0,0.0,1.0,15000,9,0
cred_000128,7,13,18,17,38305.0,53870.0,0.7110636718024874,5120.833333333333,4015.0,0.1888888888888888,-0.2815950584891221,0,0,0,,,100000,9,0
cred_000896,6,15,21,21,70017.0,419780.0,0.1667945114107389,23323.666666666668,4838.0,0.2333333333333333,0.0438593751626638,0,0,0,,,25000,6,0
cred_000478,5,9,13,11,13653.0,38526.0,0.3543840523282978,4013.769230769231,2977.0,0.1222222222222222,0.3633915843936434,1,0,0,0.0,1.0,5000,9,0
cred_001708,7,16,24,22,39550.0,334116.0,0.1183720623974907,15569.416666666666,3588.0,0.2444444444444444,0.8336188732584758,0,0,0,,,25000,3,0
cred_002367,5,12,20,18,70707.0,30595.0,2.311063899329956,5065.1,4349.0,0.2,-0.3418305281696533,0,0,0,,,5000,9,0
cred_001888,10,14,19,18,21594.0,60394.0,0.3575520747094082,4315.1578947368425,2416.0,0.2,0.3220926315113984,0,0,0,,,5000,6,0
cred_001638,1,9,13,12,288444.0,160729.0,1.7945983612167065,34551.769230769234,4518.0,0.1333333333333333,-0.9828493213938224,1,0,0,0.0,1.0,5000,9,0
cred_001609,9,22,31,24,61167.0,253388.0,0.2413965933666945,10146.935483870968,4212.0,0.2666666666666666,0.156339139880743,0,0,0,,,100000,6,0
cred_002621,6,13,21,19,23430.0,110645.0,0.211758326178318,6384.523809523809,4184.0,0.2111111111111111,-0.1604111377901343,0,0,0,,,10000,6,0
cred_001565,8,18,20,18,116242.0,98852.0,1.1759195565087202,10754.7,5163.5,0.2,-0.2582372944020938,1,0,0,0.0,1.0,5000,9,1
cred_001700,3,11,18,18,107352.0,47565.0,2.256953642384106,8606.5,7181.5,0.2,-0.5807887132041886,0,0,0,,,15000,9,0
cred_001912,4,6,13,12,619742.0,31473.0,19.691227401264577,50093.46153846154,4499.0,0.1333333333333333,0.6897779689777969,1,0,0,0.0,1.0,15000,6,0
cred_001850,3,9,17,17,301736.0,42230.0,7.14506275159839,20233.29411764706,3298.0,0.1888888888888888,-0.1931787801245082,0,0,0,,,50000,3,0
cred_002687,5,14,20,17,129199.0,66550.0,1.9413824192336588,9787.45,5214.5,0.1888888888888888,-0.0617977156974785,0,0,0,,,50000,3,0
cred_000019,7,13,23,21,91144.0,137805.0,0.6613983527448206,9954.304347826086,4649.0,0.2333333333333333,-0.0259151615805134,1,0,0,0.0,1.0,5000,3,0
cred_001743,7,14,18,17,40124.0,63196.0,0.6349136021267169,5740.0,5009.5,0.1888888888888888,0.4219506571362693,0,0,0,,,5000,6,0
cred_001801,4,11,16,15,66148.0,37052.0,1.7852747490014034,6450.0,3586.0,0.1666666666666666,-0.5119915376478508,0,0,0,,,5000,3,0
cred_001736,3,9,11,11,15182.0,36225.0,0.4191028295376121,4673.363636363636,3734.0,0.1222222222222222,-0.2548793284365163,1,0,0,0.0,1.0,10000,12,0
cred_002667,6,10,15,13,52774.0,35791.0,1.4745047637674276,5904.333333333333,4508.0,0.1444444444444444,0.192657072452357,0,0,0,,,100000,6,0
cred_000578,4,13,20,18,50516.0,70506.0,0.7164780302385613,6051.1,4731.5,0.2,-0.5280094471916746,0,0,0,,,10000,6,0
cred_002520,8,21,30,26,305866.0,170148.0,1.7976467545901216,15867.133333333331,4668.5,0.2888888888888888,0.1869451759923999,0,0,0,,,25000,3,0
cred_000100,7,14,19,17,23248.0,60182.0,0.3862949054534578,4391.052631578948,3194.0,0.1888888888888888,0.538932834747591,0,0,0,,,10000,6,0
cred_000772,9,13,20,19,17697.0,74038.0,0.239025905616035,4586.75,3903.5,0.2111111111111111,0.4672016120326724,2,0,0,0.0,1.0,10000,6,0
cred_002539,11,15,20,18,44181.0,68613.0,0.6439158760001749,5639.7,2858.0,0.2,0.1535703238666957,0,0,0,,,10000,6,0
cred_002490,7,13,21,20,38793.0,218175.0,0.1778068064627019,12236.57142857143,4260.0,0.2222222222222222,0.5885898736963087,0,0,0,,,5000,6,0
cred_000342,10,18,24,21,51929.0,207895.0,0.249784747107915,10826.0,4512.5,0.2333333333333333,-0.4224024137280784,1,0,0,0.0,1.0,25000,12,0
cred_001407,6,13,18,17,13547.0,119390.0,0.1134684646955356,7385.388888888889,3505.0,0.1888888888888888,0.2088770209471664,0,0,0,,,25000,12,0
cred_002411,8,12,19,15,55855.0,40052.0,1.3945620693098972,5047.736842105263,2576.0,0.1666666666666666,0.6162049497136612,0,0,0,,,50000,12,1
cred_002088,9,16,25,23,81507.0,49901.0,1.633374080679746,5256.32,4411.0,0.2555555555555555,0.2151555524390529,0,0,0,,,5000,3,0
cred_002339,7,12,20,20,39718.0,165550.0,0.2399154334038055,10263.4,3876.0,0.2222222222222222,0.7262418188081295,0,0,0,,,10000,6,0
cred_001134,5,8,15,12,104613.0,29737.0,3.5179406127047117,8956.666666666666,5093.0,0.1333333333333333,-0.324697979848614,0,0,0,,,10000,9,0
cred_000009,2,4,9,9,21805.0,39460.0,0.5525848960973138,6807.222222222223,6232.0,0.1,-0.0220267188009123,1,0,0,0.0,1.0,10000,3,0
cred_000702,5,12,21,19,25285.0,72752.0,0.3475505828018473,4668.428571428572,3770.0,0.2111111111111111,-0.5294417971409122,0,0,0,,,50000,6,0
cred_000623,5,11,18,17,37836.0,60021.0,0.6303793672214725,5436.5,5423.5,0.1888888888888888,-0.1425054704595186,0,0,0,,,15000,3,0
cred_002535,6,13,22,20,71533.0,91625.0,0.7807148703956344,7416.272727272727,5168.0,0.2222222222222222,0.2428160540412169,0,0,0,,,15000,6,0
cred_002340,5,12,25,20,118289.0,64439.0,1.835674048324772,7309.12,5380.0,0.2222222222222222,-0.6830240592805665,0,0,0,,,5000,12,0
cred_001872,5,9,18,17,231234.0,32662.0,7.07960320862164,14660.888888888889,5645.0,0.1888888888888888,-0.5048090343864992,0,0,0,,,10000,3,0
cred_001205,6,13,20,19,70042.0,49250.0,1.4221725888324872,5964.6,6489.0,0.2111111111111111,0.0588436853411352,1,0,1,2.0,1.0,10000,6,0
cred_000530,6,13,18,17,36697.0,73091.0,0.5020727586159719,6099.333333333333,4794.0,0.1888888888888888,0.3652111214673865,0,0,0,,,5000,9,1
cred_001244,9,14,21,18,80511.0,47154.0,1.7074055223310851,6079.285714285715,3005.0,0.2,-0.2702942845214263,0,0,0,,,10000,6,1
cred_002222,5,14,19,17,47505.0,114254.0,0.4157841300961016,8513.631578947368,3596.0,0.1888888888888888,-0.7176445563158081,0,0,0,,,5000,3,1
cred_002480,4,12,19,16,62426.0,103325.0,0.6041713041374305,8723.736842105263,2936.0,0.1777777777777777,0.2874166651528638,0,0,0,,,50000,3,0
cred_002271,8,16,22,17,128486.0,58368.0,2.201308936403509,8493.363636363636,5246.0,0.1888888888888888,0.1046373520237023,0,0,0,,,5000,6,0
cred_001938,4,8,16,16,37793.0,111271.0,0.3396482461737559,9316.5,3698.5,0.1777777777777777,-0.6666361639824304,0,0,0,,,5000,3,0
cred_001835,6,13,17,15,586389.0,34484.0,17.00466883192205,36521.94117647059,4751.0,0.1666666666666666,-0.8883578080406079,2,1,1,34.5,0.5,15000,9,0
cred_000152,8,19,26,25,104579.0,68357.0,1.529894524335474,6651.384615384615,4685.0,0.2777777777777778,0.182761040383088,0,0,0,,,10000,3,0
cred_002529,8,14,16,15,32209.0,117886.0,0.2732215869568905,9380.9375,4905.5,0.1666666666666666,0.0167859023196754,1,0,0,0.0,1.0,10000,3,0
cred_001764,6,10,16,16,102928.0,64965.0,1.5843608096667436,10493.3125,4230.0,0.1777777777777777,0.6537928631283757,1,0,0,0.0,1.0,10000,9,0
cred_001493,6,13,26,24,52515.0,45158.0,1.1629168696576464,3756.653846153846,2648.0,0.2666666666666666,-0.1914712153518123,0,0,0,,,15000,3,0
cred_002542,7,11,19,18,82317.0,148611.0,0.553909199184448,12154.105263157897,5106.0,0.2,0.645747233702173,0,0,0,,,5000,9,0
cred_001355,2,7,14,14,24635.0,33939.0,0.7258611037449542,4183.857142857143,3930.5,0.1555555555555555,-0.4906393500529848,0,0,0,,,5000,6,0
cred_002220,6,9,14,14,26974.0,63522.0,0.4246402821069865,6464.0,6455.5,0.1555555555555555,0.5021956726580973,0,0,0,,,10000,6,0
cred_002283,7,16,23,18,54298.0,91323.0,0.5945709186075797,6331.347826086957,3260.0,0.2,-0.4216512041466205,0,0,0,,,10000,3,0
cred_001749,6,15,21,17,48487.0,84669.0,0.5726653202470798,6340.761904761905,3663.0,0.1888888888888888,-0.2236424515941185,1,0,1,5.0,1.0,15000,6,1
cred_002639,9,13,23,19,106003.0,118259.0,0.896363067504376,9750.521739130434,8327.0,0.2111111111111111,0.3161210838896291,0,0,0,,,5000,6,1
cred_000157,2,10,19,15,54872.0,125574.0,0.4369694363482886,9497.157894736842,3793.0,0.1666666666666666,-0.047543469826826,0,0,0,,,10000,6,0
cred_000168,10,17,19,16,62081.0,71938.0,0.8629792321165448,7053.631578947368,5236.0,0.1777777777777777,0.2311930690314082,0,0,0,,,10000,6,0
cred_000148,9,16,20,16,45228.0,78105.0,0.5790666410601114,6166.65,3824.5,0.1777777777777777,0.4524405002016942,1,1,1,100.0,0.0,5000,6,0
cred_000164,6,13,17,16,47276.0,31979.0,1.478345164013884,4662.058823529412,4768.0,0.1777777777777777,0.1336407103825136,1,0,1,5.0,1.0,10000,3,0
cred_001864,2,10,14,13,14135.0,59626.0,0.2370610136517626,5268.642857142857,3361.5,0.1444444444444444,-0.8149613408408162,0,0,0,,,25000,3,1
cred_000156,8,15,18,17,44724.0,58139.0,0.7692598771908702,5714.611111111111,3640.0,0.1888888888888888,0.1263127282127508,0,0,0,,,25000,6,1
cred_000197,4,9,17,17,29670.0,862248.0,0.0344100537200434,52465.76470588235,4744.0,0.1888888888888888,-0.924905354754864,0,0,0,,,25000,3,0
cred_002188,9,19,22,20,445257.0,89182.0,4.992677894642417,24292.68181818182,4829.5,0.2222222222222222,0.6473802523216019,0,0,0,,,10000,3,0
cred_002020,3,11,15,14,26524.0,86210.0,0.3076673239763368,7515.6,4836.0,0.1555555555555555,-0.5058132623219763,1,0,0,0.0,1.0,10000,3,0
cred_002196,7,12,15,14,63389.0,39174.0,1.6181395823760658,6837.533333333334,3883.0,0.1555555555555555,0.3436489145296295,0,0,0,,,15000,12,0
cred_000837,7,15,22,20,51284.0,65877.0,0.7784811087329417,5325.5,3931.5,0.2222222222222222,-0.207955411835844,0,0,0,,,10000,9,0
cred_002104,6,9,11,11,7037.0,51672.0,0.1361859420962997,5337.181818181818,4876.0,0.1222222222222222,0.4706789528472838,0,0,0,,,100000,9,0
cred_001607,5,9,18,13,42842.0,86290.0,0.496488585004056,7174.0,5629.0,0.1444444444444444,-0.2364581828686985,0,0,0,,,10000,12,0
cred_002661,8,10,14,13,12152.0,78057.0,0.1556811048336472,6443.5,4967.5,0.1444444444444444,0.8309745037310019,0,0,0,,,25000,3,0
cred_001195,6,13,19,16,85840.0,339226.0,0.2530466414720569,22371.894736842107,6535.0,0.1777777777777777,-0.7801482523090613,0,0,0,,,5000,6,1
cred_001325,3,8,16,15,31409.0,51447.0,0.6105117888312244,5178.5,3345.5,0.1666666666666666,-0.5203467618561958,1,0,0,0.0,1.0,5000,3,0
cred_002313,9,16,27,23,231933.0,97772.0,2.372182219858446,12211.296296296296,3915.0,0.2555555555555555,0.0427204191840881,0,0,0,,,5000,6,0
cred_001942,5,14,19,17,42416.0,50138.0,0.8459850811759544,4871.263157894737,3734.0,0.1888888888888888,-0.298889911422984,0,0,0,,,5000,6,1
cred_000520,5,12,23,20,66650.0,156293.0,0.4264426429846506,9693.173913043478,5837.0,0.2222222222222222,-0.3145759667023006,0,0,0,,,5000,6,0
cred_002374,4,8,16,15,53170.0,49905.0,1.0654243061817452,6442.1875,3803.0,0.1666666666666666,0.5094769789593678,1,1,1,65.0,0.0,25000,6,1
cred_001939,2,8,9,8,459678.0,20296.0,22.64869925108396,53330.444444444445,4213.0,0.0888888888888888,0.9185316252227536,0,0,0,,,10000,6,1
cred_000963,8,17,24,22,73936.0,77057.0,0.9594975148266868,6291.375,4142.0,0.2444444444444444,0.049608273513353,0,0,0,,,10000,6,0
cred_001333,8,14,18,18,8272.0,138728.0,0.0596274724641024,8166.666666666667,3806.5,0.2,-0.0885650224215246,0,0,0,,,10000,6,0
cred_001048,6,11,15,15,35353.0,78960.0,0.4477330293819656,7620.866666666667,5168.0,0.1666666666666666,-0.1071777373186876,1,0,0,0.0,1.0,25000,3,0
cred_000693,8,15,20,19,75510.0,45445.0,1.66156892947519,6047.75,4548.5,0.2111111111111111,0.3127527773511493,0,0,0,,,10000,12,0
cred_001776,10,15,21,19,50044.0,42999.0,1.1638410195585944,4430.619047619048,2861.0,0.2111111111111111,0.4038551384262957,0,0,0,,,10000,6,1
cred_002044,6,13,19,19,106379.0,425948.0,0.2497464479232206,28017.21052631579,5910.0,0.2111111111111111,-0.5276260643037737,0,0,0,,,50000,3,0
cred_001222,9,19,28,23,45368.0,247601.0,0.1832302777452433,10463.17857142857,4045.5,0.2555555555555555,-0.1398509236253645,0,0,0,,,10000,6,0
cred_000962,8,17,24,22,73936.0,77057.0,0.9594975148266868,6291.375,4142.0,0.2444444444444444,0.049608273513353,0,0,0,,,25000,12,0
cred_002385,3,4,10,10,11940.0,136728.0,0.087326663156047,14866.8,9676.5,0.1111111111111111,0.6084606691888174,0,0,0,,,5000,9,0
cred_000569,4,7,17,16,13227.0,75750.0,0.1746138613861386,5233.941176470588,4251.0,0.1777777777777777,-0.0322239173075126,0,0,0,,,50000,3,0
cred_001311,5,10,16,13,75639.0,99196.0,0.7625206661558934,10927.1875,6024.5,0.1444444444444444,-0.0704644097222222,0,0,0,,,10000,3,0
cred_001486,8,16,26,24,60547.0,53460.0,1.132566404788627,4384.884615384615,3293.0,0.2666666666666666,0.3020334556308687,0,0,0,,,25000,12,0
cred_001554,11,20,24,21,60195.0,94007.0,0.640324656674503,6425.083333333333,5411.0,0.2333333333333333,0.3866416585058177,2,1,1,18.5,0.5,10000,6,0
cred_000070,4,11,19,16,293424.0,69891.0,4.198308795123836,19121.84210526316,5505.0,0.1777777777777777,0.6706733406257934,0,0,0,,,10000,6,0
cred_002169,3,13,21,20,205237.0,67874.0,3.0237940890473523,13005.285714285714,2513.0,0.2222222222222222,-0.9357374463942328,0,0,0,,,15000,6,1
cred_000774,7,9,21,19,110089.0,59938.0,1.8367146050919283,8096.523809523809,3259.0,0.2111111111111111,0.623402677831567,0,0,0,,,15000,9,0
cred_001240,7,12,19,19,96855.0,42327.0,2.288255723297186,7325.368421052632,4128.0,0.2111111111111111,-0.0273600904465799,0,0,0,,,5000,6,1
cred_000354,9,16,24,22,84620.0,61844.0,1.368281482439687,6102.666666666667,3668.0,0.2444444444444444,0.3649500114683541,0,0,0,,,50000,6,1
cred_002227,6,7,14,13,34636.0,64050.0,0.5407650273224044,7049.0,4054.5,0.1444444444444444,0.5584139238607069,0,0,0,,,15000,3,0
cred_001759,4,10,15,15,134081.0,37117.0,3.612387854621872,11413.2,3470.0,0.1666666666666666,0.543214973850812,2,0,1,7.5,1.0,5000,3,1
cred_002387,8,12,17,15,37889.0,70627.0,0.536466223965339,6383.294117647059,4096.0,0.1666666666666666,0.383019383019383,1,0,1,5.0,1.0,50000,3,0
cred_001557,8,14,27,24,155586.0,103759.0,1.499494019795873,9605.37037037037,5570.0,0.2666666666666666,0.2826084536518574,1,1,1,60.0,0.0,25000,6,0
cred_001634,11,15,20,18,42506.0,58214.0,0.7301680008245439,5036.0,3812.5,0.2,0.3641347115705235,0,0,0,,,15000,9,0
cred_001483,2,10,11,9,45470.0,32615.0,1.3941437988655527,7098.636363636364,5148.0,0.1,-0.4673822926211982,1,0,1,1.0,1.0,10000,3,0
cred_000199,4,8,16,16,29670.0,861818.0,0.0344272224530005,55718.0,4777.5,0.1777777777777777,-0.9236189520594936,1,0,1,2.0,1.0,25000,3,0
cred_002047,12,18,22,17,79351.0,55358.0,1.4334152245384588,6123.136363636364,3859.5,0.1888888888888888,0.3754034624413145,0,0,0,,,5000,9,0
cred_002171,4,9,15,15,49715.0,43421.0,1.1449529029732155,6209.066666666667,4543.0,0.1666666666666666,0.6533386830450147,0,0,0,,,15000,6,0
cred_001590,2,9,14,13,96476.0,30473.0,3.165950185410035,9067.785714285714,4612.0,0.1444444444444444,-0.803902662993572,0,0,0,,,15000,6,1
cred_001273,9,14,19,18,90949.0,87640.0,1.0377567320858057,9399.421052631578,7099.0,0.2,-0.0193364168086688,1,0,0,0.0,1.0,10000,12,0
cred_001670,4,6,13,10,22836.0,226069.0,0.1010134074110116,19146.53846153846,4434.0,0.1111111111111111,0.8233153114951058,0,0,0,,,10000,6,0
cred_002575,7,9,15,15,21905.0,51970.0,0.42149316913604,4925.0,2712.0,0.1666666666666666,0.5467595940999846,0,0,0,,,5000,9,0
cred_002069,5,10,21,20,28135.0,110978.0,0.2535187154210744,6624.428571428572,4049.0,0.2222222222222222,-0.2094416743349954,0,0,0,,,5000,6,0
cred_002418,6,8,13,12,29322.0,40540.0,0.7232856438085841,5374.0,4018.0,0.1333333333333333,0.8565767973856209,0,0,0,,,10000,6,0
cred_000075,4,10,14,12,9888.0,88499.0,0.111730076046057,7027.642857142857,3964.5,0.1333333333333333,-0.2562116301741627,1,0,1,2.0,1.0,10000,9,0
cred_000999,3,10,21,19,48768.0,63074.0,0.7731870501315915,5325.809523809524,4814.0,0.2111111111111111,-0.3679194415703647,0,0,0,,,100000,3,0
cred_001771,3,8,24,20,301234.0,84579.0,3.561569656770593,16075.541666666666,5291.5,0.2222222222222222,0.452613697323717,0,0,0,,,5000,6,1
cred_000117,4,13,21,19,68650.0,307919.0,0.2229482428820566,17931.85714285714,4297.0,0.2111111111111111,-0.2480160703275721,1,0,1,5.0,1.0,25000,3,0
cred_000352,11,18,25,22,84620.0,60083.0,1.408385067323536,5788.12,3439.0,0.2444444444444444,0.4270759792584658,1,1,1,99.0,0.0,100000,3,0
cred_001685,9,19,26,24,92994.0,63527.0,1.4638500165284052,6020.038461538462,3822.0,0.2666666666666666,-0.2046623618255444,0,0,0,,,15000,9,0
cred_001471,5,10,16,11,10464.0,111031.0,0.0942439498878691,7593.4375,5303.0,0.1222222222222222,0.0552813282573136,0,0,0,,,5000,3,0
cred_002349,6,14,25,23,143926.0,57638.0,2.497067906589403,8062.56,5219.0,0.2555555555555555,-0.331607503047169,2,0,1,5.0,1.0,5000,3,0
cred_001966,11,23,29,28,52769.0,79878.0,0.6606199454167606,4574.0344827586205,3098.0,0.3111111111111111,0.2623091373247916,0,0,0,,,5000,6,0
cred_000470,5,11,17,15,54618.0,175584.0,0.3110647895024603,13541.29411764706,4173.0,0.1666666666666666,-0.8414862740355544,0,0,0,,,15000,3,0
cred_001301,3,11,19,16,14734.0,101087.0,0.1457556362341349,6095.8421052631575,3512.0,0.1777777777777777,-0.4121025939323433,1,0,1,2.0,1.0,25000,3,0
cred_002048,6,14,20,18,87714.0,100151.0,0.8758175155515172,9393.25,6976.5,0.2,0.0934636261747965,0,0,0,,,5000,6,1
cred_000361,3,10,14,14,67960.0,38529.0,1.7638661787225207,7606.357142857143,5734.5,0.1555555555555555,-0.1068854117565905,2,0,1,5.0,1.0,25000,9,1
cred_000238,9,16,25,17,55674.0,89276.0,0.6236166494914647,5798.0,4039.0,0.1888888888888888,-0.0660723107501062,0,0,0,,,5000,6,0
cred_001703,6,14,21,18,63107.0,41871.0,1.5071768049485323,4998.952380952381,2323.0,0.2,-0.4704751013618879,0,0,0,,,100000,6,0
cred_001497,2,7,12,10,1025.0,83570.0,0.0122651669259303,7049.583333333333,5504.5,0.1111111111111111,-0.7615083412852489,0,0,0,,,15000,3,1
cred_001241,7,11,19,19,96855.0,42327.0,2.288255723297186,7325.368421052632,4128.0,0.2111111111111111,0.0119985884013645,1,1,1,97.0,0.0,25000,3,0
cred_002130,5,10,13,13,5884.0,59940.0,0.0981648314981648,5063.384615384615,3556.0,0.1444444444444444,-0.3761487050960735,0,0,0,,,10000,3,0
cred_000390,9,17,24,21,71467.0,65790.0,1.0862897096823223,5719.041666666667,3664.5,0.2333333333333333,-0.4625046220642437,0,0,0,,,5000,6,0
cred_001400,7,12,19,17,33507.0,64115.0,0.5226078140840676,5138.0,3264.0,0.1888888888888888,-0.2078488022149994,0,0,0,,,5000,3,0
cred_001520,7,14,23,21,58524.0,68257.0,0.8574065663594943,5512.217391304348,3883.0,0.2333333333333333,-0.0486628124610073,0,0,0,,,10000,6,0
cred_002475,7,13,17,16,32911.0,64839.0,0.5075803143170006,5750.0,4768.0,0.1777777777777777,-0.2053376585078148,0,0,0,,,5000,9,0
cred_001389,7,11,22,17,75861.0,59550.0,1.273904282115869,6155.045454545455,4002.5,0.1888888888888888,-0.0443565022078934,0,0,0,,,25000,6,0
cred_001416,4,14,22,19,34361.0,91050.0,0.377386051619989,5700.5,4418.0,0.2111111111111111,-0.6755424719939259,0,0,0,,,25000,12,0
cred_002682,6,11,20,18,823688.0,163589.0,5.0351062724266304,49363.85,5634.0,0.2,0.7899974093436339,0,0,0,,,15000,6,0
cred_001838,8,21,27,21,75265.0,116138.0,0.6480652327403607,7089.0,4123.0,0.2333333333333333,-0.4497767928624954,1,0,0,0.0,1.0,25000,6,0
cred_000811,6,12,19,17,57124.0,59826.0,0.9548356901681544,6155.263157894737,4140.0,0.1888888888888888,0.3894730154696483,1,1,1,94.0,0.0,10000,3,0
cred_000934,6,17,22,21,77082.0,142012.0,0.5427851167506971,9958.818181818182,6588.0,0.2333333333333333,-0.2513547181563376,1,0,0,0.0,1.0,10000,3,1
cred_001640,4,12,16,14,20505.0,33687.0,0.6086917802119512,3387.0,1916.5,0.1555555555555555,-0.5481344501250952,0,0,0,,,15000,6,0
cred_002257,6,10,15,14,45382.0,74638.0,0.6080280822101343,8001.333333333333,4435.0,0.1555555555555555,0.592831794035312,1,0,0,0.0,1.0,25000,6,0
cred_000466,5,10,15,14,31394.0,147106.0,0.2134107378353024,11900.0,3130.0,0.1555555555555555,-0.5868072203726339,1,0,0,0.0,1.0,5000,6,0
cred_001376,2,14,17,14,108513.0,115609.0,0.9386206956205831,13183.64705882353,6970.0,0.1555555555555555,-0.8027533313101773,1,0,0,0.0,1.0,15000,9,1
cred_001298,6,12,16,16,26797.0,30113.0,0.8898814465513234,3556.875,3250.5,0.1777777777777777,0.0544758715541469,1,0,1,1.0,1.0,5000,9,0
cred_000013,8,12,21,18,49463.0,67490.0,0.7328937620388206,5569.190476190476,5389.0,0.2,0.1873661253261674,0,0,0,,,5000,6,1
cred_001090,8,11,15,14,29172.0,131939.0,0.2211021760055783,10740.733333333334,4585.0,0.1555555555555555,0.5214666398752285,1,0,0,0.0,1.0,15000,3,0
cred_002060,3,9,16,16,90669.0,62118.0,1.4596252294021057,9549.1875,6700.5,0.1777777777777777,-0.8048006242407583,1,0,1,15.0,1.0,15000,3,1
cred_000290,5,8,13,13,19868.0,328387.0,0.0605017860024909,26788.846153846152,6138.0,0.1444444444444444,0.5502036115338735,0,0,0,,,25000,6,0
cred_001744,8,18,25,22,36425.0,225050.0,0.1618529215729837,10459.0,4019.0,0.2444444444444444,-0.2773233866618731,0,0,0,,,5000,6,0
cred_000099,3,10,19,16,132136.0,194628.0,0.6789156750313419,17198.105263157893,7599.0,0.1777777777777777,-0.8284951989216681,0,0,0,,,5000,6,1
cred_001296,4,10,14,12,41326.0,45651.0,0.905259468576811,6212.642857142857,4614.5,0.1333333333333333,-0.1462930671637304,0,0,0,,,50000,3,0
cred_001567,6,12,22,20,113267.0,120080.0,0.9432628247834776,10606.681818181818,5163.5,0.2222222222222222,0.3960583342508533,2,1,1,31.5,0.5,5000,3,0
cred_001944,6,10,14,14,20392.0,47835.0,0.426298735235706,4873.357142857143,4118.5,0.1555555555555555,-0.1846025171260156,0,0,0,,,50000,9,0
cred_000990,4,10,17,13,32052.0,48123.0,0.6660432641356524,4716.176470588235,3291.0,0.1444444444444444,-0.1473172097581463,0,0,0,,,5000,3,1
cred_002081,7,15,20,15,29460.0,85942.0,0.3427893230318121,5770.1,3607.5,0.1666666666666666,0.1979427558413984,0,0,0,,,10000,3,0
cred_000151,14,21,30,29,60378.0,101320.0,0.5959139360442164,5389.933333333333,4222.5,0.3222222222222222,0.5559919758601507,0,0,0,,,15000,6,0
cred_000319,7,12,19,19,40984.0,59824.0,0.685076223589195,5305.684210526316,5298.0,0.2111111111111111,0.252039603960396,0,0,0,,,10000,3,1
cred_001671,3,6,11,11,90685.0,48549.0,1.8679066510123792,12657.636363636364,6169.0,0.1222222222222222,-0.0761779242174629,0,0,0,,,50000,6,0
cred_000594,7,15,25,21,59114.0,103060.0,0.5735882010479333,6486.96,4408.0,0.2333333333333333,-0.0320801025173215,0,0,0,,,10000,6,0
cred_001399,8,11,19,17,19530.0,75554.0,0.2584906159832702,5004.421052631579,2878.0,0.1888888888888888,0.7612511656060333,0,0,0,,,5000,6,0
cred_000563,4,13,15,12,45606.0,39386.0,1.157924135479612,5666.133333333333,4105.0,0.1333333333333333,-0.4073586855846544,1,1,1,72.0,0.0,15000,9,0
cred_000139,0,4,8,8,6733.0,33850.0,0.1989069423929099,5072.875,3892.0,0.0888888888888888,-1.0,0,0,0,,,15000,9,0
cred_000700,4,7,16,15,44978.0,32780.0,1.3721171446003662,4859.875,2593.0,0.1666666666666666,-0.3950650276144664,0,0,0,,,10000,9,0
cred_000994,10,18,27,25,142290.0,88999.0,1.5987820087866156,8566.25925925926,6403.0,0.2777777777777778,-0.1562527627972769,0,0,0,,,15000,9,0
cred_002506,6,9,16,14,30303.0,40924.0,0.7404701397712834,4451.6875,3625.5,0.1555555555555555,-0.0306141239296565,1,0,1,2.0,1.0,25000,6,0
cred_001619,3,6,15,11,47701.0,53033.0,0.899458827522486,6715.6,4023.0,0.1222222222222222,0.1049821208088129,0,0,0,,,5000,6,1
cred_000234,4,13,17,15,49782.0,55335.0,0.8996476009758743,6183.35294117647,5376.0,0.1666666666666666,-0.4211745225495351,0,0,0,,,15000,6,0
cred_002435,5,14,19,18,25232.0,44590.0,0.5658667862749496,3674.842105263158,2687.0,0.2,-0.2727408096789204,0,0,0,,,5000,6,1
cred_000887,7,11,19,19,120254.0,63549.0,1.8923035767675336,9673.842105263158,4946.0,0.2111111111111111,0.7636908208416433,1,0,0,0.0,1.0,5000,3,0
cred_000209,5,17,25,23,237323.0,53552.0,4.431636540185241,11635.0,3507.0,0.2555555555555555,-0.8414219916237042,0,0,0,,,10000,9,0
cred_002434,10,16,24,20,31974.0,136041.0,0.2350320859152755,7000.625,3502.0,0.2222222222222222,-0.4174346085823326,0,0,0,,,5000,6,0
cred_001800,5,8,14,14,13995.0,49382.0,0.2834028593414605,4526.928571428572,2180.5,0.1555555555555555,0.5495651172167502,1,0,0,0.0,1.0,50000,9,1
cred_000741,2,7,10,9,18530.0,46521.0,0.3983147395799746,6505.1,5467.0,0.1,0.1129378754000613,0,0,0,,,25000,3,0
cred_000659,4,7,20,20,18124.0,92879.0,0.1951356065418447,5550.15,3226.0,0.2222222222222222,-0.804097186034393,0,0,0,,,5000,6,1
cred_000085,3,8,17,15,41895.0,241918.0,0.1731785150340198,16694.882352941175,4113.0,0.1666666666666666,-0.2336235364755328,0,0,0,,,5000,3,0
cred_002305,5,14,24,23,127767.0,58658.0,2.1781683657813087,7767.708333333333,3525.5,0.2555555555555555,-0.304438704867398,1,0,0,0.0,1.0,15000,3,0
cred_002630,4,12,22,21,116727.0,140639.0,0.8299760379411116,11698.454545454546,4863.0,0.2333333333333333,-0.7032051185092191,2,0,0,0.0,1.0,50000,6,0
cred_001650,3,10,14,12,31809.0,101666.0,0.3128774614915507,9533.92857142857,7365.5,0.1333333333333333,-0.4522462412370669,0,0,0,,,5000,6,1
cred_000122,5,9,17,15,115395.0,40512.0,2.8484152843601898,9171.0,5266.0,0.1666666666666666,0.4611469290804207,2,1,1,46.0,0.5,25000,12,0
cred_001024,6,16,27,22,87161.0,68969.0,1.2637706795806811,5782.592592592592,3540.0,0.2444444444444444,-0.4727297611715595,0,0,0,,,50000,3,0
cred_000385,7,12,18,17,25117.0,36391.0,0.6901981259102525,3417.1111111111118,3497.0,0.1888888888888888,0.2083474146671172,1,0,0,0.0,1.0,15000,6,0
cred_002611,9,14,18,17,34394.0,103043.0,0.3337829838028784,7635.388888888889,4581.5,0.1888888888888888,0.6298054020044043,2,0,1,1.0,1.0,5000,9,0
cred_002096,4,14,20,16,57469.0,182617.0,0.3146968792609669,12004.3,4588.5,0.1777777777777777,-0.6565803043472387,2,0,1,0.5,1.0,15000,9,1
cred_000595,8,16,25,21,62785.0,102385.0,0.6132245934463056,6606.8,4408.0,0.2333333333333333,0.0074880160412728,1,0,0,0.0,1.0,100000,12,0
cred_001096,2,8,17,16,32000.0,49122.0,0.6514392736452099,4771.882352941177,4059.0,0.1777777777777777,-0.1726905788459774,1,0,0,0.0,1.0,10000,12,0
cred_000264,9,15,21,19,66744.0,53131.0,1.25621576857202,5708.333333333333,3314.0,0.2111111111111111,0.6042958051030705,0,0,0,,,100000,6,1
cred_000015,7,12,16,15,15788.0,230265.0,0.0685644800555881,15378.3125,4858.5,0.1666666666666666,0.8007749347447141,0,0,0,,,25000,6,0
cred_000443,8,12,17,15,29641.0,67638.0,0.4382299890594044,5722.294117647059,4933.0,0.1666666666666666,0.578420559201456,0,0,0,,,10000,3,1
cred_001122,2,5,16,16,150673.0,61782.0,2.438784759315011,13278.4375,5077.5,0.1777777777777777,0.5516606782928754,1,0,0,0.0,1.0,50000,6,0
cred_002458,3,16,21,17,203756.0,94502.0,2.1561025163488603,14202.761904761905,4400.0,0.1888888888888888,-0.7709877266469434,0,0,0,,,5000,3,0
cred_000506,4,7,9,9,19185.0,41807.0,0.458894443514244,6776.888888888889,8479.0,0.1,0.220113302733325,1,0,0,0.0,1.0,25000,3,0
cred_000096,7,17,20,19,72162.0,47289.0,1.5259785573812092,5972.55,3615.5,0.2111111111111111,-0.1545150748666063,0,0,0,,,15000,6,1
cred_001117,6,12,18,15,51113.0,108420.0,0.471435159564656,8862.944444444445,4032.5,0.1666666666666666,-0.1903212261179928,0,0,0,,,25000,3,1
cred_000571,7,13,20,19,54963.0,128229.0,0.4286315887981657,9159.6,3616.5,0.2111111111111111,-0.1344817165306739,0,0,0,,,15000,6,0
cred_000240,10,16,26,18,52718.0,113096.0,0.466134964985499,6377.461538461538,5785.0,0.2,0.1311971289412971,1,0,1,5.0,1.0,5000,12,0
cred_001009,4,7,9,9,7309.0,53201.0,0.1373846356271498,6723.333333333333,3143.0,0.1,0.6120353982300885,0,0,0,,,15000,6,0
cred_001928,8,13,18,16,30614.0,70614.0,0.4335400912000453,5623.777777777777,4090.5,0.1777777777777777,0.3468612186440918,0,0,0,,,5000,6,0
cred_000160,6,10,17,16,14788.0,133459.0,0.1108055657542766,8720.411764705883,4101.0,0.1777777777777777,0.1828438228438228,0,0,0,,,25000,6,0
cred_001809,6,11,22,22,98674.0,84099.0,1.1733076493180656,8307.863636363636,4788.0,0.2444444444444444,0.2187104930467762,2,0,2,10.0,1.0,10000,12,0
cred_002099,8,18,28,27,60530.0,114758.0,0.5274577807211698,6260.285714285715,2780.0,0.3,-0.2489939213687268,0,0,0,,,5000,6,0
cred_001836,9,12,19,17,29412.0,61776.0,0.4761072261072261,4799.368421052632,3614.0,0.1888888888888888,0.528948255519973,1,0,0,0.0,1.0,25000,3,0
cred_002186,8,15,26,20,38653.0,447866.0,0.0863048322489316,18712.26923076923,2996.5,0.2222222222222222,-0.2580275477328259,1,0,1,5.0,1.0,15000,3,0
cred_000964,6,13,15,14,43846.0,18630.0,2.353515834675255,4165.066666666667,2876.0,0.1555555555555555,-0.3702686733168815,2,0,0,0.0,1.0,50000,3,0
cred_002537,5,13,18,17,52431.0,67934.0,0.7717932110577914,6686.944444444444,4541.5,0.1888888888888888,-0.1370937375606502,0,0,0,,,15000,3,0
cred_001410,5,14,16,13,130885.0,321205.0,0.4074812035927211,28255.625,9122.5,0.1444444444444444,-0.7312904459780938,0,0,0,,,25000,6,0
cred_002419,3,10,17,16,62743.0,62120.0,1.0100289761751449,7344.882352941177,4835.0,0.1777777777777777,-0.4125643394483305,0,0,0,,,5000,6,0
cred_002089,5,16,23,20,71898.0,36912.0,1.9478218465539665,4730.869565217391,4312.0,0.2222222222222222,-0.6734174915993097,1,0,1,1.0,1.0,25000,3,0
cred_001848,5,9,14,14,32200.0,25761.0,1.2499514770389348,4140.071428571428,2253.0,0.1555555555555555,0.4968026896960907,1,0,1,2.0,1.0,50000,3,0
cred_001704,6,14,22,17,55513.0,151867.0,0.3655369500944905,9426.363636363636,3373.0,0.1888888888888888,0.0443456027273211,0,0,0,,,10000,6,0
cred_000167,7,15,21,18,52963.0,75123.0,0.7050171052806731,6099.333333333333,5236.0,0.2,0.0276802772470786,1,0,0,0.0,1.0,15000,9,0
cred_000667,7,12,17,17,55104.0,95020.0,0.5799200168385603,8830.823529411764,2585.0,0.1888888888888888,0.284525696704781,0,0,0,,,15000,9,0
cred_002344,5,12,19,17,48408.0,23763.0,2.0371165256912005,3798.4736842105262,2926.0,0.1888888888888888,-0.0330242861831309,1,1,1,67.0,0.0,10000,3,0
cred_000184,2,13,16,15,98690.0,40707.0,2.4243987520573858,8712.3125,5084.5,0.1666666666666666,-0.2946739004138251,2,0,0,0.0,1.0,15000,3,0
cred_000188,5,8,10,10,12970.0,32476.0,0.3993718438231309,4544.6,3008.0,0.1111111111111111,-0.2130971854024479,0,0,0,,,15000,12,0
cred_002031,6,15,19,18,32056.0,204717.0,0.1565868980104241,12461.736842105263,5659.0,0.2,0.3857420651311301,0,0,0,,,15000,9,0
cred_000983,9,11,16,14,17894.0,61913.0,0.2890184613893689,4987.9375,3968.0,0.1555555555555555,0.2938939125570989,1,0,0,0.0,1.0,5000,12,0
cred_000098,6,7,19,17,10534.0,210935.0,0.0499395548391684,11656.263157894737,3150.0,0.1888888888888888,0.9774567725571468,0,0,0,,,10000,3,0
cred_002270,2,5,15,11,57441.0,60633.0,0.9473554005244668,7871.6,3659.0,0.1222222222222222,-0.8312278591003275,1,0,1,1.0,1.0,5000,6,0
cred_002710,8,13,16,13,283504.0,67669.0,4.189569817789534,21948.3125,7672.5,0.1444444444444444,0.8003230122093794,0,0,0,,,50000,6,0
cred_002493,10,21,25,23,59208.0,219113.0,0.2702167374824862,11132.84,4473.0,0.2555555555555555,-0.4692515228214614,0,0,0,,,25000,3,0
cred_000850,5,13,21,19,78048.0,40908.0,1.907890877090056,5664.571428571428,4601.0,0.2111111111111111,-0.3472672636934337,0,0,0,,,5000,6,0
cred_000801,6,11,15,13,34552.0,21219.0,1.6283519487251992,3718.0666666666666,2682.0,0.1444444444444444,-0.2588068491656669,0,0,0,,,100000,6,0
cred_002499,8,17,22,18,49137.0,64369.0,0.7633643524056611,5159.363636363636,3718.5,0.2,-0.0853419298587768,0,0,0,,,15000,12,0
cred_001432,8,12,21,19,75176.0,62183.0,1.208947783156168,6540.9047619047615,4662.0,0.2111111111111111,0.1706495381596727,0,0,0,,,10000,6,1
cred_002709,10,19,21,17,42235.0,107694.0,0.3921759800917414,7139.476190476191,5117.0,0.1888888888888888,-0.0013803309948344,1,0,1,10.0,1.0,15000,9,0
cred_000790,4,12,18,16,42110.0,150404.0,0.2799792558708545,10695.222222222224,8271.5,0.1777777777777777,-0.5350956339226866,1,0,0,0.0,1.0,5000,6,0
cred_002028,7,12,21,18,46265.0,84738.0,0.5459770114942529,6238.238095238095,4225.0,0.2,0.1827577309086958,1,1,1,57.0,0.0,10000,12,0
cred_001328,2,6,13,11,8946.0,254130.0,0.035202455436194,20236.615384615383,3845.0,0.1222222222222222,-0.907745406733331,0,0,0,,,15000,3,0
cred_001515,8,16,19,17,57284.0,66018.0,0.8677027477354661,6489.578947368421,3380.0,0.1888888888888888,-0.4340311103040993,0,0,0,,,10000,12,0
cred_002280,8,14,19,16,42578.0,50651.0,0.8406151902232927,4906.789473684211,3894.0,0.1777777777777777,0.2751164431898377,0,0,0,,,15000,9,0
cred_000187,5,11,17,15,34913.0,79028.0,0.4417801285620286,6702.411764705882,4908.0,0.1666666666666666,-0.1087322951520793,0,0,0,,,5000,3,0
cred_001366,3,11,12,10,48995.0,29230.0,1.676188847074923,6518.75,5164.0,0.1111111111111111,-0.5645248526150685,0,0,0,,,15000,12,1
cred_000710,6,8,15,13,27744.0,45024.0,0.6162046908315565,4851.2,3184.0,0.1444444444444444,0.3434169590256172,0,0,0,,,5000,3,0
cred_001687,3,9,14,13,42990.0,204764.0,0.2099490144752007,17696.714285714286,4024.5,0.1444444444444444,-0.8015854014217246,0,0,0,,,15000,3,0
cred_000753,3,8,14,13,46357.0,36220.0,1.2798729983434567,5898.357142857143,5406.0,0.1444444444444444,-0.2275591761450968,0,0,0,,,5000,3,0
cred_000866,5,12,16,15,27150.0,58834.0,0.4614678587211476,5374.0,3665.5,0.1666666666666666,-0.117354868200518,0,0,0,,,5000,9,0
cred_000483,7,13,19,18,29442.0,50567.0,0.582237427571341,4211.0,3607.0,0.2,0.045517471436911,0,0,0,,,25000,3,0
cred_000851,8,13,22,20,56379.0,49436.0,1.1404442106966584,4809.772727272727,3966.5,0.2222222222222222,0.4368388015371189,0,0,0,,,15000,12,0
cred_000444,6,16,26,23,66047.0,60346.0,1.0944718788320684,4861.269230769231,2958.0,0.2555555555555555,0.0593756727664155,0,0,0,,,5000,3,0
cred_000036,4,8,15,13,47062.0,19906.0,2.3642117954385613,4464.533333333334,3408.0,0.1444444444444444,0.1677526510795962,0,0,0,,,10000,6,0
cred_001706,12,16,23,19,59643.0,119431.0,0.49939295492795,7785.826086956522,3643.0,0.2111111111111111,0.5310197122768455,0,0,0,,,10000,3,0
cred_002150,13,23,28,27,113464.0,62470.0,1.8162958219945573,6283.357142857143,3976.5,0.3,-0.471323460680759,1,0,0,0.0,1.0,25000,6,0
cred_000026,3,12,18,14,32451.0,49244.0,0.658983835594184,4538.611111111111,4195.0,0.1555555555555555,-0.1181930001118193,1,1,1,81.0,0.0,10000,9,0
cred_001151,7,9,14,13,82903.0,113357.0,0.7313443369178789,14018.57142857143,5288.0,0.1444444444444444,-0.2378860450765478,1,0,1,15.0,1.0,25000,3,0
cred_001662,6,14,17,16,14360.0,60014.0,0.2392775019162195,4374.941176470588,2238.0,0.1777777777777777,-0.3379775633482388,1,1,1,104.0,0.0,10000,3,1
cred_001884,3,6,14,12,33405.0,44606.0,0.7488902838183205,5572.214285714285,5288.5,0.1333333333333333,-0.1072652501713502,0,0,0,,,15000,6,0
cred_002310,2,5,14,13,5402.0,207154.0,0.0260772179151742,15182.57142857143,6772.5,0.1444444444444444,-0.8705530216647662,0,0,0,,,10000,6,0
cred_000863,10,16,25,22,20696.0,118083.0,0.1752665497997171,5551.16,3245.0,0.2444444444444444,0.1316066948649271,0,0,0,,,50000,3,0
cred_000839,7,10,15,15,16541.0,61759.0,0.2678314091873249,5220.0,4001.0,0.1666666666666666,0.6536235239638806,0,0,0,,,100000,6,0
cred_002400,8,15,19,19,45114.0,45496.0,0.9916036574643924,4768.9473684210525,3491.0,0.2111111111111111,0.0749775120376739,1,0,0,0.0,1.0,25000,6,0
cred_002679,6,14,21,18,52254.0,82308.0,0.6348593089371628,6407.714285714285,6068.0,0.2,0.00976175043702,1,0,1,10.0,1.0,50000,6,0
cred_002396,8,17,23,22,54398.0,112399.0,0.4839722773334282,7252.04347826087,4139.0,0.2444444444444444,0.2231538348670006,0,0,0,,,5000,9,0
cred_001960,9,11,16,15,21627.0,100293.0,0.2156381801322126,7620.0,4386.5,0.1666666666666666,0.6730284545421339,0,0,0,,,100000,6,0
cred_002548,8,16,23,20,88831.0,61263.0,1.4499942869268565,6525.826086956522,2831.0,0.2222222222222222,0.4196221059167923,1,0,0,0.0,1.0,50000,6,0
cred_000911,10,20,28,25,193214.0,88327.0,2.187485140444032,10055.035714285714,4280.5,0.2777777777777778,0.4379510770756432,0,0,0,,,5000,6,0
cred_001782,8,18,23,21,179863.0,57180.0,3.1455578873732075,10306.217391304348,5850.0,0.2333333333333333,0.3256407610004472,0,0,0,,,25000,9,0
cred_001954,6,18,22,19,146924.0,94788.0,1.550027429632443,10986.90909090909,7516.5,0.2111111111111111,-0.322448393466164,1,0,0,0.0,1.0,10000,3,0
cred_002538,7,14,20,18,53254.0,68510.0,0.7773171799737265,6088.2,4430.5,0.2,0.1577327958291192,1,0,0,0.0,1.0,10000,12,0
cred_001943,3,9,14,14,18863.0,49236.0,0.3831139816394508,4864.214285714285,4118.5,0.1555555555555555,-0.4706403649850658,1,0,0,0.0,1.0,25000,6,0
cred_000068,7,11,15,15,15267.0,259216.0,0.058896827356336,18298.866666666665,5130.0,0.1666666666666666,0.264596408291901,0,0,0,,,25000,9,0
cred_000205,4,4,9,8,12406.0,41505.0,0.2989037465365619,5990.111111111111,4752.0,0.0888888888888888,1.0,0,0,0,,,50000,6,0
cred_000017,6,13,16,15,51400.0,121372.0,0.4234914148238473,10798.25,4800.5,0.1666666666666666,-0.2601491701632024,0,0,0,,,25000,6,0
cred_000263,4,9,15,14,29987.0,53905.0,0.5562934792690845,5592.8,4175.0,0.1555555555555555,-0.5775525511087178,1,1,1,98.0,0.0,25000,6,0
cred_001053,5,13,20,17,46253.0,116810.0,0.3959678109750877,8153.15,5121.5,0.1888888888888888,-0.7002840777651316,0,0,0,,,5000,6,0
cred_001892,9,17,25,22,105824.0,56616.0,1.8691535961565635,6497.6,4961.0,0.2444444444444444,-0.0050197838540128,0,0,0,,,10000,6,0
cred_000115,4,9,12,12,24820.0,22337.0,1.1111608541881184,3929.75,4182.0,0.1333333333333333,0.0088683523232787,0,0,0,,,15000,6,1
cred_000502,13,17,21,21,43952.0,53707.0,0.8183663209637477,4650.428571428572,4249.0,0.2333333333333333,0.428924249373743,0,0,0,,,50000,6,0
cred_001027,1,6,12,12,42795.0,57680.0,0.7419382801664355,8372.916666666666,6199.0,0.1333333333333333,-0.5742644767881783,0,0,0,,,10000,6,1
cred_001069,6,15,21,19,20734.0,70956.0,0.2922092564406111,4366.190476190476,3615.0,0.2111111111111111,-0.2368663320761441,0,0,0,,,15000,12,0
cred_002036,9,13,24,23,104352.0,80756.0,1.2921888156917134,7712.833333333333,3309.0,0.2555555555555555,0.2548327347669939,0,0,0,,,15000,6,0
cred_002382,1,12,17,16,23948.0,71274.0,0.335999102056851,5601.294117647059,4815.0,0.1777777777777777,-0.6044808405438813,0,0,0,,,10000,12,0
cred_002364,6,17,24,20,59815.0,95173.0,0.628487070912969,6457.833333333333,5925.5,0.2222222222222222,0.1886439267886855,1,0,1,15.0,1.0,25000,3,0
cred_002533,10,13,19,17,77730.0,56740.0,1.3699330278463164,7077.368421052632,4044.0,0.1888888888888888,0.5936434936147498,0,0,0,,,15000,9,1
cred_000812,7,10,23,21,324053.0,90006.0,3.60034886563118,18002.565217391304,5440.0,0.2333333333333333,0.5007569117998566,0,0,0,,,100000,3,1
cred_000445,5,14,25,22,61220.0,60346.0,1.014483147184569,4862.64,2913.0,0.2444444444444444,0.2802290737164546,1,0,0,0.0,1.0,100000,3,0
cred_001509,5,13,16,14,35499.0,29108.0,1.2195616325408822,4037.9375,3658.5,0.1555555555555555,-0.1970138588540589,0,0,0,,,10000,3,0
cred_001947,4,10,17,15,182425.0,76775.0,2.3760989905568217,15247.058823529413,5231.0,0.1666666666666666,-0.6571504019717153,0,0,0,,,5000,12,0
cred_000273,7,13,18,17,244467.0,75817.0,3.224435153065935,17793.555555555555,5052.5,0.1888888888888888,0.6704648206633556,0,0,0,,,50000,9,0
cred_001962,4,14,17,17,58000.0,58907.0,0.9846028485578964,6876.882352941177,4289.0,0.1888888888888888,-0.4398896961340616,0,0,0,,,10000,3,1
cred_002681,8,13,19,17,799828.0,173974.0,4.597399611436192,51252.73684210526,4493.0,0.1888888888888888,0.7911674225434366,1,0,0,0.0,1.0,10000,6,0
cred_002650,3,9,14,13,29381.0,68750.0,0.42736,7009.357142857143,3679.0,0.1444444444444444,-0.4509657785230731,0,0,0,,,15000,3,0
cred_002673,5,9,14,13,43355.0,33532.0,1.2929440534414889,5491.928571428572,2637.5,0.1444444444444444,-0.5322217214961694,0,0,0,,,10000,6,1
cred_000405,8,13,19,16,87454.0,116922.0,0.7479687312909461,10756.631578947368,3203.0,0.1777777777777777,0.7292008738957567,1,1,1,117.0,0.0,5000,3,1
cred_000198,4,8,13,13,17213.0,845326.0,0.0203625583502696,66349.15384615384,4387.0,0.1444444444444444,-0.4192715865352526,2,0,1,1.0,1.0,15000,9,0
cred_000580,7,12,20,18,35367.0,77539.0,0.456118856317466,5645.3,3856.0,0.2,0.3869444652626845,1,0,0,0.0,1.0,15000,6,0
cred_001339,8,15,20,16,219637.0,55255.0,3.974970590896752,13744.6,5035.0,0.1777777777777777,-0.4377633059977488,1,0,0,0.0,1.0,100000,3,0
cred_001820,9,14,22,19,56378.0,169246.0,0.333112747125486,10255.636363636364,3979.0,0.2111111111111111,-0.5462833046962342,0,0,0,,,5000,3,0
cred_000902,5,10,15,14,65144.0,32868.0,1.9819885603018133,6534.133333333333,3180.0,0.1555555555555555,-0.0729989007694613,0,0,0,,,25000,6,0
cred_001002,9,15,24,21,50567.0,100264.0,0.5043385462379318,6284.625,4216.5,0.2333333333333333,0.1650840785884465,0,0,0,,,100000,6,0
cred_000452,8,15,19,19,48819.0,67658.0,0.7215554701587396,6130.368421052632,2622.0,0.2111111111111111,0.3814607898978392,0,0,0,,,5000,3,0
cred_000593,4,17,23,19,22366.0,103635.0,0.2158151203743908,5478.304347826087,3720.0,0.2111111111111111,-0.7914703668958692,2,0,1,0.5,1.0,15000,9,0
cred_001999,3,9,11,11,33243.0,12927.0,2.5715943374332797,4197.272727272727,3814.0,0.1222222222222222,-0.3296379698596917,0,0,0,,,50000,3,0
cred_002674,7,16,19,17,71521.0,48333.0,1.4797550327933295,6308.105263157895,4901.0,0.1888888888888888,-0.4238050645376172,0,0,0,,,50000,3,0
cred_001511,8,14,17,14,22799.0,95489.0,0.2387604855009477,6958.117647058823,3878.0,0.1555555555555555,0.3415062761506276,0,0,0,,,10000,12,1
cred_002042,9,15,21,19,26942.0,57271.0,0.4704300605891289,4010.142857142857,3040.0,0.2111111111111111,0.3729728148808914,0,0,0,,,15000,9,0
cred_001956,6,10,14,14,81176.0,60149.0,1.3495818716853147,10094.642857142857,4561.0,0.1555555555555555,0.2575607285313298,0,0,0,,,25000,9,0
cred_001893,10,18,26,22,101922.0,65019.0,1.5675725557144835,6420.807692307692,5059.0,0.2444444444444444,0.0350973484886285,1,0,0,0.0,1.0,5000,6,0
cred_001525,9,17,22,20,82717.0,39370.0,2.101016002032004,5549.409090909091,3289.5,0.2222222222222222,-0.1375169355831999,0,0,0,,,5000,6,0
cred_002576,8,19,30,29,98763.0,204626.0,0.4826512759864338,10112.966666666667,6169.5,0.3222222222222222,0.005775457360771,0,0,0,,,10000,3,0
cred_002158,4,6,13,13,16968.0,44833.0,0.378471215399371,4753.923076923077,2885.0,0.1444444444444444,-0.1763109694050607,0,0,0,,,10000,6,1
cred_001508,5,11,16,14,35499.0,29108.0,1.2195616325408822,4037.9375,3658.5,0.1555555555555555,-0.109131496046565,1,0,1,1.0,1.0,15000,6,0
cred_002194,4,9,17,16,31293.0,672462.0,0.0465349714928129,41397.35294117647,4923.0,0.1777777777777777,-0.9297065521206996,0,0,0,,,10000,9,0
cred_002144,6,13,22,20,50587.0,58494.0,0.8648237426060793,4958.227272727273,3022.0,0.2222222222222222,-0.1386868969374912,0,0,0,,,10000,9,0
cred_001541,9,14,17,16,99115.0,45235.0,2.1911130761578423,8491.176470588236,4829.0,0.1777777777777777,0.2459969914758482,0,0,0,,,15000,6,0
cred_000252,6,10,12,11,16635.0,32926.0,0.5052238352669622,4130.083333333333,2037.5,0.1222222222222222,0.3529537824130295,0,0,0,,,25000,6,0
cred_002363,9,18,26,22,57405.0,96588.0,0.5943284880109331,5922.807692307692,4754.5,0.2444444444444444,0.4818503854969785,2,0,2,10.0,1.0,50000,6,0
cred_000020,8,14,16,16,32470.0,102439.0,0.3169691230878864,8431.8125,4590.0,0.1777777777777777,0.4357452499192354,1,0,0,0.0,1.0,10000,6,0
cred_001480,8,15,20,16,49884.0,83170.0,0.5997835758085849,6652.7,5690.5,0.1777777777777777,0.4068254413000841,0,0,0,,,5000,9,0
cred_002178,12,17,31,25,85114.0,84605.0,1.0060161928964009,5474.806451612903,4233.0,0.2777777777777778,0.542517595477097,1,0,1,5.0,1.0,5000,3,0
cred_000255,8,13,23,20,50717.0,55077.0,0.9208380993881292,4599.739130434783,3494.0,0.2222222222222222,0.0253532511541869,0,0,0,,,5000,3,0
cred_001154,5,9,13,13,29271.0,48909.0,0.5984788075814267,6013.846153846154,3553.0,0.1444444444444444,-0.0362439607427234,0,0,0,,,10000,3,0
cred_001233,6,13,25,23,49812.0,266124.0,0.1871759029625287,12637.44,2801.0,0.2555555555555555,-0.6537735849056604,0,0,0,,,25000,6,0
cred_002617,7,9,14,14,31356.0,54774.0,0.5724613867893527,6152.142857142857,5155.0,0.1555555555555555,0.4357931100662124,1,0,0,0.0,1.0,10000,3,1
cred_001495,4,12,19,19,126931.0,32203.0,3.94158929292302,8375.473684210527,3343.0,0.2111111111111111,-0.2549451996182075,1,0,1,1.0,1.0,10000,12,0
cred_000841,6,15,21,20,41423.0,144099.0,0.2874620920339489,8834.380952380952,5979.0,0.2222222222222222,-0.395016136008251,1,0,0,0.0,1.0,10000,6,0
cred_002598,4,8,11,11,22369.0,34959.0,0.6398638404988701,5211.636363636364,4870.0,0.1222222222222222,-0.1402795917380157,2,1,1,51.0,0.5,15000,6,1
cred_002459,3,8,11,11,64572.0,12927.0,4.995126479461592,7045.363636363636,3329.0,0.1222222222222222,-0.7291937991009536,0,0,0,,,10000,3,1
cred_001698,9,15,24,20,50405.0,426554.0,0.1181679224670264,19873.291666666668,5569.0,0.2222222222222222,-0.4154576856649395,0,0,0,,,15000,3,1
cred_000602,7,18,22,19,57060.0,45939.0,1.2420818912035525,4681.772727272727,3398.5,0.2111111111111111,-0.3053752426779738,0,0,0,,,5000,6,0
cred_001631,7,13,15,14,24662.0,47491.0,0.5192983933797983,4810.2,3605.0,0.1555555555555555,0.0113575920653296,2,0,0,0.0,1.0,10000,6,0
cred_000654,5,9,16,15,42429.0,89237.0,0.4754642132747627,8229.125,7136.0,0.1666666666666666,0.4539975566716438,0,0,0,,,5000,6,0
cred_001967,9,20,32,30,85432.0,65300.0,1.3083001531393568,4710.375,3135.5,0.3333333333333333,-0.1272191188355343,1,0,0,0.0,1.0,5000,6,0
cred_000827,4,9,15,13,41011.0,37359.0,1.09775422254343,5224.666666666667,3272.0,0.1444444444444444,-0.2345391983632474,0,0,0,,,10000,3,0
cred_002362,4,5,10,7,49599.0,22595.0,2.1951316662978537,7219.4,5162.0,0.0777777777777777,0.9210326838186116,0,0,0,,,10000,6,0
cred_000046,7,9,15,14,24301.0,55222.0,0.4400601209662815,5301.533333333334,4102.0,0.1555555555555555,0.822854883353104,0,0,0,,,10000,3,0
cred_000313,2,10,18,14,885977.0,37483.0,23.63676866846304,51303.333333333336,3931.5,0.1555555555555555,0.895233478605883,1,0,0,0.0,1.0,50000,6,1
cred_002525,4,15,23,20,34970.0,873197.0,0.0400482365376885,39485.52173913043,3943.0,0.2222222222222222,-0.3939531386146886,0,0,0,,,25000,3,0
cred_000545,4,8,11,11,56087.0,33162.0,1.6913032989566372,8113.545454545455,4255.0,0.1222222222222222,-0.3257755514544336,1,0,0,0.0,1.0,25000,3,0
cred_002308,4,6,10,10,43389.0,96852.0,0.4479928137777227,14024.1,4972.5,0.1111111111111111,0.6345220869861264,0,0,0,,,15000,6,0
cred_001660,7,21,24,22,114210.0,66752.0,1.7109599712368169,7540.083333333333,4299.5,0.2444444444444444,-0.2799154007997268,1,0,0,0.0,1.0,10000,6,0
cred_000001,3,9,17,16,68792.0,50891.0,1.3517517832229666,7040.176470588235,5484.0,0.1777777777777777,-0.1301040384830518,1,0,0,0.0,1.0,50000,6,1
cred_000418,8,10,14,14,79175.0,15132.0,5.232289188474756,6736.214285714285,5861.0,0.1555555555555555,0.5497198052416762,0,0,0,,,50000,6,1
cred_000769,6,14,21,19,66787.0,108786.0,0.6139301012997996,8360.619047619048,3031.0,0.2111111111111111,-0.6508043875685557,0,0,0,,,15000,12,0
cred_000391,1,11,19,16,42394.0,76550.0,0.5538079686479426,6260.210526315789,2650.0,0.1777777777777777,-0.06977333878034,1,0,0,0.0,1.0,5000,3,0
cred_002342,6,12,20,19,88257.0,56438.0,1.5637868103051136,7234.75,4080.0,0.2111111111111111,0.2460901207804273,0,0,0,,,5000,6,1
cred_001126,9,18,21,20,170571.0,67080.0,2.542799642218247,11316.714285714286,6058.0,0.2222222222222222,-0.2433665596985961,0,0,0,,,50000,3,1
cred_000149,5,13,20,18,42909.0,91492.0,0.4689918244218073,6720.05,4623.5,0.2,-0.2937778243834545,2,1,1,50.0,0.5,10000,3,0
cred_000136,5,13,25,20,128309.0,80622.0,1.5914886755476172,8357.24,4083.0,0.2222222222222222,-0.7123425502137156,0,0,0,,,25000,12,0
cred_001902,6,15,19,16,50723.0,87721.0,0.578230982318943,7286.526315789473,6833.0,0.1777777777777777,0.0016327279398275,0,0,0,,,5000,3,1
cred_002206,4,12,20,18,68033.0,92802.0,0.7330984246029181,8041.75,5975.5,0.2,-0.699994315921105,1,0,0,0.0,1.0,10000,9,1
cred_001300,6,12,20,20,28362.0,40874.0,0.6938885354993395,3461.8,3250.5,0.2222222222222222,-0.2601785325495319,2,0,2,1.0,1.0,10000,9,0
cred_001204,3,12,18,16,49840.0,49533.0,1.0061978882765026,5520.722222222223,2904.0,0.1777777777777777,-0.7277955939765756,2,0,2,3.5,1.0,15000,3,0
cred_000604,12,20,25,22,42085.0,102511.0,0.4105413077620938,5783.84,4806.0,0.2444444444444444,0.2931437858303716,0,0,0,,,25000,3,0
cred_001026,3,8,14,14,16938.0,71666.0,0.2363463846175313,6328.857142857143,4281.0,0.1555555555555555,-0.3346274336453268,1,1,1,51.0,0.0,10000,12,1
cred_000293,6,9,16,16,28335.0,26989.0,1.0498721701433915,3457.75,2022.0,0.1777777777777777,0.310350786245032,1,0,1,15.0,1.0,10000,6,0
cred_001710,10,14,23,18,60394.0,70909.0,0.8517113483478825,5708.826086956522,4634.0,0.2,0.2927260269032421,0,0,0,,,10000,3,0
cred_000142,4,7,11,11,85007.0,17874.0,4.755902428107866,9352.818181818182,8158.0,0.1222222222222222,0.0522901328452023,0,0,0,,,15000,3,0
cred_000305,5,9,16,16,44673.0,73414.0,0.6085079140218487,7380.4375,8425.0,0.1777777777777777,0.1440656784141816,0,0,0,,,15000,3,0
cred_002412,9,16,32,25,164482.0,70153.0,2.3446181916667856,7332.34375,4469.5,0.2777777777777778,0.3836891418346298,0,0,0,,,25000,6,0
cred_002240,1,10,16,15,38515.0,73484.0,0.5241277012683033,6999.9375,4869.5,0.1666666666666666,-0.8970892985331365,0,0,0,,,10000,6,1
cred_000836,4,9,14,13,26151.0,53256.0,0.4910432627309599,5671.928571428572,2910.5,0.1444444444444444,-0.0706552586768693,1,0,0,0.0,1.0,15000,9,0
cred_002449,9,16,24,23,33560.0,138016.0,0.2431602133086019,7149.0,4490.0,0.2555555555555555,0.2521068955794354,0,0,0,,,25000,6,0
cred_001086,4,11,22,20,60236.0,125241.0,0.4809607077554474,8430.772727272728,3289.0,0.2222222222222222,0.4579742161233885,0,0,0,,,5000,6,0
cred_002482,6,12,22,20,59451.0,55318.0,1.0747134748183231,5216.772727272727,4378.0,0.2222222222222222,0.1444067411582638,0,0,0,,,10000,3,0
cred_001878,6,11,22,20,197998.0,203351.0,0.9736760576540072,18243.136363636364,5157.0,0.2222222222222222,0.3225655883742507,0,0,0,,,25000,6,0
cred_001005,7,11,16,15,41896.0,76087.0,0.5506328282098124,7373.9375,5898.5,0.1666666666666666,0.357947477145368,0,0,0,,,50000,3,1
cred_002642,4,10,16,15,16294.0,53726.0,0.3032796039161672,4376.25,3498.0,0.1666666666666666,-0.3955750951537726,0,0,0,,,15000,3,0
cred_000704,5,7,20,18,55742.0,64237.0,0.8677553434936252,5998.95,5293.5,0.2,0.5843894423333675,0,0,0,,,10000,9,1
cred_001524,4,8,18,16,40663.0,56227.0,0.7231934835577214,5382.777777777777,4950.5,0.1777777777777777,-0.1810564302840052,0,0,0,,,15000,9,0
cred_001003,7,14,22,19,46095.0,94525.0,0.4876487701666226,6391.818181818182,4216.5,0.2111111111111111,-0.0535282989684588,1,0,1,15.0,1.0,100000,6,0
cred_000306,5,8,16,16,44673.0,73414.0,0.6085079140218487,7380.4375,8425.0,0.1777777777777777,0.4381631419939577,1,0,0,0.0,1.0,10000,3,0
cred_000410,8,16,23,22,36878.0,72770.0,0.5067747698227292,4767.304347826087,4410.0,0.2444444444444444,0.2894595529886278,0,0,0,,,15000,6,0
cred_000426,6,12,12,11,27356.0,20376.0,1.3425598743619944,3977.6666666666665,2624.5,0.1222222222222222,0.1337886533143384,0,0,0,,,15000,6,0
cred_002472,6,9,17,16,91333.0,52345.0,1.7448275862068965,8451.64705882353,6068.0,0.1777777777777777,0.0287214777254617,0,0,0,,,10000,6,0
cred_000076,10,15,20,18,25468.0,120897.0,0.2106586598509475,7318.25,4734.5,0.2,0.3396116062135075,2,0,1,1.0,1.0,5000,3,0
cred_000462,2,8,12,11,27304.0,23084.0,1.1828106047478772,4199.0,4035.0,0.1222222222222222,-0.3507432198862386,0,0,0,,,10000,9,1
cred_001200,8,12,18,17,33102.0,63070.0,0.5248454098620581,5342.888888888889,3818.5,0.1888888888888888,0.003447865889906,0,0,0,,,10000,3,1
cred_002528,6,14,19,17,29590.0,57151.0,0.5177512204510857,4565.315789473684,5144.0,0.1888888888888888,0.011511575707048,2,0,0,0.0,1.0,5000,9,0
cred_001083,7,13,24,20,26798.0,145704.0,0.1839208257837808,7187.583333333333,3712.0,0.2222222222222222,-0.6899215247624164,0,0,0,,,15000,6,0
cred_000458,8,10,15,12,10216.0,70718.0,0.1444610990129811,5395.6,4758.0,0.1333333333333333,0.4538990673986375,0,0,0,,,50000,6,0
cred_000579,8,13,23,21,53028.0,96802.0,0.5477985992024959,6514.347826086957,6349.0,0.2333333333333333,0.4799179059128381,2,0,0,0.0,1.0,25000,3,0
cred_002243,4,11,16,16,30596.0,39657.0,0.7715157475351136,4390.8125,4510.5,0.1777777777777777,-0.0781178046636245,0,0,0,,,10000,3,0
cred_002187,13,21,28,22,115973.0,37454.0,3.0964115982271587,5479.535714285715,2890.0,0.2444444444444444,0.4307555102560835,0,0,0,,,25000,6,0
cred_000194,4,15,25,25,33940.0,126426.0,0.2684574375524022,6414.64,3986.0,0.2777777777777778,-0.6221825669183253,0,0,0,,,25000,9,0
cred_002083,10,14,16,14,48361.0,558462.0,0.0865967603883522,37926.4375,3483.0,0.1555555555555555,-0.7740570002292234,2,0,0,0.0,1.0,15000,6,0
cred_000935,2,10,13,13,188604.0,49484.0,3.811413790316062,18314.46153846154,5999.0,0.1444444444444444,0.5626007378487768,0,0,0,,,5000,12,1
cred_002620,3,11,15,12,114932.0,130568.0,0.880246308436983,16366.666666666666,7882.0,0.1333333333333333,-0.756119854594356,1,0,0,0.0,1.0,10000,6,0
cred_001781,6,12,20,19,26797.0,53477.0,0.5010939282308282,4013.7,3477.0,0.2111111111111111,0.0502589895653479,0,0,0,,,5000,6,0
cred_002406,5,9,17,16,18973.0,131850.0,0.1438983693591202,8871.941176470587,4387.0,0.1777777777777777,0.5130426384663673,0,0,0,,,25000,9,1
cred_002024,5,11,13,11,63763.0,7774.0,8.20208386930795,5502.846153846154,2560.0,0.1222222222222222,0.0377939715137462,0,0,0,,,15000,9,0
cred_002453,8,13,20,18,23199.0,82085.0,0.2826216726563927,5264.2,4435.0,0.2,0.0218093377457039,0,0,0,,,5000,3,0
cred_001797,8,17,23,20,438943.0,457299.0,0.959859960332299,38967.04347826087,6951.0,0.2222222222222222,-0.2882783570246242,0,0,0,,,25000,9,0
cred_001320,4,11,16,16,153582.0,58333.0,2.6328493305676037,13244.6875,5035.5,0.1777777777777777,0.5098412545872799,1,0,0,0.0,1.0,10000,9,0
cred_002054,7,9,13,13,27120.0,52443.0,0.5171328871346033,6120.2307692307695,4260.0,0.1444444444444444,0.6322796700155191,0,0,0,,,10000,6,0
cred_002569,8,15,22,21,68971.0,571082.0,0.1207724985203526,29093.31818181818,6405.5,0.2333333333333333,0.7959758134076315,0,0,0,,,25000,6,0
cred_000005,11,16,25,24,43531.0,94693.0,0.4597066309019674,5528.96,3648.0,0.2666666666666666,0.5375780013343624,0,0,0,,,10000,3,0
cred_000870,4,7,12,11,34691.0,20995.0,1.6523457966182424,4640.5,4046.5,0.1222222222222222,-0.1564041659053535,0,0,0,,,5000,9,0
cred_002481,11,18,27,21,122677.0,98052.0,1.251142251050463,8175.148148148148,5137.0,0.2333333333333333,0.3775138568333815,0,0,0,,,5000,3,0
cred_000253,6,10,13,12,19261.0,32926.0,0.5849784364939561,4014.3846153846152,2194.0,0.1333333333333333,0.6610717100078802,1,0,1,15.0,1.0,15000,3,0
cred_000660,5,7,13,13,9689.0,140053.0,0.0691809529249641,11518.615384615385,1619.0,0.1444444444444444,0.9528080148027138,0,0,0,,,5000,6,0
cred_000761,7,12,14,14,61889.0,64641.0,0.9574264012004764,9037.857142857143,5471.5,0.1555555555555555,0.7333643850697605,0,0,0,,,10000,12,0
cred_000082,3,12,21,20,162538.0,75052.0,2.16567180088472,11313.809523809525,4426.0,0.2222222222222222,-0.8357937190474778,0,0,0,,,5000,3,0
cred_002159,5,7,13,13,14051.0,47348.0,0.2967601588240263,4723.0,2885.0,0.1444444444444444,0.6067411475099413,1,1,1,70.0,0.0,100000,6,0
cred_001868,8,15,21,20,134293.0,227042.0,0.5914896803234644,17206.428571428572,7069.0,0.2222222222222222,-0.5736951179461627,0,0,0,,,15000,3,0
cred_002534,6,8,16,15,56558.0,32077.0,1.763194812482464,5539.6875,3775.0,0.1666666666666666,0.0323776426295974,1,0,0,0.0,1.0,15000,12,0
cred_001529,11,14,20,18,103001.0,72986.0,1.4112432521305456,8799.35,3653.0,0.2,0.5204316688626566,0,0,0,,,5000,9,0
cred_001283,10,15,23,22,211764.0,98653.0,2.14655408350481,13496.391304347826,5421.0,0.2444444444444444,0.364900636844932,0,0,0,,,25000,12,0
cred_001853,3,7,16,14,47829.0,45922.0,1.0415269369800968,5859.4375,3752.0,0.1555555555555555,-0.2661292065619123,1,0,0,0.0,1.0,15000,9,1
cred_000948,4,10,18,15,32317.0,110551.0,0.2923266184837767,7937.111111111111,5109.5,0.1666666666666666,-0.2289645682834537,2,0,0,0.0,1.0,25000,6,0
cred_001564,9,16,20,19,93363.0,141430.0,0.6601357562044828,11739.65,4646.0,0.2111111111111111,0.1126922406098349,0,0,0,,,25000,3,0
cred_002343,7,14,19,18,33587.0,56985.0,0.5894007194875844,4766.9473684210525,3043.0,0.2,-0.0609235810095907,1,1,1,42.0,0.0,25000,3,0
cred_001177,8,17,25,22,44159.0,138592.0,0.3186258947125375,7310.04,3688.0,0.2444444444444444,0.2603023146604235,0,0,0,,,100000,3,0
cred_000436,4,8,12,11,158460.0,45215.0,3.5045891850049764,16972.916666666668,3183.5,0.1222222222222222,0.8390102863497358,1,0,0,0.0,1.0,50000,6,0
cred_000941,3,13,22,19,26570.0,52933.0,0.5019553019855288,3613.772727272728,2982.5,0.2111111111111111,-0.6274050408235712,0,0,0,,,25000,9,0
cred_000804,6,13,18,14,43654.0,121250.0,0.3600329896907216,9161.333333333334,6393.0,0.1555555555555555,-0.5188820279493013,0,0,0,,,15000,6,0
cred_001798,7,15,21,20,64707.0,57843.0,1.1186660442923084,5835.714285714285,4039.0,0.2222222222222222,-0.3688321933292928,0,0,0,,,5000,6,0
cred_001705,5,7,13,13,11542.0,193964.0,0.0595058876904992,15808.153846153846,3948.0,0.1444444444444444,0.9304166946252432,0,0,0,,,5000,6,1
cred_002059,2,10,17,16,108124.0,54399.0,1.987610066361514,9560.176470588236,6517.0,0.1777777777777777,-0.1015005049776367,0,0,0,,,5000,6,0
cred_002299,5,8,15,14,239084.0,23720.0,10.079426644182124,17520.266666666666,5438.0,0.1555555555555555,-0.6966606605507943,0,0,0,,,15000,9,0
cred_001606,10,13,22,20,69150.0,712669.0,0.0970296168347437,35537.22727272727,5234.0,0.2222222222222222,0.9251154928336628,0,0,0,,,5000,12,0
cred_002077,6,10,12,11,46675.0,21636.0,2.157284156036236,5692.583333333333,3886.0,0.1222222222222222,-0.2481327800829875,0,0,0,,,15000,6,0
cred_001993,9,15,23,20,596930.0,490128.0,1.217906342832893,47263.391304347824,3272.0,0.2222222222222222,0.8258038372911152,0,0,0,,,5000,9,0
cred_000221,5,13,17,14,421624.0,44323.0,9.512532996412698,27408.647058823528,5023.0,0.1555555555555555,-0.9209064487010348,0,0,0,,,5000,9,0
cred_000633,8,13,18,16,58432.0,101133.0,0.5777738225900547,8864.722222222223,3955.5,0.1777777777777777,0.2537560933769817,0,0,0,,,10000,9,0
cred_001625,7,10,14,12,15396.0,69247.0,0.2223345415685878,6045.928571428572,3980.0,0.1333333333333333,0.4042085519181735,1,0,0,0.0,1.0,10000,9,0
cred_002625,6,13,17,15,26497.0,25996.0,1.019272195722419,3087.823529411765,1950.0,0.1666666666666666,-0.0317156336120323,0,0,0,,,15000,6,0
cred_002234,5,12,19,18,82994.0,115483.0,0.7186685486175455,10446.157894736842,6715.0,0.2,-0.1065348746003363,0,0,0,,,25000,6,0
cred_001119,4,10,14,12,43211.0,102334.0,0.4222545781460707,10396.07142857143,3292.5,0.1333333333333333,-0.6187795789374381,2,0,0,0.0,1.0,50000,3,1
cred_000727,5,14,27,20,107953.0,77400.0,1.3947416020671837,6864.925925925926,2943.0,0.2222222222222222,0.0854528641650849,0,0,0,,,5000,9,0
cred_000211,6,12,17,16,43239.0,71858.0,0.6017284088062568,6770.411764705882,4795.0,0.1777777777777777,-0.1422042344649101,1,0,0,0.0,1.0,5000,6,0
cred_000511,6,9,18,16,382305.0,45054.0,8.48548408576375,23742.166666666668,3561.5,0.1777777777777777,0.0340950473415877,0,0,0,,,10000,9,0
cred_000022,5,18,21,20,67181.0,109442.0,0.6138502585844557,8410.619047619048,5831.0,0.2222222222222222,-0.6050965408484297,0,0,0,,,10000,3,0
cred_001469,7,8,14,11,10276.0,114541.0,0.0897146000122227,8915.5,7427.5,0.1222222222222222,0.5356840290964331,1,0,1,1.0,1.0,5000,6,0
cred_002672,11,14,20,18,117671.0,38597.0,3.048708448843174,7813.4,3026.0,0.2,0.7713157449946989,1,1,1,98.0,0.0,50000,3,0
cred_000129,5,18,24,22,30332.0,77143.0,0.3931918644595102,4478.125,2995.5,0.2444444444444444,-0.4257188308758933,0,0,0,,,5000,12,0
cred_000679,5,10,19,17,67538.0,76300.0,0.8851638269986893,7570.421052631579,4864.0,0.1888888888888888,0.2883026064844247,1,0,0,0.0,1.0,25000,6,0
cred_000153,5,12,20,18,28061.0,74898.0,0.3746561990974392,5147.95,3319.5,0.2,-0.5145471780662098,0,0,0,,,5000,6,0
cred_001748,4,9,18,18,21178.0,74067.0,0.2859303063442558,5291.388888888889,3889.0,0.2,-0.120256158352436,0,0,0,,,10000,9,0
cred_001238,8,10,14,13,9535.0,89074.0,0.1070458270651368,7043.5,3008.0,0.1444444444444444,0.8774080560420315,0,0,0,,,15000,6,0
cred_001608,9,12,24,23,70932.0,60821.0,1.1662419230200096,5489.708333333333,4310.5,0.2555555555555555,-0.0742401327676432,0,0,0,,,10000,9,0
cred_002003,2,8,11,9,32627.0,44578.0,0.7319081161110862,7018.636363636364,3486.0,0.1,-0.9197042640990372,2,0,0,0.0,1.0,10000,6,0
cred_001293,8,12,20,18,218212.0,55804.0,3.910329008673213,13700.8,4354.5,0.2,0.1472413541337097,0,0,0,,,5000,9,0
cred_000765,8,12,19,19,35799.0,83349.0,0.4295072526365043,6270.9473684210525,5698.0,0.2111111111111111,0.0729358616180229,0,0,0,,,5000,9,0
cred_000566,1,8,12,12,23741.0,31236.0,0.7600525035215777,4581.416666666667,4117.5,0.1333333333333333,-0.88297228290911,1,0,0,0.0,1.0,25000,6,1
cred_002405,4,10,17,16,24029.0,111687.0,0.215145898806486,7983.294117647059,4387.0,0.1777777777777777,-0.7780315098387676,1,1,1,32.0,0.0,10000,9,0
cred_002660,9,19,25,24,61284.0,94764.0,0.6467012789666963,6241.92,4459.0,0.2666666666666666,0.0960909023283493,1,0,0,0.0,1.0,15000,9,0
cred_001987,7,15,18,17,8172.0,85261.0,0.0958468701985667,5190.722222222223,4391.5,0.1888888888888888,0.0105897659711128,0,0,0,,,25000,6,0
cred_001522,2,8,11,11,74826.0,23651.0,3.1637562893746565,8952.454545454546,4561.0,0.1222222222222222,-0.8172819652586195,0,0,0,,,5000,3,0
cred_000985,5,9,12,10,55684.0,58196.0,0.9568355213416728,9490.0,5496.0,0.1111111111111111,-0.2336720618569747,0,0,0,,,15000,3,0
cred_001071,6,12,18,16,59321.0,92328.0,0.6425028160471363,8424.944444444445,3723.5,0.1777777777777777,-0.1184685345459879,0,0,0,,,100000,3,1
cred_002545,11,15,21,19,204842.0,77145.0,2.6552855013286667,13427.952380952382,4415.0,0.2111111111111111,0.7332466723537935,1,0,0,0.0,1.0,25000,12,0
cred_001191,3,10,18,16,60684.0,15325.0,3.9598042414355623,4222.722222222223,3078.5,0.1777777777777777,-0.2070723866533643,0,0,0,,,100000,6,0
cred_001542,3,8,14,13,36043.0,74423.0,0.4842992085779933,7890.428571428572,7496.5,0.1444444444444444,-0.2172894202076048,0,0,0,,,5000,6,0
cred_000587,8,15,19,18,255551.0,102627.0,2.49009519911914,18851.473684210527,5128.0,0.2,-0.7540983066373621,0,0,0,,,25000,3,0
cred_001112,8,14,18,17,57468.0,25982.0,2.2118389654376105,4636.111111111111,3732.5,0.1888888888888888,0.2282624929060007,1,0,0,0.0,1.0,15000,9,0
cred_000666,7,14,20,18,68621.0,104867.0,0.654362192110006,8674.4,6045.0,0.2,-0.1801072025645886,1,0,0,0.0,1.0,25000,12,0
cred_001106,5,13,17,14,47129.0,47642.0,0.9892321900843792,5574.764705882353,4478.0,0.1555555555555555,-0.0893841939493405,0,0,0,,,50000,6,1
cred_002597,2,4,7,6,38598.0,37288.0,1.0351319459343489,10840.857142857143,7393.0,0.0666666666666666,-0.6491618454235276,0,0,0,,,100000,6,1
cred_002544,8,11,13,11,36879.0,142724.0,0.2583938230430761,13815.615384615385,4873.0,0.1222222222222222,0.6185120767892872,0,0,0,,,25000,6,0
cred_001274,6,10,16,16,47100.0,44992.0,1.046852773826458,5755.75,4463.5,0.1777777777777777,0.0023056416168311,0,0,0,,,10000,6,0
cred_002471,5,10,18,17,128005.0,55847.0,2.2920658226941466,10214.0,4117.0,0.1888888888888888,0.5484197254731563,0,0,0,,,25000,3,0
cred_000888,5,12,17,17,93092.0,78183.0,1.1906936290497934,10075.0,6013.0,0.1888888888888888,-0.5803305827879666,2,0,0,0.0,1.0,25000,3,0
cred_000884,12,14,18,14,81525.0,33988.0,2.3986406967164884,6417.388888888889,5139.5,0.1555555555555555,0.7669659852685591,2,0,1,1.0,1.0,15000,6,0
cred_002593,7,11,13,11,11975.0,173763.0,0.0689157070262368,14287.53846153846,5337.0,0.1222222222222222,0.7365784969748312,1,0,1,2.0,1.0,15000,6,0
cred_002619,2,9,16,16,77747.0,36139.0,2.1513323556268853,7117.875,5153.0,0.1777777777777777,-0.2331463780709376,0,0,0,,,10000,9,0
cred_001308,5,7,15,12,20172.0,70955.0,0.2842928616728912,6075.133333333333,4836.0,0.1333333333333333,0.4946204243553525,0,0,0,,,15000,3,0
cred_002381,6,7,20,18,29322.0,86089.0,0.3406010059357177,5770.55,4559.0,0.2,0.5459012612868319,1,0,0,0.0,1.0,25000,3,0
cred_002494,5,16,26,24,55228.0,210847.0,0.2619340090207591,10233.653846153846,2892.0,0.2666666666666666,-0.7015611888655223,1,0,1,1.0,1.0,10000,3,0
cred_000299,8,11,16,15,38619.0,31966.0,1.2081273853469312,4411.5625,4615.0,0.1666666666666666,0.8691208393632417,1,0,0,0.0,1.0,15000,3,0
cred_000644,8,12,15,13,21725.0,209767.0,0.1035672913279972,15432.8,3715.0,0.1444444444444444,-0.6146946027343835,0,0,0,,,5000,6,1
cred_002209,9,12,21,17,32692.0,79720.0,0.4100852985449071,5352.952380952381,2776.0,0.1888888888888888,-0.3143870782376235,0,0,0,,,15000,9,0
cred_001663,4,13,18,17,56040.0,106786.0,0.5247878935440975,9045.888888888889,3203.0,0.1888888888888888,0.3987803673014214,2,2,2,93.0,0.0,50000,12,0
cred_002523,9,16,17,16,124045.0,65612.0,1.890584039504969,11156.29411764706,5456.0,0.1777777777777777,0.5526651918927292,0,0,0,,,50000,6,0
cred_002519,7,15,23,21,274839.0,108393.0,2.5355788657939167,16662.260869565216,4294.0,0.2333333333333333,-0.0823667338340355,1,0,0,0.0,1.0,25000,6,0
cred_000371,8,14,17,13,86659.0,30306.0,2.8594667722563187,6880.294117647059,4576.0,0.1444444444444444,0.0531641535366412,0,0,0,,,10000,9,0
cred_002182,9,18,24,20,50252.0,82697.0,0.6076641232450996,5539.541666666667,4034.5,0.2222222222222222,0.4212868126947226,0,0,0,,,25000,9,0
cred_001972,2,13,19,14,27874.0,64194.0,0.4342150356731158,4845.684210526316,4134.0,0.1555555555555555,-0.8375247495493365,0,0,0,,,10000,6,1
cred_000178,8,14,16,13,73091.0,63982.0,1.1423681660467009,8567.0625,5387.0,0.1444444444444444,0.1441299790356394,1,1,1,55.0,0.0,25000,3,0
cred_001499,6,9,13,11,10990.0,74213.0,0.1480872623394823,6554.076923076923,4222.0,0.1222222222222222,0.4026808228268082,1,1,1,48.0,0.0,5000,9,1
cred_001719,6,12,19,14,49075.0,75656.0,0.6486597229565402,6564.789473684211,5434.0,0.1555555555555555,0.3333333333333333,0,0,0,,,25000,9,0
cred_000598,9,15,21,18,46550.0,90955.0,0.5117915452696389,6547.857142857143,4220.0,0.2,0.6568307020684399,0,0,0,,,10000,9,0
cred_002134,6,15,19,17,49081.0,92381.0,0.5312889013974735,7445.368421052632,5815.0,0.1888888888888888,-0.5206167116279475,0,0,0,,,5000,9,0
cred_002583,5,10,15,14,43522.0,190825.0,0.2280728416088038,15623.133333333331,3026.0,0.1555555555555555,0.9008591466328788,0,0,0,,,5000,6,0
cred_001535,6,13,19,17,44341.0,84647.0,0.5238342764657933,6788.8421052631575,3512.0,0.1888888888888888,-0.2058939026131657,1,0,0,0.0,1.0,10000,6,0
cred_001190,4,6,12,12,11888.0,32010.0,0.3713839425179631,3658.1666666666665,2236.0,0.1333333333333333,0.4843233767109433,0,0,0,,,10000,6,0
cred_000455,12,22,26,23,130859.0,74973.0,1.7454150160724526,7916.615384615385,4630.5,0.2555555555555555,0.4706581243711237,0,0,0,,,100000,3,1
cred_001933,3,11,19,16,31340.0,725207.0,0.0432152475086423,39818.26315789474,4226.0,0.1777777777777777,-0.7588551173187313,0,0,0,,,100000,6,0
cred_001178,5,14,24,21,44159.0,136713.0,0.323005127529935,7536.333333333333,3855.0,0.2333333333333333,0.3829780387740326,1,0,0,0.0,1.0,25000,9,0
cred_000409,5,11,22,21,36878.0,64801.0,0.5690961559235197,4621.772727272727,4315.5,0.2333333333333333,-0.0084857738497225,1,0,0,0.0,1.0,15000,6,1
cred_001978,7,15,19,16,56716.0,95863.0,0.5916359805138584,8030.473684210527,3684.0,0.1777777777777777,-0.4115207088580783,0,0,0,,,50000,12,1
cred_000226,7,15,22,19,347279.0,68369.0,5.079480466293203,18893.090909090908,2809.5,0.2111111111111111,0.8089739712678965,2,0,0,0.0,1.0,5000,6,0
cred_001678,4,5,14,14,16644.0,54365.0,0.3061528556975995,5072.071428571428,2491.5,0.1555555555555555,-0.330780947676094,0,0,0,,,10000,3,0
cred_000237,5,13,20,18,36816.0,95360.0,0.3860738255033557,6608.8,4988.0,0.2,-0.6178093926546014,0,0,0,,,5000,6,0
cred_001545,3,11,15,12,12614.0,49564.0,0.2544992333145024,4145.2,3510.0,0.1333333333333333,-0.6698442802954682,0,0,0,,,5000,3,0
cred_002146,6,12,21,19,98391.0,74922.0,1.313245775606631,8253.0,5318.0,0.2111111111111111,0.2666918207353372,1,0,0,0.0,1.0,25000,6,0
cred_000061,7,11,21,20,69683.0,55552.0,1.254374279953917,5963.571428571428,3533.0,0.2222222222222222,0.4505511873246671,0,0,0,,,5000,3,0
cred_001879,5,13,22,20,214174.0,195914.0,1.0932041610094223,18640.36363636364,5923.0,0.2222222222222222,-0.8261364282869659,1,0,1,2.0,1.0,5000,9,0
cred_001840,3,6,12,11,116855.0,33715.0,3.4659647041376243,12547.5,5740.5,0.1222222222222222,0.2843651123397999,0,0,0,,,10000,6,0
cred_000476,7,12,17,14,39399.0,312411.0,0.1261127169017736,20694.70588235294,6331.0,0.1555555555555555,0.6593718748657917,2,0,0,0.0,1.0,10000,9,1
cred_000054,3,10,13,11,73959.0,40389.0,1.8311669018792245,8796.0,5486.0,0.1222222222222222,-0.3855219608193935,1,0,0,0.0,1.0,10000,6,0
cred_000820,8,15,19,16,120169.0,58431.0,2.056596669576081,9400.0,4842.0,0.1777777777777777,0.0504856010980504,2,1,1,48.0,0.5,50000,3,1
cred_000862,5,15,21,19,19734.0,102542.0,0.1924479725380819,5822.666666666667,3621.0,0.2111111111111111,-0.0800462695199537,1,0,1,2.0,1.0,5000,6,0
cred_000718,6,11,17,14,34018.0,119617.0,0.2843910146551076,9037.35294117647,4945.0,0.1555555555555555,-0.692199065442804,0,0,0,,,15000,6,0
cred_001616,5,11,16,15,40984.0,38453.0,1.065820612175903,4964.8125,4159.0,0.1666666666666666,0.1767758195733956,1,0,1,15.0,1.0,15000,9,1
cred_000715,3,11,15,13,62158.0,30191.0,2.0588254777913946,6156.6,3795.0,0.1444444444444444,-0.5973294933891871,0,0,0,,,15000,12,1
cred_000781,9,17,19,19,54367.0,38291.0,1.419837559739887,4876.736842105263,4035.0,0.2111111111111111,0.1850187265917603,1,0,0,0.0,1.0,25000,6,0
cred_002633,12,17,19,16,62170.0,183026.0,0.3396785156207315,12905.052631578948,4197.0,0.1777777777777777,0.5149581038012622,1,0,0,0.0,1.0,10000,3,0
cred_001921,4,7,10,10,68766.0,13592.0,5.059299587992937,8235.8,2155.5,0.1111111111111111,0.8652200447548654,0,0,0,,,5000,9,1
cred_000643,6,12,13,11,14260.0,209767.0,0.067980187541415,17232.846153846152,3715.0,0.1222222222222222,-0.718404004073408,1,1,1,65.0,0.0,10000,6,0
cred_000686,4,18,30,24,81399.0,139040.0,0.5854358457997698,7347.966666666666,4786.0,0.2666666666666666,-0.4150526005309212,0,0,0,,,10000,9,0
cred_002628,6,12,12,11,62085.0,19150.0,3.2420365535248044,6769.583333333333,2471.5,0.1222222222222222,0.5873945959254017,0,0,0,,,10000,9,0
cred_002001,5,13,20,17,30873.0,96156.0,0.321072007987021,6351.45,4345.5,0.1888888888888888,-0.1097144909319447,0,0,0,,,5000,6,0
cred_002101,6,18,22,19,332493.0,72205.0,4.604847309743093,18395.36363636364,4546.5,0.2111111111111111,0.7268545706260778,0,0,0,,,50000,6,0
cred_001098,6,10,14,13,16096.0,41777.0,0.385283768580798,4133.785714285715,3221.0,0.1444444444444444,-0.0561561829878484,0,0,0,,,10000,9,0
cred_001518,3,11,15,14,16992.0,66310.0,0.2562509425426029,5553.466666666666,3152.0,0.1555555555555555,-0.7073556732952591,0,0,0,,,5000,6,0
cred_000183,8,15,24,24,54938.0,66717.0,0.8234482965361153,5068.958333333333,4153.5,0.2666666666666666,-0.0025518390049355,0,0,0,,,5000,6,1
cred_001207,5,7,14,12,57125.0,66604.0,0.8576812203471263,8837.785714285714,5833.0,0.1333333333333333,0.4285971352479666,0,0,0,,,15000,3,1
cred_001448,14,20,25,21,188277.0,159035.0,1.183871474832584,13892.48,6504.0,0.2333333333333333,0.3830347051912605,0,0,0,,,15000,9,1
cred_001627,5,12,20,19,44731.0,308654.0,0.1449227938079532,17669.25,4433.0,0.2111111111111111,0.5880094631388674,1,0,0,0.0,1.0,15000,3,0
cred_001991,4,8,12,11,40425.0,26968.0,1.4989988134084842,5616.083333333333,4344.0,0.1222222222222222,-0.2775780238745865,0,0,0,,,25000,6,0
cred_001478,6,12,16,15,42466.0,35228.0,1.2054615646644715,4855.875,3443.5,0.1666666666666666,-0.3088145401198093,0,0,0,,,15000,3,0
cred_001234,6,11,18,18,36424.0,86302.0,0.422052791360571,6818.111111111111,2882.5,0.2,-0.2271583236786385,0,0,0,,,15000,9,1
cred_002181,9,17,21,18,34489.0,80250.0,0.4297694704049844,5463.761904761905,4233.0,0.2,0.4281773736374532,1,0,0,0.0,1.0,10000,6,0
cred_000166,5,10,19,15,41243.0,66558.0,0.6196550377114697,5673.736842105263,5236.0,0.1666666666666666,-0.0361731207289293,2,0,0,0.0,1.0,100000,9,0
cred_000251,6,9,16,16,52108.0,34062.0,1.5297986025482944,5385.625,4419.0,0.1777777777777777,0.3189184309122918,0,0,0,,,5000,9,0
cred_001481,3,14,19,15,47031.0,71678.0,0.6561427495186808,6247.8421052631575,5708.0,0.1666666666666666,-0.6953614146899756,1,0,0,0.0,1.0,100000,6,1
cred_001411,7,15,20,18,376157.0,19803.0,18.994950260061607,19798.0,2928.5,0.2,0.8641067021074615,0,0,0,,,100000,3,0
cred_002647,6,13,21,19,54067.0,177454.0,0.304681776685789,11024.809523809525,5065.0,0.2111111111111111,-0.2684626226630854,0,0,0,,,10000,6,0
cred_001242,3,6,14,14,84153.0,9831.0,8.559963381141287,6713.142857142857,3249.5,0.1555555555555555,0.5662373505059798,2,1,2,49.0,0.5,50000,6,0
cred_002691,7,12,17,17,43092.0,33985.0,1.2679711637487128,4533.941176470588,3253.0,0.1888888888888888,0.1576633068574171,0,0,0,,,15000,3,0
cred_000734,9,19,27,26,41801.0,79881.0,0.5232908952066199,4506.740740740741,3056.0,0.2888888888888888,-0.2384159978950138,1,0,0,0.0,1.0,50000,3,0
cred_002422,4,12,16,14,42112.0,93289.0,0.4514144218503789,8462.5625,2956.0,0.1555555555555555,-0.3395619062573604,1,0,1,2.0,1.0,15000,6,0
cred_001231,4,12,14,11,26014.0,55661.0,0.4673649413413341,5833.928571428572,5639.5,0.1222222222222222,-0.3676146536289767,2,0,0,0.0,1.0,15000,6,0
cred_001070,6,12,20,19,17251.0,75537.0,0.2283781458093384,4639.4,3602.0,0.2111111111111111,0.0234475944364216,1,0,1,1.0,1.0,10000,3,0
cred_000716,3,8,15,13,62158.0,30191.0,2.0588254777913946,6156.6,3795.0,0.1444444444444444,-0.5218033424018655,1,1,1,114.0,0.0,5000,6,0
cred_002398,2,12,19,18,72568.0,31525.0,2.301919111816019,5478.578947368421,3525.0,0.2,-0.6783983566954535,2,0,0,0.0,1.0,15000,6,1
cred_002005,3,5,11,11,31586.0,9235.0,3.420249052517596,3711.0,1808.0,0.1222222222222222,-0.3581045897493119,0,0,0,,,50000,9,0
cred_001089,6,13,16,15,97879.0,29873.0,3.276503866367623,7984.5,5866.0,0.1666666666666666,0.292134314203902,1,0,0,0.0,1.0,10000,9,0
cred_001275,8,16,25,24,44574.0,144767.0,0.3079016626717414,7573.64,4330.0,0.2666666666666666,0.2059236918391848,0,0,0,,,10000,6,0
cred_000448,5,10,16,16,9422.0,54898.0,0.171627381689679,4020.0,3597.0,0.1777777777777777,-0.1531655687549957,1,0,1,5.0,1.0,25000,6,0
cred_001322,3,7,15,14,178038.0,60288.0,2.953125,15888.4,6077.0,0.1555555555555555,-0.4900526309508181,2,0,0,0.0,1.0,15000,9,0
cred_001004,8,15,21,18,120880.0,82492.0,1.465354216166416,9684.380952380952,4560.0,0.2,0.2676348662239665,0,0,0,,,50000,6,0
cred_000050,8,14,19,18,19877.0,141036.0,0.1409356476360645,8469.105263157895,5294.0,0.2,-0.2371894123718941,0,0,0,,,15000,9,0
cred_002212,10,16,25,19,48758.0,130291.0,0.3742238527603595,7161.96,6505.0,0.2111111111111111,0.2685988358415105,1,0,1,10.0,1.0,15000,6,1
cred_000250,7,11,19,17,28755.0,113728.0,0.2528401097355093,7499.105263157895,3702.0,0.1888888888888888,-0.3544430792122736,0,0,0,,,5000,3,0
cred_002383,8,10,20,17,28694.0,81377.0,0.3526057731299998,5503.55,4324.0,0.1888888888888888,0.3345348051362919,2,0,0,0.0,1.0,15000,12,0
cred_002707,7,11,17,16,26065.0,40259.0,0.6474328721528105,3901.4117647058815,3348.0,0.1777777777777777,0.3918267483830333,1,0,1,1.0,1.0,15000,6,0
cred_000025,3,7,10,10,14909.0,63070.0,0.236388140161725,7797.9,6164.0,0.1111111111111111,0.4025189491081096,0,0,0,,,15000,9,0
cred_000603,7,12,17,16,31323.0,146379.0,0.2139856126903449,10453.058823529413,4978.0,0.1777777777777777,0.432502863213106,0,0,0,,,5000,6,0
cred_001970,3,11,19,14,24521.0,66050.0,0.3712490537471612,4766.894736842105,4134.0,0.1555555555555555,-0.7285946265131384,1,1,1,55.0,0.0,10000,9,0
cred_000933,6,13,21,21,55166.0,89545.0,0.6160701323356972,6891.0,6344.0,0.2333333333333333,-0.4487470329073566,2,1,1,42.0,0.5,5000,12,0
cred_002135,11,20,23,20,50716.0,53618.0,0.9458763847961504,4536.260869565217,2942.0,0.2222222222222222,0.233555227323311,0,0,0,,,5000,3,0
cred_002087,10,19,24,20,85267.0,60660.0,1.4056544675239038,6080.291666666667,4640.0,0.2222222222222222,0.4683722485175866,0,0,0,,,25000,3,0
cred_001280,8,15,25,21,64433.0,91233.0,0.7062466432102419,6226.64,3996.0,0.2333333333333333,0.0371830518321782,0,0,0,,,25000,12,0
cred_001857,5,11,19,17,22634.0,34382.0,0.6583095805944971,3000.842105263158,2573.0,0.1888888888888888,-0.0776487152411122,0,0,0,,,5000,6,1
cred_001821,6,13,19,17,48677.0,169768.0,0.2867265915838085,11497.105263157897,8116.0,0.1888888888888888,-0.1943959692992773,0,0,0,,,50000,6,0
cred_002183,7,13,18,16,89515.0,301563.0,0.2968368135348169,21726.555555555555,3969.5,0.1777777777777777,0.867786877529888,0,0,0,,,10000,9,0
cred_001827,8,14,18,15,20866.0,225896.0,0.0923699401494493,13709.0,4420.0,0.1666666666666666,-0.6585259921039944,1,1,1,66.0,0.0,100000,12,0
cred_002688,6,11,15,12,58263.0,69992.0,0.8324237055663505,8550.333333333334,5345.0,0.1333333333333333,-0.234160800296406,1,0,0,0.0,1.0,25000,9,1
cred_002712,6,9,20,17,132511.0,18353.0,7.220127499591348,7543.2,3418.0,0.1888888888888888,-0.3583808720670668,0,0,0,,,50000,6,0
cred_000109,5,10,11,10,67705.0,195408.0,0.3464801850487186,23919.36363636364,9741.0,0.1111111111111111,-0.6238719246005269,0,0,0,,,25000,12,0
cred_000412,9,17,25,25,50078.0,368923.0,0.1357410624981364,16760.04,6103.0,0.2777777777777778,0.1370607182347002,0,0,0,,,10000,3,0
cred_001297,3,12,17,14,33625.0,51908.0,0.6477806889111505,5031.35294117647,2759.0,0.1555555555555555,-0.3489312372766342,1,0,1,1.0,1.0,15000,6,0
cred_000195,5,13,19,18,36024.0,55984.0,0.6434695627322092,4842.526315789473,4185.0,0.2,-0.2972603724742935,0,0,0,,,5000,9,0
cred_000480,5,10,17,16,39660.0,23546.0,1.6843625244202838,3718.0,2263.0,0.1777777777777777,0.0458543526063898,0,0,0,,,10000,3,0
cred_000600,11,16,20,19,24435.0,120114.0,0.2034317398471452,7227.45,3899.5,0.2111111111111111,0.4924529308229772,0,0,0,,,50000,6,0
cred_002307,5,9,11,11,102521.0,20869.0,4.912597632852556,11217.272727272728,3840.0,0.1222222222222222,0.6420341508427656,1,0,0,0.0,1.0,50000,6,0
cred_001898,9,19,22,19,68084.0,74773.0,0.9105425755286,6493.5,4364.0,0.2111111111111111,0.0492082049101923,0,0,0,,,5000,6,1
cred_001740,7,14,23,21,70321.0,107214.0,0.6558938198369616,7718.913043478261,5024.0,0.2333333333333333,0.2635259702710976,1,0,1,1.0,1.0,10000,9,1
cred_001485,7,12,19,18,30922.0,114852.0,0.2692334482638526,7672.315789473684,3315.0,0.2,0.7888600226763443,0,0,0,,,10000,6,1
cred_001217,13,22,33,28,226873.0,107728.0,2.1059798752413488,10139.424242424242,4917.0,0.3111111111111111,0.1946896543786757,0,0,0,,,15000,3,0
cred_001356,6,14,18,16,65895.0,314806.0,0.2093193903546946,21150.055555555555,3244.0,0.1777777777777777,0.7810029559359318,0,0,0,,,5000,9,0
cred_002436,2,7,12,12,4686.0,74758.0,0.0626822547419674,6620.333333333333,4173.0,0.1333333333333333,-0.8295596878311976,0,0,0,,,15000,6,0
cred_000233,8,12,17,16,225176.0,112142.0,2.007954200923829,19842.235294117647,12422.0,0.1777777777777777,0.4828069854482532,0,0,0,,,5000,9,0
cred_001047,7,12,18,18,23505.0,103104.0,0.2279736964618249,7033.833333333333,3481.5,0.2,0.5851984149132109,2,0,1,7.5,1.0,10000,3,1
cred_002446,5,8,16,16,45478.0,68494.0,0.6639705667649721,7123.25,3560.5,0.1777777777777777,0.5534736977657588,0,0,0,,,25000,6,1
cred_001051,6,18,23,22,32993.0,140002.0,0.2356609191297267,7521.521739130435,3306.0,0.2444444444444444,-0.4335324438099037,0,0,0,,,10000,9,0
cred_000450,5,12,19,19,47196.0,60460.0,0.7806152828316242,5666.105263157895,2255.0,0.2111111111111111,-0.278248281679224,1,0,0,0.0,1.0,10000,6,0
cred_000588,8,14,20,19,261721.0,60205.0,4.347163856822523,16096.3,3705.5,0.2111111111111111,0.0303303095353507,1,0,1,2.0,1.0,50000,6,0
cred_001689,5,10,15,14,80606.0,63701.0,1.2653804492865104,9620.466666666667,2786.0,0.1555555555555555,-0.50389423553924,1,1,1,31.0,0.0,50000,9,0
cred_002664,6,11,20,14,132333.0,86565.0,1.5287125281580316,10944.9,2912.5,0.1555555555555555,0.4794370875398802,0,0,0,,,5000,9,0
cred_000289,6,11,23,19,270020.0,35672.0,7.569522314420274,13290.95652173913,3568.0,0.2111111111111111,-0.6373953559490488,0,0,0,,,10000,6,0
cred_002401,12,20,25,20,1628654.0,155046.0,10.504327747894171,71348.0,5878.0,0.2222222222222222,0.8626712075641193,2,1,1,49.0,0.5,25000,6,0
cred_000024,6,14,25,18,40491.0,217648.0,0.18603892523708,10325.56,5588.0,0.2,0.206536129886419,0,0,0,,,5000,3,0
cred_000332,4,12,19,17,393722.0,68173.0,5.775336276825136,24310.263157894737,4256.0,0.1888888888888888,-0.2145955613404546,0,0,0,,,10000,6,0
cred_000348,8,15,22,20,111762.0,52025.0,2.1482364247957717,7444.863636363636,4452.0,0.2222222222222222,0.0694897864005223,1,0,0,0.0,1.0,10000,9,0
cred_001871,2,11,18,16,57772.0,84057.0,0.6872955256552101,7879.388888888889,6352.0,0.1777777777777777,-0.3822864563293574,1,0,1,1.0,1.0,50000,3,0
cred_000979,6,12,18,17,35391.0,59726.0,0.5925560057596356,5284.277777777777,3665.5,0.1888888888888888,0.4341898753654408,2,0,1,7.5,1.0,5000,3,1
cred_001688,2,8,13,12,13720.0,40674.0,0.3373162216649457,4184.153846153846,3643.0,0.1333333333333333,-0.8463608635847139,0,0,0,,,25000,9,0
cred_000931,8,15,21,21,53529.0,404175.0,0.1324401558730747,21795.42857142857,3773.0,0.2333333333333333,-0.7740487813612852,0,0,0,,,10000,9,0
cred_001910,3,8,12,10,27730.0,188950.0,0.1467584016935697,18056.666666666668,4934.5,0.1111111111111111,-0.2920344818659556,2,1,1,54.0,0.5,5000,6,0
cred_000531,5,8,14,14,31886.0,43529.0,0.732523145489214,5386.785714285715,5369.0,0.1555555555555555,0.1003285185378317,1,1,1,95.0,0.0,50000,9,1
cred_000465,9,16,19,17,133739.0,33088.0,4.041918520309478,8780.368421052632,3077.0,0.1888888888888888,-0.5923902122832604,1,1,1,119.0,0.0,25000,3,1
cred_000552,6,12,16,15,68346.0,27222.0,2.51068988318272,5973.0,3556.5,0.1666666666666666,-0.4880716164459416,0,0,0,,,5000,12,0
cred_000495,6,10,14,13,19897.0,45150.0,0.4406866002214839,4646.214285714285,3210.5,0.1444444444444444,0.620813021737766,2,1,2,31.0,0.5,50000,12,0
cred_001334,6,13,16,15,46972.0,12598.0,3.728528337831402,3723.125,3403.5,0.1666666666666666,-0.0313130324096739,0,0,0,,,15000,3,0
cred_001227,10,14,22,18,117015.0,79884.0,1.4648114766411295,8949.954545454546,6089.5,0.2,0.4695553317958879,1,0,1,1.0,1.0,100000,3,0
cred_001062,8,15,21,17,54732.0,40496.0,1.3515408929276966,4534.666666666667,2862.0,0.1888888888888888,0.0218684200805289,1,1,1,88.0,0.0,15000,6,0
cred_001017,7,11,18,15,174053.0,46216.0,3.766076683399688,12237.166666666666,2797.5,0.1666666666666666,0.8933621222761433,0,0,0,,,10000,3,0
cred_000568,2,4,8,8,40017.0,6545.0,6.114132925897632,5820.25,4480.0,0.0888888888888888,-0.5567637301879838,1,0,0,0.0,1.0,10000,3,0
cred_000942,9,15,23,19,113277.0,46596.0,2.4310455833118723,6951.0,3739.0,0.2111111111111111,0.7263666520244172,1,0,1,1.0,1.0,15000,3,1
cred_001997,2,9,18,17,100188.0,51585.0,1.9421924978191332,8431.833333333334,7818.0,0.1888888888888888,-0.6607528662219488,0,0,0,,,15000,9,0
cred_001010,8,13,20,16,79657.0,103045.0,0.773031199961182,9135.1,3792.0,0.1777777777777777,-0.1359508734610329,0,0,0,,,5000,3,1
cred_001214,2,7,15,14,62320.0,55570.0,1.121468418211265,7859.333333333333,6384.0,0.1555555555555555,-0.676055662954738,0,0,0,,,100000,6,1
cred_001424,14,24,30,26,21695.0,172081.0,0.1260743487078759,6459.2,4052.0,0.2888888888888888,0.4252806572027254,0,0,0,,,10000,6,0
cred_000928,6,12,17,15,42349.0,70990.0,0.5965488096915058,6667.0,4820.0,0.1666666666666666,-0.0240221583702208,0,0,0,,,5000,3,1
cred_000829,9,12,20,18,71717.0,35268.0,2.0334864466371783,5349.25,3326.0,0.2,0.6676734925351053,1,0,0,0.0,1.0,100000,3,0
cred_001332,8,15,22,17,66212.0,88644.0,0.7469428274897342,7038.909090909091,5082.5,0.1888888888888888,-0.2812935003747724,0,0,0,,,5000,6,0
cred_002612,8,17,22,20,165973.0,78273.0,2.1204374433073983,11102.09090909091,3644.0,0.2222222222222222,0.5016007846620771,0,0,0,,,15000,3,0
cred_000266,7,12,21,17,101413.0,52439.0,1.9339232250805696,7326.285714285715,4319.0,0.1888888888888888,0.2200599618424638,0,0,0,,,10000,3,0
cred_000485,3,9,13,10,9834.0,65368.0,0.1504405825480357,5784.769230769231,3976.0,0.1111111111111111,-0.6023433802770933,0,0,0,,,10000,3,0
cred_002223,7,11,20,16,26753.0,206525.0,0.1295387967558407,11663.9,2710.5,0.1777777777777777,0.6841833672083153,1,1,1,66.0,0.0,5000,9,0
cred_001025,5,15,22,21,71497.0,52010.0,1.3746779465487406,5613.954545454545,2994.5,0.2333333333333333,-0.305302996703183,0,0,0,,,10000,9,0
cred_002461,7,10,16,15,70583.0,53665.0,1.315252026460449,7765.5,4309.5,0.1666666666666666,0.4847678201715469,1,1,1,83.0,0.0,25000,3,0
cred_000717,6,13,18,17,58930.0,23728.0,2.4835637221847606,4592.111111111111,2706.5,0.1888888888888888,-0.3941507432906113,0,0,0,,,25000,6,0
cred_002045,5,11,16,16,168069.0,15672.0,10.72415773353752,11483.8125,3225.5,0.1777777777777777,-0.278479730585167,0,0,0,,,50000,6,1
cred_001950,3,7,15,13,153440.0,38654.0,3.969576240492575,12806.266666666666,3533.0,0.1444444444444444,0.1003944583413507,1,0,0,0.0,1.0,10000,6,1
cred_001168,9,12,19,17,66312.0,52229.0,1.2696394723238047,6239.0,3005.0,0.1888888888888888,0.8498733541747484,0,0,0,,,5000,6,0
cred_000249,9,13,19,18,27011.0,110947.0,0.2434585883349707,7260.9473684210525,3702.0,0.2,0.0718072035385803,1,0,0,0.0,1.0,10000,6,0
cred_000500,8,11,13,11,37996.0,38245.0,0.99348934501242,5864.692307692308,5075.0,0.1222222222222222,0.575572477265257,0,0,0,,,50000,9,0
cred_000853,7,15,24,20,47054.0,97824.0,0.4810067059208374,6036.583333333333,3091.5,0.2222222222222222,-0.0564599105392555,0,0,0,,,25000,3,0
cred_000581,10,14,19,15,29450.0,66611.0,0.4421191695065379,5055.8421052631575,2965.0,0.1666666666666666,0.7508936729557733,0,0,0,,,10000,12,0
cred_001665,4,11,12,9,21334.0,195436.0,0.1091610552815243,18064.166666666668,3722.0,0.1,0.1167690956979806,0,0,0,,,50000,6,1
cred_002157,8,9,15,13,29768.0,137184.0,0.2169932353627245,11130.133333333331,4130.0,0.1444444444444444,0.6173313940136262,0,0,0,,,50000,6,0
cred_001354,6,12,21,19,57353.0,108805.0,0.527117319976104,7912.285714285715,6859.0,0.2111111111111111,0.0764872521246459,0,0,0,,,10000,9,0
cred_001138,6,13,21,19,31536.0,190348.0,0.1656754996112383,10565.90476190476,3319.0,0.2111111111111111,0.3708805779733662,1,1,1,48.0,0.0,10000,3,0
cred_000779,4,10,16,16,23206.0,25865.0,0.8971969843417746,3066.9375,2251.5,0.1777777777777777,0.0759377185556005,0,0,0,,,25000,9,0
cred_001118,2,10,14,14,59115.0,24581.0,2.40490622838778,5978.285714285715,4495.0,0.1555555555555555,-0.9025818558302058,0,0,0,,,5000,6,1
cred_001612,3,8,10,10,33904.0,21909.0,1.547491898306632,5581.3,4157.0,0.1111111111111111,-0.2273051301590423,0,0,0,,,15000,9,0
cred_000399,6,13,17,16,34336.0,71992.0,0.4769418824313812,6254.588235294118,3748.0,0.1777777777777777,0.1585506739016278,0,0,0,,,100000,3,0
cred_002420,7,11,13,13,45559.0,42648.0,1.0682564246858,6785.153846153846,6064.0,0.1444444444444444,0.2094329653216163,1,0,1,2.0,1.0,5000,3,1
cred_002287,5,15,18,16,48705.0,61789.0,0.7882470989982036,6138.555555555556,4092.5,0.1777777777777777,-0.4689830437861934,1,0,0,0.0,1.0,25000,6,0
cred_000754,6,13,15,14,73920.0,35672.0,2.072213500784929,7306.133333333333,5148.0,0.1555555555555555,0.2042366294260322,0,0,0,,,25000,12,0
cred_001458,7,16,21,19,99925.0,55688.0,1.794372216635541,7410.142857142857,6455.0,0.2111111111111111,-0.0369829371257965,0,0,0,,,10000,6,0
cred_002397,9,16,24,23,212744.0,57233.0,3.7171561861164015,11249.041666666666,2860.5,0.2555555555555555,0.7306525072876899,1,0,0,0.0,1.0,10000,3,0
cred_000454,5,8,14,14,24626.0,69894.0,0.3523335336366497,6751.428571428572,3863.5,0.1555555555555555,-0.0972994667736941,1,0,0,0.0,1.0,5000,3,0
cred_001346,5,10,17,14,29316.0,64825.0,0.4522329348245276,5537.705882352941,5076.0,0.1555555555555555,-0.4518112923064714,0,0,0,,,5000,6,0
cred_001382,3,9,17,15,55660.0,84438.0,0.6591818849333239,8241.058823529413,4131.0,0.1666666666666666,-0.0670931953921285,0,0,0,,,10000,6,0
cred_000217,9,16,22,21,38409.0,44320.0,0.8666290613718411,3760.409090909091,3490.5,0.2333333333333333,0.0188911704312115,1,1,1,57.0,0.0,25000,6,0
cred_001245,4,8,16,13,18369.0,41069.0,0.4472716647593075,3714.875,3838.0,0.1444444444444444,0.0297945945945945,0,0,0,,,5000,3,0
cred_002073,2,6,11,10,13942.0,61459.0,0.2268504206056069,6854.636363636364,4200.0,0.1111111111111111,-0.1423343455578914,0,0,0,,,5000,6,0
cred_000645,7,11,20,17,151216.0,75285.0,2.0085807265723585,11325.05,4172.5,0.1888888888888888,0.6614520744305352,0,0,0,,,10000,3,0
cred_001130,4,10,15,15,43913.0,167915.0,0.2615192210344519,14121.866666666669,4181.0,0.1666666666666666,-0.7857927073876233,0,0,0,,,10000,6,0
cred_001952,10,20,27,24,59330.0,417669.0,0.1420502838372012,17666.62962962963,4035.0,0.2666666666666666,-0.2211990784297747,0,0,0,,,10000,6,0
cred_002637,7,11,17,16,85596.0,90094.0,0.950074366772482,10334.70588235294,4752.0,0.1777777777777777,0.4516475019331022,1,0,0,0.0,1.0,5000,6,0
cred_001728,5,12,19,17,78209.0,80342.0,0.9734509969878768,8344.78947368421,2854.0,0.1888888888888888,-0.3353707689990876,1,0,0,0.0,1.0,5000,6,1
cred_002445,4,10,19,18,6927.0,85773.0,0.0807596796194606,4878.9473684210525,3117.0,0.2,0.6016623106767748,0,0,0,,,10000,6,0
cred_000304,2,7,10,10,12867.0,35451.0,0.3629516797833629,4831.8,3680.0,0.1111111111111111,-0.6215833219784712,2,0,0,0.0,1.0,10000,12,0
cred_000364,6,12,17,16,43553.0,26065.0,1.6709380395165931,4095.176470588235,3838.0,0.1777777777777777,0.1248226021265911,1,0,0,0.0,1.0,5000,9,0
cred_001340,7,12,20,18,247022.0,59426.0,4.156800053848484,15322.4,3754.5,0.2,0.6503621046408513,0,0,0,,,25000,3,0
cred_000083,7,10,20,18,154609.0,49798.0,3.1047230812482427,10220.35,3840.0,0.2,0.4274310294908384,1,0,0,0.0,1.0,5000,9,0
cred_001851,6,12,17,16,58295.0,44027.0,1.3240738637654166,6018.941176470588,3453.0,0.1777777777777777,-0.4881966302536567,0,0,0,,,25000,6,0
cred_001287,5,12,19,18,38615.0,87344.0,0.4421024912987726,6629.421052631579,5632.0,0.2,-0.6521628471743534,0,0,0,,,15000,6,0
cred_000057,8,14,18,18,30915.0,69761.0,0.4431559180631012,5593.111111111111,3953.5,0.2,0.1672824650011864,0,0,0,,,25000,9,0
cred_000514,3,5,12,10,73978.0,49236.0,1.502518482411244,10267.833333333334,5880.0,0.1111111111111111,0.273508635277054,2,1,1,47.5,0.5,25000,3,0
cred_002574,8,20,26,24,51521.0,98741.0,0.5217792001296321,5779.307692307692,3471.0,0.2666666666666666,-0.0272169305071102,1,0,0,0.0,1.0,10000,6,0
cred_000719,8,13,18,14,43046.0,125409.0,0.3432449026784361,9358.611111111111,4994.0,0.1555555555555555,-0.4041968214714332,1,0,0,0.0,1.0,25000,9,0
cred_001135,4,9,14,14,37608.0,54234.0,0.6934395397720987,6560.142857142857,4863.5,0.1555555555555555,-0.0102392212681941,0,0,0,,,10000,9,0
cred_000855,3,9,13,12,18829.0,24849.0,0.7577367298482837,3359.846153846154,3017.0,0.1333333333333333,-0.4788783160322952,0,0,0,,,25000,9,0
cred_000496,4,9,15,15,114314.0,43247.0,2.643281614909705,10504.066666666668,4432.0,0.1666666666666666,0.5707638094090718,0,0,0,,,5000,3,0
cred_000270,2,11,17,15,69221.0,42921.0,1.6127536637077422,6596.588235294118,4114.0,0.1666666666666666,-0.7970739842328685,0,0,0,,,10000,9,0
cred_001077,3,11,16,16,39913.0,25245.0,1.581025945731828,4072.375,4141.5,0.1777777777777777,-0.2885922330097087,1,0,0,0.0,1.0,15000,3,0
cred_001984,10,14,22,19,44132.0,113162.0,0.3899895724713243,7149.727272727273,5655.0,0.2111111111111111,0.2180278795902036,0,0,0,,,5000,9,0
cred_001284,5,15,20,20,38826.0,76345.0,0.5085598271006615,5758.55,4101.0,0.2222222222222222,-0.7341765981818625,1,0,1,10.0,1.0,25000,3,0
cred_001050,8,17,26,24,44547.0,142035.0,0.3136339634597106,7176.2307692307695,3660.5,0.2666666666666666,-0.2500114223054781,1,0,0,0.0,1.0,25000,6,1
cred_001767,13,22,33,29,42612.0,384986.0,0.1106845443730421,12957.515151515152,3453.0,0.3222222222222222,-0.7656859168737603,0,0,0,,,15000,3,0
cred_001215,5,8,15,14,28239.0,45319.0,0.6231161323065381,4903.866666666667,3347.0,0.1555555555555555,0.5574717752689128,0,0,0,,,5000,3,1
cred_000865,3,9,13,12,207535.0,21374.0,9.709694020772902,17608.384615384617,5286.0,0.1333333333333333,-0.0660351679459959,0,0,0,,,5000,6,0
cred_000297,3,11,17,14,61163.0,60653.0,1.0084084876263335,7165.64705882353,4591.0,0.1555555555555555,-0.6674279944222724,0,0,0,,,10000,3,0
cred_002136,9,21,26,23,52603.0,74129.0,0.7096143209809926,4874.307692307692,2943.5,0.2555555555555555,-0.2131359867753947,1,0,0,0.0,1.0,15000,12,0
cred_002214,8,18,28,23,54362.0,149259.0,0.3642125432972216,7272.178571428572,5482.0,0.2555555555555555,-0.2615692582663092,2,1,2,20.5,0.5,5000,3,1
cred_002282,5,8,17,16,34495.0,64565.0,0.5342677921474484,5827.058823529412,4210.0,0.1777777777777777,0.3960475722078154,0,0,0,,,5000,6,0
cred_000069,4,11,17,17,44845.0,62754.0,0.7146158013831788,6329.35294117647,2513.0,0.1888888888888888,0.0803319228444249,1,0,0,0.0,1.0,5000,12,0
cred_000557,12,16,20,18,39026.0,48714.0,0.8011249332840662,4387.0,3632.0,0.2,0.7072573770040975,0,0,0,,,100000,12,0
cred_000872,7,13,20,20,37691.0,52197.0,0.7220913079295745,4494.4,4242.5,0.2222222222222222,0.2357911260907705,0,0,0,,,15000,6,0
cred_002455,8,14,21,19,32413.0,174167.0,0.1861029931043194,9837.142857142857,5600.0,0.2111111111111111,-0.1772553330937229,0,0,0,,,10000,3,0
cred_000140,7,13,19,17,36674.0,200162.0,0.1832215905116855,12465.052631578948,4081.0,0.1888888888888888,-0.2171287267071311,0,0,0,,,25000,3,0
cred_001537,1,3,9,8,25081.0,16807.0,1.4922948771345272,4654.222222222223,3431.0,0.0888888888888888,-0.6197985939578188,1,0,1,5.0,1.0,5000,3,0
cred_000052,1,4,8,8,18781.0,18052.0,1.0403833370263682,4604.125,4248.0,0.0888888888888888,-0.6402284263959391,0,0,0,,,5000,6,1
cred_001413,3,10,16,14,169502.0,28670.0,5.91217300313917,12385.75,4618.0,0.1555555555555555,-0.2117113694501431,1,1,1,32.0,0.0,50000,3,0
cred_002622,5,10,16,14,155928.0,114958.0,1.3563910297673931,16930.375,8178.0,0.1555555555555555,0.4541361636419448,2,0,1,2.5,1.0,5000,3,0
cred_002155,7,14,21,20,65658.0,139423.0,0.4709266046491612,9765.761904761905,3854.0,0.2222222222222222,0.0144011348217589,0,0,0,,,15000,12,0
cred_001916,10,11,21,19,53025.0,73568.0,0.7207617442366246,6028.238095238095,3765.0,0.2111111111111111,0.935511809602858,0,0,0,,,5000,6,0
cred_002010,9,13,20,17,27941.0,64358.0,0.4341496006712452,4614.95,3761.5,0.1888888888888888,0.3751007651076949,2,0,0,0.0,1.0,10000,6,0
cred_000528,6,12,15,15,56662.0,40703.0,1.3920841215635211,6491.0,5507.0,0.1666666666666666,-0.1164949462470816,1,0,0,0.0,1.0,25000,3,0
cred_000155,8,15,20,17,38820.0,54488.0,0.7124504478050213,4665.4,3421.5,0.1888888888888888,0.3792168111242751,0,0,0,,,15000,6,1
cred_000901,5,11,16,15,36490.0,42020.0,0.8683960019038554,4906.875,4105.5,0.1666666666666666,0.3654794520547945,1,0,0,0.0,1.0,10000,6,0
cred_000786,7,13,22,21,57633.0,210753.0,0.2734622994690467,12199.363636363636,4321.5,0.2333333333333333,-0.2583450390846996,1,0,1,10.0,1.0,5000,6,0
cred_000258,5,9,16,14,69838.0,81528.0,0.8566136787361397,9460.375,6336.5,0.1555555555555555,0.3979318268862505,1,0,0,0.0,1.0,15000,3,0
cred_002467,10,21,28,21,59400.0,81680.0,0.7272282076395691,5038.571428571428,3448.0,0.2333333333333333,0.0565653479965378,1,0,0,0.0,1.0,10000,3,0
cred_000246,8,17,21,19,64879.0,34663.0,1.871707584456048,4740.095238095239,3342.0,0.2111111111111111,-0.2052337618566132,0,0,0,,,10000,6,0
cred_001514,7,16,21,19,68360.0,125025.0,0.5467706458708258,9208.809523809525,5368.0,0.2111111111111111,0.154097027240519,1,0,0,0.0,1.0,5000,6,0
cred_000971,3,14,23,18,112324.0,42561.0,2.639129719696436,6734.130434782609,5384.0,0.2,-0.6967606478704259,1,0,0,0.0,1.0,25000,9,0
cred_001147,7,16,19,16,74851.0,86097.0,0.8693798854780074,8470.947368421053,3250.0,0.1777777777777777,-0.5986968263341937,0,0,0,,,5000,12,0
cred_000236,14,23,28,25,155840.0,700204.0,0.2225637100045129,30573.0,3661.5,0.2777777777777778,0.8929591245954315,0,0,0,,,10000,3,0
cred_000127,4,9,14,14,50557.0,427381.0,0.1182949171816248,34138.42857142857,6691.5,0.1555555555555555,-0.8824007285258489,0,0,0,,,50000,9,0
cred_000584,12,18,23,23,60134.0,238417.0,0.2522219472604722,12980.478260869566,4398.0,0.2555555555555555,0.8184216896635197,0,0,0,,,25000,9,0
cred_000583,11,15,19,16,32568.0,63827.0,0.5102542811036082,5073.421052631579,3118.0,0.1777777777777777,0.7275863121584908,1,0,0,0.0,1.0,5000,3,0
cred_001780,6,9,11,11,26151.0,27190.0,0.961787421846267,4849.181818181818,3957.0,0.1222222222222222,0.2918630099173879,0,0,0,,,5000,6,0
cred_002570,6,9,14,11,23748.0,52643.0,0.4511141082385122,5456.5,3852.0,0.1222222222222222,0.3231202180986721,0,0,0,,,25000,3,0
cred_001907,4,10,15,14,38142.0,74914.0,0.5091438182449208,7537.066666666667,6162.0,0.1555555555555555,-0.1881469935448892,0,0,0,,,5000,6,0
cred_000974,7,10,20,18,35213.0,45040.0,0.7818161634103019,4012.65,3268.0,0.2,0.609670895385181,0,0,0,,,5000,6,0
cred_000792,11,23,28,23,428104.0,645743.0,0.6629634390152119,38351.67857142857,5941.0,0.2555555555555555,-0.2089496244536108,0,0,0,,,50000,12,0
cred_000689,2,10,19,17,89989.0,40781.0,2.206640347220519,6882.631578947368,3074.0,0.1888888888888888,-0.7900984951330118,0,0,0,,,15000,6,0
cred_000379,6,13,19,17,31862.0,155622.0,0.2047396897610877,9867.578947368422,5083.0,0.1888888888888888,-0.3424338696250488,1,1,1,100.0,0.0,15000,3,0
cred_001720,10,17,22,21,203908.0,167255.0,1.2191444201967057,16871.045454545456,5114.5,0.2333333333333333,0.7907580257389337,2,0,0,0.0,1.0,10000,9,0
cred_002415,5,7,13,13,11469.0,40461.0,0.283458144880255,3994.6153846153848,4175.0,0.1444444444444444,0.2086175632501511,0,0,0,,,10000,3,0
cred_000206,7,16,25,22,43373.0,102042.0,0.4250504694145547,5816.6,4341.0,0.2444444444444444,-0.0631358660656793,0,0,0,,,50000,6,0
cred_001686,6,11,18,16,86185.0,23656.0,3.643261751775448,6102.277777777777,3574.0,0.1777777777777777,-0.3356311106228716,1,0,0,0.0,1.0,10000,6,0
cred_000159,11,21,27,23,21778.0,251099.0,0.0867307317034317,10106.555555555557,5734.0,0.2555555555555555,0.1252609603340292,1,0,0,0.0,1.0,15000,9,0
cred_000830,7,10,17,14,27067.0,93190.0,0.2904496190578388,7073.941176470588,4432.0,0.1555555555555555,0.7396554850407978,2,0,0,0.0,1.0,10000,6,0
cred_001387,3,4,14,11,66899.0,56509.0,1.1838645171565592,8814.857142857143,3118.5,0.1222222222222222,0.8989328497963794,0,0,0,,,25000,12,0
cred_001148,8,17,20,17,74851.0,88286.0,0.8478241170740548,8156.85,3160.5,0.1888888888888888,-0.5758087090740232,1,0,1,15.0,1.0,15000,6,0
cred_001060,6,13,20,17,58635.0,17504.0,3.349805758683729,3806.95,3319.0,0.1888888888888888,0.1779480984712792,0,0,0,,,15000,6,0
cred_001598,11,16,22,22,38098.0,59752.0,0.6376020886330165,4447.727272727273,3276.0,0.2444444444444444,0.3933673967520422,0,0,0,,,15000,3,0
cred_001395,7,12,18,17,24716.0,71855.0,0.3439704961380558,5365.055555555556,4299.5,0.1888888888888888,0.3850950445006043,1,0,0,0.0,1.0,10000,3,0
cred_000938,5,9,22,19,45241.0,132366.0,0.3417871658885212,8073.045454545455,3113.0,0.2111111111111111,-0.2907000066858327,0,0,0,,,15000,3,0
cred_001423,8,14,24,20,32040.0,376796.0,0.085032749816877,17034.833333333332,3106.5,0.2222222222222222,0.9026296648576064,0,0,0,,,15000,6,1
cred_002074,8,15,20,18,53148.0,234991.0,0.2261703639713861,14406.95,4795.5,0.2,-0.6515989224249891,0,0,0,,,5000,12,0
cred_002336,6,8,14,14,30169.0,47349.0,0.6371623476736573,5537.0,5000.0,0.1555555555555555,0.5180175305702847,0,0,0,,,5000,9,0
cred_001285,4,14,19,19,34969.0,76345.0,0.4580391643198638,5858.631578947368,4345.0,0.2111111111111111,-0.7805613183544056,2,0,1,5.0,1.0,5000,9,0
cred_000108,3,10,14,13,15526.0,248249.0,0.0625420444795346,18841.071428571428,4601.0,0.1444444444444444,-0.8737155750528708,0,0,0,,,100000,9,0
cred_001729,9,21,32,26,112539.0,111948.0,1.005279236788509,7015.21875,5719.5,0.2888888888888888,-0.2442446896879079,0,0,0,,,5000,6,0
cred_000182,6,14,18,17,26511.0,32615.0,0.8128468496090756,3284.777777777778,3202.0,0.1888888888888888,-0.0037006417070194,0,0,0,,,50000,6,1
cred_001672,6,16,25,20,237212.0,365162.0,0.6496075714340485,24094.96,5724.0,0.2222222222222222,-0.8027033946254811,0,0,0,,,15000,12,0
cred_001487,8,13,19,17,82619.0,81889.0,1.008914506221837,8658.315789473685,4222.0,0.1888888888888888,0.3639759345328048,0,0,0,,,10000,3,0
cred_000341,4,9,19,16,25830.0,42127.0,0.6131459633963966,3576.684210526316,2605.0,0.1777777777777777,0.5502937328442061,0,0,0,,,5000,12,0
cred_001824,2,5,9,9,23635.0,42919.0,0.5506885062559705,7394.888888888889,5515.0,0.1,-0.3177626003290293,0,0,0,,,50000,3,0
cred_001562,4,13,20,20,93256.0,57683.0,1.616698160636583,7546.95,3876.0,0.2222222222222222,-0.5132569501190952,0,0,0,,,15000,9,0
cred_001667,4,5,8,8,277315.0,9662.0,28.701614572552263,35872.125,8508.0,0.0888888888888888,0.8840335224063083,1,0,0,0.0,1.0,25000,12,1
cred_001751,5,17,18,15,45382.0,114704.0,0.3956444413446784,8893.666666666666,8338.5,0.1666666666666666,-0.5545366795366795,0,0,0,,,15000,6,0
cred_002416,5,7,13,13,11469.0,40461.0,0.283458144880255,3994.6153846153848,4175.0,0.1444444444444444,0.2086175632501511,1,0,0,0.0,1.0,50000,6,0
cred_002154,7,15,22,21,76568.0,139423.0,0.5491776823049281,9817.772727272728,4080.0,0.2333333333333333,0.0733310455877306,1,0,0,0.0,1.0,5000,3,0
cred_000189,11,24,28,25,55483.0,117949.0,0.4703982229607711,6194.0,3236.0,0.2777777777777778,-0.3363594370707973,1,0,0,0.0,1.0,10000,9,0
cred_001278,9,16,23,21,57134.0,88577.0,0.6450207164388047,6335.260869565217,3996.0,0.2333333333333333,-0.0330278432399406,1,0,0,0.0,1.0,10000,3,0
cred_001194,7,10,14,13,72378.0,76162.0,0.9503164307659988,10610.0,5889.5,0.1444444444444444,0.3805590697749377,1,1,1,71.0,0.0,5000,9,0
cred_000487,6,13,20,20,26733.0,64786.0,0.4126354459296761,4575.95,3492.5,0.2222222222222222,-0.2574145866356014,1,0,1,1.0,1.0,25000,9,0
cred_002498,6,14,24,22,50957.0,80555.0,0.6325740177518465,5479.666666666667,5151.5,0.2444444444444444,0.1316136652049906,0,0,0,,,5000,12,0
cred_002489,7,14,22,22,98962.0,131936.0,0.750075794324521,10495.363636363636,5304.5,0.2444444444444444,0.1877965096577431,0,0,0,,,5000,3,1
cred_001986,7,15,22,19,33648.0,57100.0,0.5892819614711033,4124.909090909091,3246.5,0.2111111111111111,-0.051142909112957,1,0,0,0.0,1.0,10000,6,0
cred_000064,10,18,24,23,33161.0,82627.0,0.4013337044791654,4824.5,2672.5,0.2555555555555555,-0.1695527297429358,0,0,0,,,25000,12,0
cred_000758,4,13,20,16,39252.0,107267.0,0.3659280114107787,7325.95,3068.0,0.1777777777777777,-0.3302839180284925,0,0,0,,,15000,6,0
cred_001277,6,12,26,22,231466.0,133357.0,1.735686915572486,14031.653846153846,4110.5,0.2444444444444444,-0.0220360131414769,1,0,0,0.0,1.0,25000,3,0
cred_001185,3,13,24,23,78563.0,49082.0,1.6006478953587873,5318.541666666667,2645.0,0.2555555555555555,-0.8021953816219392,0,0,0,,,5000,6,1
cred_001078,8,13,18,17,48658.0,37755.0,1.2887829426566018,4800.722222222223,4504.5,0.1888888888888888,0.1058942799664179,0,0,0,,,5000,3,0
cred_002274,7,12,17,16,158649.0,39351.0,4.031638331935656,11647.058823529413,4398.0,0.1777777777777777,-0.485513828080385,2,0,1,5.0,1.0,25000,6,0
cred_000746,2,13,21,19,88614.0,54318.0,1.631392908428145,6806.285714285715,3626.0,0.2111111111111111,-0.8121788918520538,0,0,0,,,5000,9,0
cred_002263,3,10,18,14,19457.0,94179.0,0.206595950264921,6313.111111111111,5887.5,0.1555555555555555,-0.7888211781665684,0,0,0,,,50000,6,0
cred_001406,5,13,19,18,36917.0,294578.0,0.1253216465588061,17447.105263157893,6504.0,0.2,-0.6742237061769616,0,0,0,,,10000,6,0
cred_000239,6,15,27,20,57719.0,112083.0,0.514966587261226,6288.962962962963,3029.0,0.2222222222222222,-0.4438410090996218,2,0,2,3.5,1.0,5000,3,0
cred_000752,4,11,15,15,30447.0,56267.0,0.541116462580198,5780.933333333333,4906.0,0.1666666666666666,-0.2575647542967804,1,0,0,0.0,1.0,15000,9,0
cred_000630,7,14,20,16,30197.0,74798.0,0.4037140030482098,5249.75,3282.5,0.1777777777777777,0.1586272596310237,0,0,0,,,15000,12,0
cred_002614,5,13,18,17,185540.0,43214.0,4.293515990188365,12708.555555555557,3702.5,0.1888888888888888,-0.5071640146035682,0,0,0,,,10000,3,0
cred_002613,11,18,23,21,161646.0,94463.0,1.7112096799805214,11135.173913043478,3961.0,0.2333333333333333,0.673324878959452,1,0,0,0.0,1.0,5000,9,0
cred_001654,5,10,12,12,11399.0,52274.0,0.2180625167387228,5306.083333333333,4133.0,0.1333333333333333,0.3149523927729215,0,0,0,,,5000,6,0
cred_001940,7,15,21,20,34549.0,179874.0,0.1920733402270478,10210.619047619048,3487.0,0.2222222222222222,-0.739933568329718,1,1,1,97.0,0.0,5000,12,0
cred_000590,5,11,17,17,31311.0,58671.0,0.5336708084061973,5293.058823529412,3078.0,0.1888888888888888,0.225057926726888,1,0,0,0.0,1.0,10000,3,0
cred_000442,7,12,18,17,34741.0,78346.0,0.443430424016542,6282.611111111111,4258.0,0.1888888888888888,0.2532321390435825,0,0,0,,,50000,6,0
cred_002117,3,7,19,16,197409.0,39324.0,5.0200640830027465,12459.631578947368,3854.0,0.1777777777777777,-0.8856479804522265,0,0,0,,,15000,3,0
cred_002369,11,17,24,20,141066.0,78170.0,1.804605347319944,9134.833333333334,6114.5,0.2222222222222222,0.6666781955060584,1,0,1,10.0,1.0,15000,3,0
cred_000614,11,13,19,17,98923.0,31408.0,3.149611563932756,6859.526315789473,4638.0,0.1888888888888888,0.5553309619751401,0,0,0,,,25000,3,0
cred_002486,4,10,15,15,50811.0,32265.0,1.5748024174802415,5538.4,4331.0,0.1666666666666666,-0.1694592109099881,0,0,0,,,25000,6,0
cred_002037,5,11,19,19,99590.0,35845.0,2.7783512344817964,7128.1578947368425,4427.0,0.2111111111111111,-0.0010846606154021,1,0,0,0.0,1.0,25000,9,0
cred_002646,5,12,20,19,39743.0,86443.0,0.4597596103790937,6309.3,4624.0,0.2111111111111111,0.0633319405479615,1,0,0,0.0,1.0,5000,3,0
cred_000775,7,13,17,14,44950.0,49908.0,0.9006572092650477,5579.882352941177,4987.0,0.1555555555555555,-0.0624739908447773,0,0,0,,,25000,6,0
cred_001599,7,14,18,15,17930.0,73653.0,0.2434388280178675,5087.944444444444,4683.0,0.1666666666666666,0.005914096773776,0,0,0,,,10000,3,0
cred_000344,9,15,23,20,19664.0,138056.0,0.1424349539317378,6857.391304347826,2692.0,0.2222222222222222,0.597382350470038,2,0,0,0.0,1.0,10000,6,1
cred_001351,2,7,10,10,14748.0,105265.0,0.1401035481879067,12001.3,4323.5,0.1111111111111111,-0.7471991538702601,0,0,0,,,25000,9,0
cred_000222,8,14,21,17,59494.0,131017.0,0.454093743559996,9071.952380952382,5644.0,0.1888888888888888,0.3896536855721602,0,0,0,,,15000,9,0
cred_000879,1,6,15,15,30354.0,189900.0,0.1598420221169036,14683.6,5574.0,0.1666666666666666,-0.9942908653846154,0,0,0,,,5000,3,0
cred_000497,4,7,14,14,106197.0,146785.0,0.7234867322955343,18070.14285714286,4690.5,0.1555555555555555,0.1230758489073009,1,0,1,1.0,1.0,10000,6,1
cred_001498,6,12,15,14,21438.0,38083.0,0.5629283407294593,3968.0666666666666,3005.0,0.1555555555555555,-0.094822764092896,2,2,2,71.5,0.0,5000,6,0
cred_002142,10,18,31,25,79530.0,111584.0,0.7127365930599369,6164.967741935484,4771.0,0.2777777777777778,0.3184545133727582,0,0,0,,,10000,6,0
cred_000959,4,10,18,16,71578.0,57319.0,1.248765679792041,7160.944444444444,4672.0,0.1777777777777777,0.4132689867907161,0,0,0,,,100000,9,0
cred_001937,4,10,19,16,50982.0,55185.0,0.923837999456374,5587.736842105263,3663.0,0.1777777777777777,-0.5124887690925427,0,0,0,,,5000,3,1
cred_000420,7,12,14,11,9346.0,49606.0,0.1884046284723622,4210.857142857143,3714.0,0.1222222222222222,-0.001264518546272,0,0,0,,,10000,6,0
cred_002124,5,8,18,14,78090.0,191639.0,0.4074849065169407,14984.944444444443,4121.0,0.1555555555555555,0.7917165331778521,0,0,0,,,10000,6,0
cred_001772,6,13,16,15,17849.0,63544.0,0.2808919803600654,5087.0625,2561.0,0.1666666666666666,-0.1091082844526461,0,0,0,,,25000,3,0
cred_000867,9,15,20,20,209424.0,78610.0,2.664088538353899,14401.7,3711.0,0.2222222222222222,0.8288030262091327,1,0,0,0.0,1.0,5000,9,0
cred_000582,9,16,20,17,38049.0,61968.0,0.6140104570100697,5000.85,3228.5,0.1888888888888888,0.1474697728467476,2,0,1,0.5,1.0,10000,3,0
cred_002062,5,12,26,21,113798.0,58934.0,1.930939695252316,6643.538461538462,3410.5,0.2333333333333333,-0.357510148849797,0,0,0,,,5000,6,0
cred_001803,9,16,22,18,36182.0,88531.0,0.4086930001920231,5668.772727272727,2559.5,0.2,0.2966950745478767,0,0,0,,,25000,3,0
cred_000404,6,11,21,18,43478.0,262773.0,0.1654583994550429,14583.380952380952,5545.0,0.2,0.5951813948300382,2,2,2,109.0,0.0,5000,6,0
cred_001066,10,16,22,20,74023.0,142385.0,0.5198792007585069,9836.727272727272,3625.0,0.2222222222222222,0.1916554553457239,0,0,0,,,5000,12,0
cred_002417,4,7,12,12,11469.0,35901.0,0.3194618534302665,3947.5,3835.0,0.1333333333333333,-0.1518867109921423,2,0,0,0.0,1.0,15000,3,0
cred_000038,6,10,13,13,225757.0,12299.0,18.35571997723392,18312.0,4324.0,0.1444444444444444,0.4234368381191995,0,0,0,,,15000,6,0
cred_000132,7,12,19,17,61315.0,35965.0,1.7048519393855135,5120.0,4520.0,0.1888888888888888,0.4783654735907021,0,0,0,,,25000,3,0
cred_000430,8,18,22,19,40748.0,59282.0,0.6873587260888634,4546.818181818182,3054.0,0.2111111111111111,0.1098181582444653,0,0,0,,,15000,3,0
cred_002324,3,10,19,19,193263.0,62092.0,3.1125265734716225,13439.736842105263,4523.0,0.2111111111111111,-0.6702184004735645,0,0,0,,,10000,9,0
cred_000556,8,20,24,22,64631.0,153582.0,0.4208240549022672,9092.208333333334,4311.5,0.2444444444444444,0.2370093580836748,1,0,0,0.0,1.0,10000,6,0
cred_000446,4,9,14,13,41155.0,65752.0,0.6259125197712617,7636.214285714285,2945.0,0.1444444444444444,-0.6862551831962477,2,0,0,0.0,1.0,25000,9,0
cred_002328,2,9,14,13,53043.0,69970.0,0.7580820351579248,8786.642857142857,6129.5,0.1444444444444444,-0.7016120228521524,0,0,0,,,50000,12,0
cred_001425,7,11,17,15,55556.0,128760.0,0.4314694004349176,10842.117647058823,4653.0,0.1666666666666666,0.1096727506633432,0,0,0,,,10000,6,0
cred_001216,3,8,14,13,32996.0,45319.0,0.7280831439352148,5593.928571428572,3469.0,0.1444444444444444,0.180247558705379,1,1,1,81.0,0.0,10000,3,0
cred_000694,7,15,24,20,55999.0,125863.0,0.4449202704527939,7577.583333333333,4519.0,0.2222222222222222,-0.1147242013507874,0,0,0,,,25000,3,1
cred_001464,4,13,16,15,46381.0,805256.0,0.0575978322421689,53227.3125,4331.0,0.1666666666666666,-0.1646017343421859,2,1,1,24.0,0.5,10000,3,0
cred_001094,7,10,15,14,49185.0,28036.0,1.7543515480097018,5148.066666666667,5713.0,0.1555555555555555,0.3105798394290812,2,1,1,34.5,0.5,5000,3,0
cred_001208,5,10,12,11,34080.0,34328.0,0.9927755767886274,5700.666666666667,4391.0,0.1222222222222222,-0.5112980906512345,1,1,1,36.0,0.0,25000,6,1
cred_000745,5,12,18,17,55380.0,44093.0,1.25598167509582,5526.277777777777,3073.0,0.1888888888888888,-0.6949472690067685,0,0,0,,,25000,6,0
cred_001433,6,10,18,16,55811.0,40399.0,1.3814945914502834,5345.0,4294.0,0.1777777777777777,0.5108342447730911,1,1,1,85.0,0.0,15000,3,0
cred_002172,8,17,24,18,147504.0,96786.0,1.5240220693075446,10178.75,4158.0,0.2,-0.3983951217687329,0,0,0,,,5000,6,0
cred_000437,4,8,14,13,26413.0,35400.0,0.7461299435028249,4415.214285714285,3823.5,0.1444444444444444,0.1567583468157082,0,0,0,,,10000,3,0
cred_002119,8,12,22,21,45762.0,134927.0,0.3391611760433419,8213.136363636364,6485.5,0.2333333333333333,-0.1170320404721753,0,0,0,,,10000,3,0
cred_002659,8,17,26,24,59654.0,153587.0,0.3884052686750832,8201.576923076924,4185.5,0.2666666666666666,0.3431252641961392,2,0,1,1.0,1.0,15000,3,0
cred_000559,6,17,24,20,66681.0,57893.0,1.151797281191163,5190.583333333333,3139.0,0.2222222222222222,-0.4381938172976728,0,0,0,,,5000,3,0
cred_000857,6,10,15,14,51494.0,145940.0,0.3528436343702891,13162.266666666666,4808.0,0.1555555555555555,-0.1028695780466214,1,1,1,116.0,0.0,100000,3,0
cred_000767,8,15,20,16,66741.0,45552.0,1.4651606954689147,5614.65,3378.0,0.1777777777777777,-0.3360815485240248,1,1,1,104.0,0.0,15000,9,0
cred_000778,4,10,15,15,20213.0,21272.0,0.9502162467092892,2765.6666666666665,2061.0,0.1666666666666666,-0.4303749699818175,1,0,1,1.0,1.0,15000,3,0
cred_002303,3,7,15,11,12982.0,528699.0,0.0245546142512091,36112.066666666666,2988.0,0.1222222222222222,-0.9228291812867776,1,0,0,0.0,1.0,10000,3,0
cred_000169,5,9,13,11,42736.0,63573.0,0.6722350683466252,8177.615384615385,5179.0,0.1222222222222222,0.4725194785305435,0,0,0,,,15000,3,0
cred_000900,8,16,22,21,72613.0,152430.0,0.4763694810732795,10229.227272727272,4974.0,0.2333333333333333,-0.4343568313953488,0,0,0,,,5000,3,0
cred_001829,7,13,25,20,55574.0,53056.0,1.0474592882991556,4345.2,3182.0,0.2222222222222222,0.1700564534838759,0,0,0,,,25000,9,1
cred_001307,5,10,12,10,15063.0,81137.0,0.1856489640977605,8016.666666666667,4836.0,0.1111111111111111,0.1075513231564339,1,0,0,0.0,1.0,10000,6,0
cred_001175,7,11,18,17,74104.0,136262.0,0.5438346714417813,11687.0,10737.5,0.1888888888888888,-0.0896782851762054,0,0,0,,,10000,6,0
cred_001592,6,15,24,21,80055.0,32996.0,2.426203176142563,4710.458333333333,4279.0,0.2333333333333333,0.0072219547424169,1,0,0,0.0,1.0,5000,3,0
cred_002532,5,14,24,22,52003.0,65142.0,0.7983021706425961,4881.041666666667,4067.0,0.2444444444444444,-0.1038180892584422,1,1,1,83.0,0.0,5000,9,0
cred_000355,8,12,17,15,40272.0,81195.0,0.4959911324588952,7145.117647058823,4197.0,0.1666666666666666,0.5075799575598845,0,0,0,,,5000,6,1
cred_000845,5,11,14,13,28400.0,72601.0,0.3911791848597127,7214.357142857143,3558.5,0.1444444444444444,0.4064838967261112,1,0,1,2.0,1.0,10000,6,0
cred_001802,10,16,20,17,32274.0,87092.0,0.3705736462591282,5968.3,2795.5,0.1888888888888888,0.3388050912714589,1,0,0,0.0,1.0,15000,6,0
cred_000419,6,10,12,12,423898.0,19233.0,22.040139343836117,36927.583333333336,4740.5,0.1333333333333333,-0.7523570973931121,0,0,0,,,5000,9,1
cred_000091,4,12,21,17,71940.0,123307.0,0.5834218657497141,9297.47619047619,4371.0,0.1888888888888888,-0.6704579588721921,0,0,0,,,10000,6,0
cred_002603,3,7,11,10,82778.0,16887.0,4.90187718363238,9060.454545454546,2824.0,0.1111111111111111,0.2747879496928926,0,0,0,,,5000,12,0
cred_000878,1,6,13,13,30354.0,178218.0,0.1703194963471703,16044.0,4088.0,0.1444444444444444,-0.9942908653846154,1,0,0,0.0,1.0,10000,3,0
cred_000943,10,18,20,17,109214.0,36812.0,2.966804302944692,7301.3,4708.0,0.1888888888888888,-0.0808564885856606,0,0,0,,,15000,3,1
cred_002426,9,14,23,19,243337.0,64987.0,3.744395032852725,13405.391304347826,3984.0,0.2111111111111111,0.269902868810848,0,0,0,,,5000,12,0
cred_000376,7,11,16,15,26778.0,51041.0,0.524637056484003,4863.6875,4238.0,0.1666666666666666,0.4609553023663453,0,0,0,,,5000,6,0
cred_002608,6,12,14,11,51859.0,12248.0,4.234079033311561,4579.071428571428,4802.0,0.1222222222222222,-0.0232483163777045,0,0,0,,,100000,6,1
cred_000924,11,16,24,20,44337.0,194442.0,0.2280217237016694,9949.125,3579.5,0.2222222222222222,-0.5126222752830625,0,0,0,,,15000,3,0
cred_000695,3,6,12,12,18702.0,30815.0,0.6069122180756126,4126.416666666667,3054.5,0.1333333333333333,0.3251966368321128,0,0,0,,,25000,3,0
cred_002491,7,14,18,15,37768.0,30624.0,1.2332810867293629,3799.555555555556,3708.0,0.1666666666666666,0.1335043931265065,0,0,0,,,25000,12,1
cred_000490,11,20,29,23,200670.0,183118.0,1.095850762896056,13234.06896551724,4110.0,0.2555555555555555,0.2126167820816136,0,0,0,,,25000,6,0
cred_000540,5,10,15,12,35686.0,41814.0,0.853446214186636,5166.666666666667,5001.0,0.1333333333333333,-0.1751186489676937,0,0,0,,,10000,12,0
cred_000551,7,12,18,17,50553.0,41115.0,1.2295512586647208,5092.666666666667,4092.0,0.1888888888888888,0.0900918739109773,0,0,0,,,15000,9,0
cred_002167,9,19,24,19,118567.0,37803.0,3.136444197550459,6515.416666666667,3170.0,0.2111111111111111,0.4170603310431436,1,0,0,0.0,1.0,10000,3,0
cred_000995,9,15,21,18,35134.0,364793.0,0.0963121551126255,19044.14285714286,3396.0,0.2,0.189362038942536,1,0,0,0.0,1.0,50000,3,0
cred_000670,7,11,19,18,37316.0,97025.0,0.3846019067250709,7070.578947368421,3124.0,0.2,-0.013617434403822,0,0,0,,,5000,12,0
cred_002460,6,14,16,15,532972.0,54060.0,9.85889752127266,36689.5,3656.0,0.1666666666666666,0.8544908488493039,2,1,1,41.5,0.5,50000,3,0
cred_002376,7,13,16,13,57665.0,9957.0,5.791403033042081,4226.375,4180.0,0.1444444444444444,-0.271273645353174,0,0,0,,,5000,6,0
cred_000707,9,15,20,19,79853.0,34687.0,2.302101651915703,5727.0,4416.5,0.2111111111111111,0.1522769166058416,0,0,0,,,50000,3,0
cred_000339,3,6,17,15,25830.0,34308.0,0.7528856243441763,3537.529411764706,2446.0,0.1666666666666666,0.4051826053615363,1,0,0,0.0,1.0,10000,6,0
cred_000051,4,6,12,11,18781.0,32025.0,0.586448087431694,4233.833333333333,4206.5,0.1222222222222222,0.1489536652551083,1,1,1,37.0,0.0,50000,3,0
cred_002265,5,14,19,19,60749.0,54533.0,1.1139860268094548,6067.473684210527,4492.0,0.2111111111111111,-0.0876926861265988,0,0,0,,,15000,6,0
cred_000897,6,12,20,19,30137.0,97022.0,0.3106202716909567,6357.95,4706.5,0.2111111111111111,-0.0596300607942051,0,0,0,,,15000,3,0
cred_000421,6,13,19,16,53867.0,861528.0,0.0625249556601758,48178.68421052631,4735.0,0.1777777777777777,0.8606772761996956,0,0,0,,,5000,9,0
cred_000560,9,19,27,21,67717.0,64272.0,1.0536003236245954,4888.481481481482,2995.0,0.2333333333333333,-0.2841840765733677,1,0,0,0.0,1.0,100000,3,0
cred_002215,6,14,24,22,100229.0,44787.0,2.237903856029652,6042.333333333333,4315.0,0.2444444444444444,-0.1943988151339706,0,0,0,,,100000,3,0
cred_001709,3,13,22,19,115332.0,101287.0,1.1386653766031178,9846.318181818182,5204.0,0.2111111111111111,0.1132445915242517,1,0,0,0.0,1.0,5000,9,0
cred_000518,2,9,12,11,15101.0,599186.0,0.0252025247585891,51190.583333333336,4577.0,0.1222222222222222,-0.8001491543908327,0,0,0,,,10000,6,0
cred_002368,11,16,26,22,145865.0,80072.0,1.8216729943051253,8689.884615384615,5802.5,0.2444444444444444,0.7048814089436646,2,0,1,5.0,1.0,25000,6,0
cred_001849,4,10,16,13,17838.0,70532.0,0.2529064821641241,5523.125,2558.0,0.1444444444444444,0.3144747979992304,2,0,1,1.0,1.0,25000,12,0
cred_000078,4,8,14,14,27432.0,45354.0,0.604841910305596,5199.0,3094.5,0.1555555555555555,-0.0786103470628427,0,0,0,,,15000,9,0
cred_001841,8,14,20,19,45757.0,295605.0,0.1547910218027435,17068.1,4958.0,0.2111111111111111,0.7862560513733013,0,0,0,,,5000,6,0
cred_000055,3,7,13,11,50459.0,55506.0,0.9090728930205744,8151.153846153846,5383.0,0.1222222222222222,0.1518521092501216,2,0,0,0.0,1.0,50000,3,0
cred_002338,7,9,15,14,75006.0,50257.0,1.4924488131006626,8350.866666666667,6043.0,0.1555555555555555,0.5978518470201988,0,0,0,,,100000,9,0
cred_002428,9,14,22,18,234234.0,64987.0,3.6043208641728346,13600.954545454546,3857.5,0.2,0.269902868810848,1,0,0,0.0,1.0,10000,12,0
cred_001793,5,9,13,12,15691.0,115244.0,0.1361545937315608,10071.923076923076,8320.0,0.1333333333333333,0.4929328972147884,0,0,0,,,50000,3,0
cred_000309,8,19,26,26,221645.0,121550.0,1.8234882764294529,13199.807692307691,6032.0,0.2888888888888888,-0.1652179273780901,0,0,0,,,25000,9,0
cred_002366,7,15,20,19,44719.0,47346.0,0.9445148481392304,4603.25,3403.5,0.2111111111111111,0.1148472345402897,0,0,0,,,5000,12,0
cred_001804,8,9,15,14,54446.0,56739.0,0.9595868802763532,7412.333333333333,4210.0,0.1555555555555555,0.5535028373156325,1,1,1,87.0,0.0,25000,6,0
cred_002485,5,12,14,14,130757.0,33855.0,3.862265544232757,11758.0,3784.5,0.1555555555555555,0.6060156477853438,1,0,0,0.0,1.0,5000,9,0
cred_002468,4,8,17,16,63367.0,143395.0,0.4419052268210188,12162.470588235294,4675.0,0.1777777777777777,-0.4732842332410752,0,0,0,,,25000,6,1
cred_001210,8,12,20,18,550982.0,55873.0,9.86132836969556,30342.75,3950.5,0.2,-0.0035854279291831,0,0,0,,,15000,6,0
cred_001504,8,13,17,14,604721.0,66429.0,9.103268150958163,39479.41176470588,4195.0,0.1555555555555555,-0.7808819199057715,2,1,2,37.0,0.5,5000,12,1
cred_001049,6,16,20,20,85120.0,81282.0,1.0472183263207109,8320.1,3377.5,0.2222222222222222,0.2881759528904478,0,0,0,,,5000,6,0
cred_000220,3,8,16,15,24303.0,63681.0,0.3816365949027182,5499.0,3912.5,0.1666666666666666,-0.3798444240397775,0,0,0,,,15000,3,0
cred_002573,10,17,23,22,57519.0,115345.0,0.4986692097620183,7515.826086956522,3449.0,0.2444444444444444,0.140607672014162,2,0,1,2.5,1.0,50000,9,0
cred_001773,5,7,12,12,24540.0,36108.0,0.6796277833167165,5054.0,4419.0,0.1333333333333333,0.5131655321618912,1,0,1,1.0,1.0,15000,6,0
cred_002669,3,14,22,20,85754.0,108557.0,0.7899444531444311,8832.318181818182,4514.5,0.2222222222222222,0.0434057019238198,0,0,0,,,5000,3,1
cred_001989,7,11,15,15,35192.0,72043.0,0.4884860430576184,7149.0,4313.0,0.1666666666666666,0.6260144441962624,1,0,0,0.0,1.0,50000,12,0
cred_001945,4,9,13,12,30834.0,312464.0,0.0986801679553484,26407.53846153846,3736.0,0.1333333333333333,-0.7796686780310333,0,0,0,,,10000,3,0
cred_000684,7,18,27,25,52391.0,50551.0,1.0363988842950684,3812.6666666666665,3202.0,0.2777777777777778,-0.3528578681559469,1,0,1,2.0,1.0,10000,3,0
cred_000317,6,13,18,17,38912.0,116733.0,0.3333418998912047,8646.944444444445,6931.0,0.1888888888888888,-0.1928300342312844,0,0,0,,,10000,9,0
cred_000340,3,7,18,16,25830.0,44102.0,0.5856877239127477,3885.1111111111113,2525.5,0.1777777777777777,0.099316151955416,2,0,0,0.0,1.0,10000,6,0
cred_002153,11,19,32,24,59187.0,170612.0,0.3469099477176283,7181.21875,5788.0,0.2666666666666666,0.0474412357286769,0,0,0,,,15000,3,0
cred_002705,7,14,17,15,33581.0,38092.0,0.881576183975638,4216.058823529412,3417.0,0.1666666666666666,0.0532091950234819,2,0,1,0.5,1.0,15000,9,0
cred_002492,6,11,19,19,26430.0,87829.0,0.3009256623666442,6013.631578947368,2515.0,0.2111111111111111,-0.0893013895133491,2,0,1,0.5,1.0,10000,3,0
cred_001913,9,14,23,19,53435.0,56162.0,0.9514440368932732,4765.086956521739,3237.0,0.2111111111111111,0.1304755606324776,2,0,0,0.0,1.0,5000,3,0
cred_001128,6,18,26,21,39503.0,105589.0,0.3741204102700092,5580.461538461538,4777.0,0.2333333333333333,-0.448657664531469,2,1,1,46.0,0.5,25000,6,0
cred_001995,6,8,12,11,8748.0,59517.0,0.1469832148797822,5688.75,5248.0,0.1222222222222222,0.6877732280972445,0,0,0,,,5000,9,0
cred_002102,7,15,21,21,263333.0,50938.0,5.169676862067612,14965.285714285714,3748.0,0.2333333333333333,-0.0154305832697792,0,0,0,,,100000,6,0
cred_000202,7,19,23,21,75962.0,80471.0,0.9439673919797194,6801.434782608696,2738.0,0.2333333333333333,-0.5217826438209157,0,0,0,,,25000,9,0
cred_002425,7,10,17,16,24914.0,40032.0,0.6223521183053558,3820.352941176471,3460.0,0.1777777777777777,-0.0093623413901333,0,0,0,,,15000,6,0
cred_000634,4,12,21,19,66005.0,119057.0,0.554398313412903,8812.47619047619,4076.0,0.2111111111111111,-0.7449835602126418,0,0,0,,,25000,6,0
cred_002582,3,9,13,12,26399.0,40130.0,0.6578370296536257,5117.615384615385,3467.0,0.1333333333333333,0.2945230062450649,2,1,1,30.5,0.5,10000,6,0
cred_001405,4,13,21,18,51594.0,135389.0,0.381079703668688,8903.952380952382,5946.0,0.2,-0.0707378777231201,0,0,0,,,50000,3,0
cred_002670,3,14,22,20,85754.0,108557.0,0.7899444531444311,8832.318181818182,4514.5,0.2222222222222222,0.0434057019238198,1,1,1,82.0,0.0,50000,6,0
cred_000459,2,12,21,21,119591.0,74266.0,1.610306196644494,9231.285714285714,3006.0,0.2333333333333333,-0.0009692852878001,0,0,0,,,5000,9,0
cred_001372,6,14,23,23,59910.0,84272.0,0.7109122840326562,6268.782608695652,3756.0,0.2555555555555555,-0.2651877287308544,0,0,0,,,25000,3,0
cred_002353,7,15,21,21,113338.0,36588.0,3.0976823002077185,7139.333333333333,4687.0,0.2333333333333333,-0.1489426441503119,0,0,0,,,15000,6,0
cred_001969,2,5,11,10,69001.0,132214.0,0.5218887561075226,18292.272727272728,4609.0,0.1111111111111111,-0.9274759279566176,0,0,0,,,10000,6,0
cred_000838,4,13,20,19,32382.0,79241.0,0.4086520866723034,5581.15,4000.0,0.2111111111111111,-0.6399896714613363,1,0,0,0.0,1.0,15000,9,0
cred_000235,5,8,13,12,13946.0,70925.0,0.1966302432146633,6528.538461538462,4680.0,0.1333333333333333,0.6299644970414201,0,0,0,,,25000,9,1
cred_001087,1,9,19,16,20490.0,67101.0,0.305360575848348,4610.052631578948,4340.0,0.1777777777777777,-0.6493662134132289,0,0,0,,,5000,6,0
cred_002666,3,8,14,12,87214.0,45996.0,1.8961214018610315,9515.0,4166.0,0.1333333333333333,0.3397750611246943,1,0,0,0.0,1.0,10000,9,0
cred_000908,5,13,21,17,37105.0,41865.0,0.886301206258211,3760.4761904761904,3604.0,0.1888888888888888,-0.3899703276584103,1,0,1,1.0,1.0,5000,3,0
cred_000842,11,18,20,18,29072.0,74699.0,0.3891886102892943,5188.55,3732.0,0.2,0.104311147630786,0,0,0,,,25000,6,1
cred_000873,5,11,17,17,31358.0,33822.0,0.9271480101708948,3834.117647058824,3624.0,0.1888888888888888,-0.0477151770967149,1,0,1,10.0,1.0,50000,3,0
cred_000387,4,7,14,14,45171.0,46869.0,0.96377136273443,6574.285714285715,2675.0,0.1555555555555555,-0.0582608966570084,0,0,0,,,50000,6,1
cred_001756,7,17,27,24,36019.0,92006.0,0.3914853379127448,4741.666666666667,3667.0,0.2666666666666666,-0.3022498283487952,1,0,0,0.0,1.0,15000,3,0
cred_002112,3,6,8,8,9234.0,45693.0,0.202087847153831,6865.875,7062.5,0.0888888888888888,-0.2644676085934692,0,0,0,,,25000,3,1
cred_001788,6,13,16,15,40223.0,87724.0,0.4585176234553828,7996.6875,4969.0,0.1666666666666666,-0.2014412532637075,1,0,0,0.0,1.0,10000,3,0
cred_002161,6,11,13,11,21636.0,72934.0,0.2966517673513039,7274.615384615385,4430.0,0.1222222222222222,-0.3909516694082045,1,0,1,1.0,1.0,25000,12,0
cred_000207,11,22,29,25,63544.0,82770.0,0.7677177721396641,5045.310344827586,4645.0,0.2777777777777778,-0.104230082922221,1,0,0,0.0,1.0,15000,6,0
cred_002379,6,15,20,16,63706.0,97792.0,0.6514438808900523,8074.9,4430.5,0.1777777777777777,-0.5636518287496456,1,0,0,0.0,1.0,5000,3,0
cred_001692,8,17,18,16,43772.0,33901.0,1.2911713518775256,4315.166666666667,3673.0,0.1777777777777777,-0.2060665921555376,2,1,1,27.5,0.5,10000,9,0
cred_002201,4,11,20,19,41626.0,81138.0,0.5130271882471839,6138.2,3118.0,0.2111111111111111,-0.2278241967257659,2,0,0,0.0,1.0,15000,3,0
cred_000475,9,16,23,20,59500.0,65990.0,0.9016517654190028,5456.086956521739,4033.0,0.2222222222222222,-0.0104679158379566,0,0,0,,,15000,6,0
cred_000548,4,13,21,20,79904.0,47306.0,1.6890880649389084,6057.619047619048,4681.0,0.2222222222222222,-0.4472994068061192,1,1,1,113.0,0.0,10000,12,0
cred_001551,5,13,20,18,28499.0,119891.0,0.2377075843891535,7419.5,5874.0,0.2,-0.2110206105248247,0,0,0,,,10000,6,1
cred_001172,10,19,26,23,230005.0,89479.0,2.5704914002168104,12287.846153846154,3666.5,0.2555555555555555,0.5169167701694731,0,0,0,,,50000,9,0
cred_001585,4,12,16,14,130446.0,30255.0,4.311551809618245,10043.8125,4245.0,0.1555555555555555,-0.6204705621219688,1,0,0,0.0,1.0,10000,6,0
cred_001262,4,10,16,14,39006.0,68778.0,0.567129023815755,6736.5,5624.5,0.1555555555555555,0.0477786095367102,0,0,0,,,5000,3,0
cred_001085,10,15,21,19,64841.0,35578.0,1.822502670189443,4781.857142857143,3467.0,0.2111111111111111,0.2102343484659798,1,0,0,0.0,1.0,15000,6,0
cred_000302,5,15,27,21,39198.0,87709.0,0.4469096671949287,4700.259259259259,3814.0,0.2333333333333333,-0.0589386771736539,1,0,0,0.0,1.0,15000,6,1
cred_000898,6,12,17,16,25841.0,79945.0,0.3232347238726624,6222.705882352941,5117.0,0.1777777777777777,-0.0596300607942051,1,0,0,0.0,1.0,5000,9,1
cred_001547,3,10,17,14,44609.0,25943.0,1.7195004432794974,4150.117647058823,3750.0,0.1555555555555555,-0.6066699938349529,0,0,0,,,15000,9,1
cred_000175,10,20,24,22,592375.0,72908.0,8.124965710210128,27720.125,4535.5,0.2444444444444444,-0.8191047472440794,0,0,0,,,10000,6,0
cred_000386,3,13,19,17,27688.0,50662.0,0.5465240219493901,4123.684210526316,2783.0,0.1888888888888888,-0.7271713967246849,0,0,0,,,5000,3,0
cred_001365,9,12,18,17,530096.0,25939.0,20.436254288908597,30890.83333333333,4323.5,0.1888888888888888,0.5395183513718599,0,0,0,,,10000,9,0
cred_000533,9,11,16,16,56084.0,41498.0,1.3514868186418625,6098.875,4231.0,0.1777777777777777,0.8536483017377567,1,0,0,0.0,1.0,25000,3,1
cred_000428,9,12,19,18,59117.0,134806.0,0.4385338931501565,10206.473684210529,5357.0,0.2,0.3603935460333525,0,0,0,,,10000,6,0
cred_002655,8,15,22,21,69358.0,47807.0,1.4507917250611837,5325.681818181818,2929.5,0.2333333333333333,-0.0593051383609346,0,0,0,,,10000,6,0
cred_001052,5,9,14,13,20156.0,50831.0,0.3965296767720485,5070.5,3396.5,0.1444444444444444,0.6167897114041612,0,0,0,,,5000,12,0
cred_001161,9,15,21,21,25533.0,120496.0,0.211899150179259,6953.761904761905,3250.0,0.2333333333333333,-0.0637535250243786,1,1,1,40.0,0.0,50000,6,1
cred_002057,7,13,23,20,30951.0,114408.0,0.270531780994336,6319.95652173913,3296.0,0.2222222222222222,0.6763997740941473,2,0,0,0.0,1.0,5000,6,0
cred_000611,6,13,15,12,25573.0,63584.0,0.4021923754403623,5943.8,4343.0,0.1333333333333333,-0.1559906524347881,0,0,0,,,5000,6,1
cred_002701,5,11,15,14,36385.0,45415.0,0.8011670153033139,5453.333333333333,4182.0,0.1555555555555555,-0.1223412486888938,0,0,0,,,5000,12,0
cred_001136,2,7,17,15,257314.0,35438.0,7.260962808284892,17220.70588235294,3775.0,0.1666666666666666,-0.6069156599800509,0,0,0,,,5000,12,1
cred_002162,6,10,13,11,21636.0,72934.0,0.2966517673513039,7274.615384615385,4430.0,0.1222222222222222,-0.3578265877586686,2,0,2,3.0,1.0,25000,6,0
cred_000396,8,12,18,17,24371.0,59273.0,0.4111652860492973,4646.888888888889,4110.5,0.1888888888888888,0.4259538404850433,0,0,0,,,5000,3,0
cred_000154,4,11,18,17,49065.0,143072.0,0.3429392194140013,10674.277777777776,3706.5,0.1888888888888888,-0.2431337142384539,0,0,0,,,5000,6,0
cred_000059,8,15,22,22,149393.0,77434.0,1.929294625100085,10310.318181818182,4618.5,0.2444444444444444,0.6597415063937742,1,0,0,0.0,1.0,25000,6,0
cred_002014,3,12,18,15,116566.0,62260.0,1.8722454224221008,9934.777777777776,3424.5,0.1666666666666666,-0.8875959987520992,0,0,0,,,15000,9,0
cred_001182,6,11,17,16,35596.0,273417.0,0.1301894176294817,18177.235294117647,6760.0,0.1777777777777777,9.950644801783157e-05,0,0,0,,,5000,3,0
cred_001318,8,13,17,14,55680.0,63499.0,0.8768642025858675,7010.529411764706,6183.0,0.1555555555555555,0.1278050318182713,0,0,0,,,5000,6,1
cred_000893,6,11,15,15,82609.0,29464.0,2.803726581591094,7471.533333333334,4186.0,0.1666666666666666,0.0696339691838727,0,0,0,,,100000,12,0
cred_001785,13,19,23,19,51379.0,105274.0,0.4880502308262249,6811.0,4154.0,0.2111111111111111,0.0907178321972565,0,0,0,,,15000,6,0
cred_002684,7,9,17,15,18684.0,143526.0,0.1301785042431336,9541.764705882351,4021.0,0.1666666666666666,0.853310310646394,0,0,0,,,5000,9,1
cred_000484,5,11,16,15,73624.0,69231.0,1.0634542329303347,8928.4375,6767.0,0.1666666666666666,0.1217667009511828,1,0,1,15.0,1.0,10000,3,0
cred_000041,7,13,16,15,222808.0,33588.0,6.6335596046206975,16024.75,3781.0,0.1666666666666666,0.8013994766185004,0,0,0,,,15000,3,0
cred_000395,8,11,18,17,24371.0,59273.0,0.4111652860492973,4646.888888888889,4110.5,0.1888888888888888,0.5922871196394173,1,0,0,0.0,1.0,5000,9,0
cred_000451,4,9,16,16,95946.0,59426.0,1.614545821694208,9710.75,5450.0,0.1777777777777777,-0.7104915852473273,2,0,0,0.0,1.0,10000,6,0
cred_000120,4,8,12,12,30033.0,9498.0,3.1620341124447253,3294.25,2354.0,0.1333333333333333,0.6054000843763184,1,0,0,0.0,1.0,15000,12,0
cred_000749,9,16,27,23,54406.0,147706.0,0.3683398101634327,7485.62962962963,4945.0,0.2555555555555555,-0.2721686583378598,0,0,0,,,10000,6,0
cred_002070,10,21,25,21,60565.0,78926.0,0.767364366621899,5579.64,4554.0,0.2333333333333333,-0.0924044508950169,1,0,0,0.0,1.0,10000,9,0
cred_002165,8,16,26,21,129533.0,38757.0,3.342183347524318,6472.692307692308,3170.0,0.2333333333333333,-0.4265336816274835,2,0,1,0.5,1.0,25000,6,1
cred_000062,5,11,17,17,43205.0,50842.0,0.849789544077731,5532.176470588235,4128.0,0.1888888888888888,0.1485372513327265,1,0,0,0.0,1.0,5000,3,0
cred_000976,4,9,13,13,36663.0,19500.0,1.880153846153846,4320.2307692307695,3688.0,0.1444444444444444,-0.2434712174957405,1,0,0,0.0,1.0,10000,6,0
cred_002657,8,15,22,21,69358.0,47807.0,1.4507917250611837,5325.681818181818,2929.5,0.2333333333333333,-0.0593051383609346,1,0,1,15.0,1.0,25000,3,0
cred_002547,10,20,27,23,75025.0,98736.0,0.7598545616593745,6435.592592592592,5066.0,0.2555555555555555,-0.1256179490429712,2,0,1,0.5,1.0,25000,12,0
cred_000927,7,12,20,17,48922.0,95818.0,0.5105721263228203,7237.0,4322.0,0.1888888888888888,0.5762790194593851,0,0,0,,,50000,6,0
cred_002281,6,14,19,16,199495.0,70205.0,2.8416067231678657,14194.736842105263,4038.0,0.1777777777777777,-0.6952117972379233,0,0,0,,,5000,3,0
cred_000509,8,9,14,12,25609.0,109280.0,0.2343429721815519,9634.92857142857,4904.0,0.1333333333333333,0.8880244021042394,1,0,1,5.0,1.0,100000,3,0
cred_000065,6,11,24,21,105093.0,173659.0,0.6051687502519305,11614.666666666666,4597.0,0.2333333333333333,0.3344572234918018,0,0,0,,,5000,3,0
cred_001111,7,11,18,16,58659.0,162646.0,0.3606544274067607,12294.722222222224,3745.0,0.1777777777777777,0.7983563329990822,2,0,1,1.0,1.0,15000,3,0
cred_002410,11,18,19,19,517648.0,89711.0,5.77017311143561,31966.263157894737,3040.0,0.2111111111111111,0.3598731839649621,0,0,0,,,5000,3,0
cred_001341,6,12,17,16,230428.0,70841.0,3.2527491142135205,17721.70588235294,3758.0,0.1777777777777777,-0.7088629526374648,1,0,0,0.0,1.0,10000,9,0
cred_000411,14,20,27,25,46373.0,98848.0,0.4691344286176756,5378.555555555556,4692.0,0.2777777777777778,0.0567876213119226,0,0,0,,,10000,3,0
cred_002233,1,8,14,14,69827.0,45926.0,1.5204241606061926,8268.07142857143,4825.0,0.1555555555555555,-0.7094923378604111,1,0,0,0.0,1.0,50000,6,0
cred_002636,9,16,21,21,103849.0,121757.0,0.8529201606478478,10743.142857142857,4825.0,0.2333333333333333,-0.2946626698329894,2,0,0,0.0,1.0,15000,9,0
cred_000245,12,19,25,21,33731.0,127343.0,0.2648830324399456,6442.96,4870.0,0.2333333333333333,0.2119048652402239,1,0,1,1.0,1.0,50000,3,0
cred_000522,6,14,23,22,77350.0,58425.0,1.3239195549850236,5903.260869565217,3559.0,0.2444444444444444,0.252468900177154,0,0,0,,,25000,12,0
cred_001452,0,8,14,10,101968.0,245496.0,0.4153550363346042,24818.85714285714,3285.0,0.1111111111111111,-1.0,1,0,0,0.0,1.0,25000,3,0
cred_002195,9,17,27,27,52741.0,132940.0,0.3967278471490898,6877.074074074074,4023.0,0.3,0.0625675833042205,1,0,0,0.0,1.0,25000,9,0
cred_000787,9,13,23,18,53679.0,132618.0,0.4047640591774872,8099.869565217391,4065.0,0.2,0.4601814598231011,0,0,0,,,10000,3,0
cred_001561,3,11,18,18,30468.0,50170.0,0.6072951963324696,4479.888888888889,3231.5,0.2,-0.3926918443688315,1,0,0,0.0,1.0,15000,12,0
cred_001415,9,15,19,17,41846.0,32058.0,1.3053216045916776,3889.684210526316,2893.0,0.1888888888888888,0.2805907957885338,2,1,1,16.0,0.5,15000,6,0
cred_002190,13,18,20,20,98024.0,86436.0,1.1340645101578046,9223.0,6444.0,0.2222222222222222,0.6505895452079824,0,0,0,,,25000,6,0
cred_000408,5,7,15,14,32505.0,70599.0,0.4604172863638295,6873.6,5613.0,0.1555555555555555,0.6946306673458992,2,1,1,42.0,0.5,10000,6,0
cred_002143,9,19,27,22,60429.0,62626.0,0.9649187238527128,4557.592592592592,3222.0,0.2444444444444444,-0.151121995102204,1,0,0,0.0,1.0,5000,6,0
cred_000276,5,6,14,14,21380.0,32932.0,0.6492165674723673,3879.428571428572,3585.5,0.1555555555555555,0.9249119542826766,0,0,0,,,25000,9,0
cred_000479,3,15,20,19,23548.0,121249.0,0.1942119110260703,7239.85,3614.0,0.2111111111111111,-0.4297679886361781,0,0,0,,,5000,6,0
cred_002358,6,15,21,19,21907.0,64921.0,0.3374408896967083,4134.666666666667,3604.0,0.2111111111111111,-0.2070069978900071,0,0,0,,,50000,12,0
cred_001398,5,11,14,14,34608.0,30045.0,1.1518721917124313,4618.071428571428,3112.0,0.1555555555555555,-0.2574981187515677,0,0,0,,,15000,6,1
cred_002122,7,18,20,18,46513.0,174046.0,0.2672454408604622,11027.95,3544.5,0.2,0.4639121966529128,1,0,0,0.0,1.0,25000,9,0
cred_000986,6,11,13,11,9648.0,36507.0,0.2642780836551894,3550.3846153846152,3172.0,0.1222222222222222,-0.1358125074733947,1,0,0,0.0,1.0,10000,3,0
cred_000201,6,16,25,23,77726.0,82416.0,0.9430935740632886,6405.68,2640.0,0.2555555555555555,-0.3137068112702891,1,0,1,2.0,1.0,25000,9,0
cred_002606,6,11,20,17,34456.0,604443.0,0.0570045479888095,31944.95,4565.0,0.1888888888888888,-0.0695526402598391,0,0,0,,,50000,6,0
cred_001979,6,11,22,20,48800.0,75860.0,0.6432902715528606,5666.363636363636,3329.5,0.2222222222222222,-0.0009162625427402,1,0,0,0.0,1.0,10000,3,0
cred_000960,8,14,22,21,101191.0,41155.0,2.45877779127688,6470.272727272727,4046.5,0.2333333333333333,-0.0852201998452377,1,0,1,5.0,1.0,5000,6,0
cred_001673,6,14,25,21,239498.0,341116.0,0.70210133796128,23224.56,5724.0,0.2333333333333333,-0.6374084979807743,1,0,0,0.0,1.0,10000,3,0
cred_000599,6,13,21,17,45309.0,88575.0,0.511532599491956,6375.428571428572,4579.0,0.1888888888888888,-0.1023341061089735,1,0,0,0.0,1.0,10000,3,1
cred_000705,4,9,16,14,16152.0,69519.0,0.2323393604626073,5354.4375,3896.0,0.1555555555555555,0.2979867083659108,0,0,0,,,5000,6,0
cred_000308,6,14,17,15,28421.0,97116.0,0.2926500267721076,7384.529411764706,4637.0,0.1666666666666666,0.1806022493650985,0,0,0,,,10000,6,0
cred_000521,6,15,20,19,45160.0,69194.0,0.6526577448911756,5717.7,4482.0,0.2111111111111111,-0.042263106553844,1,0,1,15.0,1.0,5000,3,0
cred_001733,5,11,21,20,37301.0,96328.0,0.3872290507432937,6363.285714285715,4825.0,0.2222222222222222,-0.0360491286733972,0,0,0,,,5000,6,0
cred_001983,9,16,24,21,70285.0,51450.0,1.366083576287658,5072.291666666667,3164.0,0.2333333333333333,-0.0585091660101773,0,0,0,,,5000,6,0
cred_001747,7,9,13,12,33151.0,36319.0,0.9127729287700652,5343.846153846154,3588.0,0.1333333333333333,0.2765168241632076,1,0,0,0.0,1.0,25000,6,0
cred_000869,7,14,15,14,42430.0,54735.0,0.7751895496483054,6477.666666666667,6065.0,0.1555555555555555,-0.1584118495883201,0,0,0,,,5000,3,0
cred_002246,5,15,19,18,35385.0,423883.0,0.0834782239438713,24172.0,4648.0,0.2,-0.8534056070834981,0,0,0,,,100000,6,0
cred_001534,6,16,19,16,71676.0,22566.0,3.1762829034831164,4960.105263157895,2350.0,0.1777777777777777,0.2845858205903999,1,0,0,0.0,1.0,50000,6,0
cred_002176,8,16,23,22,80718.0,64583.0,1.2498335475279871,6317.434782608696,3919.0,0.2444444444444444,-0.2115689381933439,1,0,0,0.0,1.0,10000,6,0
cred_001417,11,18,23,22,49885.0,53904.0,0.9254415256752746,4512.565217391304,2520.0,0.2444444444444444,0.3942744913861196,0,0,0,,,25000,3,0
cred_000097,11,20,24,22,100509.0,69709.0,1.4418367786082142,7092.416666666667,4781.5,0.2444444444444444,0.3196947149739947,1,0,0,0.0,1.0,10000,6,0
cred_001576,4,9,17,14,51220.0,60270.0,0.8498423759747802,6558.235294117647,4162.0,0.1555555555555555,-0.094828932979222,0,0,0,,,5000,3,0
cred_000356,2,7,15,14,74937.0,66690.0,1.1236617183985604,9441.8,6364.0,0.1555555555555555,0.1084296740705787,0,0,0,,,15000,6,0
cred_001998,3,7,13,11,79401.0,30090.0,2.6387836490528414,8422.384615384615,6423.0,0.1222222222222222,0.1089417688621781,1,0,1,2.0,1.0,10000,6,0
cred_000826,8,15,26,22,54176.0,104691.0,0.5174847885682627,6110.269230769231,3458.0,0.2444444444444444,-0.1405072205461706,1,0,0,0.0,1.0,10000,9,0
cred_000714,5,9,11,10,25487.0,88397.0,0.288324264398113,10353.09090909091,6050.0,0.1111111111111111,-0.3393508927690638,2,1,1,57.0,0.5,5000,6,0
cred_000413,6,12,19,17,128697.0,58740.0,2.1909601634320737,9865.105263157897,5854.0,0.1888888888888888,-0.3586478653075846,0,0,0,,,25000,3,0
cred_001149,3,9,14,14,48056.0,33601.0,1.4301955298949436,5832.642857142857,3397.5,0.1555555555555555,0.0386869442973727,0,0,0,,,25000,3,1
cred_001714,7,11,13,12,33688.0,26599.0,1.2665137787134857,4637.461538461538,4070.0,0.1333333333333333,0.6012631871182677,0,0,0,,,25000,12,0
cred_000627,5,10,14,13,20852.0,48474.0,0.4301687502578702,4951.857142857143,2934.5,0.1444444444444444,0.004549921741346,0,0,0,,,5000,3,1
cred_001863,6,13,16,13,19006.0,325921.0,0.0583147449842139,21557.9375,4992.5,0.1444444444444444,-0.8215083182018943,1,0,0,0.0,1.0,15000,9,0
cred_001371,2,10,15,11,25820.0,168789.0,0.1529720538660694,12973.933333333332,2625.0,0.1222222222222222,-0.3373757621314625,1,0,0,0.0,1.0,50000,3,0
cred_001279,7,15,20,18,41630.0,94579.0,0.4401611351357066,6810.45,4480.0,0.2,-0.0355112605529887,2,0,0,0.0,1.0,10000,6,0
cred_001310,12,20,27,22,33568.0,186369.0,0.180115791789407,8145.814814814815,4017.0,0.2444444444444444,-0.5182684858737411,0,0,0,,,15000,3,0
cred_001577,4,9,17,14,51220.0,60270.0,0.8498423759747802,6558.235294117647,4162.0,0.1555555555555555,-0.094828932979222,1,0,0,0.0,1.0,25000,6,1
cred_002106,10,14,20,17,32799.0,450389.0,0.0728237146111472,24159.4,4925.5,0.1888888888888888,0.8951110282312698,0,0,0,,,10000,9,1
cred_000796,6,16,22,19,53053.0,746514.0,0.07106765579748,36343.954545454544,5213.0,0.2111111111111111,0.1940004968801907,1,0,0,0.0,1.0,5000,3,0
cred_002502,4,15,23,22,56229.0,163049.0,0.3448595207575636,9533.826086956522,5249.0,0.2444444444444444,-0.3272124075034814,0,0,0,,,100000,3,0
cred_002640,7,16,25,23,89084.0,97538.0,0.9133260882937932,7464.88,5892.0,0.2555555555555555,-0.4395653054944725,1,1,1,33.0,0.0,25000,3,0
cred_000288,8,16,20,17,19309.0,38746.0,0.4983482165900996,2902.75,1893.5,0.1888888888888888,-0.0019403409825886,1,0,1,1.0,1.0,100000,12,0
cred_000537,10,16,21,17,53582.0,291805.0,0.1836226246980003,16447.0,3390.0,0.1888888888888888,-0.7520767353719953,0,0,0,,,15000,6,1
cred_001065,4,13,20,18,48400.0,56083.0,0.8630066151953355,5224.15,3444.5,0.2,0.1541734564548252,0,0,0,,,5000,6,0
cred_000003,4,8,14,14,69647.0,12338.0,5.64491813908251,5856.071428571428,2841.5,0.1555555555555555,-0.7757610807123686,0,0,0,,,5000,6,0
cred_002132,9,15,19,19,107584.0,59964.0,1.7941431525582017,8818.315789473685,5283.0,0.2111111111111111,0.1836764289057195,0,0,0,,,10000,6,0
cred_001610,7,15,18,16,22529.0,60104.0,0.3748336217223479,4590.722222222223,4219.0,0.1777777777777777,0.0617883092940028,0,0,0,,,15000,9,0
cred_000469,8,11,16,15,70960.0,69755.0,1.0172747473299406,8794.6875,4356.0,0.1666666666666666,0.4133025874460949,0,0,0,,,10000,3,0
cred_000468,8,10,15,13,36181.0,143168.0,0.2527170876173447,11956.6,3998.0,0.1444444444444444,0.7577884007121569,2,0,0,0.0,1.0,100000,6,0
cred_002692,7,12,20,18,25054.0,586706.0,0.0427028187882857,30588.0,6469.0,0.2,0.8491111508685186,0,0,0,,,25000,3,0
cred_000808,7,15,22,19,83792.0,67147.0,1.247888960042891,6860.863636363636,4955.0,0.2111111111111111,-0.3260871375861006,0,0,0,,,5000,3,0
cred_002284,2,10,15,14,35056.0,56635.0,0.6189811953738854,6112.733333333334,5624.0,0.1555555555555555,-0.1342457532465367,0,0,0,,,10000,3,0
cred_001059,11,15,21,18,172767.0,36822.0,4.691950464396285,9980.42857142857,3348.0,0.2,-0.5845253958825009,0,0,0,,,10000,6,1
cred_000425,7,15,20,18,46743.0,90915.0,0.5141395809272398,6882.9,4851.0,0.2,-0.3933678716262103,1,0,0,0.0,1.0,10000,6,0
cred_001261,3,8,17,15,39006.0,87952.0,0.4434919046752774,7468.117647058823,6529.0,0.1666666666666666,0.2175401069518716,1,0,0,0.0,1.0,5000,6,0
cred_000871,7,16,21,19,69424.0,40352.0,1.7204599524187154,5227.428571428572,2758.0,0.2111111111111111,-0.2357916784146292,1,0,0,0.0,1.0,25000,9,0
cred_001965,5,9,11,10,48556.0,18477.0,2.627915787194891,6093.909090909091,3802.0,0.1111111111111111,-0.0708840282916587,1,0,1,1.0,1.0,5000,6,0
cred_002685,4,11,21,17,18512.0,214475.0,0.0863130901037416,11094.619047619048,3962.0,0.1888888888888888,-0.6666473569876901,0,0,0,,,25000,3,0
cred_000639,13,20,24,22,69234.0,259706.0,0.2665860627016703,13705.833333333334,3959.5,0.2444444444444444,0.8585543941872843,0,0,0,,,10000,6,0
cred_001669,5,12,20,17,37445.0,59396.0,0.6304296585628661,4842.05,3226.0,0.1888888888888888,-0.0239322700128505,0,0,0,,,5000,9,1
cred_001030,2,6,15,12,40856.0,51772.0,0.7891524376110639,6175.2,2555.0,0.1333333333333333,0.6752818117193053,0,0,0,,,5000,6,0
cred_001381,10,22,34,25,340306.0,174565.0,1.949451493712944,15143.264705882351,5392.5,0.2777777777777778,-0.453699843128402,2,1,1,15.5,0.5,100000,9,0
cred_002258,4,11,15,14,29937.0,54501.0,0.5492926735289261,5629.2,5540.0,0.1555555555555555,-0.0799514421377752,1,0,0,0.0,1.0,25000,6,0
cred_002269,6,8,14,12,277616.0,66250.0,4.190430188679246,24561.85714285714,5635.0,0.1333333333333333,0.8298187854137362,2,0,1,0.5,1.0,15000,6,1
cred_000303,4,14,25,19,46667.0,74736.0,0.6244246414044102,4856.12,4675.0,0.2111111111111111,-0.4645169781521453,2,1,1,43.0,0.5,5000,3,0
cred_000628,3,9,16,16,53506.0,35253.0,1.5177715371741411,5547.4375,3287.5,0.1777777777777777,-0.5798203178991016,0,0,0,,,25000,3,0
cred_001830,8,14,23,19,47840.0,47635.0,1.004303558307967,4151.086956521739,2980.0,0.2111111111111111,-0.0309634442205682,1,1,1,103.0,0.0,10000,9,0
cred_001482,4,11,16,15,20487.0,66085.0,0.3100098358175077,5410.75,3111.5,0.1666666666666666,-0.288035595761941,2,1,1,50.5,0.5,10000,6,0
cred_001392,7,11,15,15,24415.0,51975.0,0.4697450697450697,5092.666666666667,3799.0,0.1666666666666666,0.2605085214915576,0,0,0,,,25000,9,0
cred_001568,3,5,14,13,86366.0,64636.0,1.336190358314252,10785.857142857143,3899.0,0.1444444444444444,0.8524209868215397,0,0,0,,,5000,3,0
cred_000936,3,5,10,9,187168.0,23916.0,7.826057869208898,21108.4,2637.5,0.1,-0.2606585951853771,0,0,0,,,5000,6,1
cred_001223,9,15,22,17,13931.0,200732.0,0.0694009923679333,9757.40909090909,3725.0,0.1888888888888888,-0.5637464711774884,1,0,1,2.0,1.0,5000,3,0
cred_002329,5,9,17,15,60359.0,85596.0,0.7051614561428104,8585.588235294117,6282.0,0.1666666666666666,-0.1588785046728972,1,0,0,0.0,1.0,25000,6,0
cred_001867,3,10,18,18,30779.0,80884.0,0.3805326146085752,6203.5,3226.5,0.2,-0.509207095475486,1,0,0,0.0,1.0,50000,6,0
cred_001723,7,15,19,18,36778.0,26506.0,1.387534897758998,3330.736842105264,2864.0,0.2,0.004381099223436,1,0,1,15.0,1.0,50000,6,0
cred_001666,5,8,15,13,27264.0,51829.0,0.5260375465472997,5272.866666666667,3553.0,0.1444444444444444,0.1792280639273472,1,1,1,92.0,0.0,25000,6,0
cred_000809,11,17,25,21,84146.0,65513.0,1.284416833300261,5986.36,6297.0,0.2333333333333333,-0.2187975471437134,0,0,0,,,5000,6,0
cred_001897,4,14,21,19,47325.0,114981.0,0.4115897409137162,7728.857142857143,3833.0,0.2111111111111111,-0.7817546619776965,0,0,0,,,50000,9,1
cred_001715,7,8,13,12,33688.0,26599.0,1.2665137787134857,4637.461538461538,4070.0,0.1333333333333333,0.9548795729446904,1,0,0,0.0,1.0,10000,6,1
cred_000992,7,14,18,18,44041.0,63220.0,0.69663081303385,5958.944444444444,2834.5,0.2,0.1012704707351105,0,0,0,,,25000,6,0
cred_002624,4,12,18,16,21334.0,45104.0,0.4729957431713373,3691.0,3185.0,0.1777777777777777,-0.5622210553951168,1,0,0,0.0,1.0,50000,6,0
cred_000859,3,8,16,15,34555.0,14798.0,2.3351128530882552,3084.5625,2337.0,0.1666666666666666,-0.6322222222222222,0,0,0,,,15000,12,0
cred_001184,4,7,15,15,93337.0,19224.0,4.855233042030795,7504.066666666667,4579.0,0.1666666666666666,-0.6083813068170805,0,0,0,,,10000,9,0
cred_000417,3,7,19,18,57433.0,52863.0,1.0864498798781757,5805.052631578948,5648.0,0.2,-0.0505206808581824,0,0,0,,,15000,6,0
cred_000219,3,9,15,13,30956.0,29315.0,1.05597816817329,4018.0666666666666,4571.0,0.1444444444444444,-0.2062646828504307,0,0,0,,,15000,9,1
cred_001084,10,14,21,19,62698.0,35424.0,1.7699299909665764,4672.476190476191,3398.0,0.2111111111111111,0.0897165374348544,2,0,0,0.0,1.0,100000,3,0
cred_000953,3,9,17,16,46989.0,35056.0,1.3403982199908715,4826.176470588235,2103.0,0.1777777777777777,-0.3118601448841525,0,0,0,,,25000,12,0
cred_002427,4,14,18,17,44278.0,66879.0,0.6620613346491425,6175.388888888889,3857.5,0.1888888888888888,-0.3778848511336865,2,0,0,0.0,1.0,10000,6,0
cred_002585,5,17,24,23,31897.0,484871.0,0.0657845076319268,21532.0,5367.0,0.2555555555555555,-0.9033275052031448,1,0,0,0.0,1.0,10000,12,0
cred_002076,6,10,15,14,16810.0,52161.0,0.3222714288453059,4598.066666666667,2408.0,0.1555555555555555,0.0338685296400702,1,0,0,0.0,1.0,50000,6,1
cred_000973,4,7,17,14,38851.0,42860.0,0.9064629024731684,4806.529411764706,3610.0,0.1555555555555555,0.4763557259025224,2,0,0,0.0,1.0,15000,6,0
cred_001331,3,12,15,14,49417.0,35109.0,1.4075308325500584,5635.066666666667,3926.0,0.1555555555555555,-0.7788049574936815,0,0,0,,,25000,9,0
cred_000172,7,14,22,21,57496.0,100417.0,0.5725723732037404,7177.863636363636,4930.0,0.2333333333333333,-0.0043672162697311,0,0,0,,,10000,3,0
cred_000638,11,20,24,22,69234.0,259706.0,0.2665860627016703,13705.833333333334,3959.5,0.2444444444444444,0.79464024176782,1,0,0,0.0,1.0,10000,3,0
cred_002309,8,13,20,20,71177.0,74208.0,0.9591553471323846,7269.25,5208.5,0.2222222222222222,0.4614129100284546,0,0,0,,,5000,6,0
cred_002331,5,7,9,9,19946.0,18883.0,1.0562940210771594,4314.333333333333,5033.0,0.1,0.5592509579929145,0,0,0,,,100000,6,0
cred_001822,9,14,21,19,96110.0,85511.0,1.123948965630153,8648.619047619048,6248.0,0.2111111111111111,0.1258536394187903,1,0,0,0.0,1.0,10000,6,0
cred_002424,2,7,11,10,5812.0,34062.0,0.1706300275967353,3624.909090909091,2597.0,0.1111111111111111,-0.7512998266897747,1,0,0,0.0,1.0,10000,9,0
cred_001635,6,10,18,17,39224.0,72621.0,0.540119249252971,6213.611111111111,3838.5,0.1888888888888888,0.1839598016183764,1,0,0,0.0,1.0,5000,3,0
cred_000114,7,15,19,18,40478.0,163500.0,0.247571865443425,10735.684210526317,2588.0,0.2,0.7109609651289966,0,0,0,,,50000,3,0
cred_001699,6,11,21,18,90660.0,63254.0,1.4332690422740064,7329.238095238095,6376.0,0.2,0.1489466098316415,1,1,1,37.0,0.0,5000,9,0
cred_001603,5,13,20,20,38129.0,99976.0,0.3813815315675762,6905.25,3372.0,0.2222222222222222,-0.7829155680418187,0,0,0,,,100000,3,1
cred_000006,7,12,24,22,293903.0,115241.0,2.550333648614642,17047.666666666668,3161.0,0.2444444444444444,-0.3508466021199468,1,0,0,0.0,1.0,15000,3,0
cred_002395,7,19,22,20,34171.0,45513.0,0.7507964757322084,3622.0,2492.5,0.2222222222222222,-0.0658114374034003,0,0,0,,,10000,3,0
cred_001076,6,8,16,15,48056.0,34164.0,1.4066268586816533,5138.75,4864.0,0.1666666666666666,0.35605096788084,2,0,0,0.0,1.0,10000,6,1
cred_000265,2,7,14,13,141709.0,38217.0,3.7080095245571343,12851.857142857143,3644.0,0.1444444444444444,0.6927367076739036,1,1,1,71.0,0.0,5000,9,0
cred_001158,3,9,17,14,19151.0,102097.0,0.1875765203678854,7132.235294117647,7199.0,0.1555555555555555,-0.3548454469507101,0,0,0,,,10000,3,0
cred_000762,11,20,29,27,64959.0,117978.0,0.5506026547322382,6308.172413793103,4341.0,0.3,0.3800759960082904,0,0,0,,,10000,6,0
cred_001420,7,16,22,21,41928.0,390747.0,0.1073021673870816,19667.045454545456,4989.0,0.2333333333333333,0.7518744119885303,0,0,0,,,50000,12,0
cred_000620,9,12,19,18,133728.0,114935.0,1.163509809892548,13087.526315789471,3248.0,0.2,0.6493334030428191,2,0,0,0.0,1.0,100000,12,0
cred_001855,6,10,19,19,65459.0,119890.0,0.5459921594795228,9755.21052631579,5778.0,0.2111111111111111,0.522460119162022,0,0,0,,,5000,3,0
cred_002038,8,13,20,18,89433.0,54804.0,1.6318699365009852,7211.85,2341.0,0.2,-0.101910538424465,0,0,0,,,5000,6,0
cred_000554,2,6,8,8,23412.0,20639.0,1.134357284752168,5506.375,3785.0,0.0888888888888888,-0.535759800173319,1,0,1,1.0,1.0,10000,6,0
cred_002286,5,10,17,15,43201.0,83683.0,0.516245832486885,7463.764705882353,5775.0,0.1666666666666666,0.4228555593451569,1,0,1,1.0,1.0,25000,6,0
cred_000447,3,6,11,10,190341.0,21669.0,8.784023259033642,19273.636363636364,4238.0,0.1111111111111111,0.8624491658846034,2,0,1,2.5,1.0,25000,12,1
cred_000646,5,11,16,15,34048.0,99296.0,0.3428939735739607,8334.0,3980.0,0.1666666666666666,0.2697042939688054,0,0,0,,,5000,6,0
cred_001368,6,12,17,14,233426.0,52162.0,4.475020129596258,16799.29411764706,7150.0,0.1555555555555555,0.708795883045641,1,0,0,0.0,1.0,15000,6,0
cred_000541,5,10,16,12,18614.0,73010.0,0.2549513765237639,5726.5,4843.5,0.1333333333333333,0.4519056842374861,1,0,0,0.0,1.0,5000,6,0
cred_002250,7,14,19,18,53192.0,35699.0,1.4900137258746744,4678.473684210527,2886.0,0.2,-0.0939084142888628,0,0,0,,,50000,3,0
cred_000658,12,18,25,22,79325.0,94556.0,0.8389208511358348,6955.24,5083.0,0.2444444444444444,0.2833094147930476,1,1,1,89.0,0.0,15000,12,1
cred_002173,3,10,15,14,46723.0,219215.0,0.2131377871039846,17729.2,7673.0,0.1555555555555555,-0.8826512756668062,0,0,0,,,15000,3,0
cred_000316,1,6,13,12,54575.0,39473.0,1.3825906315709473,7234.461538461538,5806.0,0.1333333333333333,-0.71726335115287,0,0,0,,,5000,6,0
cred_002504,7,9,19,16,30352.0,97045.0,0.3127621206656705,6705.105263157895,2998.0,0.1777777777777777,0.8629440915753472,2,0,1,1.0,1.0,5000,12,0
cred_001162,2,10,16,12,21264.0,57197.0,0.3717677500568211,4903.8125,3463.0,0.1333333333333333,-0.8011276948590381,0,0,0,,,10000,3,0
cred_002496,9,15,24,23,45673.0,76288.0,0.5986917994966443,5081.708333333333,4238.0,0.2555555555555555,-0.1070493516071538,1,0,0,0.0,1.0,5000,3,0
cred_001180,3,6,15,15,26396.0,59810.0,0.4413308811235579,5747.066666666667,4216.0,0.1666666666666666,-0.0549232772776173,2,0,1,7.5,1.0,5000,12,1
cred_001574,7,12,15,13,30407.0,225290.0,0.1349682631275245,17046.466666666667,3734.0,0.1444444444444444,0.8506962491112376,1,0,0,0.0,1.0,10000,3,0
cred_000806,0,10,12,10,54434.0,42407.0,1.283608838163511,8070.083333333333,5057.5,0.1111111111111111,-1.0,2,1,1,40.5,0.5,15000,6,0
cred_001115,6,11,18,16,57171.0,71164.0,0.8033696812995335,7129.722222222223,5240.5,0.1777777777777777,-0.0485764216451957,0,0,0,,,25000,6,0
cred_001197,5,11,14,13,708742.0,102465.0,6.916917971990436,57943.357142857145,7698.5,0.1444444444444444,-0.3907013963603505,0,0,0,,,15000,3,0
cred_001033,8,16,22,19,28090.0,65586.0,0.4282926234257311,4258.0,3145.0,0.2111111111111111,0.1394534763057765,1,0,0,0.0,1.0,15000,6,1
cred_001213,6,9,10,9,18228.0,22823.0,0.798668010340446,4105.1,3768.5,0.1,0.3961980856369145,1,1,1,107.0,0.0,15000,6,1
cred_002527,14,20,27,22,56826.0,185941.0,0.3056130708127847,8991.37037037037,4154.0,0.2444444444444444,0.6471736711768294,1,0,0,0.0,1.0,50000,6,0
cred_002085,4,6,16,15,48413.0,746793.0,0.0648278706415298,49700.375,4040.0,0.1666666666666666,0.9720929661882576,0,0,0,,,10000,3,1
cred_002197,7,12,15,14,642043.0,51565.0,12.451139338698727,46240.53333333333,5989.0,0.1555555555555555,0.8877177062904311,0,0,0,,,25000,6,0
cred_001919,5,9,13,13,56109.0,29839.0,1.8803914340292904,6611.384615384615,2896.0,0.1444444444444444,0.2576264831132656,0,0,0,,,10000,3,0
cred_001408,7,18,24,21,80234.0,64501.0,1.2439186989349005,6030.625,4586.5,0.2333333333333333,-0.2236466808778935,0,0,0,,,15000,6,0
cred_002677,5,14,17,16,14308.0,173069.0,0.0826722289953717,11022.176470588236,3824.0,0.1777777777777777,-0.6316439766617092,0,0,0,,,5000,3,0
cred_002648,11,15,22,19,31837.0,70954.0,0.4486991572004397,4672.318181818182,3734.5,0.2111111111111111,0.1272284229837411,2,0,0,0.0,1.0,15000,12,0
cred_000794,8,14,24,19,128443.0,70643.0,1.8181985476267997,8295.25,5257.5,0.2111111111111111,0.6265963971128379,0,0,0,,,5000,3,0
cred_000389,11,17,18,16,27101.0,61608.0,0.4398941695883651,4928.277777777777,4370.0,0.1777777777777777,0.57351495239694,2,0,0,0.0,1.0,5000,3,0
cred_002221,4,4,14,12,26318.0,212852.0,0.1236445981245184,17083.571428571428,5478.5,0.1333333333333333,1.0,2,1,1,33.0,0.5,5000,3,0
cred_002487,3,13,19,15,100150.0,31350.0,3.194577352472089,6921.052631578948,4885.0,0.1666666666666666,-0.717353579175705,0,0,0,,,10000,9,0
cred_001330,3,11,15,14,51152.0,31514.0,1.623151615155169,5511.066666666667,3926.0,0.1555555555555555,-0.7256106219823913,1,0,1,2.0,1.0,25000,3,0
cred_000004,3,8,13,13,64392.0,12338.0,5.218998216890906,5902.307692307692,2833.0,0.1444444444444444,-0.8602844136008423,1,0,0,0.0,1.0,10000,12,0
cred_000728,3,12,16,15,22451.0,160515.0,0.1398685481107684,11435.375,5806.0,0.1666666666666666,0.2261967995799525,0,0,0,,,10000,6,0
cred_002110,3,8,12,11,16121.0,57165.0,0.282008221814047,6107.166666666667,2810.0,0.1222222222222222,-0.5026224328593997,0,0,0,,,10000,9,0
cred_001101,9,13,20,18,39531.0,41669.0,0.9486908733110946,4060.0,2950.0,0.2,0.6386516853932585,1,0,1,5.0,1.0,15000,9,0
cred_001842,5,10,16,15,27302.0,335635.0,0.0813443174877471,22683.5625,5533.0,0.1666666666666666,-0.2270734187005308,1,0,0,0.0,1.0,5000,6,0
cred_000512,5,11,15,15,19308.0,48484.0,0.3982344691032093,4519.466666666666,3336.0,0.1666666666666666,-0.6600652961647473,1,0,1,10.0,1.0,5000,6,0
cred_001028,10,15,22,19,14733.0,158403.0,0.0930096020908694,7869.818181818182,3545.0,0.2111111111111111,0.761329264701946,0,0,0,,,25000,3,0
cred_001990,14,18,22,20,29691.0,97336.0,0.3050361633927838,5773.954545454545,3974.5,0.2222222222222222,0.5247120362574565,2,0,1,2.5,1.0,100000,3,0
cred_000176,13,18,22,19,41124.0,32765.0,1.255119792461468,3358.590909090909,2613.5,0.2111111111111111,0.6564714544283217,0,0,0,,,10000,3,0
cred_000087,3,6,18,14,51840.0,171639.0,0.3020292590844738,12415.5,4754.0,0.1555555555555555,-0.0711380426662239,0,0,0,,,15000,6,0
cred_001934,8,15,18,15,83663.0,33352.0,2.508485248260974,6500.833333333333,5442.5,0.1666666666666666,0.5222501668120926,0,0,0,,,10000,3,0
cred_001363,5,11,15,14,36276.0,112755.0,0.3217240920580018,9935.4,3487.0,0.1555555555555555,0.3923366156710078,0,0,0,,,5000,6,0
cred_002450,12,17,24,23,34020.0,103973.0,0.3272003308551258,5749.708333333333,3295.0,0.2555555555555555,0.1444327731092436,1,0,0,0.0,1.0,15000,6,0
cred_000326,4,11,15,15,25744.0,69722.0,0.3692378302400964,6364.4,4891.0,0.1666666666666666,-0.00406340374126,0,0,0,,,15000,6,0
cred_002656,10,15,24,22,79505.0,121738.0,0.6530828500550362,8385.125,4430.0,0.2444444444444444,0.3629499973875333,2,0,1,7.5,1.0,15000,6,0
cred_001155,13,14,22,18,60299.0,57775.0,1.0436867157074858,5367.0,4011.5,0.2,0.883057765479073,0,0,0,,,5000,6,0
cred_001250,8,14,21,16,231860.0,46167.0,5.022202005761692,13239.380952380952,4151.0,0.1777777777777777,0.653500289551032,0,0,0,,,15000,12,0
cred_000247,7,13,22,20,113076.0,25193.0,4.488389632040646,6284.954545454545,3890.0,0.2222222222222222,0.5595945721931466,1,0,0,0.0,1.0,10000,9,1
cred_001768,10,15,20,17,54546.0,91760.0,0.5944420226678291,7315.3,2984.5,0.1888888888888888,0.0536043322315212,0,0,0,,,15000,12,0
cred_001263,5,9,18,16,44158.0,90678.0,0.4869758927192924,7490.888888888889,6871.5,0.1777777777777777,0.5045768235406882,2,0,0,0.0,1.0,10000,6,0
cred_002601,5,9,14,13,86921.0,17262.0,5.035395666782528,7441.642857142857,3285.0,0.1444444444444444,0.2577774010341612,1,0,0,0.0,1.0,25000,6,0
cred_000228,7,14,20,19,30313.0,166666.0,0.18187872751491,9848.95,5034.5,0.2111111111111111,0.545572415589644,0,0,0,,,100000,3,0
cred_001786,15,25,29,22,63571.0,117080.0,0.5429706183805945,6229.344827586207,4043.0,0.2444444444444444,0.1575949983987078,1,0,0,0.0,1.0,10000,3,0
cred_001459,4,14,22,19,73271.0,68026.0,1.0771028724311291,6422.590909090909,3839.0,0.2111111111111111,-0.5288346459019785,1,0,0,0.0,1.0,10000,3,0
cred_001626,8,10,18,15,43726.0,305722.0,0.1430253629114031,19413.777777777777,6379.5,0.1666666666666666,0.8301780509906689,2,0,1,0.5,1.0,10000,9,0
cred_002238,4,12,17,15,38884.0,160673.0,0.2420070578130737,11738.64705882353,3723.0,0.1666666666666666,-0.7221532951208969,1,1,1,113.0,0.0,5000,6,1
cred_001513,7,13,20,18,36402.0,123246.0,0.2953604985151647,7982.4,6531.5,0.2,-0.2334370831480658,2,0,0,0.0,1.0,10000,9,0
cred_001651,4,5,14,13,684982.0,46775.0,14.644190272581508,52268.357142857145,5009.0,0.1444444444444444,0.987979449111496,0,0,0,,,5000,3,0
cred_002242,4,14,25,21,56671.0,39969.0,1.4178738522354826,3865.6,2535.0,0.2333333333333333,-0.149436550710436,0,0,0,,,10000,6,1
cred_002543,5,12,14,11,20398.0,259063.0,0.0787376043665054,19961.5,2861.5,0.1222222222222222,0.7742223185108956,0,0,0,,,25000,3,1
cred_002456,7,14,16,15,28156.0,82356.0,0.3418815872553305,6907.0,2798.0,0.1666666666666666,0.2396632645459286,1,1,1,63.0,0.0,5000,9,0
cred_000296,7,17,26,21,83010.0,44626.0,1.8601263837224933,4909.076923076923,3438.0,0.2333333333333333,-0.0581666890350288,0,0,0,,,10000,9,0
cred_000300,10,23,32,26,30696.0,120243.0,0.2552830518200644,4716.84375,2174.0,0.2888888888888888,0.0996024883778381,0,0,0,,,5000,12,0
cred_000067,5,13,21,19,56353.0,97318.0,0.5790603999260158,7317.666666666667,5892.0,0.2111111111111111,-0.0666169168508366,0,0,0,,,15000,3,0
cred_000592,6,8,11,11,40533.0,23824.0,1.7013515782404298,5850.636363636364,4924.0,0.1222222222222222,0.5303715790254394,0,0,0,,,15000,9,1
cred_001034,10,21,28,23,68444.0,153493.0,0.4459095854534083,7926.321428571428,4957.0,0.2555555555555555,0.274724256723504,1,0,0,0.0,1.0,25000,9,1
cred_001470,8,13,17,16,95350.0,50923.0,1.8724348526206236,8604.29411764706,2493.0,0.1777777777777777,0.7018824841356238,2,0,1,0.5,1.0,10000,9,0
cred_002577,10,13,22,22,28127.0,86381.0,0.3256155867609775,5204.909090909091,3864.5,0.2444444444444444,0.6257356083768945,0,0,0,,,15000,6,0
cred_000291,5,10,14,13,64730.0,43188.0,1.4987959618412523,7708.428571428572,4419.0,0.1444444444444444,-0.3406380921688688,0,0,0,,,10000,3,0
cred_000499,8,13,17,16,168818.0,18495.0,9.127764260610975,11018.411764705885,3237.0,0.1777777777777777,-0.7304936773284266,0,0,0,,,5000,9,0
cred_002103,6,12,20,19,260633.0,48448.0,5.379644154557464,15454.05,3541.0,0.2111111111111111,0.1700898997695919,1,0,0,0.0,1.0,15000,6,0
cred_002589,8,15,21,18,20123.0,90188.0,0.2231228101299507,5252.9047619047615,5097.0,0.2,-0.0242883193192179,0,0,0,,,15000,3,0
cred_002292,5,10,17,15,245717.0,68878.0,3.5674235604982725,18505.58823529412,3463.0,0.1666666666666666,-0.1941671435535491,0,0,0,,,15000,6,0
cred_000904,5,11,14,13,36948.0,55973.0,0.660103978704018,6637.214285714285,4930.0,0.1444444444444444,0.2041645768838311,1,0,1,5.0,1.0,25000,6,0
cred_002279,6,12,17,14,64690.0,42564.0,1.519828963443285,6309.058823529412,3132.0,0.1555555555555555,0.4678170836928386,1,0,0,0.0,1.0,15000,9,0
cred_000338,8,13,20,19,61009.0,75642.0,0.8065492715687053,6832.55,4835.5,0.2111111111111111,0.5242970500177963,0,0,0,,,15000,6,1
cred_001920,6,9,17,17,39123.0,98402.0,0.3975833824515762,8089.705882352941,5995.0,0.1888888888888888,-0.0980476988805364,0,0,0,,,5000,12,0
cred_000365,3,8,12,12,12480.0,432916.0,0.0288277633536298,37116.333333333336,2938.5,0.1333333333333333,0.9069277635932934,2,0,0,0.0,1.0,5000,6,0
cred_002665,1,4,8,8,31428.0,19697.0,1.5955729298878,6390.625,1742.0,0.0888888888888888,-0.9254233486598632,2,0,0,0.0,1.0,10000,3,0
cred_001269,6,8,18,14,37981.0,61182.0,0.6207871596221111,5509.055555555556,3963.5,0.1555555555555555,0.7289413078372531,0,0,0,,,10000,6,0
cred_002330,5,8,11,11,19946.0,30363.0,0.6569179593584297,4573.545454545455,5033.0,0.1222222222222222,0.0956695291367945,1,0,1,1.0,1.0,15000,3,1
cred_002058,5,8,15,14,10774.0,124483.0,0.0865499706787272,9017.133333333331,3069.0,0.1555555555555555,-0.5688761563190238,0,0,0,,,25000,3,0
cred_001349,4,8,13,13,19620.0,104867.0,0.187094128753564,9575.923076923076,3469.0,0.1444444444444444,-0.0204636925344368,1,0,0,0.0,1.0,10000,9,0
cred_002180,7,12,21,20,102458.0,296779.0,0.3452333217646801,19011.285714285717,7223.0,0.2222222222222222,-0.0553950408131834,2,0,0,0.0,1.0,10000,6,0
cred_002100,5,11,17,16,323998.0,196405.0,1.6496423207148494,30611.941176470587,3755.0,0.1777777777777777,0.4940758778750921,1,0,1,5.0,1.0,5000,3,0
cred_002118,7,14,19,18,163880.0,120457.0,1.360485484446732,14965.105263157897,5033.0,0.2,0.6835157115188534,1,0,1,15.0,1.0,100000,3,0
cred_002536,7,13,18,16,110061.0,20793.0,5.293175587938248,7269.666666666667,3655.0,0.1777777777777777,0.5035448934831767,0,0,0,,,5000,9,0
cred_002323,8,11,16,15,9710.0,53631.0,0.1810520035054353,3958.8125,3129.0,0.1666666666666666,0.1560685319383788,0,0,0,,,100000,6,0
cred_000703,2,9,16,13,20947.0,53567.0,0.391042992887412,4657.125,3764.0,0.1444444444444444,-0.6069498069498069,0,0,0,,,10000,6,0
cred_000397,3,11,16,13,72614.0,43627.0,1.6644279918399156,7265.0625,5590.0,0.1444444444444444,-0.4558736717827626,0,0,0,,,15000,3,0
cred_000016,10,14,26,23,53831.0,111018.0,0.4848853339098164,6340.346153846154,4516.5,0.2555555555555555,0.6698639014906027,0,0,0,,,15000,3,0
cred_000378,6,11,19,17,88654.0,136556.0,0.6492135094759659,11853.157894736842,4693.0,0.1888888888888888,0.5280293880837359,2,1,1,50.0,0.5,5000,3,0
cred_001792,5,9,13,12,8915.0,115277.0,0.0773354615404634,9553.23076923077,8320.0,0.1333333333333333,-0.4804538955310152,1,0,0,0.0,1.0,10000,6,0
cred_002350,6,9,15,14,39517.0,24557.0,1.609194934234638,4271.6,3104.0,0.1555555555555555,0.0607482115632696,0,0,0,,,5000,6,0
cred_001431,6,14,21,17,78517.0,71044.0,1.105188333990203,7121.952380952381,6535.0,0.1888888888888888,-0.4253529993704469,1,0,1,5.0,1.0,5000,6,0
cred_000486,4,13,16,16,21952.0,34230.0,0.6413087934560328,3511.375,3347.5,0.1777777777777777,-0.1425994259942599,0,0,0,,,5000,6,0
cred_000492,5,9,17,16,65017.0,188314.0,0.345258451310046,14901.823529411764,6929.0,0.1777777777777777,0.3873635201154136,0,0,0,,,5000,9,0
cred_000241,5,8,13,12,21292.0,102044.0,0.2086550899611932,9487.384615384615,4714.0,0.1333333333333333,0.5950578488787316,0,0,0,,,5000,3,0
cred_002668,7,10,13,12,50504.0,56886.0,0.8878107091375734,8260.76923076923,3387.0,0.1333333333333333,0.7699121200176223,0,0,0,,,25000,3,0
cred_002513,7,14,19,17,77427.0,37889.0,2.0435218665047903,6069.263157894737,3896.0,0.1888888888888888,0.0773897731829355,0,0,0,,,10000,12,0
cred_000572,13,22,28,23,85293.0,108459.0,0.7864077669902912,6919.714285714285,5536.0,0.2555555555555555,0.4426337310791745,1,0,0,0.0,1.0,15000,6,0
cred_001718,3,10,18,17,53831.0,87216.0,0.6172147312419739,7835.944444444444,3958.0,0.1888888888888888,-0.3833460897753365,0,0,0,,,50000,3,1
cred_001870,1,7,10,9,10006.0,140566.0,0.0711836432707767,15057.2,8009.0,0.1,-0.8917046854707117,0,0,0,,,10000,6,0
cred_001996,1,7,11,9,68778.0,14662.0,4.690901650525167,7585.454545454545,4886.0,0.1,-0.8427103839600324,2,0,1,1.0,1.0,5000,6,0
cred_001971,4,10,13,12,21817.0,38427.0,0.5677518411533558,4634.153846153846,2474.0,0.1333333333333333,0.184458309699376,2,1,1,27.5,0.5,10000,3,0
cred_001409,8,16,24,21,85465.0,54775.0,1.560292104062072,5843.333333333333,4586.5,0.2333333333333333,-0.1007466879130532,1,0,1,2.0,1.0,5000,6,0
cred_001319,7,15,19,18,66760.0,63016.0,1.059413482290212,6830.315789473684,3241.0,0.2,-0.5345941192524234,0,0,0,,,100000,9,0
cred_002129,6,13,20,19,48075.0,58705.0,0.8189251341453028,5339.0,3701.5,0.2111111111111111,0.0422202887437141,0,0,0,,,25000,6,0
cred_001918,5,9,16,16,23180.0,89117.0,0.2601074991303567,7018.5625,5420.0,0.1777777777777777,0.0721912196380761,1,0,0,0.0,1.0,5000,6,1
cred_001931,6,11,19,17,73308.0,58661.0,1.2496888904041867,6945.736842105263,2729.0,0.1888888888888888,0.3603657152738001,0,0,0,,,100000,3,0
cred_000708,5,14,21,20,61961.0,50306.0,1.2316821055142528,5346.047619047619,4009.0,0.2222222222222222,-0.3464885650678,1,0,0,0.0,1.0,10000,6,0
cred_000864,1,4,11,11,100130.0,42379.0,2.362726822246868,12955.363636363636,6188.0,0.1222222222222222,-0.7080398525601256,0,0,0,,,10000,3,0
cred_002006,10,15,18,15,38157.0,110097.0,0.3465762009864029,8236.333333333334,5318.0,0.1666666666666666,-0.3918710832587287,1,0,0,0.0,1.0,10000,3,0
cred_000615,10,21,23,21,106551.0,76749.0,1.3883047336121643,7969.565217391304,5150.0,0.2333333333333333,0.3175861475132075,1,0,0,0.0,1.0,15000,3,0
cred_001936,11,18,22,19,75021.0,162569.0,0.4614717443054949,10799.545454545454,5744.5,0.2111111111111111,0.2407732314054765,0,0,0,,,15000,6,0
cred_001613,2,8,14,12,129288.0,54263.0,2.3826179901590403,13110.785714285714,7178.5,0.1333333333333333,-0.5221275835368396,0,0,0,,,10000,6,0
cred_001055,3,7,11,10,31879.0,157566.0,0.2023215668354848,17222.272727272728,3187.0,0.1111111111111111,0.7020337501866714,0,0,0,,,10000,9,0
cred_002316,7,12,15,14,41776.0,57421.0,0.7275387053517006,6613.133333333333,4603.0,0.1555555555555555,0.172787128483331,2,0,0,0.0,1.0,10000,3,0
cred_000254,5,13,15,15,35390.0,47493.0,0.7451624449918935,5525.533333333334,4098.0,0.1666666666666666,-0.2603405563046819,0,0,0,,,15000,3,0
cred_002607,9,15,21,15,182418.0,15544.0,11.735589294904786,9426.761904761905,4926.0,0.1666666666666666,0.678069859560677,1,1,1,71.0,0.0,5000,12,1
cred_001734,9,15,24,20,66926.0,163473.0,0.409400940828149,9599.958333333334,5891.5,0.2222222222222222,0.3997336209933075,1,0,0,0.0,1.0,25000,6,0
cred_002116,7,10,15,14,168375.0,12374.0,13.60716017455956,12049.933333333332,2781.0,0.1555555555555555,0.3222040918790009,1,0,1,2.0,1.0,10000,3,1
cred_002337,6,13,15,14,34869.0,33891.0,1.0288572187306364,4584.0,4592.0,0.1555555555555555,-0.2348769995967199,1,0,0,0.0,1.0,10000,6,1
cred_001393,9,13,17,16,126247.0,53420.0,2.3632909022837887,10568.64705882353,3897.0,0.1777777777777777,0.7815455236890106,1,0,0,0.0,1.0,10000,6,1
cred_002109,8,17,21,20,160755.0,48185.0,3.336204212929335,9949.52380952381,6543.0,0.2222222222222222,0.2933975412393651,0,0,0,,,10000,6,0
cred_002300,9,14,24,19,90831.0,147434.0,0.6160790591044129,9927.708333333334,5839.5,0.2111111111111111,0.71246844102981,0,0,0,,,5000,3,0
cred_001963,4,8,17,16,140429.0,63010.0,2.2286779876210123,11967.0,5259.0,0.1777777777777777,0.3655039632959875,1,1,1,50.0,0.0,25000,3,0
cred_001697,7,10,21,17,92959.0,40478.0,2.296531449182272,6354.142857142857,6007.0,0.1888888888888888,0.7317312001062187,2,1,1,18.5,0.5,15000,6,0
cred_001100,7,11,20,18,39531.0,43207.0,0.9149211933251556,4136.9,2950.0,0.2,0.6788519537334703,2,0,1,2.5,1.0,25000,9,0
cred_002391,9,10,17,15,63427.0,46998.0,1.3495680667262435,6495.588235294118,5622.0,0.1666666666666666,0.8256609319941962,2,0,1,0.5,1.0,15000,12,0
cred_001067,6,9,12,8,10540.0,55531.0,0.1898038933208478,5505.916666666667,4166.0,0.0888888888888888,0.54060871722769,0,0,0,,,10000,9,0
cred_002452,3,16,26,23,56238.0,91631.0,0.6137442568563041,5687.269230769231,4265.0,0.2555555555555555,-0.3580628912714974,1,0,0,0.0,1.0,25000,6,0
cred_000503,2,8,13,12,37511.0,32643.0,1.1491284502037191,5396.461538461538,2960.0,0.1333333333333333,-0.2402749696724626,0,0,0,,,10000,3,0
cred_001823,8,15,21,19,92105.0,136388.0,0.6753160102061765,10880.619047619048,7540.0,0.2111111111111111,0.3374576425223634,2,0,0,0.0,1.0,10000,9,0
cred_002291,6,12,19,16,273472.0,84496.0,3.236508237076311,18840.42105263158,3567.0,0.1777777777777777,0.2182438002718299,1,0,0,0.0,1.0,15000,9,0
cred_001157,6,13,18,16,31715.0,126596.0,0.250521343486366,8795.055555555555,5913.5,0.1777777777777777,0.3607462076957418,1,0,0,0.0,1.0,50000,6,0
cred_001814,9,13,15,14,74458.0,10255.0,7.260653339834227,5647.533333333334,3567.0,0.1555555555555555,0.2636967066632627,1,0,0,0.0,1.0,15000,9,1
cred_002652,2,5,11,11,33920.0,32974.0,1.0286892703342028,6081.272727272727,5877.0,0.1222222222222222,0.3812259708842714,0,0,0,,,10000,6,0
cred_002072,5,13,17,17,82069.0,35676.0,2.300398026684606,6926.176470588235,5596.0,0.1888888888888888,0.3102190674336066,0,0,0,,,10000,9,0
cred_001932,4,10,18,16,42604.0,71576.0,0.5952274505420811,6343.333333333333,4941.0,0.1777777777777777,-0.1896633927720034,0,0,0,,,15000,3,1
cred_001038,1,7,18,14,78128.0,57768.0,1.352444259797812,7549.777777777777,6767.5,0.1555555555555555,-0.441947906243367,0,0,0,,,10000,3,0
cred_001016,2,9,15,15,29602.0,33922.0,0.872649018336183,4234.933333333333,2077.0,0.1666666666666666,-0.2244027640671273,0,0,0,,,25000,6,0
cred_001039,1,7,17,13,77397.0,57768.0,1.3397901952638138,7950.882352941177,6883.0,0.1444444444444444,-0.441947906243367,1,0,0,0.0,1.0,10000,9,0
cred_002255,10,15,20,17,55220.0,75418.0,0.7321859503036411,6531.9,5158.0,0.1888888888888888,0.234703719012644,0,0,0,,,5000,6,0
cred_001617,5,11,17,15,16885.0,70297.0,0.2401951719134529,5128.35294117647,4279.0,0.1666666666666666,-0.1106387957257624,2,1,2,45.5,0.5,15000,6,0
cred_000190,7,17,22,19,40713.0,47452.0,0.8579828036752929,4007.5,3401.0,0.2111111111111111,-0.2294843963884241,0,0,0,,,25000,12,0
cred_001908,7,14,20,18,67793.0,118133.0,0.5738701294303877,9296.3,5533.0,0.2,0.62518611091825,0,0,0,,,5000,3,0
cred_000218,8,14,21,20,58524.0,111115.0,0.5266975655852045,8078.047619047619,4180.0,0.2222222222222222,0.298984723408293,0,0,0,,,50000,3,0
cred_000191,7,17,22,19,40713.0,47452.0,0.8579828036752929,4007.5,3401.0,0.2111111111111111,-0.2294843963884241,0,0,0,,,50000,3,0
cred_002653,3,6,12,12,38857.0,32974.0,1.1784132953235882,5985.916666666667,5407.0,0.1333333333333333,0.4899950153101189,1,0,0,0.0,1.0,15000,3,0
cred_002264,5,10,19,19,62789.0,79755.0,0.7872735251708357,7502.315789473684,6610.0,0.2111111111111111,0.0052524530073087,1,0,0,0.0,1.0,5000,6,0
cred_000993,9,18,21,18,71117.0,87386.0,0.8138260133202114,7547.761904761905,3295.0,0.2,-0.3999692387938932,0,0,0,,,5000,12,0
cred_002236,3,9,11,11,21446.0,50850.0,0.4217502458210422,6572.363636363636,4640.0,0.1222222222222222,-0.697911138984032,0,0,0,,,5000,12,0
cred_000968,7,11,18,16,62556.0,55807.0,1.1209346497751178,6575.722222222223,5444.5,0.1777777777777777,-0.1406628676229776,0,0,0,,,5000,9,0
cred_000372,10,12,19,16,165793.0,410511.0,0.4038698110403863,30331.78947368421,3772.0,0.1777777777777777,-0.6444520693939725,0,0,0,,,25000,6,0
cred_001946,4,9,13,12,72516.0,290482.0,0.2496402530965774,27922.92307692308,5903.0,0.1333333333333333,0.1339875241673658,1,0,0,0.0,1.0,10000,3,0
cred_001605,3,13,26,22,29679.0,705472.0,0.0420697065227252,28275.03846153846,3153.0,0.2444444444444444,-0.3765013054830287,1,0,0,0.0,1.0,15000,6,0
cred_000336,7,12,19,18,58786.0,75642.0,0.7771608365722746,7075.1578947368425,5780.0,0.2,0.4122153008639146,1,1,1,58.0,0.0,10000,6,1
cred_002615,6,12,15,15,92120.0,26482.0,3.478589230420663,7906.8,6799.0,0.1666666666666666,-0.1577835983025725,0,0,0,,,15000,12,0
cred_000351,4,8,11,11,18893.0,26002.0,0.7265979540035382,4081.363636363637,4949.0,0.1222222222222222,-0.0321923146094358,0,0,0,,,10000,6,0
cred_001058,10,22,31,29,669416.0,92243.0,7.257092679119283,24569.64516129032,3436.0,0.3222222222222222,0.7856602697523194,0,0,0,,,10000,3,0
cred_001357,5,12,18,16,43816.0,339922.0,0.128900159448344,21318.777777777777,4299.5,0.1777777777777777,-0.5729760155960406,1,0,0,0.0,1.0,50000,3,0
cred_002152,6,12,23,20,92773.0,31265.0,2.9673116903886134,5392.95652173913,3703.0,0.2222222222222222,-0.3931965165417571,2,0,1,0.5,1.0,5000,3,0
cred_001992,8,16,20,17,215300.0,72297.0,2.977993554366018,14379.85,5726.5,0.1888888888888888,0.59293260418172,0,0,0,,,100000,3,0
cred_001935,8,14,20,17,95321.0,36351.0,2.6222387279579653,6583.6,5442.5,0.1888888888888888,0.4397822549178222,1,0,0,0.0,1.0,5000,3,0
cred_002114,9,12,20,20,60751.0,46207.0,1.314757504274244,5347.9,3380.5,0.2222222222222222,0.2091610953009899,0,0,0,,,10000,3,0
cred_002553,8,15,20,18,14988.0,197430.0,0.0759155143595198,10620.9,4782.0,0.2,0.0391982427237781,0,0,0,,,100000,6,0
cred_002219,6,12,19,17,39093.0,339189.0,0.1152543272334892,19909.57894736842,3141.0,0.1888888888888888,-0.0398797567039851,0,0,0,,,5000,6,0
cred_000118,14,20,23,19,58255.0,56920.0,1.023453970484891,5007.608695652174,3278.0,0.2111111111111111,0.5743935842769604,0,0,0,,,10000,3,0
cred_001472,5,12,19,18,41535.0,57939.0,0.7168746440221613,5235.473684210527,4149.0,0.2,-0.3200675604349203,0,0,0,,,50000,9,0
cred_001941,9,13,18,16,410927.0,33541.0,12.251483259294597,24692.666666666668,4790.5,0.1777777777777777,0.936093499206876,0,0,0,,,10000,3,0
cred_001717,3,8,16,16,50312.0,61716.0,0.8152180957936354,7001.75,3958.0,0.1777777777777777,-0.0488541666666666,1,1,1,104.0,0.0,25000,3,1
cred_001455,8,13,21,21,31911.0,140143.0,0.2277031318010889,8193.047619047618,6211.0,0.2333333333333333,0.3434725622573386,0,0,0,,,15000,6,0
cred_001766,6,11,20,19,40176.0,41302.0,0.9727373977047116,4073.9,3358.0,0.2111111111111111,-0.2139972337482711,1,0,0,0.0,1.0,10000,6,0
cred_000529,3,9,12,12,26062.0,78865.0,0.3304634501997083,8743.916666666666,4378.5,0.1333333333333333,-0.3087171895462051,0,0,0,,,50000,6,1
cred_000028,4,7,12,10,10952.0,277633.0,0.0394477601726019,24048.75,4719.0,0.1111111111111111,0.5740610265026286,0,0,0,,,10000,3,0
cred_000105,7,17,20,18,63628.0,37037.0,1.717957717957718,5033.25,2807.5,0.2,0.0156626506024096,0,0,0,,,15000,9,0
cred_000536,9,19,22,18,50869.0,294470.0,0.1727476483173158,15697.227272727272,2943.0,0.2,-0.796309835308604,1,1,1,119.0,0.0,5000,9,0
cred_000193,6,12,17,16,26043.0,258143.0,0.1008859430625661,16716.823529411766,4482.0,0.1777777777777777,0.6952167437242064,0,0,0,,,100000,12,0
cred_002671,8,11,22,21,68902.0,109670.0,0.628266618035926,8116.909090909091,3965.0,0.2333333333333333,-0.157560900348002,2,1,1,41.0,0.5,25000,6,0
cred_001192,11,16,21,16,188727.0,167393.0,1.1274485790923157,16958.095238095237,9220.0,0.1777777777777777,0.2863550242282993,1,0,0,0.0,1.0,25000,9,1
cred_000539,8,14,20,16,24695.0,85528.0,0.2887358525862875,5511.15,4547.0,0.1777777777777777,-0.1547947050683908,2,0,1,0.5,1.0,100000,6,0
cred_001041,7,17,22,20,121701.0,86514.0,1.4067202996046884,9464.318181818182,4638.5,0.2222222222222222,-0.5137822492866179,0,0,0,,,10000,6,0
cred_001519,4,10,17,16,150829.0,90980.0,1.657825895801275,14224.058823529413,4821.0,0.1777777777777777,-0.4716555573756032,1,0,0,0.0,1.0,10000,6,0
cred_002131,7,12,17,15,45285.0,79945.0,0.5664519357057978,7366.470588235294,4498.0,0.1666666666666666,-0.0734041996125045,0,0,0,,,5000,6,0
cred_000463,9,21,28,25,81894.0,54235.0,1.509984327463815,4861.75,4277.0,0.2777777777777778,-0.2295497645479533,0,0,0,,,5000,6,0
cred_001856,6,12,17,17,62910.0,110357.0,0.5700589903676251,10192.176470588236,5778.0,0.1888888888888888,-0.5839099741385336,1,0,0,0.0,1.0,15000,3,0
cred_002352,4,11,19,19,67564.0,89890.0,0.7516297697185449,8287.052631578947,4199.0,0.2111111111111111,0.3289223557204289,1,0,0,0.0,1.0,5000,3,0
cred_002008,8,15,20,19,60111.0,78566.0,0.7651019524985363,6933.85,6317.5,0.2111111111111111,0.0337285058207839,0,0,0,,,15000,9,0
cred_000138,3,10,14,14,820122.0,54514.0,15.0442455149136,62474.0,3441.5,0.1555555555555555,-0.386388705051842,0,0,0,,,5000,3,1
cred_002474,5,12,17,13,37508.0,67364.0,0.5567959147319043,6168.941176470588,5330.0,0.1444444444444444,-0.0925862287254245,1,1,1,64.0,0.0,15000,6,0
cred_001716,5,9,14,13,44470.0,38060.0,1.1684182869153967,5895.0,4445.0,0.1444444444444444,0.0383398020709508,2,1,1,37.0,0.5,15000,6,0
cred_000789,7,14,22,17,65998.0,127896.0,0.5160286482767248,8813.363636363636,4318.5,0.1888888888888888,0.0444891697513054,1,0,0,0.0,1.0,15000,3,1
cred_000629,8,14,21,19,36121.0,81134.0,0.4452017649813888,5583.571428571428,3025.0,0.2111111111111111,-0.1194162833818961,1,0,1,5.0,1.0,10000,9,0
cred_001057,12,25,34,31,678910.0,94027.0,7.220372871621981,22733.441176470587,3406.5,0.3444444444444444,0.7836639488079266,1,0,0,0.0,1.0,15000,9,0
cred_001226,9,18,27,26,52246.0,132808.0,0.3933949762062526,6853.851851851852,4520.0,0.2888888888888888,-0.2111178390512619,2,0,1,0.5,1.0,25000,12,0
cred_002414,10,18,25,25,47401.0,109828.0,0.4315930363841643,6289.16,3806.0,0.2777777777777778,0.3442498605688789,0,0,0,,,5000,6,0
cred_002319,6,11,19,19,23730.0,83507.0,0.2841677943166441,5644.052631578948,4318.0,0.2111111111111111,0.090961352530769,2,1,1,44.0,0.5,5000,12,0
cred_000374,7,11,17,15,72915.0,33255.0,2.192602616147948,6245.294117647059,4847.0,0.1666666666666666,0.3595153613154478,1,0,0,0.0,1.0,5000,3,0
cred_000388,5,10,17,16,424349.0,72632.0,5.842452362594999,29234.176470588234,3480.0,0.1777777777777777,-0.4058570085077532,0,0,0,,,10000,6,0
cred_001256,5,9,15,13,33692.0,45941.0,0.733375416294813,5308.866666666667,5873.0,0.1444444444444444,-0.5187409499845704,0,0,0,,,5000,3,0
cred_000424,6,10,17,14,107803.0,74205.0,1.4527727242099588,10706.35294117647,4615.0,0.1555555555555555,-0.2691729726828745,1,0,0,0.0,1.0,10000,3,0
cred_001270,6,8,16,12,32292.0,62267.0,0.5186053607850065,5909.9375,4194.0,0.1333333333333333,0.8999437336399442,1,0,0,0.0,1.0,5000,9,0
cred_001036,11,15,23,20,63667.0,90825.0,0.7009854115056428,6717.04347826087,4020.0,0.2222222222222222,0.5737517153446356,0,0,0,,,15000,3,0
cred_001571,6,15,23,20,63870.0,119722.0,0.533485909022569,7982.260869565217,6719.0,0.2222222222222222,-0.2849513918597961,0,0,0,,,50000,6,0
cred_001807,7,13,14,13,28921.0,34105.0,0.847998827151444,4501.857142857143,3359.0,0.1444444444444444,0.1835169929745729,0,0,0,,,25000,3,0
cred_000854,4,11,20,17,25854.0,158835.0,0.1627726886391538,9234.45,3930.5,0.1888888888888888,-0.6605268046216146,0,0,0,,,15000,6,0
cred_001646,9,19,28,26,64286.0,120439.0,0.5337639801061118,6597.321428571428,3447.5,0.2888888888888888,-0.0885800060464167,0,0,0,,,5000,12,0
cred_001787,11,25,32,25,63571.0,133366.0,0.4766657168993596,6154.28125,4011.0,0.2777777777777778,-0.2437810945273631,2,0,1,2.5,1.0,25000,3,0
cred_001595,9,18,21,19,49369.0,115131.0,0.4288071848589867,7833.333333333333,3378.0,0.2111111111111111,0.3881766798701763,2,0,0,0.0,1.0,100000,3,0
cred_000283,7,11,15,15,24051.0,37430.0,0.6425594442960192,4098.733333333334,2537.0,0.1666666666666666,0.3075189325640101,0,0,0,,,5000,6,0
cred_001735,9,15,22,19,64113.0,145422.0,0.4408755208978009,9524.318181818182,5891.5,0.2111111111111111,0.4423569213419791,2,0,1,1.0,1.0,5000,6,0
cred_000885,6,15,22,21,56231.0,120230.0,0.4676952507693587,8020.954545454545,4661.0,0.2333333333333333,-0.6292200935284357,0,0,0,,,15000,9,0
cred_000577,3,12,18,17,46721.0,62275.0,0.7502368526696106,5477.0,3357.0,0.1888888888888888,-0.1257751121825126,1,0,0,0.0,1.0,10000,6,0
cred_001166,5,12,19,19,33246.0,66467.0,0.5001880632494321,5248.052631578948,4569.0,0.2111111111111111,-0.0845940882015716,0,0,0,,,15000,3,0
cred_000558,6,16,26,21,42458.0,68642.0,0.6185425832580635,4273.076923076923,2430.0,0.2333333333333333,0.069921659135975,2,0,0,0.0,1.0,5000,3,0
cred_002407,5,9,16,15,10718.0,73269.0,0.1462828754316286,5249.1875,4900.0,0.1666666666666666,0.295534168243869,0,0,0,,,10000,9,0
cred_000591,6,15,24,23,46437.0,49658.0,0.9351363325143984,4003.9583333333335,2769.0,0.2555555555555555,0.1508961583738166,0,0,0,,,100000,12,0
cred_001369,4,10,16,15,124896.0,24046.0,5.194044747567163,9308.875,5422.0,0.1666666666666666,-0.0966416723471938,0,0,0,,,15000,3,0
cred_000460,2,3,13,13,71729.0,60975.0,1.1763673636736367,10208.0,2417.0,0.1444444444444444,-0.6808317981702938,1,0,0,0.0,1.0,50000,12,0
cred_001043,6,17,21,19,121701.0,76122.0,1.5987625128083864,9420.142857142857,4540.0,0.2111111111111111,-0.597544592514145,1,0,0,0.0,1.0,10000,12,0
cred_002388,8,10,15,14,27067.0,44394.0,0.6096995089426499,4764.066666666667,3924.0,0.1555555555555555,0.5810002301142901,0,0,0,,,50000,9,0
cred_001196,6,13,19,17,108092.0,41056.0,2.6327942322681217,7849.894736842105,4128.0,0.1888888888888888,-0.4713267783925799,2,1,1,35.5,0.5,50000,12,0
cred_001890,5,9,14,13,28599.0,63746.0,0.4486399146613121,6596.071428571428,2511.5,0.1444444444444444,-0.4021870364621063,2,1,1,30.5,0.5,10000,3,1
cred_000681,5,10,17,16,8202.0,104028.0,0.078844157342254,6601.764705882353,2673.0,0.1777777777777777,0.3876379690949227,1,1,1,83.0,0.0,5000,6,0
cred_000656,10,13,19,15,213441.0,195391.0,1.0923788710841338,21517.473684210527,4122.0,0.1666666666666666,0.8971027970527219,2,0,0,0.0,1.0,15000,9,1
cred_002429,3,11,15,14,46547.0,83708.0,0.5560639365413103,8683.666666666666,5417.0,0.1555555555555555,-0.566726488579026,0,0,0,,,100000,6,0
cred_000072,9,17,22,19,41155.0,93517.0,0.4400804131869072,6121.454545454545,4045.0,0.2111111111111111,-0.1721276907055006,1,0,0,0.0,1.0,5000,6,1
cred_002115,11,14,18,16,149026.0,149657.0,0.9957836920424704,16593.5,2755.5,0.1777777777777777,0.9183068622235732,2,1,2,20.5,0.5,10000,3,1
cred_002662,12,18,26,21,64366.0,160819.0,0.4002387777563596,8660.961538461539,6013.5,0.2333333333333333,0.0005775473489248,0,0,0,,,50000,6,0
cred_001183,5,9,13,12,162938.0,15516.0,10.50128899200825,13727.23076923077,10561.0,0.1333333333333333,0.577844288459036,1,0,0,0.0,1.0,5000,9,1
cred_000940,6,9,18,16,123961.0,45651.0,2.715406015202296,9422.888888888889,6132.0,0.1777777777777777,0.3453153363647801,2,1,2,30.5,0.5,25000,6,1
cred_002409,7,17,23,22,32671.0,138406.0,0.2360519052642226,7438.130434782609,3506.0,0.2444444444444444,-0.0440431278880282,1,0,1,1.0,1.0,10000,9,0
cred_000744,3,8,12,12,33551.0,27426.0,1.2233282286881062,5081.416666666667,3319.0,0.1333333333333333,0.1510070652747021,0,0,0,,,5000,6,0
cred_000012,9,18,24,22,64776.0,86772.0,0.7465080901673351,6314.5,4636.0,0.2444444444444444,-0.2746970282353126,1,0,0,0.0,1.0,10000,3,0
cred_001165,6,12,20,19,81529.0,43440.0,1.876818600368324,6248.45,3019.0,0.2111111111111111,-0.6310485622448093,0,0,0,,,15000,6,1
cred_002301,7,13,25,20,96332.0,147434.0,0.6533906697234017,9750.64,5501.0,0.2222222222222222,0.5869029917325879,1,0,1,15.0,1.0,50000,12,0
cred_002700,2,6,12,12,16924.0,56658.0,0.2987045077482438,6131.833333333333,4566.0,0.1333333333333333,0.0783470912909685,1,0,0,0.0,1.0,10000,6,0
cred_002408,5,9,16,15,10718.0,73269.0,0.1462828754316286,5249.1875,4900.0,0.1666666666666666,0.295534168243869,1,0,0,0.0,1.0,10000,6,0
cred_000106,9,16,22,20,66589.0,37037.0,1.797904797904798,4710.272727272727,2699.0,0.2222222222222222,0.1939420057871083,1,0,1,15.0,1.0,5000,6,0
cred_001176,10,16,18,15,116837.0,32345.0,3.612212088421704,8287.888888888889,3179.5,0.1666666666666666,0.0442822659194534,0,0,0,,,50000,6,0
cred_001777,6,15,22,20,37324.0,103602.0,0.360263315380012,6405.727272727273,3913.0,0.2222222222222222,-0.6396686806698787,1,0,0,0.0,1.0,15000,9,0
cred_001450,3,15,24,20,148260.0,65218.0,2.273298782544696,8894.916666666666,3614.5,0.2222222222222222,-0.6644408145022693,1,0,0,0.0,1.0,15000,12,0
cred_001068,8,11,15,14,26664.0,69605.0,0.3830759284534157,6417.933333333333,3589.0,0.1555555555555555,0.3018195554995908,2,0,1,0.5,1.0,15000,3,0
cred_001373,8,14,21,20,63176.0,51204.0,1.2338098586047963,5446.666666666667,3028.0,0.2222222222222222,0.3458053200818474,0,0,0,,,15000,9,1
cred_002676,3,13,17,16,13652.0,177824.0,0.0767725391398236,11263.29411764706,4317.0,0.1777777777777777,-0.7255058619192358,1,0,1,1.0,1.0,5000,3,1
cred_001426,3,7,14,12,39637.0,165944.0,0.2388576869305307,14684.357142857143,5653.5,0.1333333333333333,0.4760347186591414,0,0,0,,,50000,3,0
cred_002208,4,9,14,14,293831.0,29662.0,9.905973973434024,23106.64285714286,2899.5,0.1555555555555555,0.7280549199084668,0,0,0,,,5000,3,0
cred_001268,6,8,15,11,32292.0,58537.0,0.5516510924714283,6055.266666666666,4658.0,0.1222222222222222,0.8999437336399442,2,0,0,0.0,1.0,5000,6,0
cred_002179,6,13,26,24,38936.0,115083.0,0.3383297272403396,5923.807692307692,4244.5,0.2666666666666666,-0.286184322105763,0,0,0,,,5000,6,0
cred_000110,6,10,18,17,31858.0,75271.0,0.4232440116379482,5951.611111111111,4918.0,0.1888888888888888,0.0215294941211766,0,0,0,,,15000,3,0
cred_001031,6,7,13,13,51093.0,32824.0,1.5565744577138678,6455.153846153846,4441.0,0.1444444444444444,0.8690125058990089,1,0,0,0.0,1.0,5000,3,1
cred_000690,3,6,7,7,11638.0,10810.0,1.0765957446808512,3206.8571428571427,2857.0,0.0777777777777777,-0.3828798938287989,1,1,1,113.0,0.0,100000,9,0
cred_000113,8,20,24,23,36729.0,206487.0,0.1778756047596216,10134.0,3064.0,0.2555555555555555,0.5096968555827528,1,0,1,2.0,1.0,10000,6,0
cred_000481,8,14,18,16,73412.0,56260.0,1.3048702452897265,7204.0,5004.0,0.1777777777777777,0.2512441522649276,1,0,0,0.0,1.0,100000,3,0
cred_002080,10,18,21,18,33686.0,115993.0,0.2904140767115257,7127.571428571428,3842.0,0.2,0.1294256874347372,1,1,1,33.0,0.0,15000,9,0
cred_000748,13,22,29,25,62128.0,121220.0,0.5125226860254084,6322.344827586207,4892.0,0.2777777777777778,0.208907584730909,1,0,0,0.0,1.0,10000,6,0
cred_001329,4,9,16,15,54018.0,35362.0,1.527571969911204,5586.25,3887.0,0.1666666666666666,-0.4670401218643276,2,0,1,1.0,1.0,5000,3,0
cred_002235,2,6,9,9,7016.0,35250.0,0.1990354609929078,4696.222222222223,3640.0,0.1,0.528478579914739,0,0,0,,,15000,9,1
cred_002649,3,11,15,14,33956.0,48403.0,0.701526764869946,5490.6,3569.0,0.1555555555555555,-0.3471839699836347,0,0,0,,,10000,3,0
cred_000337,5,11,20,19,58786.0,82728.0,0.7105937530219515,7075.7,5781.0,0.2111111111111111,0.0693384870986335,2,2,2,60.5,0.0,10000,9,0
cred_001775,7,15,23,20,33671.0,133071.0,0.2530303371884182,7249.652173913043,2827.0,0.2222222222222222,-0.1651311905317644,1,1,1,65.0,0.0,5000,6,0
cred_000192,7,16,22,19,40713.0,49684.0,0.8194388535544642,4108.954545454545,3401.0,0.2111111111111111,-0.0248195948849408,2,0,1,0.5,1.0,25000,6,0
cred_002007,8,15,20,19,60111.0,78566.0,0.7651019524985363,6933.85,6317.5,0.2111111111111111,0.0337285058207839,1,0,0,0.0,1.0,25000,6,0
cred_001570,7,16,24,21,63870.0,123694.0,0.5163548757417498,7815.166666666667,6482.0,0.2333333333333333,-0.248376879308615,1,0,1,10.0,1.0,15000,3,0
cred_001955,8,10,13,11,28506.0,84719.0,0.336477059455376,8709.615384615385,5670.0,0.1222222222222222,0.909866735915202,2,0,0,0.0,1.0,25000,6,1
cred_002075,9,17,22,18,70502.0,147333.0,0.478521444618653,9901.59090909091,5587.5,0.2,0.4390369013347291,0,0,0,,,15000,6,0
cred_000398,7,15,21,17,39569.0,64401.0,0.6144159252185525,4950.952380952381,2358.0,0.1888888888888888,-0.3450190969979888,1,0,0,0.0,1.0,25000,6,0
cred_000692,6,13,20,20,31995.0,287246.0,0.1113853630685892,15962.05,3644.0,0.2222222222222222,0.5558722545247503,0,0,0,,,5000,9,0
cred_002107,7,18,20,16,21865.0,334308.0,0.0654037594074924,17808.65,3163.0,0.1777777777777777,-0.8930038810420768,1,1,1,111.0,0.0,10000,3,0
cred_000131,8,12,16,14,38648.0,72456.0,0.5333995804350227,6944.0,3901.0,0.1555555555555555,-0.0371346001381038,0,0,0,,,5000,3,0
cred_000729,11,15,23,21,59744.0,167752.0,0.3561447851590443,9891.130434782608,4788.0,0.2333333333333333,0.7655685014061873,1,0,0,0.0,1.0,10000,6,0
cred_002454,4,13,24,22,48187.0,88893.0,0.5420786788611027,5711.666666666667,3755.5,0.2444444444444444,-0.611521583020825,2,0,0,0.0,1.0,10000,6,0
cred_001397,5,10,17,16,20700.0,149305.0,0.1386423763437259,10000.29411764706,2986.0,0.1777777777777777,-0.8271258480233223,0,0,0,,,15000,3,0
cred_001503,7,13,18,16,24764.0,38834.0,0.6376886233712726,3533.222222222222,3420.0,0.1777777777777777,0.0450809464508094,0,0,0,,,15000,6,0
cred_001501,7,13,19,18,31261.0,95990.0,0.325669340556308,6697.421052631579,4189.0,0.2,0.0810183288262449,0,0,0,,,50000,3,0
cred_001581,6,12,17,16,24240.0,81101.0,0.298886573531769,6196.529411764706,4281.0,0.1777777777777777,0.0998145794704056,0,0,0,,,10000,9,1
cred_001479,5,10,17,15,30351.0,80559.0,0.3767549249618292,6524.117647058823,4600.0,0.1666666666666666,0.0050897881644503,0,0,0,,,5000,9,1
cred_000353,11,17,21,19,75141.0,94522.0,0.794957787605002,8079.190476190476,5512.0,0.2111111111111111,0.4261634576187632,2,1,1,49.5,0.5,25000,3,0
cred_001859,8,13,19,17,52418.0,300951.0,0.1741745333958019,18598.36842105263,4575.0,0.1888888888888888,0.0977252298969785,1,0,1,1.0,1.0,10000,3,0
cred_002108,7,17,21,20,155795.0,48185.0,3.2332676144028225,9713.333333333334,5810.0,0.2222222222222222,0.2530364152358998,1,0,0,0.0,1.0,10000,6,0
cred_001977,4,13,20,17,194054.0,199458.0,0.9729065768231908,19675.6,5330.5,0.1888888888888888,-0.8294429708222811,0,0,0,,,5000,6,1
cred_000665,12,18,27,25,114503.0,56910.0,2.012001405728343,6348.62962962963,3904.0,0.2777777777777778,-0.0023324188345055,0,0,0,,,5000,3,0
cred_002040,4,9,18,17,23548.0,65714.0,0.3583406884377758,4959.0,3165.0,0.1888888888888888,-0.6461576073669627,0,0,0,,,10000,3,0
cred_000647,3,8,16,15,47668.0,92125.0,0.517427408412483,8737.0625,4018.0,0.1666666666666666,0.5258840576239118,1,0,0,0.0,1.0,25000,3,0
cred_002012,8,11,18,16,40962.0,50424.0,0.8123512613041409,5077.0,3042.0,0.1777777777777777,0.5920310401432622,0,0,0,,,15000,6,1
cred_000103,5,8,14,13,39141.0,26452.0,1.4796990775744745,4685.214285714285,3334.0,0.1444444444444444,0.2624938616703811,0,0,0,,,15000,9,0
cred_002156,6,9,19,17,93957.0,48543.0,1.935541684691923,7500.0,5193.0,0.1888888888888888,0.4983203984709834,0,0,0,,,5000,6,0
cred_000058,4,11,19,19,164521.0,39799.0,4.133797331591246,10753.684210526317,4661.0,0.2111111111111111,-0.6549881095335641,2,0,0,0.0,1.0,50000,6,0
cred_001000,4,7,13,13,33378.0,47201.0,0.7071460350416304,6198.384615384615,3599.0,0.1444444444444444,-0.5547884481164997,1,0,0,0.0,1.0,15000,6,0
cred_002046,6,9,14,13,136862.0,23710.0,5.772332349219739,11469.42857142857,6071.5,0.1444444444444444,-0.0770832038774622,1,1,1,112.0,0.0,15000,12,0
cred_000074,5,10,19,19,53496.0,53991.0,0.9908318053008834,5657.210526315789,3543.0,0.2111111111111111,-0.451987513007284,0,0,0,,,100000,6,1
cred_002663,9,18,26,21,64366.0,142428.0,0.4519195663773977,7953.615384615385,5555.0,0.2333333333333333,-0.3904467680608365,1,0,1,2.0,1.0,15000,6,0
cred_001579,10,21,26,23,72750.0,65456.0,1.1114336348081153,5315.615384615385,3613.5,0.2555555555555555,-0.2190141935483871,0,0,0,,,10000,6,0
cred_000135,7,10,13,11,20322.0,43966.0,0.4622208069872174,4945.2307692307695,3142.0,0.1222222222222222,0.7918619436875568,2,1,1,17.0,0.5,5000,9,0
cred_000570,1,9,14,12,45154.0,31969.0,1.41243079233007,5508.785714285715,3275.0,0.1333333333333333,-0.5600183531570959,1,0,1,5.0,1.0,10000,6,0
cred_001350,7,13,17,16,47135.0,114650.0,0.4111208024422154,9516.764705882351,4564.0,0.1777777777777777,0.3303129817036391,2,0,1,5.0,1.0,15000,6,0
cred_002510,3,11,17,15,46580.0,179580.0,0.259383004788952,13303.529411764706,3871.0,0.1666666666666666,-0.4550271489651916,0,0,0,,,10000,3,0
cred_002711,6,9,17,17,18878.0,59426.0,0.3176723992865076,4606.117647058823,3739.0,0.1888888888888888,0.6677573016407641,0,0,0,,,5000,6,0
cred_000429,8,16,20,20,64926.0,51480.0,1.2611888111888112,5820.3,3365.5,0.2222222222222222,-0.2813625192890209,1,0,0,0.0,1.0,50000,3,0
cred_002423,3,6,12,10,9464.0,36742.0,0.2575798813347123,3850.5,3692.0,0.1111111111111111,0.4109121909633418,2,0,1,1.0,1.0,50000,3,0
cred_000730,13,17,25,22,59744.0,171698.0,0.3479597898635977,9257.68,4703.0,0.2444444444444444,0.7709095947990161,2,0,1,0.5,1.0,10000,6,0
cred_000427,7,16,17,14,16900.0,105517.0,0.1601637650805083,7201.0,6194.0,0.1555555555555555,-0.3143496901633368,0,0,0,,,10000,3,1
cred_002497,7,15,23,22,68559.0,49178.0,1.394098987352068,5119.0,2907.0,0.2444444444444444,-0.0535621304513844,2,0,0,0.0,1.0,15000,6,0
cred_000763,7,19,26,24,63094.0,72589.0,0.8691950571023158,5218.576923076923,3581.5,0.2666666666666666,0.153559386163074,1,0,0,0.0,1.0,10000,3,0
cred_001818,8,14,15,13,28197.0,140390.0,0.2008476387207066,11239.133333333331,4706.0,0.1444444444444444,0.1697759411427479,1,0,0,0.0,1.0,25000,3,0
cred_000203,9,15,19,18,38217.0,45803.0,0.8343776608519092,4422.105263157895,3446.0,0.2,0.1499930891499654,0,0,0,,,15000,9,0
cred_001447,13,22,34,27,51718.0,101516.0,0.5094566373773592,4506.882352941177,3014.5,0.3,0.4934444264098541,1,1,1,86.0,0.0,10000,3,0
cred_000622,12,16,27,22,182281.0,499649.0,0.3648181023078201,25256.666666666668,4225.0,0.2444444444444444,0.8909230400383601,1,0,0,0.0,1.0,15000,6,0
cred_001007,5,10,15,15,9050.0,47176.0,0.1918348312701373,3748.4,3194.0,0.1666666666666666,-0.151295185130982,0,0,0,,,50000,3,0
cred_002704,3,9,14,13,29370.0,364515.0,0.0805728159335006,28134.64285714286,3413.0,0.1444444444444444,-0.8445932124072107,0,0,0,,,5000,6,1
cred_001187,12,20,24,21,76385.0,58004.0,1.3168919384870008,5599.541666666667,3019.0,0.2333333333333333,0.4570966091602157,0,0,0,,,10000,12,0
cred_002524,6,16,22,20,192377.0,467324.0,0.4116565808732271,29986.40909090909,3955.0,0.2222222222222222,-0.2370189582278535,1,0,0,0.0,1.0,10000,9,0
cred_000137,4,10,14,14,29649.0,54514.0,0.5438786366804857,6011.642857142857,3765.0,0.1555555555555555,0.096471763008987,1,1,1,42.0,0.0,25000,3,1
cred_000596,6,12,20,19,48401.0,75833.0,0.6382577505835191,6211.7,4036.5,0.2111111111111111,0.0892850676548336,1,0,0,0.0,1.0,10000,6,0
cred_002285,12,15,22,19,54428.0,85473.0,0.636785885601301,6359.136363636364,5030.5,0.2111111111111111,0.4606969539111123,2,0,1,0.5,1.0,10000,6,0
cred_001731,3,7,15,15,64539.0,12584.0,5.128655435473617,5141.533333333334,3509.0,0.1666666666666666,0.3658356326369728,0,0,0,,,5000,3,0
cred_001578,9,13,19,17,317949.0,27497.0,11.563043241080845,18181.36842105263,3349.0,0.1888888888888888,0.8712072376464312,2,1,1,33.5,0.5,15000,3,0
cred_002361,2,5,11,10,52889.0,101891.0,0.5190743048944461,14070.90909090909,6014.0,0.1111111111111111,-0.4825654318922986,0,0,0,,,10000,6,0
cred_002413,10,20,26,26,51286.0,112062.0,0.45765736824258,6282.615384615385,4226.0,0.2888888888888888,0.3190082644628099,1,0,1,15.0,1.0,15000,3,0
cred_002041,5,10,14,14,49135.0,195294.0,0.251595031081344,17459.214285714286,4368.0,0.1555555555555555,0.7902187791159115,1,0,0,0.0,1.0,10000,9,1
cred_002476,10,16,26,21,305841.0,39576.0,7.727941176470588,13285.26923076923,3732.0,0.2333333333333333,-0.4594713246646948,0,0,0,,,25000,3,0
cred_002596,7,14,21,18,281708.0,96466.0,2.92028279393776,18008.285714285714,4150.0,0.2,0.4056623838060327,0,0,0,,,10000,6,0
cred_000177,6,12,19,16,52127.0,52686.0,0.9893899707702236,5516.473684210527,3977.0,0.1777777777777777,-0.1866550585607043,0,0,0,,,15000,6,0
cred_001042,4,14,18,16,85181.0,20869.0,4.081700129378504,5891.666666666667,4405.5,0.1777777777777777,-0.6316897985634822,2,0,0,0.0,1.0,5000,12,0
cred_000991,9,16,22,20,90360.0,94333.0,0.9578832434036868,8395.136363636364,4810.0,0.2222222222222222,0.3576145984416636,1,0,0,0.0,1.0,25000,9,0
cred_000776,3,9,16,14,21324.0,57718.0,0.3694514709449392,4940.125,4418.5,0.1555555555555555,-0.5670183159666041,1,0,1,10.0,1.0,15000,3,0
cred_001139,7,17,26,23,99227.0,88509.0,1.1210950298839666,7220.615384615385,4406.0,0.2555555555555555,0.1780043479457332,0,0,0,,,50000,3,0
cred_002690,3,10,17,16,75917.0,15256.0,4.976206082852648,5363.117647058823,3958.0,0.1777777777777777,-0.6389796731765643,1,0,0,0.0,1.0,15000,3,0
cred_001345,7,10,15,13,46265.0,55371.0,0.8355456827581225,6775.733333333334,2791.0,0.1444444444444444,0.4941960090652811,0,0,0,,,25000,6,0
cred_000788,8,17,21,17,57999.0,60892.0,0.9524896538133087,5661.476190476191,4572.0,0.1888888888888888,0.1239139570567136,2,1,1,17.0,0.5,50000,6,0
cred_000320,4,12,19,17,25502.0,43950.0,0.580250284414107,3655.368421052632,3493.0,0.1888888888888888,-0.3298268514608208,0,0,0,,,25000,3,0
cred_001404,7,17,19,16,20808.0,90551.0,0.2297931552384844,5861.0,3893.0,0.1777777777777777,0.1096540907902762,0,0,0,,,10000,3,0
cred_002141,3,7,12,12,14113.0,36831.0,0.3831826450544378,4245.333333333333,1852.0,0.1333333333333333,-0.4513074593999449,0,0,0,,,15000,6,0
cred_000310,6,12,18,15,14002.0,129600.0,0.1080401234567901,7977.888888888889,3667.5,0.1666666666666666,0.5874739184263612,0,0,0,,,5000,12,0
cred_002522,5,13,19,17,74052.0,51445.0,1.439440178831762,6605.105263157895,3249.0,0.1888888888888888,-0.4677122619814184,0,0,0,,,25000,9,0
cred_001159,4,7,11,11,41491.0,22200.0,1.868963963963964,5790.090909090909,4047.0,0.1222222222222222,0.0421286031042128,0,0,0,,,15000,6,1
cred_002371,8,14,20,18,101587.0,87585.0,1.1598675572301194,9458.6,5462.5,0.2,0.1913208531179313,0,0,0,,,25000,12,0
cred_001620,2,7,12,11,15451.0,64416.0,0.2398627670144063,6655.583333333333,4261.0,0.1222222222222222,-0.8072213188198984,0,0,0,,,50000,12,0
cred_001313,6,16,20,18,62251.0,74855.0,0.8316211341927727,6855.3,4530.0,0.2,-0.170849547682822,1,0,0,0.0,1.0,15000,6,0
cred_002184,8,16,22,21,108602.0,54048.0,2.0093620485494377,7393.181818181818,3522.5,0.2333333333333333,0.1522405703941778,1,0,0,0.0,1.0,15000,6,0
cred_001730,7,11,17,17,17551.0,83768.0,0.2095191481233884,5959.941176470588,4634.0,0.1888888888888888,0.654728830967655,0,0,0,,,5000,6,0
cred_001806,8,13,14,14,26634.0,30095.0,0.8849975078916763,4052.071428571429,2826.5,0.1555555555555555,0.0479604272707721,0,0,0,,,25000,12,0
cred_001674,5,14,21,16,41341.0,101887.0,0.4057534327244889,6820.380952380952,2951.0,0.1777777777777777,-0.5164383696929595,0,0,0,,,15000,9,0
cred_002341,6,17,24,20,48010.0,102765.0,0.4671824064613438,6282.291666666667,5691.5,0.2222222222222222,-0.2019365977821683,0,0,0,,,5000,9,1
cred_002431,4,13,16,15,46547.0,115503.0,0.4029938616312996,10128.125,7098.0,0.1666666666666666,-0.3789302753348278,1,0,0,0.0,1.0,25000,6,0
cred_000318,7,14,19,17,24111.0,41417.0,0.5821522563198687,3448.842105263158,2957.0,0.1888888888888888,0.0624826745024117,0,0,0,,,15000,6,1
cred_002105,4,13,19,17,104734.0,93225.0,1.123454009117726,10418.894736842103,4792.0,0.1888888888888888,-0.2124516471073352,0,0,0,,,50000,3,0
cred_000813,5,15,22,20,53216.0,143138.0,0.3717810783998658,8925.181818181818,3465.0,0.2222222222222222,-0.3300922389988837,0,0,0,,,25000,9,0
cred_001104,3,10,18,16,27862.0,48903.0,0.5697400977445146,4264.722222222223,4050.0,0.1777777777777777,-0.5330240977486141,0,0,0,,,15000,3,0
cred_001253,12,23,36,31,91946.0,514955.0,0.1785515239195657,16858.36111111111,3749.0,0.3444444444444444,0.6529286206203294,2,0,1,0.5,1.0,10000,3,0
cred_000040,5,17,21,20,41287.0,92880.0,0.4445198105081826,6388.9047619047615,3004.0,0.2222222222222222,-0.4957812304893059,0,0,0,,,10000,6,0
cred_001232,6,9,13,11,223026.0,12933.0,17.244722802134074,18150.69230769231,3359.0,0.1222222222222222,0.8846607866720121,0,0,0,,,5000,3,1
cred_001847,8,13,21,20,146578.0,94967.0,1.5434624659092109,11502.142857142857,4758.0,0.2222222222222222,0.4999694793171506,0,0,0,,,15000,6,0
cred_002207,6,15,23,22,154598.0,248244.0,0.6227663105654114,17514.869565217392,3280.0,0.2444444444444444,0.3379241850731445,0,0,0,,,15000,3,0
cred_002511,5,11,17,16,42914.0,189804.0,0.2260963941750437,13689.29411764706,5038.0,0.1777777777777777,-0.1806938571363615,1,0,0,0.0,1.0,5000,6,0
cred_000248,9,14,22,21,98260.0,28269.0,3.4758923202094167,5751.318181818182,2326.0,0.2333333333333333,0.4415501090722443,2,1,1,21.0,0.5,10000,9,1
cred_000415,5,12,14,14,1006118.0,58701.0,17.139708011788557,76058.5,9671.5,0.1555555555555555,-0.895504060820331,0,0,0,,,5000,12,0
cred_001188,6,12,16,14,28781.0,78689.0,0.3657563318888281,6716.875,5816.0,0.1555555555555555,-0.1827686434428007,0,0,0,,,100000,6,0
cred_000687,4,7,13,12,37846.0,30004.0,1.2613651513131583,5219.2307692307695,2583.0,0.1333333333333333,-0.1632099179091975,0,0,0,,,10000,6,1
cred_000917,13,15,23,22,50971.0,350717.0,0.1453337021016945,17464.695652173912,4227.0,0.2444444444444444,0.9381984021480184,0,0,0,,,10000,12,0
cred_002306,6,17,24,23,135798.0,44078.0,3.080856663187985,7494.833333333333,3196.0,0.2555555555555555,-0.1275055041551599,2,0,0,0.0,1.0,15000,6,0
cred_000711,6,10,13,13,28050.0,28531.0,0.9831411447197784,4352.384615384615,2809.0,0.1444444444444444,-0.2762774038878137,0,0,0,,,10000,6,0
cred_002526,4,18,24,20,56858.0,100392.0,0.5663598693122958,6552.083333333333,4221.0,0.2222222222222222,-0.7878022102364878,2,0,1,0.5,1.0,50000,12,0
cred_000905,12,17,25,21,563247.0,77689.0,7.250022525711491,25637.44,4422.0,0.2333333333333333,-0.8463427735585545,0,0,0,,,15000,6,0
cred_002137,2,10,19,17,34744.0,47709.0,0.7282483388878409,4339.631578947368,3960.0,0.1888888888888888,-0.6310465532923569,2,0,0,0.0,1.0,10000,6,0
cred_000130,9,13,17,15,44280.0,73224.0,0.6047197640117994,6912.0,4786.0,0.1666666666666666,0.334600876125578,1,0,0,0.0,1.0,15000,3,0
cred_001517,3,12,16,16,28555.0,84126.0,0.3394313291966812,7042.5625,4629.0,0.1777777777777777,-0.802163359570156,0,0,0,,,25000,6,0
cred_002245,9,18,24,20,61055.0,83129.0,0.7344608981221956,6007.666666666667,4202.0,0.2222222222222222,-0.3351424914537531,0,0,0,,,15000,6,0
cred_001924,6,12,18,17,26190.0,159557.0,0.1641419680741051,10319.277777777776,5325.0,0.1888888888888888,-0.2427695376323551,0,0,0,,,5000,3,0
cred_001105,3,10,17,15,27862.0,47994.0,0.5805308996957953,4462.117647058823,4304.0,0.1666666666666666,-0.5330240977486141,1,0,1,1.0,1.0,25000,9,0
cred_001011,6,12,18,16,256202.0,38883.0,6.589049198878687,16393.61111111111,3661.0,0.1777777777777777,0.7513359298856197,0,0,0,,,50000,12,0
cred_002594,11,18,24,21,79662.0,141847.0,0.5616051097309073,9229.541666666666,3021.5,0.2333333333333333,0.7213166952223553,0,0,0,,,10000,3,0
cred_000256,3,8,13,13,18813.0,65799.0,0.2859161993343364,6508.615384615385,2878.0,0.1444444444444444,-0.1782573940847322,2,0,0,0.0,1.0,15000,3,0
cred_002229,5,9,15,13,32837.0,31898.0,1.0294375822935606,4315.666666666667,3520.0,0.1444444444444444,-0.1548942081641376,2,2,2,94.0,0.0,5000,6,0
cred_000669,11,18,22,21,134204.0,170860.0,0.7854617815755589,13866.545454545454,7257.0,0.2333333333333333,0.2495880571790719,1,1,1,87.0,0.0,15000,6,0
cred_001454,5,12,18,16,87122.0,82041.0,1.0619324484099413,9397.944444444443,7334.0,0.1777777777777777,0.1110650196656833,0,0,0,,,10000,6,1
cred_002013,5,13,23,19,51954.0,147488.0,0.3522591668474723,8671.391304347826,5323.0,0.2111111111111111,-0.1077423754770935,0,0,0,,,10000,6,0
cred_002469,4,14,18,17,25446.0,64199.0,0.3963613140391595,4980.277777777777,3404.5,0.1888888888888888,-0.4669783561106388,0,0,0,,,15000,9,0
cred_001457,6,13,19,19,36948.0,127556.0,0.2896610116341058,8658.105263157895,6220.0,0.2111111111111111,0.0115856081680066,1,0,0,0.0,1.0,5000,12,0
cred_001473,3,7,13,13,149044.0,22369.0,6.662971076042738,13185.615384615385,2557.0,0.1444444444444444,-0.149818401937046,0,0,0,,,5000,6,1
cred_000439,5,14,17,15,14691.0,43176.0,0.3402584769316287,3403.9411764705883,2977.0,0.1666666666666666,-0.6575954166315612,1,1,1,61.0,0.0,10000,12,0
cred_000023,9,10,18,17,129738.0,55725.0,2.328183041722746,10303.5,3446.0,0.1888888888888888,0.9003067784356253,0,0,0,,,10000,9,0
cred_001707,8,15,21,18,66440.0,301610.0,0.2202844733264812,17526.190476190477,3815.0,0.2,0.6376650446976575,0,0,0,,,10000,3,0
cred_001271,9,23,27,22,144678.0,82705.0,1.7493259174173266,8421.592592592593,5340.0,0.2444444444444444,-0.0623733151247627,0,0,0,,,10000,12,0
cred_000764,4,9,15,15,55582.0,245698.0,0.226220807658182,20085.33333333333,4783.0,0.1666666666666666,0.8301923602169418,0,0,0,,,5000,12,0
cred_000747,7,12,18,18,30732.0,61047.0,0.5034154012482186,5098.833333333333,4017.5,0.2,0.1330144906845599,0,0,0,,,10000,9,0
cred_001467,6,10,19,16,39540.0,127493.0,0.3101346740605366,8791.21052631579,6681.0,0.1777777777777777,0.0591332785204208,0,0,0,,,5000,3,0
cred_001621,9,15,22,20,205321.0,92514.0,2.2193505847763584,13537.954545454546,5600.0,0.2222222222222222,0.6379680773125015,0,0,0,,,5000,6,0
cred_001528,3,8,14,14,44137.0,65078.0,0.6782169089400412,7801.071428571428,7771.0,0.1555555555555555,-0.2734933042948443,0,0,0,,,25000,3,0
cred_001555,2,11,14,13,21265.0,68013.0,0.312660814844221,6377.0,3583.5,0.1444444444444444,-0.4456609800699058,0,0,0,,,50000,6,0
cred_000780,8,11,17,13,46556.0,43840.0,1.0619525547445257,5317.411764705882,4675.0,0.1444444444444444,0.4392287839684226,0,0,0,,,10000,6,0
cred_001903,6,13,21,19,65627.0,54102.0,1.213023548112824,5701.380952380952,4589.0,0.2111111111111111,-0.4796557506411521,1,1,1,74.0,0.0,25000,9,0
cred_002675,5,8,12,10,24760.0,29399.0,0.8422055171944623,4513.25,3490.5,0.1111111111111111,0.411280561607359,0,0,0,,,5000,9,0
cred_000039,5,16,20,19,23619.0,92880.0,0.2542958656330749,5824.95,2521.0,0.2111111111111111,-0.4942746725828383,1,0,0,0.0,1.0,10000,3,0
cred_001874,7,11,19,14,40039.0,327732.0,0.1221699437345147,19356.36842105263,5805.0,0.1555555555555555,0.8774409307570089,0,0,0,,,25000,9,0
cred_001174,5,16,22,20,42045.0,218034.0,0.1928368969977159,11821.772727272728,5896.0,0.2222222222222222,0.2039094400269101,1,0,1,5.0,1.0,25000,9,0
cred_001880,6,12,19,17,55089.0,56418.0,0.976443688184622,5868.789473684211,4273.0,0.1888888888888888,0.1236800718939564,0,0,0,,,10000,3,0
cred_000461,2,5,9,9,20681.0,30344.0,0.6815515423147904,5669.444444444444,5221.0,0.1,0.0201013327458971,0,0,0,,,5000,3,0
cred_000104,8,18,28,28,39756.0,210693.0,0.1886916034229898,8944.607142857143,5036.5,0.3111111111111111,0.4286441617042942,0,0,0,,,15000,3,0
cred_001825,6,8,10,10,20662.0,25782.0,0.8014118377162361,4644.4,3343.5,0.1111111111111111,0.7077444366433652,1,0,0,0.0,1.0,5000,3,0
cred_001173,5,12,24,21,218175.0,101441.0,2.150757583225717,13317.333333333334,4257.0,0.2333333333333333,-0.7375639266820216,1,0,0,0.0,1.0,25000,9,0
cred_001012,6,11,18,16,256202.0,38883.0,6.589049198878687,16393.61111111111,3661.0,0.1777777777777777,0.8098295875524821,1,0,1,5.0,1.0,15000,12,1
cred_000937,9,12,14,12,10276.0,60484.0,0.1698961708881687,5054.285714285715,4659.0,0.1333333333333333,0.7264900662251655,1,1,1,58.0,0.0,10000,6,0
cred_001015,10,11,22,21,35461.0,57839.0,0.613098428396065,4240.909090909091,2538.5,0.2333333333333333,0.9053327256153144,1,0,0,0.0,1.0,15000,3,0
cred_000200,9,11,19,17,30305.0,41874.0,0.7237187753737403,3798.8947368421054,3606.0,0.1888888888888888,0.7441276347780658,0,0,0,,,5000,3,0
cred_002251,4,13,18,17,29041.0,57109.0,0.5085187973874521,4786.111111111111,3030.0,0.1888888888888888,-0.0796463175011857,1,0,1,1.0,1.0,10000,6,0
cred_000358,6,13,18,16,40345.0,141659.0,0.2848036481974318,10111.333333333334,5435.5,0.1777777777777777,-0.0818960281792785,1,0,1,1.0,1.0,5000,9,0
cred_001812,11,15,20,16,170477.0,323226.0,0.5274235364729323,24685.15,5558.0,0.1777777777777777,0.8202090471964746,0,0,0,,,100000,6,0
cred_000712,7,11,14,14,28050.0,37972.0,0.738702201622248,4715.857142857143,3051.5,0.1555555555555555,-0.0028142163315328,1,0,1,1.0,1.0,25000,6,0
cred_000330,7,11,16,14,59434.0,73843.0,0.804869791314004,8329.8125,5113.5,0.1555555555555555,0.0816210969098851,0,0,0,,,50000,3,0
cred_000377,6,11,18,17,75800.0,30488.0,2.486224088165836,5904.888888888889,4110.0,0.1888888888888888,0.2536089348224704,0,0,0,,,10000,9,0
cred_002210,6,14,18,17,50451.0,38718.0,1.3030373469704013,4953.833333333333,3101.5,0.1888888888888888,0.0140608451115737,0,0,0,,,25000,6,0
cred_001643,10,16,23,20,100605.0,46048.0,2.184785441278666,6376.217391304348,5256.0,0.2222222222222222,0.3341244700500521,0,0,0,,,5000,3,1
cred_001611,5,12,19,17,33052.0,62231.0,0.5311179315775096,5014.894736842105,5619.0,0.1888888888888888,-0.2146202276463108,1,0,0,0.0,1.0,15000,3,0
cred_000501,5,10,17,14,63191.0,22577.0,2.7989103955352794,5045.176470588235,4205.0,0.1555555555555555,-0.1801865591232337,1,0,1,2.0,1.0,10000,6,0
cred_000029,7,11,14,13,12325.0,265858.0,0.0463593346824244,19870.214285714286,3910.0,0.1444444444444444,-0.1603991130820399,1,0,0,0.0,1.0,5000,6,0
cred_001257,8,12,18,17,57658.0,66792.0,0.8632470954605342,6913.888888888889,5589.5,0.1888888888888888,0.1834937376400791,0,0,0,,,10000,6,0
cred_002477,6,12,16,14,33740.0,46377.0,0.727515794467085,5007.3125,3802.5,0.1555555555555555,0.2719002063402738,0,0,0,,,5000,6,0
cred_001327,3,7,7,7,7115.0,13310.0,0.5345604808414726,2917.8571428571427,3077.0,0.0777777777777777,-0.3837943696450428,1,0,0,0.0,1.0,25000,3,0
cred_000073,4,11,20,19,53687.0,54999.0,0.9761450208185604,5434.3,3454.0,0.2111111111111111,-0.6820872150118109,1,1,1,38.0,0.0,5000,6,0
cred_002211,6,14,18,17,50451.0,38718.0,1.3030373469704013,4953.833333333333,3101.5,0.1888888888888888,0.0140608451115737,0,0,0,,,25000,9,0
cred_002479,6,12,16,14,33740.0,46377.0,0.727515794467085,5007.3125,3802.5,0.1555555555555555,0.2719002063402738,0,0,0,,,25000,9,0
cred_000414,5,12,14,14,1006118.0,58701.0,17.139708011788557,76058.5,9671.5,0.1555555555555555,-0.895504060820331,1,0,0,0.0,1.0,15000,6,0
cred_000457,6,12,19,19,41621.0,157957.0,0.2634957615047133,10504.105263157897,3593.0,0.2111111111111111,-0.1288201505053953,0,0,0,,,5000,3,0
cred_002052,2,8,15,14,37487.0,35813.0,1.0467428028928043,4886.666666666667,3969.0,0.1555555555555555,-0.3917792469100316,0,0,0,,,15000,9,1
cred_002261,5,12,16,14,49896.0,146678.0,0.3401737138493844,12285.875,7826.0,0.1555555555555555,0.5213045391943888,0,0,0,,,5000,3,0
cred_002444,11,19,24,22,107954.0,60916.0,1.7721780812922714,7036.25,3708.5,0.2444444444444444,0.3859569989475266,0,0,0,,,10000,6,0
cred_000919,5,9,14,14,443794.0,34578.0,12.83457689860605,34169.42857142857,3171.5,0.1555555555555555,-0.3730386279518323,2,0,2,5.5,1.0,5000,12,1
cred_000740,4,14,20,19,51330.0,599833.0,0.0855738180460228,32558.15,3643.0,0.2111111111111111,0.8292217949553542,0,0,0,,,5000,3,0
cred_000286,3,10,16,14,76459.0,25276.0,3.024964393100174,6358.4375,3510.0,0.1555555555555555,0.1951751571923521,0,0,0,,,10000,3,0
cred_000321,6,14,20,18,22785.0,65905.0,0.345724907063197,4434.5,3747.5,0.2,0.0333736254016922,1,0,1,15.0,1.0,50000,9,1
cred_002377,3,9,10,10,16380.0,47614.0,0.344016465745369,6399.4,2753.5,0.1111111111111111,-0.5880820752711036,0,0,0,,,5000,3,0
cred_001661,11,18,22,19,89013.0,28944.0,3.075352404643449,5361.681818181818,3957.0,0.2111111111111111,0.2153379310344827,0,0,0,,,15000,3,0
cred_002404,4,6,12,11,79703.0,33658.0,2.3680254322895005,9446.75,4577.5,0.1222222222222222,-0.4567744327058013,2,1,2,16.5,0.5,100000,9,0
cred_001013,5,11,18,16,256202.0,38883.0,6.589049198878687,16393.61111111111,3661.0,0.1777777777777777,0.7773369967893307,2,1,2,36.0,0.5,5000,3,0
cred_002616,8,14,18,18,94663.0,31102.0,3.043630634685872,6986.944444444444,5733.5,0.2,-0.1154268049461507,1,0,1,2.0,1.0,50000,3,0
cred_000282,7,13,15,15,61722.0,48634.0,1.2691121437677344,7357.066666666667,2934.0,0.1666666666666666,0.4225402292025414,1,0,0,0.0,1.0,50000,3,0
cred_001323,7,16,21,19,106697.0,110882.0,0.962257174293393,10360.90476190476,7082.0,0.2111111111111111,0.5842566778659423,0,0,0,,,5000,6,0
cred_002697,6,11,18,13,26179.0,57063.0,0.4587736361565288,4624.555555555556,2840.5,0.1444444444444444,-0.1513752999815396,0,0,0,,,5000,6,0
cred_000626,6,11,15,13,36622.0,99321.0,0.3687236334712699,9062.866666666669,5146.0,0.1444444444444444,-0.6772383886011254,0,0,0,,,100000,9,1
cred_000575,12,20,27,24,90126.0,181203.0,0.4973758712604096,10049.222222222224,4708.0,0.2666666666666666,0.5195295240451742,0,0,0,,,25000,3,1
cred_000373,3,10,17,15,46023.0,46666.0,0.986221231731882,5452.294117647059,3973.0,0.1666666666666666,0.1805629692893491,0,0,0,,,5000,3,0
cred_002531,10,15,20,16,50305.0,62623.0,0.8032991073567219,5646.4,5046.5,0.1777777777777777,0.3800663331272134,2,1,2,46.5,0.5,50000,3,0
cred_001873,7,11,19,14,40039.0,327732.0,0.1221699437345147,19356.36842105263,5805.0,0.1555555555555555,0.8774409307570089,1,0,0,0.0,1.0,15000,3,0
cred_000331,5,11,16,14,59434.0,73843.0,0.804869791314004,8329.8125,5113.5,0.1555555555555555,-0.2803348972658146,1,0,0,0.0,1.0,5000,3,0
cred_000930,7,13,23,22,171947.0,40684.0,4.226403500147479,9244.826086956522,5730.0,0.2444444444444444,0.2843406593406593,1,0,1,1.0,1.0,10000,6,0
cred_002678,5,12,20,18,15123.0,184771.0,0.0818472595807783,9994.7,3774.0,0.2,-0.7433117281480889,2,1,2,35.0,0.5,100000,9,0
cred_000784,1,11,16,15,27089.0,50401.0,0.5374694946528839,4843.125,4193.5,0.1666666666666666,-0.8012473855778108,0,0,0,,,5000,6,0
cred_002252,4,12,18,17,29041.0,57109.0,0.5085187973874521,4786.111111111111,3030.0,0.1888888888888888,-0.0273531201890372,2,0,1,0.5,1.0,50000,6,0
cred_001974,7,14,18,17,48877.0,95839.0,0.5099907135925875,8039.777777777777,4555.5,0.1888888888888888,-0.3460950290556465,0,0,0,,,5000,3,1
cred_002430,4,11,15,14,33581.0,115503.0,0.2907370371332346,9938.933333333332,6780.0,0.1555555555555555,-0.2601006642470725,2,0,0,0.0,1.0,10000,9,1
cred_002066,5,9,15,15,614897.0,33622.0,18.28853131877937,43234.6,7060.0,0.1666666666666666,0.928054678972408,0,0,0,,,5000,3,1
cred_002262,6,13,17,15,75982.0,146678.0,0.5180190621633782,13097.64705882353,8114.0,0.1666666666666666,0.5961017801950308,1,0,1,5.0,1.0,15000,6,1
cred_001732,4,6,8,8,21079.0,15544.0,1.356085949562532,4577.875,3966.0,0.0888888888888888,0.0845244215938303,0,0,0,,,10000,9,0
cred_001677,6,13,21,18,82461.0,59699.0,1.3812794184157189,6769.523809523809,3654.0,0.2,0.2652724422154783,0,0,0,,,10000,6,0
cred_000701,4,7,14,12,94175.0,40969.0,2.298689252849716,9653.142857142857,4300.5,0.1333333333333333,0.0715258263564993,0,0,0,,,50000,3,0
cred_001973,7,14,18,17,48877.0,95839.0,0.5099907135925875,8039.777777777777,4555.5,0.1888888888888888,-0.3460950290556465,0,0,0,,,15000,6,0
cred_001546,7,10,16,16,9542.0,289257.0,0.0329879657190664,18674.9375,4067.5,0.1777777777777777,0.8480925367988112,0,0,0,,,10000,6,0
cred_001456,5,13,19,19,36948.0,127556.0,0.2896610116341058,8658.105263157895,6220.0,0.2111111111111111,-0.0433313973038241,2,0,1,1.0,1.0,10000,9,0
cred_000998,7,16,24,20,53537.0,82000.0,0.652890243902439,5647.375,3544.0,0.2222222222222222,0.1748841337146238,0,0,0,,,5000,12,0
cred_002478,6,12,16,14,33740.0,46377.0,0.727515794467085,5007.3125,3802.5,0.1555555555555555,0.2719002063402738,2,0,1,0.5,1.0,15000,6,0
cred_000508,16,23,28,25,32249.0,149163.0,0.2161997278145384,6479.0,3508.0,0.2777777777777778,-0.1406774416224322,2,0,1,2.5,1.0,5000,3,0
cred_002298,8,16,23,21,25017.0,40887.0,0.6118570694841882,2865.391304347826,2091.0,0.2333333333333333,0.1635354644777154,0,0,0,,,25000,9,0
cred_000510,9,18,26,24,688748.0,492010.0,1.3998658563850328,45413.769230769234,3840.0,0.2666666666666666,-0.0282193366967165,0,0,0,,,10000,9,0
cred_000402,7,14,19,16,159425.0,126439.0,1.260884695386708,15045.473684210529,5550.0,0.1777777777777777,-0.4448033107323926,0,0,0,,,10000,6,0
cred_000401,7,14,19,16,159425.0,126439.0,1.260884695386708,15045.473684210529,5550.0,0.1777777777777777,-0.4448033107323926,0,0,0,,,5000,12,0
cred_000519,2,5,10,9,94971.0,113908.0,0.833751799698002,20887.9,5602.0,0.1,-0.7776760872748573,1,0,0,0.0,1.0,50000,3,1
cred_001324,7,16,21,19,106697.0,110882.0,0.962257174293393,10360.90476190476,7082.0,0.2111111111111111,0.5842566778659423,0,0,0,,,10000,12,1
cred_001523,8,15,18,18,62389.0,94319.0,0.6614679969041233,8706.0,6544.5,0.2,-0.4312470347797525,0,0,0,,,15000,9,1
